0.00365916712049633,0.00428313743688003,0.00394978943581707,0.00268050728952728,0.000712353645034698,-0.00154608289513415,-0.00359966196980336,-0.00497491485422331,-0.00532800005046753,-0.00452796341919768,-0.00269549115817569,-0.000186697786225314,0.00247641209192267,0.00471507951756155,0.00601951519649965,0.00606388004703921,0.00478483053393929,0.00240523194441471,-0.000603903663576305,-0.00361694600180678,-0.00598405864230124,-0.00717128314374457,-0.00688010587983057,-0.00511985123827288,-0.00221573089696271,0.00125110256981235,0.00456047840807194,0.0070034543258443,0.00803442687774998,0.00739244406614294,0.00516486260389314,0.00177821812224524,-0.00208355399169377,-0.0056178095226427,-0.0080705058802159,-0.00889711637211949,-0.00788279052921263,-0.00519539783737165,-0.00135880741829558,0.00284962774591474,0.00655732249980265,0.00897817977900586,0.00957983213266209,0.00820069282453196,0.00509102562442269,0.000867930306895343,-0.00360768848807055,-0.00740738991313436,-0.00972833727285488,-0.0100629950924071,-0.0083095687740941,-0.00479934526315808,-0.000234076514139248,0.00445486108316498,0.00829732221538056,0.0104860997520369,0.0105473360804721,0.00844338501567978,0.00458564595890201,-0.00024628670274318,-0.00506303183930594,-0.00886884813712592,-0.0108680128988621,-0.0106313530694016
0.0044048827295126,0.0048893117167041,0.00429167897924833,0.00268913774368626,0.000388165856861208,-0.00213409375459861,-0.00432897935715613,-0.00569543151887838,-0.0058933461918342,-0.00482567475439726,-0.00266977715649363,0.000150818367538055,0.00305005534945231,0.00540170388253468,0.00667468304876431,0.00655206792038009,0.00500732395565415,0.00231994047028377,-0.000974711019003726,-0.00419240125369522,-0.00664252497100539,-0.00777633029498538,-0.00730907360899776,-0.00528900349800836,-0.00209682524620587,0.00162611871399327,0.00510739414960563,0.0076044433633948,0.00856330881230109,0.0077411411722863,0.00526548609507643,0.00161624608278812,-0.00246757635536498,-0.00613814309809527,-0.00861531838724504,-0.00935257345475862,-0.00815694737840009,-0.00523686613463198,-0.0011663933928905,0.00322812120278404,0.0070366001853119,0.00945456076312902,0.00995370208115925,0.0083974378099864,0.0050760327992688,0.000652627242536617,-0.0039697842784603,-0.00783347495830909,-0.0101249821423775,-0.0103464925492986,-0.00842355181130374,-0.00472595789219245,3.5340735160961e-06,0.00479902270086886,0.0086696123763845,0.0108051862185304,0.0107468466368576,0.00848588138132892,0.00446975650065512,-0.000486921186096716,-0.00536850371782482,-0.0091672529440107,-0.0110919272530614,-0.0107328033140973
0.00512839890802153,0.0054671293179496,0.00460533792676347,0.00267611932269083,5.40970312273183e-05,-0.00271749530856711,-0.00503961482867086,-0.00638674996370739,-0.00642497678698439,-0.00509233988595047,-0.00262250771927108,0.000495459582045841,0.00361447925084695,0.00606438321150742,0.00729607321808355,0.00700382706227594,0.00519869598448694,0.00221585369197857,-0.00134745820167252,-0.00475194379706426,-0.0072700625386614,-0.00834158296168863,-0.00769759957802529,-0.00542563311133354,-0.00196039445679669,0.00199963111484177,0.00563373153361041,0.00816981950882961,0.00904889022014327,0.00804799628601695,0.00533474818427463,0.0014403601136882,-0.00284467742912636,-0.00663169702229654,-0.00911870434646563,-0.00976037261926842,-0.00838710789753116,-0.00524730076985035,-0.000962637104274891,0.00359557932618365,0.0074844588952598,0.0098854668916637,0.0102774295414287,0.00854987904629283,0.00503199405418209,0.000429866327148292,-0.00431587954686552,-0.00822313646976875,-0.0104721406854205,-0.0105776315806057,-0.00849322132784056,-0.00462566465826665,0.000244815754249371,0.0051225912623668,0.00900108101493566,0.0110715270486786,0.0108925571123479,0.00848470023780956,0.00432945743100127,-0.000727510966307998,-0.00564935786302352,-0.00942147150267767,-0.0112612015823459,-0.0107805094609485
0.00582613656688177,0.00601385605382463,0.00488944995707147,0.00264182406388365,-0.000287877372763715,-0.00329312700088346,-0.00572788313654214,-0.00704542213853647,-0.00692038427289129,-0.00532689031154468,-0.0025542454311441,0.000845183272661849,0.00416661949074021,0.00669969671664415,0.00788063796836964,0.007417122334406,0.0053583406494676,0.00209390452134987,-0.00171988849353257,-0.00529248240430452,-0.00786340185746986,-0.00886427602170875,-0.00804398808500384,-0.00552944423786813,-0.00180757260122202,0.00236934730610961,0.00613654993879956,0.00869663039819829,0.00948883223173206,0.0083117657806558,0.0053727396096395,0.00125193622543486,-0.00321251678145769,-0.00709568534080356,-0.00957803494041383,-0.0101185986291454,-0.00857246283541581,-0.00522714617643583,-0.000749113007759424,0.0039496603093249,0.00789830776496076,0.0102686168655181,0.010549520331018,0.0086576049508997,0.00495963454632899,0.000201316363388798,-0.00464375474049599,-0.00857410740158549,-0.0107680004486431,-0.0107554459142832,-0.00851865486788591,-0.0044995510222038,0.000487931971002269,0.00542339545828427,0.00928970222498036,0.0112836777951255,0.0109839007966166,0.00844024666271896,0.00416600111717048,-0.000966267262907389,-0.00590369380640937,-0.00962993382751285,-0.0113749569826077,-0.0107744827870676
0.0064946465330582,0.00652693071570602,0.00514287574765268,0.00258676438775609,-0.000635711424247321,-0.00385784627688777,-0.00639020506740863,-0.0076681743865967,-0.00737726882873156,-0.00552845556102838,-0.00246569931005501,0.00119788352530521,0.00470344548832381,0.00730434733337793,0.00842551637862828,0.00779012733372684,0.00548583600758642,0.00195514318705388,-0.00208972281068934,-0.00581100666654917,-0.00841944363563153,-0.00934187068604559,-0.00834677998653686,-0.00560033882582991,-0.00163961116195502,0.0027329628790719,0.00661300507988798,0.0091821078069281,0.00988102823789705,0.00853143585670428,0.00537972785328381,0.00105243420095473,-0.00356878370705984,-0.0075274619565007,-0.00999090454174387,-0.0104255979185828,-0.00871244941697354,-0.00517702681170367,-0.000527471229782063,0.00428806727175338,0.00827571224968561,0.0106019640935453,0.010768743372035,0.00872043900362295,0.0048598355388865,-3.13112641077486e-05,-0.00495127208872878,-0.00888431154913153,-0.0110110104593826,-0.0108792477320538,-0.00850016761928859,-0.00434884950904193,0.000731020834169567,0.00569936612493594,0.00953365862298619,0.0114404652529017,0.0110205878724863,0.00835314982391012,0.00398076369870136,-0.00120140441329092,-0.00612974110881689,-0.0097913002685178,-0.0114325974229432,-0.0107150109443862
0.00713062678407948,0.00700397716603005,0.00536465729256803,0.00251158868699963,-0.00098730095978518,-0.00440854611410854,-0.00702312664425533,-0.00825192438081418,-0.00779354961771407,-0.00569636653854741,-0.00235771972714928,0.00155140333629914,0.00522197702084428,0.00787517908458586,0.00892804867500503,0.00812123263745573,0.00558094459432526,0.00180072986833493,-0.00245467324965381,-0.00630460379634818,-0.0089352752586393,-0.009772067187437,-0.0086047589620186,-0.00563841521383004,-0.00145787038071729,0.00308817543117245,0.00706036519593841,0.00962368259502941,0.0102236144452658,0.00870622656793234,0.0053561539422423,0.000843388037230287,-0.00391121093079499,-0.00792453540810832,-0.0103551433011792,-0.0106799862300165,-0.00880675236661848,-0.005097741352575,-0.000299426207754863,0.00460856271415252,0.00861440858355774,0.0108837081276438,0.0109341367994452,0.00873843943436223,0.00473362799173723,-0.000266273453786905,-0.00523638833923309,-0.0091518751938875,-0.0111998890803364,-0.0109486298848313,-0.00843830839571209,-0.00417493024793634,0.000972208030865892,0.00594854986638464,0.00973135282953749,0.0115409944734148,0.0110026066695714,0.00822425847754366,0.00377523610423064,-0.00143115109185997,-0.00632587009641936,-0.00990446916349224,-0.0114338123999511,-0.0106026548155685
0.00773093898613876,0.00744281547260212,0.00555402123598927,0.00241707614885253,-0.00134049617454646,-0.00494217238087597,-0.00762333763338481,-0.0087937969546894,-0.00816737471499891,-0.00583015759344074,-0.0022312923458042,0.0019035473531428,0.00571930079082495,0.00840919384850917,0.00938578959175755,0.00840905294110337,0.00564361290091991,0.00163192673044791,-0.00281245669540214,-0.00677047490693149,-0.00940818623633961,-0.0101528161071558,-0.00881695634461314,-0.00564396550464897,-0.00126380982366353,0.00343269870761142,0.00747602681978718,0.0100189987342575,0.0105149792369633,0.0088355946592103,0.00530262834943994,0.000626395995229439,-0.00423758808251729,-0.00828458281662474,-0.0106688284451624,-0.0108806547461973,-0.00885530350362979,-0.00499025582234458,-6.67448300027486e-05,0.00490898281312804,0.00891231746880421,0.011112304900635,0.0110450127189164,0.00871189771385097,0.00458218538172623,-0.000501806414134971,-0.00549716699370656,-0.00937513767074578,-0.0113336304166942,-0.0109634665779514,-0.00833385431486047,-0.00397929069975275,0.00120961989089753,0.00616912215203073,0.00988141786501022,0.0115846543704755,0.0109302234948939,0.00805463533645005,0.00355101447665688,-0.00165376145211216,-0.00649060186086277,-0.00996858324374086,-0.0113785780916895,-0.0104382439285179
0.0082926242553525,0.0078414720349085,0.00571038121501618,0.00230413084968277,-0.00169311448846076,-0.00545574092291741,-0.00818768925339524,-0.00929113874199357,-0.00849712967013406,-0.0059295673123799,-0.00208753111689978,0.00225209504347929,0.00619258683534664,0.00890356744039068,0.00979652069255501,0.00865243305699968,0.00567396988825816,0.00145008941125009,-0.0031608084132707,-0.00720595067867742,-0.00983568253435466,-0.0104823282843733,-0.00898265450155024,-0.00561747173624869,-0.00105897822555003,0.00376427684808592,0.00785753003437212,0.0103659263360136,0.0107537712862883,0.00891923520187285,0.00521992601922344,0.000403110313865298,-0.00454577486999054,-0.00860546292742724,-0.0109302942290429,-0.0110267746946506,-0.00885827992654035,-0.00485569570333925,0.000168765841371565,0.00518725146110259,0.00916755690685225,0.0112864757012767,0.0111009605823693,0.00864133585260271,0.00440681578979901,-0.000736136794640554,-0.00573178998052855,-0.00955266080716437,-0.0114115092515925,-0.0109239125375603,-0.00818780422087624,-0.00376354465020086,0.00144139651564075,0.00635939979737514,0.00998272638520953,0.0115711218747577,0.0108039810325136,0.00784555033368894,0.00330979005464351,-0.00186752613511642,-0.00662261747457193,-0.00998303476670309,-0.0112671570172234,-0.0102228704711921
0.00881291806420964,0.00819818865698774,0.005833339209344,0.00217377516336485,-0.00204295361016013,-0.00594635428084997,-0.00871321098893293,-0.00974153154769304,-0.00878144466185642,-0.00599453803446603,-0.00192767037502585,0.00259481421474423,0.00663910468426713,0.00935566491945216,0.0101582615873067,0.00885045274527386,0.00567232455099692,0.00125665801000423,-0.00349749554820808,-0.00760850632813254,-0.0102154997160053,-0.0107590832618329,-0.00910138875617103,-0.00555960088397148,-0.000845002682130871,0.00408069864810369,0.00820257312251522,0.0106625736023409,0.0109389063761739,0.00895708201740931,0.00510898054536788,0.00017522664425818,-0.00483371387989059,-0.00888522818178265,-0.0111381405001126,-0.011117800412001,-0.00881610081274939,-0.00469533709744769,0.000405271177914688,0.00544139395622684,0.00937845408595072,0.0114052148262957,0.0111018491556888,0.00852750251859179,0.00420895329536252,-0.000967492863084897,-0.00593856870534707,-0.0096832371902291,-0.0114330844943478,-0.0108304006784386,-0.00800137090660343,-0.00352941055117222,0.00166570487488465,0.00651785273821591,0.0100343986884896,0.0115003646003625,0.0106246953114275,0.0075984728117172,0.00305333856104686,-0.00207078308868467,-0.00672076637653388,-0.00994746935571444,-0.0111000962156767,-0.00995788195591586
0.00928926421809701,0.00851143052554699,0.0059226858992623,0.00202714252731851,-0.00238780472184812,-0.00641121794490927,-0.00919712641837563,-0.0101428043811384,-0.00901920021276453,-0.00602521410021739,-0.00175305608764337,0.00292947480264221,0.00705623917334616,0.00976305503499349,0.0104692799838906,0.00900243035392807,0.00563916254909804,0.00105314763069457,-0.00382033045677505,-0.00797577580005892,-0.0105456148287511,-0.0109818362311254,-0.00917294785391102,-0.00547119873625922,-0.000623577265685639,0.00437981174214637,0.0085090265180988,0.0109072976265001,0.0110695728827077,0.00894930688543606,0.00497087753278485,-5.55267390597254e-05,-0.00509944293993635,-0.00912213575775527,-0.0112912398333555,-0.0111534708651464,-0.00872942286838871,-0.00451059700308838,0.000640921832536149,0.00566955024775987,0.00954355624388366,0.0114677958553869,0.0110478270596706,0.00837136798970422,0.00399014872119435,-0.0011941156718497,-0.00611595442445303,-0.00976589722442033,-0.0113982011343789,-0.0106836383021158,-0.00777597219842943,-0.0032786992970078,0.0018807517763838,0.00664311501194675,0.0100358094321633,0.0113726419948748,0.0103934512484324,0.00731506267315306,0.00278350915141391,-0.0022619281425221,-0.00678407388814777,-0.00986178853380366,-0.0108782239663712,-0.00964487258932446
0.0097193278299925,0.00877989305629848,0.00597840003731571,0.00186546961210131,-0.0027254657090007,-0.00684765605719743,-0.00963686797148139,-0.0104930440915431,-0.00920953144118412,-0.00602193885450081,-0.00156513631620091,0.00325386284277726,0.00744150581791351,0.0101235237280858,0.010728100518701,0.00910792524949142,0.00557514192754997,0.000841138533191272,-0.0041271837994826,-0.00830556510845776,-0.010824256977297,-0.0111496234504868,-0.00919737298401347,-0.00535328269421896,-0.000396451143654371,0.00465953661450836,0.00877494596864119,0.0110987139742979,0.0111452358868361,0.00889631753722331,0.00480684717743761,-0.000287399893151012,-0.0053411069784469,-0.00931465752689573,-0.0113887432113562,-0.0111338096355813,-0.0085991344718734,-0.00430302278313545,0.00087386673504614,0.00586998764370758,0.00966164042892983,0.0114737765017124,0.0109393218722121,0.00817411796260006,0.00375205977516781,-0.00141427015640342,-0.00626254788972728,-0.00979991494960629,-0.011306990701984,-0.0104846018622923,-0.00751322097280949,-0.0030133015256957,0.002084796613395,0.00673399486381538,0.00998659300291835,0.011188504952425,0.0101115967802808,0.00699716053472281,0.00250221297817856,-0.00243942528569154,-0.00681174782302143,-0.0097261509449782,-0.0106026450789522,-0.00928567341043974
0.0101010072249929,0.00900250757595356,0.00600064684275066,0.00169008794220753,-0.00305375435997964,-0.00725312647614223,-0.0100300905403383,-0.0107906045550445,-0.00935183083742327,-0.00598525043239172,-0.0013654509547708,0.00356579453651858,0.00779256565301053,0.0104350866085721,0.010933512314867,0.00916673902475972,0.0054810879485718,0.000622265946428712,-0.00441599732354991,-0.00859586475827737,-0.0110499165338353,-0.0112617661176691,-0.00917495537813576,-0.0052070335528819,-0.000165416284774548,0.00491788034292034,0.00899858482204386,0.0112357049825899,0.011165639884575,0.00879875444151283,0.00461825610221721,-0.000518632270983177,-0.0055569693210465,-0.00946148887959421,-0.0114300842283417,-0.0110591233822327,-0.00842634856247816,-0.00407428090358857,0.00110226614139683,0.00604111288964147,0.00973172208749505,0.0114230019975184,0.0107770377869707,0.0079371462453242,0.00349644063795868,-0.00162625610969825,-0.00637710821794242,-0.0097848125954567,-0.0111598702451612,-0.0102345303422855,-0.00721491417930034,-0.00273517453746797,0.00227616379683942,0.00678948390094413,0.00988664749344697,0.0109487938777611,0.00978073560724372,0.00664677693156688,0.00221141142858034,-0.00260181659386426,-0.00680318415887556,-0.00954097226282351,-0.0102747347893282,-0.00888234126515936
0.0104324447103011,0.00917844581195476,0.00598977543162206,0.00150241501724622,-0.00337052146218537,-0.00762523512267888,-0.0103746838746002,-0.0110341143721024,-0.00944574956146372,-0.00591587636560383,-0.00115562081783923,0.00386313031956914,0.0081072394468839,0.0106960003308952,0.0110845752223188,0.00917891547532102,0.00535798706409739,0.000398209598414961,-0.00468479626890505,-0.00884486118550105,-0.0112213529443221,-0.0113178726899856,-0.00910623251606719,-0.00503378632898262,6.77051591693456e-05,0.00515294998011319,0.00917840535375439,0.0113174267171858,0.0111308100726049,0.00865748639496828,0.00440659848975482,-0.000747463838196603,-0.00574542236779749,-0.00956155637853705,-0.0114149818067567,-0.0109299988069012,-0.00821239433264062,-0.00382614502730472,0.00132430464167417,0.00618148353055461,0.00975306241278755,0.011315606982042,0.0105619518311796,0.0076620463667635,0.00322513104874119,-0.0018284189768753,-0.00645856094124004,-0.00972036385505071,-0.0109575398393864,-0.00993491729640497,-0.00688302094994574,-0.00244632892491096,0.00245325478093015,0.0068087652225856,0.00973613724552174,0.0106546351981315,0.00940271857808632,0.0062660806246273,0.00191310409661231,-0.00274773175505451,-0.00675797174397719,-0.00930692379241763,-0.00989613130377738,-0.00843714669060504
0.010712036150651,0.00930712316685658,0.00594631529915161,0.00130394498397527,-0.00367366372325297,-0.00796174953283862,-0.0106687836999225,-0.011222483043569,-0.00949119726886873,-0.00581472705542632,-0.000937336154388847,0.00414378883977278,0.00838352119634141,0.0109047727966537,0.0111806246995858,0.00914473934193434,0.00520698005981727,0.000170683018383312,-0.0049317013332054,-0.00905094715947218,-0.0113376010981631,-0.0113178396530246,-0.00899198297744086,-0.00483502020645799,0.000301073704910381,0.00536296547931348,0.00931308905477309,0.0113433145387296,0.0110410521930086,0.00847360493532932,0.00417348655633506,-0.000972146185659375,-0.00590499759770505,-0.00961402420626779,-0.0113434414230287,-0.0107472981547579,-0.00795880778944928,-0.00356048355087312,0.00153820403189108,0.00628981847133542,0.00972517439548983,0.0111520158668679,0.0102953086529957,0.00735060214184903,0.00294004494365593,-0.00201916041542862,-0.00650600519966428,-0.00960659586690769,-0.0107009786546674,-0.00958750161381056,-0.0065196698791507,-0.00214881500952667,0.00261455959411076,0.00679122046143823,0.00953549392825559,0.0103074363288312,0.0089796337543986,0.00585738606929861,0.00160931655145332,-0.00287589714385356,-0.00667589601475437,-0.00902492977752237,-0.00946872703966418,-0.00795256078731827
0.010938439293903,0.00938820075928973,0.00587097187462725,0.00109623891077948,-0.00396113644796305,-0.00826061154689896,-0.0109107815066454,-0.0113549056033687,-0.00948834048122117,-0.00568288816596367,-0.000712344670287972,0.00440576074948797,0.00861959081481405,0.011060172116741,0.0112212753033078,0.00906473382136433,0.00502935440551893,-5.85773332480438e-05,-0.00515494013478475,-0.0092127310975972,-0.0113979762371407,-0.0112618507486937,-0.00883321998652587,-0.00461234767657294,0.000532845529330099,0.00554627207129798,0.00940154580581489,0.0113130872319937,0.010896950928098,0.00824841760117812,0.00392064041422951,-0.00119095358141284,-0.00603437485127774,-0.00961829937938353,-0.0112157548472251,-0.0105121532902567,-0.00766732125688286,-0.00327924667568148,0.00174223595547913,0.00636500765593512,0.00964782752456968,0.0109329416622683,0.00997861389661184,0.00700477723720876,0.00264315870452151,-0.00219694856682079,-0.00651872004069731,-0.00944378990097101,-0.0103914396112369,-0.00919425706947901,-0.00612713556173262,-0.00184470917968979,0.00275866779093336,0.00673643567783074,0.00928541612920624,0.00990887910750228,0.00851379520015818,0.00542314010885563,0.00130208796682605,-0.002985144395602,-0.00655694170544099,-0.00869616343074528,-0.00899465861685937,-0.00743124116120977
0.011110580796709,0.00942158621866175,0.0057646211728184,0.000880914717121418,-0.00423096590395977,-0.00851994907096203,-0.0110993329640461,-0.0114308656952858,-0.00943759952665717,-0.00552161199881803,-0.000482439145189683,0.00464712221740767,0.00881382592701862,0.0111612342714553,0.0112064227578965,0.00893965685396985,0.00482653584991489,-0.000287823051207964,-0.00535285811570594,-0.0093290452489217,-0.0114020773877871,-0.0111503746821271,-0.00863118370486815,-0.00436750295457531,0.000761185506550024,0.00570135200307747,0.00944292186851016,0.0112267496613852,0.0106993668437393,0.00798344006814827,0.00364987737287813,-0.00140219390598002,-0.00613239084562022,-0.00957403570835423,-0.0110324984090833,-0.0102259583962574,-0.0073398518957932,-0.00298445310637526,0.00193473422205718,0.00640612079054262,0.00952105109412228,0.0106593832567736,0.00961362619134809,0.00662670378775182,0.00233649907784417,-0.00236032798647943,-0.00649616979480258,-0.00923248075020136,-0.0100304426619037,-0.00875738073238736,-0.00570782447964607,-0.00153610022415208,0.00288427874502551,0.00664420605614146,0.00898686744525696,0.00946091172163471,0.00800773055026675,0.00496590796132599,0.000993458677515524,-0.00307441843348062,-0.00640129453476474,-0.00832204170986245,-0.008476295659163,-0.00687601702046588
0.0112276619057168,0.0094074332261602,0.00562830356956222,0.000659636811284221,-0.00448126131200348,-0.00873808685272754,-0.0112333649238181,-0.0114501370907889,-0.00933964408495132,-0.00533230791711671,-0.000249444733595835,0.00486604806504349,0.00896481268788651,0.0112072694130541,0.0111362445846043,0.00877049620218326,0.00460007930157682,-0.000515304831971217,-0.00552392883048264,-0.0093989527094559,-0.0113497893096425,-0.0109841613355044,-0.00838733233364972,-0.00410232975902274,0.000984280195355943,0.00582683555152349,0.00943660663076048,0.0110845939232798,0.0104494318872899,0.00768038719738306,0.00336310073239413,-0.00160421941546913,-0.0061980468803616,-0.00948113648830427,-0.0107945298103759,-0.0098903613510666,-0.00697848932334101,-0.00267817647124766,0.00211410671355303,0.00641241504202088,0.00934513608039204,0.0103326211512111,0.00920234778899445,0.00621867012037192,0.00202213082663194,-0.00250792918013909,-0.00643800850002564,-0.00897345483536731,-0.0096197667453304,-0.00827928030589673,-0.00526426032994569,-0.00122507575368312,0.0029902112085016,0.00651453936088107,0.00864107306974997,0.00896573916311752,0.0074641674195364,0.00448835857340601,0.000685457730852044,-0.00314278490317463,-0.00620934185882248,-0.00790421886874881,-0.00791622846978073,-0.00628987351530359
0.0112891627557575,0.00934613980022616,0.00546321673285606,0.000434105490385216,-0.0047102263993007,-0.00891355621926225,-0.0113120809847831,-0.0114127836540545,-0.0091953873800706,-0.00511653189290967,-1.52060424164162e-05,0.00506082443423433,0.00907135554791214,0.0111978667618646,0.0110111992764005,0.00855846333998582,0.00435165904100088,-0.000739283524572287,-0.00566676356950257,-0.00942175323849022,-0.0112412829598811,-0.010764236524935,-0.00810333209411501,-0.00381876854338245,0.00120035068214614,0.00592151122928015,0.00938223805022777,0.0108871989740307,0.0101485434541599,0.00734116303805183,0.00306228812583978,-0.00179543727745513,-0.00623051569656629,-0.00933975591231548,-0.0105029835107122,-0.00950725384446292,-0.0065854824175828,-0.00236253155961646,0.0022788467910442,0.00638334164945688,0.00912063556182681,0.00995421165766103,0.00874701389175027,0.0057831076465459,0.00170214417981108,-0.00263847769564247,-0.00634408335273181,-0.00866774703634578,-0.00916144046033826,-0.00776256047958467,-0.00479906888789125,-0.000913708801135218,0.00307541206901243,0.00634765811836362,0.00824951488208751,0.00842581225305839,0.00688601872113826,0.00399324941967078,0.000380090502270976,-0.00318943697159391,-0.00598167228339536,-0.00744457881637887,-0.00731725464921308,-0.00567593541056109
0.0112948452528293,0.00923834533044886,0.00527070774447026,0.000206046157182264,-0.00491617045741623,-0.00904510373069046,-0.0113349655991208,-0.0113191577693199,-0.00900597907107885,-0.00487597525738971,0.000218425920779969,0.00522986089399469,0.00913248589226703,0.0111328980542082,0.0108320240124968,0.00830498617955367,0.00408305831220042,-0.00095804112964849,-0.00578012026971597,-0.00939698785145206,-0.0110770144825909,-0.0104918953442132,-0.00778104616022624,-0.00351884327215823,0.00140766518575467,0.00598433510509172,0.00927970674738243,0.010635428721098,0.00979835704506445,0.00696784983172021,0.0027494794695913,-0.00197431982527031,-0.00622914745462554,-0.00915029920487237,-0.0101592647206587,-0.00907876029956092,-0.00616322539616254,-0.00203966047096185,0.00242754411972614,0.00631855139387384,0.00884836366410156,0.00952597958313244,0.00825008072113449,0.00532257699103109,0.00137864214614486,-0.002750802720589,-0.00621443716556862,-0.00831663626875397,-0.00865773151673824,-0.00721000837543017,-0.00431496249973202,-0.000604044687227226,0.00313896424202869,0.00614400049874022,0.007813925055865,0.00784381528935045,0.00627636697079651,0.0034834108296539,7.93264450769018e-05,-0.00321370144813032,-0.00571907423304417,-0.00694522632214025,-0.00668236472778674,-0.00503745018263723
0.0112447545164354,0.00908492636978156,0.00505226445077189,-2.28015913649772e-05,-0.00509751884935187,-0.00913169870989417,-0.0113017867085757,-0.0111698972543338,-0.00877279689968568,-0.00461245273807991,0.000449606833594091,0.00537170189778309,0.00914746948690087,0.0110125195080361,0.0105997309140783,0.00801170066739696,0.00379615834554482,-0.00116989169088278,-0.00586291166872724,-0.009324442171079,-0.010857722738521,-0.0101686941463953,-0.00742252262283124,-0.00320464783563792,0.00160455133248696,0.00601443916619006,0.00912915870752111,0.0103304285736486,0.00940077754418274,0.00656269607230364,0.00242676458385812,-0.00213941447708739,-0.00619347480097758,-0.00891342147895948,-0.00976504204245198,-0.0086072256725662,-0.00571424326058249,-0.00171171876953754,0.00255889483416654,0.00621789887888752,0.00852939302143942,0.00905000942719732,0.00771421238616035,0.0048397534290781,0.00105372776143214,-0.00284384513763622,-0.00604930981773743,-0.00792163983002257,-0.00811113502315553,-0.00662457817431138,-0.00381472429966136,-0.000298088235706889,0.00318009364285086,0.00590421988229018,0.00733627821147292,0.00722265237853259,0.00563844765994806,0.00296172992931466,-0.000214912954776886,-0.00321504418912472,-0.00542253347840704,-0.00640847711025119,-0.00601472688850198,-0.004377770633277
0.0111392188629304,0.00888699120107693,0.00480950608511628,-0.000250694948470845,-0.0052528229135472,-0.00917253961447569,-0.0112125969071001,-0.0109659207919282,-0.00849743715954316,-0.00432788987105374,0.000676512083280217,0.00548503750583585,0.00911581267137889,0.0108371722802465,0.0103156018507288,0.00768044128850468,0.00349292686681931,-0.00137319202326429,-0.00591421266202931,-0.00920414852479203,-0.0105844253983187,-0.00979644122077434,-0.00702998156903489,-0.00287833219838016,0.00178940801249372,0.0060111386565795,0.00893099655962633,0.00997362045813594,0.00895794915663185,0.00612810368116781,0.00209627054801459,-0.002289353267048,-0.0061232169973508,-0.00863002532601942,-0.00932223880456877,-0.00809520220707317,-0.00524117669932289,-0.00138086173635815,0.00267171097140906,0.00608144558328675,0.00816505075517722,0.00852863513225009,0.00714226661681214,0.00433741170952325,0.00072949133938109,-0.00291666499083946,-0.00584913868664521,-0.00748450654408767,-0.00752436067685314,-0.00600937501124474,-0.00330119224474136,2.2085826699557e-06,0.0031981751901537,0.00562918310316826,0.00681878214891241,0.00656543252228373,0.0049756317876215,0.00243113428691782,-0.000500765947765617,-0.00319307474862031,-0.00509322962720476,-0.00583684689039831,-0.00531767085890331,-0.00370033711317175
0.0109788483189619,0.00864587320016504,0.00454417320780883,-0.0004758988992718,-0.00538076921579787,-0.00916705922336223,-0.011067733134176,-0.0107084219195596,-0.00818170405855935,-0.00402430987937987,0.000897349635116336,0.00556871329155329,0.00903726724534566,0.010607581398132,0.00998118181515027,0.0073132305232036,0.00317540615064529,-0.00156635222293048,-0.00593326682674003,-0.00903638678212303,-0.0102584136291507,-0.0093771862288924,-0.00660580136414785,-0.00254208837677805,0.00196071673216996,0.00597393833187874,0.00868587940881583,0.00956669631369885,0.00847224405183632,0.00566661436262528,0.00176014885780875,-0.00242286193669087,-0.00601828309006621,-0.00830125715348366,-0.00883302314199736,-0.00754543522356169,-0.00474676654416988,-0.00104923080795025,0.00276492910548471,0.00590946165510412,0.0077569129802876,0.00796442843441156,0.00653727943636088,0.00381841034575414,0.000407997797876595,-0.00296844831817636,-0.00561455805399361,-0.00700720873872845,-0.00690031892467428,-0.005367638229699,-0.00277724306030316,0.000294958502647943,0.00319273780052695,0.00531996737320527,0.00626386720622419,0.00587545353733405,0.00429140764685425,0.00189457535637485,-0.00077644194268236,-0.00314755024111634,-0.00473253158855527,-0.00523303937582423,-0.0045946710533219,-0.00300865944833742
0.0107645316618047,0.00836312302401839,0.00425811701324946,-0.000696697184212875,-0.0054801881033778,-0.00911492861648904,-0.0108678149105946,-0.0103988616240112,-0.00782759805098825,-0.00370382011130199,0.00111037265137711,0.00562173935601317,0.00891183400321195,0.0103247531562159,0.00959827089201709,0.00691226730760178,0.00284570067945127,-0.00174784590380631,-0.00591949207882952,-0.00882168393186431,-0.00988124541110287,-0.00891320846872062,-0.00615250422654231,-0.00219813634047237,0.0021170523815525,0.00590253757876581,0.00839472120834576,0.00911161009166381,0.00794624976746315,0.00518089521056639,0.00142056245370013,-0.00253876853608446,-0.00587877410077819,-0.00792850228988803,-0.00829979687921888,-0.00696084802815903,-0.00423383787451535,-0.000718940288077576,0.0028376181234101,0.00570242642563598,0.00730679786039413,0.00736018587228475,0.00590244885324151,0.00328567546079728,9.1274133347898e-05,-0.00299851330736966,-0.00534639748335805,-0.00649193309421333,-0.00624210616792356,-0.00470272408667917,-0.00224577618647364,0.00057835024397454,0.00316346834138492,0.00497785589776203,0.00567417429834275,0.00515618489558301,0.00358936196699521,0.00135501181358269,-0.00104023251081319,-0.00307837838492602,-0.00434199202431935,-0.00459993334400243,-0.00384932904910444,-0.0023062986617854
0.0104974319913641,0.00804049965893614,0.00395328805742675,-0.00091140316825936,-0.00555006151897901,-0.00901605993195639,-0.0106137411357026,-0.0100389595952921,-0.00743730322084625,-0.00336859813316971,0.00131389176992847,0.00564329838047898,0.00873976487987711,0.00998997097883397,0.00916891485511056,0.00647991455456687,0.00250596447208772,-0.00191622010682739,-0.00587248543446468,-0.00856081240425122,-0.00945473752587402,-0.00840700404104897,-0.00567274118797826,-0.00184870993106328,0.0022570933406547,0.00579683435495865,0.00805868766661217,0.00861056829290688,0.00738275543652894,0.00467372364219805,0.00107967269150824,-0.0026360114853889,-0.00570498422388068,-0.00751337888268241,-0.00772518327765503,-0.00634452602756524,-0.00370528386414794,-0.000392064414869346,0.00288898608972084,0.00546102763098428,0.00681675724161181,0.00671891451971592,0.00524111766001579,0.00274218427660536,-0.000218702883437291,-0.00300631573431275,-0.00504567917032541,-0.00594107040634884,-0.00555298908730817,-0.00401808800112569,-0.00170969781411523,0.000850659153990318,0.00311021451770027,0.00460433220495461,0.00505254170027199,0.00441124957871403,0.00287316051817273,0.000815392883204695,-0.00129052190285345,-0.00298561969790144,-0.00392334080535322,-0.00394056879875421,-0.00308535548235578,-0.00159684858214677
0.0101789808467977,0.00767996037009449,0.00363172446240611,-0.00111837056013802,-0.00558953003543678,-0.0088706078908939,-0.0103066854720464,-0.00963068420006624,-0.00701317380228278,-0.00302087757283603,0.00150628695455097,0.00563275265321778,0.00852156367896216,0.00960478975812268,0.00869539443519623,0.00601868579814058,0.00215838814890457,-0.0020701048282407,-0.00579202684974389,-0.00825478714895242,-0.0089809562660058,-0.00786127199644868,-0.00516927653349077,-0.00149604288952481,0.00237963085426043,0.00565692791397141,0.00767919169425873,0.00806601908625773,0.00678473690800287,0.00414797173979435,0.000739626328189166,-0.00271364704908299,-0.0054974010196684,-0.00705773061874069,-0.00711201371367781,-0.00569970013931029,-0.00316404946419445,-7.0624861451989e-05,0.00291838615393184,0.00518615933793917,0.00628906690522384,0.00604381651733435,0.0045567554332958,0.00219094834097204,-0.000520018716613525,-0.00299145364584122,-0.00471361427030553,-0.00535720431125909,-0.00483638816697727,-0.00331726643854246,-0.00117190509564277,0.00111025715530664,0.00303298667618856,0.00420107321871254,0.00440199064714993,0.00364440504851184,0.00214652828848447,0.000278641754623904,-0.00152579701049302,-0.00286948882073097,-0.00347847749473824,-0.0032581322961947,-0.00230655145030227,-0.000883917429688869
0.00981087088903826,0.00728364960021062,0.00329553965782733,-0.00131600392593631,-0.00559789907558235,-0.00867897008596399,-0.00994809034991245,-0.00917624124069489,-0.00655771992589101,-0.00266293380914552,0.00168601883293393,0.00558965001398634,0.00825798536406763,0.00917102868652537,0.00818021330936392,0.00553123103006079,0.00180518580262147,-0.0022082221143365,-0.00567808211675262,-0.0079048614849211,-0.00846220691821819,-0.00727889954491258,-0.00464497181577072,-0.001142355081006,0.00248357761083541,0.00548312028753908,0.00725788740625837,0.00748064006042467,0.00615534083865563,0.00360659008593196,0.000402542596860984,-0.00277085617681624,-0.00525670459623144,-0.00656361830227686,-0.00646331335721302,-0.00502972958824016,-0.00261311501443961,0.000243421256627541,0.0029253214629508,0.00487891858031154,0.00572621548867822,0.00533827248585984,0.00385293983433381,0.00163499658832095,-0.000810832706182535,-0.0029536712512998,-0.00435159821322149,-0.00474309902327137,-0.0040958604992479,-0.00260385852468778,-0.000635270612952119,0.00135562194672152,0.00293195851874767,0.00376994111501699,0.0037257098319489,0.00285952344035431,0.00141322934803328,-0.000252360813576076,-0.00174465670658438,-0.00273035494675191,-0.00300946288430032,-0.0025559415002542,-0.00151678950864704,-0.000171109468608556
0.00939504717893192,0.00685388687140832,0.00294690972266318,-0.00150276894163238,-0.00557464428495818,-0.00844178603498188,-0.0095396596304693,-0.0086780615711543,-0.00607359268258622,-0.00229706960227972,0.00185163944281804,0.00551372866711865,0.00795003390291052,0.00869076261244255,0.00762608487068497,0.0050203218025964,0.00144858174658017,-0.00232939467100082,-0.00553080479754962,-0.00751252174325316,-0.00790102207934603,-0.00666294641344548,-0.00410276953915507,-0.000789839002354482,0.00256797546783339,0.00527591650751357,0.00679666270360699,0.00685732467100405,0.00549786784096834,0.00305259118183516,7.05004461297402e-05,-0.00280695066680588,-0.00498376577698482,-0.00603331032938526,-0.00578228592451817,-0.004338084181346,-0.00205547987329657,0.000548192799125541,0.00290944904831535,0.00454060072106845,0.00513089213356669,0.00460582391189928,0.00313333731523422,0.00107735833285862,-0.00108938926809106,-0.0028928619903449,-0.00396120501842556,-0.00410168614115394,-0.00333508195381005,-0.00188150748067145,-0.000102627181117389,0.00158534541184931,0.00280746672505769,0.00331297400920985,0.0030270388891701,0.00206057109290393,0.000677046516745418,-0.000774792601312682,-0.00194582050032374,-0.00256874134126037,-0.00251850961502264,-0.00183742903671151,-0.000719994353259441,0.000537993187363533
0.00893369708917205,0.00639315375060431,0.00258806039355614,-0.00167720232951069,-0.00551941602854381,-0.00815993500651254,-0.00908334997204981,-0.00813878764569512,-0.00556356859861642,-0.00192560075813536,0.00200180231194239,0.00540492082218041,0.00759895866375448,0.00816631195715272,0.00703591784498058,0.00448883567714456,0.00109079721393768,-0.00243255393770952,-0.00535053718139969,-0.00707948072910711,-0.00730014886790354,-0.00601662843948781,-0.00354567660790485,-0.000440646653782212,0.00263200227269978,0.00503602355811812,0.00629763046895755,0.00619916745292927,0.0048157547785498,0.00248903254213826,-0.000254473980708352,-0.00282137860991831,-0.0046796432547078,-0.00546927210275333,-0.00507229758188755,-0.00362832615378252,-0.00149414615426725,0.000841895381486566,0.00287058266609538,0.00417269356473416,0.00450597292804957,0.00385015460412796,0.00240168334034948,0.000521046294200783,-0.00135402858201168,-0.00280907074771566,-0.00354418062739027,-0.00343605058165433,-0.00255782879707709,-0.00115388197093102,0.000423246937364119,0.00179814119637123,0.0026600094921965,0.00283237553039078,0.0023094509598661,0.00125158753180662,-5.82390450790622e-05,-0.00128590564838293,-0.00212813644693509,-0.00238532393764296,-0.00200797191629612,-0.0011061257177036,7.98767237684411e-05,0.0012398485311279
0.00842923889664954,0.00590407994480233,0.00222125380891046,-0.00183792142395649,-0.00543204298607768,-0.00783453262952114,-0.00858136094956083,-0.00756125908014631,-0.0050305336165199,-0.00155084191762854,0.00213527180321332,0.00526335512956848,0.00720624937324443,0.00760023124053708,0.00641280082916966,0.00393974010293553,0.00073403708299754,-0.0025167475770393,-0.00513781025431546,-0.00660767003346961,-0.00666253509844474,-0.00534330049012908,-0.00297674763242788,-9.68768516677052e-05,0.002674977736229,0.00476434805861355,0.00576311842004606,0.00550944807713062,0.00411255630664428,0.00191899956253181,-0.000570419550934886,-0.00281372907507316,-0.00434557973699927,-0.00487415443425589,-0.00433686007985289,-0.00290409167920086,-0.000932102653875335,0.00112283146125537,0.00280869457531719,0.00377687025340926,0.0038545062195316,0.00307507132429913,0.00166176223633164,-3.09602434584071e-05,-0.00160319669714166,-0.0027024951893116,-0.00310243527599399,-0.00274941570283007,-0.0017679588489134,-0.000424657454349645,0.000939642337120225,0.00199285142128282,0.00249024400684995,0.00233050334655665,0.00157653443960219,0.000436664029170693,-0.000788868203350906,-0.00178304149253281,-0.00229058825495471,-0.00218092900229888,-0.00148033450333658,-0.000365643211541387,0.000878853513237,0.00193097229757691
0.00788430911018255,0.00538942859853393,0.00184877506053107,-0.00198363331284048,-0.00531253482403023,-0.00746692630420029,-0.00803612398207288,-0.00694849730923528,-0.00447746667743383,-0.00117509255889024,0.00225093166278629,0.00508935788714368,0.00677362965450094,0.00699529627236977,0.00575998583300086,0.00337607581468328,0.000380476705144695,-0.00258114633246863,-0.00489334267376877,-0.00609923123010747,-0.0059913144896519,-0.00464643879862734,-0.00239906818554197,0.000239436945379817,0.00269636832253204,0.00446199268559204,0.00519565767402712,0.00479161433813944,0.00339192576088224,0.00134558825934721,-0.000875451956892516,-0.00278373599940657,-0.00398299709215848,-0.00425078098713808,-0.00357961319992177,-0.00216907213738247,-0.000372309052825418,0.00138940967994086,0.00272391624874487,0.0033549809883472,0.00317969688120066,0.00228448370338048,0.00091738678747299,-0.000575732037300052,-0.00183545498860489,-0.00257348619784215,-0.00263803493256064,-0.00204512768305336,-0.000969392265243077,0.000302502372741904,0.00144393222690093,0.00216845250595952,0.00229898287312582,0.00180985671122173,0.000831974016490569,-0.00038007813629657,-0.00151112405345302,-0.00226364582949896,-0.00243230153836893,-0.00195652986525762,-0.000938200676517899,0.000380343764636125,0.00167297261248914,0.0026079551981297
0.0073017485967651,0.00485208087126113,0.00147291862692992,-0.00211314350162565,-0.00516108392579594,-0.00705868943597805,-0.00745029012832709,-0.00630368942621656,-0.00390742300011789,-0.000800623296801156,0.00234779271546542,0.00488345300290681,0.00630304917403511,0.00635449007490301,0.00508087091290306,0.00280093984205332,3.22489127096768e-05,-0.00262505020920967,-0.00461803874529412,-0.00555650599743969,-0.00528979098048289,-0.00392962281082564,-0.00181573809882289,0.000566338230314008,0.00269579112763577,0.0041302513531818,0.00459797008476201,0.004049264166803,0.00265759550236976,0.000771887982103952,-0.00116777506533643,-0.00273128124974596,-0.00359349050868203,-0.00360213481334025,-0.00280430659804709,-0.00142699523163414,0.000182319531407503,0.0016401534159562,0.00261653801771987,0.00290904362723371,0.00248488962323999,0.00148238355822106,0.000172377695340349,-0.00111040615608128,-0.00204948889986948,-0.00242254739056539,-0.00215319183222243,-0.00132663922481174,-0.000166092036039042,0.00102396395473323,0.00193358557714029,0.00232406008122348,0.00208718952605591,0.00127306310872972,7.95311111550367e-05,-0.00119450959140474,-0.00222135184027048,-0.00272528250332242,-0.0025525491655525,-0.00171324271861118,-0.000384279670811764,0.00112811564930376,0.0024582971030257,0.00326747967715269
0.00668458757741097,0.00429501987780143,0.00109597476442305,-0.00222536404847671,-0.00497806616523777,-0.00661161451942891,-0.00682671681420552,-0.00563017129348692,-0.00332351715142474,-0.000429662560263527,0.00242499965890256,0.00464636070777402,0.00579667443562022,0.00568098761110123,0.00437898199313849,0.00221746822733911,-0.000308568715500536,-0.0026478939350707,-0.00431298540164583,-0.00498202520930077,-0.00456142223175841,-0.00319651663467421,-0.00122985488658474,0.000881958399976742,0.00267301672658434,0.00377060317833479,0.00397295442360321,0.00328612676910701,0.00191335683147251,0.000200964201353811,-0.0014456917287476,-0.00265639682539295,-0.00317882168583649,-0.00293134404521991,-0.00201478113086715,-0.000681606047528243,0.000728927566170884,0.0018737085105302,0.00248700766043793,0.0024412332150686,0.00177355144605538,0.000672823728456385,-0.00056945697674719,-0.00163220181490829,-0.002244115909987,-0.00225033370620849,-0.00165025414265101,-0.000597492655519743,0.000637955711074678,0.00173614199116806,0.00240617960075985,0.0024589329788194,0.00185597266753514,0.000722864081282962,-0.000676976165630274,-0.00200251482446147,-0.00291597847651359,-0.00316564673899774,-0.00265075566217238,-0.00145232149035176,0.0001786266920297,0.00187392655566551,0.00323093609182077,0.00390633611586991
0.00603602957129348,0.00372131407969067,0.000720215933775477,-0.0023193211200546,-0.00476404071235117,-0.00612770510337281,-0.00616845356015538,-0.00493141001474183,-0.00272890600176623,-6.43837230884904e-05,0.00248183691543694,0.00437899502158826,0.00525687826861432,0.00497813940107959,0.00365795397534934,0.00162881855069424,-0.000639966253336079,-0.00264925166092039,-0.00397944818919683,-0.004378497042659,-0.00380980239328677,-0.00245085018626135,-0.000644497382153678,0.00118452701042261,0.00262797097676476,0.00338470526699465,0.0033236714822193,0.00250604299826602,0.00116303958617452,-0.00036415852522775,-0.00170761398769887,-0.00255926617599666,-0.00274091107712384,-0.00224166680448824,-0.00121494975231202,6.33518566256901e-05,0.00126473362905933,0.00208885013476795,0.00233592795046551,0.00195387051378353,0.00104925333865961,-0.000140103443182721,-0.00130434225315888,-0.00213843567686662,-0.00241829266841912,-0.00205764905305447,-0.00113169480073449,0.00013869749950142,0.00143876151089509,0.00243551720480335,0.00285941151451371,0.00257247628974785,0.00160657976765308,0.000162100325826516,-0.00143369341886573,-0.00280001405636679,-0.00359153154317608,-0.00358257753401711,-0.00272650063094009,-0.00117515180690704,0.00074763799148768,0.00261402302085485,0.00398706402661243,0.00452143841240605
0.00535943437412269,0.00313410021980664,0.000347883341376735,-0.00239416191935894,-0.00451974886352779,-0.00560916667286379,-0.00547872678014886,-0.00421098586061789,-0.00212677165743482,0.000293107240546693,0.00251773350797889,0.00408245998453224,0.00468622806728161,0.00424945411700265,0.00292151124288549,0.00103815236461029,-0.000960013414016948,-0.00262884086322786,-0.00361886627039158,-0.00374879415430887,-0.00303864421902485,-0.00169640012555682,-6.27096678661722e-05,0.00147238128567674,0.00256073577295663,0.00297438436522606,0.00265332818342905,0.00171294507267638,0.000410491543635871,-0.000920513305663537,-0.00195207259593223,-0.00244022461242914,-0.00228182921290605,-0.00153647539460697,-0.000408778069454771,0.000804155238676891,0.00178704437102823,0.00228448877227165,0.00216405318940208,0.00144940960238634,0.000315651330383499,-0.000952287861413335,-0.00202855646825867,-0.00262653652651503,-0.00257112124473729,-0.00184544301537344,-0.000600099564354849,0.000878262393932598,0.00223235237343734,0.00311865368311243,0.00329110953282218,0.00266424348971784,0.00134038968008122,-0.00040630384669439,-0.00218675061791892,-0.00358298489863666,-0.00424465765916008,-0.00397406913057411,-0.00277952115728178,-0.000883244063563155,0.0013198097750491,0.00334466289867106,0.00472293969622023,0.00510983886977398
0.00465830016348515,0.00253656589648104,-1.88263252932244e-05,-0.00244916093896484,-0.00424611189270669,-0.00505839648804782,-0.00476092372701299,-0.00347257374069975,-0.00152030445949202,0.000640783510378925,0.0025322669340247,0.00375804467499692,0.00408747284632654,0.00349858025382496,0.00217344767093038,0.000448617641017704,-0.00126687104846501,-0.00258652541440109,-0.00323284645529551,-0.00309593998238338,-0.00225176061487455,-0.000936970674512453,0.000512514623297493,0.00174397483643377,0.0024715487572358,0.00254162742725467,0.00196526079279938,0.000910835756978874,-0.000340442254503433,-0.00146520728342916,-0.00217772580295453,-0.00229975879304886,-0.00180378713298988,-0.000819239846185428,0.00039973535249282,0.00153711975374109,0.00229326785538895,0.0024596752978645,0.00197228475432506,0.000930424625450783,-0.00042353299170777,-0.00175962353237958,-0.00273845114159749,-0.00309405922373155,-0.00270185444554737,-0.00161480662085477,-5.81543280222469e-05,0.00161749710668828,0.00301479151851041,0.00378221571568712,0.00369924305068282,0.00273393763553176,0.00105890442535632,-0.000979356593560137,-0.00293228286565236,-0.00434748367167243,-0.00487214011114452,-0.00433828149607492,-0.00280971317661231,-0.000578225628020558,0.00189214863800443,0.00406213430756816,0.00543492482795913,0.0056687423269122
0.00393624483013126,0.00193193187667515,-0.000377773887856625,-0.00248372549530917,-0.00394422792361349,-0.0044779724240199,-0.00401857566189394,-0.00271992431527604,-0.000912686136377717,0.000976708523916814,0.00252516601961545,0.00340721704362482,0.00346352918605361,0.00272928697973869,0.00141760625734899,-0.000136668664620244,-0.00155880208098571,-0.00252231779025275,-0.00282315627962305,-0.00242309423223585,-0.00145304570553146,-0.000176374409276687,0.00107824756029661,0.00199788555132389,0.00236080199427471,0.0020885711597526,0.00126291732984808,0.000103767127302924,-0.00108594013145196,-0.00199543752378309,-0.00238336733269137,-0.00213850527255131,-0.00130912596458733,-9.35108880746672e-05,0.00120657884537122,0.00225861824234484,0.00278092621530228,0.00261360513894065,0.00176166569696001,0.000399595773126095,-0.00116453238395242,-0.00255803039290383,-0.00343047038797405,-0.00353869785063113,-0.00280990015658152,-0.00136696717743,0.000491368244273087,0.00235267917446308,0.00378219794136696,0.00442298405279203,0.00408193197685808,0.00278141164147631,0.000763740200521642,-0.00155401506498785,-0.00366645116561375,-0.00508966625900902,-0.00547091563964453,-0.00467354974612682,-0.00281713178589869,-0.000261832208493291,0.00246162774636089,0.00476277454412952,0.00611950219548652,0.00619551947129029
0.0031969866398635,0.00132343425053617,-0.000726890313065767,-0.00249740050233621,-0.00361536782731822,-0.00387064085984055,-0.00325534032824177,-0.00195684484033715,-0.000307073194475246,0.00129904637545257,0.00249631274274268,0.00303161660161064,0.00281746614822325,0.00194544427597043,0.000657858492318522,-0.000714637827584892,-0.00183418181030459,-0.00243638038789268,-0.00239171615107733,-0.00173353760982474,-0.000646455508348477,0.000581586882908437,0.00163164165064281,0.00223282262947687,0.00222903962971457,0.00161749060854578,0.000549839283028031,-0.000704180955277297,-0.00182222423740749,-0.0025085063187116,-0.00256793350105027,-0.0019572481057451,-0.000800305685747222,0.000637097580128275,0.00200774756225588,0.00296509864262166,0.00324766757686185,0.00274562151175196,0.00153337443735947,-0.000140305419507974,-0.00190355414755029,-0.0033434759870283,-0.00410116974718928,-0.00395829796923338,-0.00289482467398593,-0.00110328219383591,0.00104562271105133,0.00308008732533629,0.00453076571920315,0.0050378715132706,0.0044374551830951,0.00280666764974007,0.000456617677638048,-0.00212720227024971,-0.00438546306536272,-0.00580580837658359,-0.00603809028286805,-0.00497839245128448,-0.00280199048952902,6.41015760110687e-05,0.00302520272894312,0.00544298887105101,0.00677329315194446,0.00668771927512911
0.00244432433569552,0.000714306531739716,-0.00106418891562114,-0.00248987244582941,-0.00326097015349722,-0.00323930366879105,-0.0024749838130328,-0.00118717983905115,0.000293419372363351,0.00160607146168133,0.00244574302328415,0.00263304600932552,0.00215248925072314,0.00115100248058593,-0.000101916412872025,-0.00128228624240196,-0.00209150750683244,-0.00232902593168228,-0.00194059059039361,-0.00103065586920028,0.000164011696533739,0.00133314119301842,0.00216994399496711,0.00244763272915105,0.00207695455607866,0.0011307868601655,-0.000170357262786855,-0.00150892253697993,-0.0025455807233764,-0.00300183581569709,-0.00273050942012368,-0.00175691550404013,-0.000279893119080626,0.00136892643559091,0.00279926337915283,0.00365310144596068,0.00369127719935669,0.00285521773049931,0.00128871760021423,-0.000686431361997156,-0.00263680051049884,-0.00411199686297829,-0.0047472343220295,-0.00435086791321785,-0.00295635499537625,-0.000825232404410314,0.00160170540771712,0.00379602032614692,0.00525678296901293,0.00562393787309159,0.00476425803962336,0.002809855513496,0.00013935165714543,-0.00269582418281341,-0.00508559305542758,-0.00649232514023599,-0.00657095418637788,-0.00525151877647976,-0.00276465937710199,0.000397652379364874,0.00357982786094164,0.00609926908775258,0.00739307450505924,0.00714308050093423
0.00168211679425877,0.000107761809419463,-0.00138777705008815,-0.00246097252314852,-0.00288263510807095,-0.00258700436575935,-0.00168136187999948,-0.000414791692359549,0.000885733976823214,0.00189617733133568,0.00237364648395459,0.0022134616188693,0.00147192359555184,0.000349971355166493,-0.000857852315987587,-0.00183669188267325,-0.00232940724050284,-0.00220071694958269,-0.00147197859813898,-0.000317923244036055,0.000974335209499156,0.00207456503836294,0.00269050979769343,0.00264130521311417,0.00190538411710157,0.000630973936269592,-0.000894000973877764,-0.00230638730200182,-0.00325237950711924,-0.00347298187945117,-0.00287033424218976,-0.00153857554816526,0.000249450794643657,0.00209828961849776,0.0035771946826829,0.00431927661806919,0.00410968778879417,0.00294203859239459,0.00102912204673544,-0.00123587419206524,-0.00336048906943964,-0.00485971956570815,-0.00536549611756146,-0.00471458904342498,-0.00299438004818914,-0.000534413924897606,0.00215666949643509,0.00449681585455965,0.00595665036828213,0.00617840396904944,0.00506095901158531,0.00279127041556709,-0.000186159855057489,-0.00325678698157287,-0.0057632026056468,-0.00714578981964076,-0.00706699529365611,-0.00549183441017536,-0.00270566223855548,0.000736819015908306,0.00412247245760822,0.00672821179116848,0.00797579465294561,0.00755954222581388
0.000914262353981425,-0.000493024941848223,-0.00169586721617019,-0.00241067891686818,-0.00248211759430815,-0.00191691347135895,-0.000878400861427484,0.000356458759566272,0.00146688586186934,0.00216788470221604,0.0022803651939135,0.00177496303118334,0.000779196250265582,-0.000453601203424076,-0.00160611683050278,-0.0023750302313902,-0.00254664787759392,-0.00205206430727667,-0.000988203183068977,0.000401114663635443,0.00178049187712447,0.00280220188403705,0.00319081517627533,0.00281297647722214,0.00171530488732237,0.00012066496388427,-0.00161738497501891,-0.00309254221418605,-0.00393909351413784,-0.00391964710043218,-0.00298680540261587,-0.00130343096661589,0.000784984388708063,0.00282149267325813,0.00433767595242872,0.00496039991013888,0.00450098894523034,0.00300588084687378,0.000756126159315585,-0.00178568195583444,-0.00407087317100432,-0.00558288110311843,-0.00595295048017546,-0.00504782490369632,-0.00300895084017561,-0.000232529572414268,0.00270754044034046,0.00517886930521832,0.00662689915125597,0.00669866495549417,0.00532635529538031,0.00275134964953015,-0.000517947075636234,-0.00380701432543206,-0.00641475972372274,-0.00776295167262779,-0.00752391184038265,-0.00569844624879666,-0.00262567262998831,0.0010795339958612,0.00465013739353956,0.00732653623406519,0.00851858890175321,0.00793525333795918
0.000144677935307956,-0.00108493428762722,-0.0019867875041549,-0.00233911817497699,-0.002061319339037,-0.00123231315599248,-7.00781966158686e-05,0.00112273151445029,0.00203397798432292,0.00241984861493577,0.0021663914135275,0.00131978173481959,7.78179879234827e-05,-0.00125565068149035,-0.00234293178655057,-0.00289458958370409,-0.00274214218960216,-0.00188382479282529,-0.00049170009266268,0.00112285846124496,0.00257847608855891,0.00351248015437426,0.00366846921580535,0.00296193335420378,0.00150782656929482,-0.000397442291362754,-0.00233678679927938,-0.00386341294290435,-0.00460231727996271,-0.00433969286936585,-0.00307948182720254,-0.00105281299552816,0.00132389926942088,0.00353485145857463,0.00507692704706614,0.00557338848769184,0.00486343570887941,0.00304669276185586,0.000471370439890359,-0.00233287508572659,-0.00476426211327032,-0.00627784876782699,-0.00650677154092717,-0.00534912922114529,-0.00300027952449991,7.86206108695516e-05,0.003251331826819,0.00583865243815803,0.0072642084950411,0.00718230265546679,0.00555942747813995,0.00269066859371039,-0.000853980304021282,-0.00434346455941582,-0.00703685792465525,-0.00834075276032036,-0.00793962358351087,-0.005870665810834,-0.0025255089115204,0.00142367564660522,0.00515987166008513,0.00789110168843468,0.00901879388900336,0.00826858096271028
-0.000622721924868704,-0.0016649193892632,-0.0022589913105276,-0.00224656567484457,-0.00162228013027807,-0.000536581230575265,0.000739597293611894,0.00188022651450111,0.00258421529239731,0.00265086469855351,0.002032364365285,0.000850268899313984,-0.000628635505355586,-0.00205211757091643,-0.00306459334514154,-0.00339278562773121,-0.00291495502246453,-0.00169689775031207,1.49942086742653e-05,0.00184367293090153,0.00336431971065559,0.00420193075340004,0.00412122522017989,0.00308761558999293,0.00128418505577611,-0.000920580438354226,-0.00304848846186845,-0.00461510494800835,-0.0052387848041938,-0.00473115044306925,-0.00314808607637898,-0.000788174342042434,0.00186333485817803,0.00423471093819803,0.00579127210410795,0.00615531580772299,0.0051954561743445,0.00306457280434589,0.000176587486078694,-0.00287446307614545,-0.00543704104979889,-0.00694113920100008,-0.0070243265745509,-0.00561725270294576,-0.00296873737976302,0.000397149584397177,0.0037850614607222,0.00647273177674979,0.00786542221162652,0.00762709695125965,0.00575934320770634,0.00260993591178396,-0.0011921821406594,-0.00486314775207374,-0.00762623450428278,-0.008876343650639,-0.0083122817049757,-0.00600801136408687,-0.00240612828650626,0.00176708075227473,0.00564878887091403,0.00841892422214123,0.00947396103951221,0.00855811777982625
-0.00138404600135536,-0.00223002258573567,-0.00251106625754012,-0.00213344515308769,-0.00116716819740149,0.00016682544597132,0.00154660530590482,0.00262520247502372,0.00311491833545038,0.00285987452899006,0.00187906606196231,0.000368882401312804,-0.00133654284286674,-0.00283896896863128,-0.00376749164669942,-0.00386717521333796,-0.00306430848019841,-0.00149232076689892,0.000529255263358494,0.00255990530007823,0.00413411186982087,0.00486720401579581,0.00454699111537561,0.00318961739502973,0.00104573470874738,-0.00144592792651847,-0.00374879653935068,-0.00534382410122317,-0.00584538655176194,-0.00509223093360119,-0.00319250540592625,-0.000511081279702523,0.00240039340841154,0.00491746396237468,0.0064771579640655,0.00670342567795136,0.00549565814662318,0.00305976745676728,-0.000126408588222557,-0.00340746125685971,-0.00608569048140162,-0.00756943659015458,-0.00750318919298924,-0.00585114859015262,-0.00291485171328929,0.000721094234020568,0.00430576764480177,0.00707778666191936,0.00842756466404526,0.00803103616321678,0.00592545986455782,0.00250998801664816,-0.00153043998851054,-0.00536314246618085,-0.00817978801538399,-0.00936709792542136,-0.0086402773390237,-0.00611020875875881,-0.00226861987928057,0.00210755763881426,0.00611408362373075,0.00890719279809571,0.00988186898419897,0.00880268819793092
-0.00213544714803429,-0.00277739140033022,-0.00274174225492887,-0.0020003272887507,-0.000698269769794712,0.000874388069074562,0.0023469340356319,0.00335399534950762,0.00362353614841326,0.00304597006668612,0.00170741622880405,-0.000121826833879361,-0.00204225645507399,-0.00361222002649819,-0.00444812987791143,-0.00431546922395724,-0.00318958608331444,-0.00127126442393221,0.00104838399107234,0.00326790373328132,0.00488401848872643,0.00550508601257029,0.00494383896475066,0.00326768807776125,0.000793939911080207,-0.0019706248693467,-0.00443406213616345,-0.00604589672475,-0.00641918550267078,-0.00542133416007262,-0.00321279173150168,-0.000223204910984715,0.00293215542486392,0.00557956994846144,0.0071311720310981,0.00721514543534433,0.00576283481678966,0.00303266819418011,-0.000435733219058532,-0.00392890756453062,-0.00670680522422516,-0.00815960989897553,-0.00794115130033734,-0.00604997693785131,-0.00283930170412495,0.00104842693657631,0.00481052556139963,0.00765062686924612,0.00894785582736648,0.00839232636954265,0.00605732623112874,0.00239178283685643,-0.00186661876280039,-0.00584061216757627,-0.0086945948506237,-0.00981062541461563,-0.00892224868162574,-0.00617719096841769,-0.00211419689629297,0.0024428996267727,0.00655304762458844,0.00935328460681946,0.0102405348758497,0.00900135335662832
-0.00287314278186717,-0.00330429387399253,-0.00294989864697694,-0.00184792733283819,-0.000217977854984995,0.00158254342419371,0.00313660014854347,0.00406303634774458,0.00410765835760332,0.00320839716531716,0.0015184663616768,-0.000619229088845134,-0.00274212229636675,-0.00436795512619184,-0.00510314264470812,-0.00473554447230061,-0.00329033586911444,-0.00103502612915105,0.00156962064581671,0.00396403595786864,0.00561030148646861,0.00611251413849185,0.00531001356061193,0.00332173177209673,0.00053036595008934,-0.00249178912866416,-0.00510070062181446,-0.00671778893207503,-0.00695743215800026,-0.00571705631028868,-0.00320916049210436,7.36883614003225e-05,0.0034556954084802,0.00621757336797482,0.00775005948378666,0.00768809818459345,0.0059959694394436,0.00298380765100372,-0.000749442875195421,-0.0044358792140298,-0.00729711274691314,-0.00870872903399332,-0.00833623374466246,-0.00621310759999077,-0.00274291321031774,0.00137706769999864,0.00529646366657272,0.00818820969584446,0.00942372541802603,0.0087093996240121,0.00615468315790998,0.00225639292726346,-0.00219857373431674,-0.00629282118037092,-0.00916792484300014,-0.010204784089642,-0.0091570866501329,-0.00620909635012191,-0.00194418792289736,0.00277089876967892,0.00696308548025936,0.00975477954536878,0.0105482245400609,0.00915341493148038
-0.00359343496258342,-0.00380813313125968,-0.00313457039368772,-0.00167710178316997,0.000271219717833186,0.00228770177632872,0.00391166865067303,0.00474886942582334,0.00456502645890157,0.00334655814851733,0.00131339296786145,-0.00112063061910793,-0.00343249962386953,-0.00510234865572239,-0.00572931354383815,-0.00512545454730864,-0.0033662724081646,-0.00078502305361286,0.00209015929475293,0.00464470793508171,0.00630933755147293,0.00668659191136343,0.00564394006058319,0.00335180627480701,0.000256669295103016,-0.00300653256235753,-0.0057452110243898,-0.0073561251610053,-0.00745757841714615,-0.00597819636769446,-0.00318198841568708,0.000377747106303285,0.00396809784632658,0.00682812194649147,0.00833073975155828,0.00812011404090451,0.00619423899814633,0.00291385500902324,-0.00106554688618697,-0.00492550917303432,-0.00785349077444717,-0.00921407986036511,-0.00868669561115243,-0.00634012190650424,-0.00262665257309602,0.00170489680912965,0.00576078000541739,0.0086876564246922,0.00985282601818967,0.00898092103277645,0.0062174632296067,0.00210499796760741,-0.00252416343224405,-0.00671715010064846,-0.0095972558012983,-0.0105476905570013,-0.00934393907117859,-0.00620626564418944,-0.00176002741511791,0.00308935979194469,0.00734173006372762,0.0101094737582453,0.0108034614041342,0.0092584177219199
-0.00429272994965869,-0.00428646108945839,-0.00329495324095223,-0.00148884410973409,0.000766752937896936,0.00298626503104485,0.00466827256421962,0.00540816816933051,0.00499354422355367,0.00346001345645652,0.00109349004035028,-0.00162328883472987,-0.00410978073154116,-0.00581168526724312,-0.00632359183095089,-0.00548343954677608,-0.0034172777187783,-0.000522784203608862,0.00260716274941806,0.00530638248553587,0.00697763639744755,0.00722460291642292,0.00594423064156292,0.00335812101280105,-2.54126664533358e-05,-0.00351197733838948,-0.00636419496903165,-0.00795770579471954,-0.00791729024906952,-0.00620376126778342,-0.00313181019830881,0.00068704582454416,0.0044664733623789,0.00740798448235962,0.00887032217451765,0.00850924032532732,0.00635701684914814,0.0028236106413348,-0.00138201954392161,-0.00539500234582598,-0.00837298406172637,-0.00967317798693368,-0.00899104211038707,-0.00643081302967564,-0.00249161945846148,0.00202976790216008,0.00620075835543659,0.0091462680753288,0.0102330451254124,0.00920579465595281,0.00624578943848216,0.00193887669459303,-0.00284126253362685,-0.00711111058512301,-0.00998028690530791,-0.010837729102462,-0.00948221338472133,-0.00616923774306307,-0.00156324545234341,0.0033961141369267,0.007686657358108,0.0104153921591324,0.0110050341516392,0.00931615100724118
-0.00496755712161553,-0.00473699122738487,-0.00343040784120758,-0.00128427954215087,0.00126598288063443,0.00367464508209879,0.00540263231732458,0.00603775199375288,0.00539128719112802,0.00354848236874828,0.000860160820202902,-0.00212442780482861,-0.00477041052381911,-0.00649237949959933,-0.00688310808929665,-0.00580793463773963,-0.00344340106918964,-0.000249941664532975,0.00311777787549123,0.00594559777690395,0.00761185841400229,0.00772402383253299,0.00620969014827799,0.00334103416386825,-0.000314072368111956,-0.00400527221872858,-0.0069543750538013,-0.00851952377307115,-0.00833445908866656,-0.00639296975712486,-0.00305931411645604,0.000999596537292985,0.00494797494183322,0.00795406819015535,0.00936612076703327,0.00885375066490232,0.00648387433775277,0.00271400004948932,-0.00169681240576197,-0.00584165137521652,-0.00885282024595911,-0.0100837812491183,-0.00924803102512845,-0.00648518504607732,-0.00233903878436623,0.0023495213978484,0.00661378410341578,0.00956154035163189,0.0105625160618262,0.00938316820437242,0.00623997287584188,0.00175939831465289,-0.00314777466800254,-0.00747235943595296,-0.0103149508931535,-0.0110735592455891,-0.00957157786197717,-0.00609874426741683,-0.00135545682302375,0.00368903403310971,0.00799570068520077,0.0106707998560923,0.0111520030557098,0.0093266486610669
-0.00561458714695628,-0.00515761033589754,-0.00354046279315452,-0.00106465893748055,0.00176621554219043,0.00434928225838164,0.00611107475610761,0.00663460158892798,0.00575651121342625,0.00361184281453547,0.000614908904689048,-0.00262125399043405,-0.00541090581489405,-0.00714099465370596,-0.00740518881004602,-0.00609757739486051,-0.00344485766517872,3.17789396723789e-05,0.00361915120312547,0.00655898558037205,0.00820883162519246,0.00818253648039247,0.00643932071762194,0.00330104895785248,-0.000607443210850211,-0.00448360871825686,-0.00751261255978229,-0.00903878010345112,-0.00870721189816457,-0.00654525493738943,-0.00296533660035833,0.00131336093590254,0.00540981413882593,0.00846343547525511,0.00981566800839765,0.00915215295415224,0.00657458138567898,0.00258606713344987,-0.00200786672772581,-0.00626285197501879,-0.00929042469344258,-0.0104439008269469,-0.00945667768880162,-0.00650345070969843,-0.0021702517889821,0.00266199818938543,0.0069973597604846,0.00993117769971654,0.0108396276814673,0.00951243650675798,0.00620050945642441,0.00156801344597976,-0.00344164506750759,-0.00779871190798137,-0.0105994249809367,-0.0112541217739155,-0.00961196134471837,-0.00599570299597002,-0.00113834952099229,0.0039660464843934,0.00826686422649191,0.0108742124072382,0.0112437049498878,0.00929018802013289
-0.00623064930113082,-0.00554638917971483,-0.00362481657657157,-0.000831351753354142,0.00226471617500675,0.00500666378078822,0.00679005168806898,0.00719587353742968,0.00608766001738646,0.00365013028470065,0.000359328761611219,-0.00311097211083982,-0.00602787424230476,-0.00775426081422616,-0.00788736980275494,-0.00635121387559992,-0.00342202622914972,0.000320568721310236,0.00410844475599386,0.00714328920167534,0.00876556787123721,0.00859803883676601,0.00663232536412301,0.00323880918833336,-0.000903611048416446,-0.00494423704574845,-0.00803592439734297,-0.00951289818813814,-0.00903391984262378,-0.00666026548611416,-0.00285085580420039,0.00162626302113539,0.00584927717516788,0.00893332004683289,0.0102167275872488,0.00940319613890703,0.00662910605177595,0.00244096683610273,-0.0023131259568796,-0.00665611770943628,-0.00968343426323154,-0.0107518109445881,-0.00961625847869758,-0.00648602796101151,-0.00198670630250641,0.00296505351706093,0.00734912001988272,0.0102531063919126,0.0110630328191498,0.00959324372770136,0.00612807569427157,0.00136624463966139,-0.00372087299479965,-0.00808815417002922,-0.0108321404629384,-0.0113786432356077,-0.00960355152293277,-0.00586121020334842,-0.000913672734948016,0.00422514708922057,0.00849833574672159,0.0110244048388614,0.0112797568014694,0.00920728750885622
-0.00681274782980682,-0.00590159200715996,-0.00368333836607165,-0.000585838158222304,0.00275872405409417,0.00564334213781867,0.00743615786701896,0.00771891404000942,0.00638337175924963,0.00366353586498384,9.50957123695644e-05,-0.00359080104900197,-0.00661803268688476,-0.00832909191711037,-0.00832740836259056,-0.00656790339989491,-0.00337544548498368,0.000614546481389458,0.00458285201368568,0.00769538099217618,0.00927927813102334,0.00896865496270119,0.0067881105160245,0.00315509396774973,-0.00120062594245357,-0.00538448173659728,-0.00852149919610964,-0.00993953689316004,-0.00931320553809296,-0.00673786555536182,-0.00271698421700464,0.00193620215460728,0.00626374083594728,0.00936114227805787,0.010567306030224,0.00960587578812847,0.00664761307243895,0.00227995720597869,-0.00261054821318693,-0.00701909414009645,-0.0100297099174764,-0.0110060571069976,-0.00972631281678496,-0.00643353520560126,-0.00178994629140571,0.00325657092880571,0.00766684626245726,0.010525486556275,0.0112316554295133,0.00962548432212663,0.00602352355246185,0.00115567653083228,-0.00398352388341556,-0.00833885485745152,-0.0110117909487984,-0.0114466388789738,-0.00954679177706343,-0.00569653196768356,-0.000683224417846168,0.00446441359280919,0.00868849843318419,0.0111204193635456,0.0112600578588325,0.00907870302694379
-0.00735807726529433,-0.00622168485257033,-0.00371606771572563,-0.000329700317334292,0.0032454675991986,0.00625595328725423,0.00804614833108227,0.00820127168465141,0.00664248454647619,0.00365240341236623,-0.000176044551980672,-0.00405798970256741,-0.00717822509512273,-0.00886260176928269,-0.00872329412951158,-0.00674692201121453,-0.00330580957130776,0.000911770277032726,0.0050396139189879,0.00821227934556426,0.00974738690575627,0.00929274379789121,0.00690628749558921,0.00305081176152412,-0.0014965141183459,-0.00580175689006586,-0.00896671245233814,-0.0103166022921857,-0.00954394884064139,-0.00677813335880354,-0.00256496036554246,0.00224106644063154,0.00665068806668588,0.00974452372429245,0.0108656631495245,0.00975943842430471,0.00663046139206791,0.00210439092357286,-0.00289811869243501,-0.00734957226615239,-0.0103273481157731,-0.0112054628386868,-0.00978664368078126,-0.00634678540451874,-0.00158160074990854,0.00353447623527936,0.00794848041612351,0.0107467230751823,0.0113446963705137,0.00960930271744421,0.00588787439291108,0.000937945671704519,-0.00422774112766309,-0.00854917565892479,-0.0111373392023218,-0.0114579140365211,-0.00944237661990705,-0.00550309451640367,-0.000448838526416729,0.00468201907706949,0.00883594176769207,0.0111615717419198,0.0111847903511086,0.00890542311324843
-0.00786403661022049,-0.00650534258452115,-0.00372321311475316,-6.46128998111121e-05,0.00372217977390336,0.00684123459016191,0.0086169550070653,0.00864070919944884,0.00686404090811026,0.00361722590040711,-0.000452286856197609,-0.0045098326887406,-0.00770543960466538,-0.0093521189340603,-0.00907325858358576,-0.00688776460522457,-0.00321396241405921,0.00121024953528304,0.00547603483894956,0.00869116508637221,0.0101675455872801,0.00956890677776022,0.00698667294137188,0.0029269937391577,-0.00178929005305821,-0.0061935809273778,-0.00936914065394696,-0.0106422580277829,-0.00972529115428341,-0.00678135846699907,-0.00239613966784565,0.00253874635256314,0.00700772317618996,0.0100813007126977,0.0111103212487171,0.00986338458811844,0.00657820069792018,0.00191570633821527,-0.00317386192351917,-0.00764550118787063,-0.0105746909386457,-0.0113491348990546,-0.00979731663772006,-0.00622677902664628,-0.00136337201884861,0.00379675136449708,0.00819213807744657,0.0109154752812854,0.0114016377916822,0.00954509172032613,0.00572231205627635,0.000714730099167866,-0.00445175746179182,-0.0087176808863205,-0.0112080225547824,-0.011412563960423,-0.00929124578166993,-0.00528247368478401,-0.000212372023715685,0.00487624469391976,0.00893947135263218,0.0111474562383774,0.0110544187257856,0.00868866290516066
-0.00832824231038766,-0.00675145466182567,-0.00370514942287599,0.000207667141208927,0.00418611367888164,0.00739604238281405,0.00914570249659073,0.00903521413338184,0.00704729119850129,0.00355864096231535,-0.000731777761568203,-0.00494368581337835,-0.00819682487893984,-0.00979520040369246,-0.00937578312994341,-0.00699014572172649,-0.0031008910972884,0.00150795763931917,0.00588949838651083,0.00912939715764659,0.0105376447381757,0.00979599423450254,0.00702928817434829,0.00278478648248033,-0.00207696862692439,-0.0065575907909364,-0.00972657431042353,-0.0109149342414347,-0.00985663824563656,-0.00674803783967776,-0.00221198450265434,0.00282714851426408,0.007332586549357,0.0103695369198604,0.0113000730311838,0.00991747061845858,0.00649156697774077,0.00171541806386588,-0.00343585381525955,-0.00790499992935566,-0.0107703348932087,-0.0114364669581353,-0.00975865742157898,-0.00607469592098731,-0.00113702361657536,0.00404144802007591,0.00839612080616142,0.0110306653843754,0.011402246093943,0.00943348965094888,0.00552817510584296,0.000487738690372652,-0.00465390587097222,-0.00884314598248183,-0.0112233568737552,-0.0113109721251364,-0.0090945769896003,-0.00503638356724027,2.4308260515566e-05,0.00504549184966492,0.00899811761775175,0.0110779491282847,0.0108696874173598,0.0084298569190198
-0.00874853994710666,-0.00695912956838691,-0.00366241420236245,0.000485311456970409,0.00463455825307356,0.00791736909189544,0.00962972296191823,0.00938300841318462,0.00719169592351529,0.00347742566341255,-0.00101262705519796,-0.00535698121739581,-0.00864970556264012,-0.010189643988632,-0.00962960573642391,-0.00705399900497193,-0.00296771827895846,0.00180284490810904,0.00627748300793118,0.00952452751682062,0.0108558252147738,0.00997311054820843,0.00703435751395847,0.002625444093282,-0.0023575772723397,-0.00689155550926645,-0.010037029822067,-0.0111333350329184,-0.00993766156292073,-0.00667887063254928,-0.00201405356638007,0.00310420954450205,0.00762316877501686,0.0106075348578761,0.0114339881611619,0.00992170913444156,0.00637147712261117,0.00150510718350005,-0.00368223343002204,-0.00812636836148388,-0.0109131383620599,-0.011467141725918,-0.00967124808552561,-0.0058918861738634,-0.000904367670535846,0.00426670104706087,0.0085589275068518,0.0110914855686429,0.0113465734346296,0.00927537621364447,0.0053069482731247,0.000258700360338381,-0.00483262997950538,-0.00892456492771918,-0.0111831390765451,-0.0111538070214627,-0.00885377750097896,-0.00476666444602304,0.000259338815872702,0.00518829375086992,0.00901114334020679,0.0109532107218943,0.010631617147957,0.00813065068330318
-0.00912301458809849,-0.00712769790730378,-0.00359570297217839,0.00076643179554656,0.00506485399357013,0.00840235979865106,0.0100665700323025,0.0096825567288418,0.00729692698261273,0.00337449053732096,-0.00129291944118082,-0.00574724211672237,-0.00906159677604564,-0.0105334993617264,-0.0098337260966846,-0.00707947534679967,-0.00281569370597547,0.00209285188607534,0.00663757724032074,0.00987431515112949,0.0111204880686993,0.0100996180193591,0.00700230555432233,0.00245031974443936,-0.00262916805358072,-0.007193389056895,-0.0102987601305209,-0.0112964444189529,-0.00996829806653209,-0.00657475182451487,-0.00180399059481126,0.00336790986999856,0.00787752409542687,0.0107938461937652,0.011511418433286,0.00987636821192943,0.00621902260154498,0.00128641111293235,-0.00391121442368578,-0.00830809717168219,-0.011002227664485,-0.0114411315375234,-0.00953592176792465,-0.00567986002244448,-0.000667252041245908,0.00447074140998655,0.00867926481615254,0.0110974037062778,0.0112349577585556,0.00907186711915268,0.0050602531467565,2.93531561726143e-05,-0.00498649386466511,-0.00896115651183414,-0.0110874481851463,-0.0109420174745027,-0.00857047445500763,-0.00447527008587301,0.000490872587695745,0.00530332622573228,0.00897804991696269,0.0107736858783134,0.0103414997688774,0.00779289126267369
-0.00944999974522188,-0.00725671414409061,-0.00350586341791582,0.00104909202807113,0.00547440860249695,0.00884832815843754,0.010454031655109,0.00993257370486178,0.00736286782444518,0.00325087292270315,-0.00157072636727474,-0.00611209705561925,-0.00943021757275685,-0.0108250777043609,-0.00998740930132096,-0.00706693973620718,-0.00264618488974211,0.00237592285548408,0.00696749454330792,0.010176739126812,0.0113303031675038,0.0101751394393768,0.0069337534151257,0.00226085672040234,-0.00288982961348673,-0.00746116244325829,-0.0105102641002087,-0.0114035307703106,-0.00994874858782668,-0.00643676471903076,-0.00158351253178482,0.00361628741150278,0.00809388308632261,0.0109272808321606,0.0115320015129372,0.00978196925306797,0.00603546223847334,0.0010610131760105,-0.00412109609391022,-0.00844887683284241,-0.0110370017070356,-0.0113586974054085,-0.00935375611936439,-0.00544027690180679,-0.000427547232678654,0.00465190868934824,0.00875605641871318,0.0110481676403869,0.011068021343547,0.00882430748005356,0.0047898381500936,-0.000198566697055912,-0.00511419124761684,-0.00895236944443347,-0.0109366449273151,-0.0106768265256899,-0.00824650411524907,-0.004164254486302,0.000717091968521868,0.0053894177393096,0.0088985823358081,0.0105401029914183,0.0100008916602279,0.00741861671729848
-0.00972808489672504,-0.00734595699836291,-0.00339388859920964,0.00133132063316899,0.0058607124672561,0.00925277158351216,0.0107901418197315,0.0101320298193448,0.00738961251793983,0.00310772963971268,-0.00184411792133388,-0.00644929359710618,-0.00975350329237271,-0.0110629599106187,-0.0100901880093058,-0.00701696684786923,-0.00246066701009401,0.00265001948105066,0.00726508760929848,0.0104300105898695,0.0114842164803423,0.0101995593415704,0.00682951398595886,0.00205857899453973,-0.00313769892445109,-0.00769311496979603,-0.0106702945880508,-0.0114541497158208,-0.00987947474184955,-0.0062661723807241,-0.00135439723133247,0.00384745104671729,0.00827066447946131,0.0110069146968794,0.0114956632165175,0.00963928355360432,0.00582221412639952,0.000830631944105277,-0.00431027398118174,-0.00854760552937084,-0.0110171352084347,-0.0112203865583578,-0.00912606544554603,-0.00517493370775846,-0.000187133184576328,0.00480866300500198,0.00878845122074705,0.0109438079977555,0.0108466678566911,0.00853426400744773,0.0044975678567347,-0.000423335743372363,-0.00521455401595073,-0.00889788628217837,-0.0107313698957344,-0.0103597239263379,-0.00788390007971111,-0.00383575818546138,0.000936221550740413,0.00544555852606066,0.00877273279898566,0.0102534714384844,0.0096116057141497,0.00701004454814641
-0.00995612154135248,-0.00739542849278596,-0.00326090920409108,0.0016111235591711,0.00622135387915565,0.0096133855988542,0.0110731910866402,0.0102801560380022,0.00737746374520645,0.00294632904750256,-0.00211117473264706,-0.0067567113784971,-0.0100296167468361,-0.0112460033146722,-0.0101418631217096,-0.00693033541066656,-0.00226071212147921,0.00291313449374289,0.00752836205792813,0.0106325836403122,0.0115814559805092,0.0101730239207164,0.00669058618721765,0.00184508139237106,-0.0033709727830619,-0.00788766459962361,-0.0107778651666511,-0.0114481455107685,-0.00976119442847195,-0.0060644080751149,-0.00111847078334097,0.0040595937541633,0.00840648604338284,0.0110320961532685,0.0114026183079631,0.00944932757915943,0.00558084671765239,0.000597010393734561,-0.0044772499697385,-0.00860339600409241,-0.0109425804915058,-0.0110270284952406,-0.00885439162788622,-0.0048857523619623,5.21139571733266e-05,0.00493959627817432,0.00877583031625498,0.010784639500003,0.0105720779256687,0.00820351604351185,0.00418541169693819,-0.0006432541801753,-0.00528656003549459,-0.00879762615739871,-0.0104725402843465,-0.0099924572968877,-0.00748488054040799,-0.00349199421104554,0.00114654054891684,0.00547090876896497,0.00860074296169456,0.00991507749146459,0.00917570193555705,0.00656955918518731
-0.0101332277613744,-0.00740535167738508,-0.00310818490708236,0.00188649737943986,0.00655403389477642,0.00992807728338782,0.0113017358586555,0.0103764471356942,0.00732692972702309,0.0027680425262006,-0.00236999981447108,-0.00703237446456105,-0.0102569581865672,-0.011373346915795,-0.0101425029691301,-0.00680802140541151,-0.00204797774061341,0.00316330531898943,0.00775548942220178,0.0107831650066212,0.0116215361229587,0.0100959396156504,0.00651814827504889,0.0016220193911496,-0.00358791898976817,-0.00804341738951187,-0.0108322554739362,-0.011385650876068,-0.0095948759646865,-0.00583306478539886,-0.000877594555502392,0.00425100534316224,0.00850017444264762,0.0110024510200571,0.0112533697953731,0.00921335696820334,0.00531306913331783,0.000361904936991395,-0.00462064183816357,-0.0086155812954273,-0.0108135678423753,-0.0107797295893414,-0.0085404938900689,-0.00457476676939149,0.000288334996168173,0.00504344274771979,0.00871781268792471,0.010571260750139,0.0102457032378492,0.00783404547114438,0.00385543211157526,-0.000856656623848048,-0.00532934021222919,-0.00865174629817011,-0.0101613452277214,-0.00957702201225688,-0.00705183467826493,-0.0031352337743591,0.00134639480334808,0.00546480576094873,0.00838310475642041,0.00952647870022562,0.00869547670272279,0.00609969858149958
-0.010258791281359,-0.00737616705639172,-0.00293709489473164,0.00215544265249825,0.00685658074443384,0.0101949777121811,0.0114746063367767,0.0104206636837319,0.00723872009613708,0.00257433542871143,-0.00261873028539448,-0.00727446293555782,-0.0104341740000304,-0.0114444150845318,-0.0100924410334599,-0.00665119014858194,-0.00182419489952858,0.00339862755351161,0.00794481933646291,0.0108807224525789,0.0116042608616764,0.00996897035560385,0.00631355022223025,0.00139109860761404,-0.00378688715710589,-0.00815917593931253,-0.0108330151699558,-0.0112670853231854,-0.00938173089859859,-0.0055738838856479,-0.000633652046245857,0.00442008467703113,0.00855077400107467,0.0109178861268486,0.0110487067195145,0.00893285928617829,0.00502072073905843,0.000127074380195003,-0.00473919221218592,-0.00858371933990458,-0.0106306044445167,-0.0104798662864371,-0.00818633748451411,-0.00424410926086126,0.000519700672256936,0.00511908866099059,0.00861425959221353,0.0103045524803571,0.00986925918830493,0.00742802554849147,0.00350977221383074,-0.00106192270073035,-0.00534218476831018,-0.00846064233548392,-0.00979923977576712,-0.00911564987935674,-0.00658730828254708,-0.00276779180357047,0.00153420828025312,0.00542676999140336,0.00812055978312392,0.00908949676656634,0.00817345073840156,0.00560313998218844
-0.0103324710191958,-0.00730852775356335,-0.00274912762864821,0.00241597739570626,0.00712696369282163,0.0104124533190446,0.0115909131086147,0.0104128326871367,0.00711374073815943,0.00236675754955953,-0.00285554890869322,-0.00748132365230134,-0.0105601641079722,-0.0114589197425839,-0.00999227223348395,-0.00646118732593267,-0.00159115575188082,0.00361726819481474,0.00809489083974887,0.0109244918546658,0.011529725178926,0.00979303347757546,0.0060783052113103,0.00115406402700132,-0.00396631909227616,-0.00823394681940529,-0.0107799664891574,-0.0110931519880588,-0.0091232055628895,-0.0052887430544503,-0.000388535644420747,0.00456535129933446,0.00855755430046943,0.0107785913812771,0.0107897004341386,0.0086095455620037,0.00470576003862391,-0.000105731133153492,-0.00483177687502408,-0.00850759642064556,-0.0103944719022642,-0.0101290769466919,-0.00779408137778573,-0.00389599661528316,0.000744424386442549,0.0051655810651351,0.00846527758617218,0.00998567425605016,0.00944471610647302,0.00698780872265717,0.00315064302229286,-0.00125748740752315,-0.00532454869940548,-0.00822494739852703,-0.00938793754218042,-0.00861079667795127,-0.00609398868660252,-0.00239201241130693,0.00170849398853987,0.00535651010816921,0.00781409725469493,0.0086062089374243,0.00761235585041511,0.00508268494267759
-0.0103541971354108,-0.00720329346028664,-0.00254586992185634,0.00266615057900837,0.0073633062583979,0.0105791161034497,0.0116500523236593,0.0103532468622495,0.00695308762442866,0.00214693315975495,-0.00307869539051763,-0.0076514801454339,-0.0106340880211768,-0.0114168610178291,-0.00984284781225247,-0.00623952904628784,-0.00135070082355404,0.00381747852801863,0.0082044427122603,0.0109139828948636,0.0113983151059395,0.00956929432876564,0.00581408028078276,0.000912689027609537,-0.00412475870220687,-0.00826694694217821,-0.0106732053838903,-0.0108648330051617,-0.00882097143216948,-0.00497964351690959,-0.000144133391732285,0.00468545637659124,0.00852001655296543,0.0105850403182186,0.01047769938645,0.00824534064503586,0.00437025294037919,-0.000334781138465012,-0.00489741239344253,-0.00838722944792054,-0.010106222375182,-0.00972925238681912,-0.0073660650183181,-0.00353271575738943,0.000960774573603478,0.00518213563077641,0.00827122016209689,0.00961605964042119,0.00897428909979921,0.00651591348330099,0.00278031033232706,-0.00144185118538887,-0.00527605638379056,-0.00794553000432029,-0.00892940207075676,-0.00806512864056908,-0.00557468911361543,-0.00201025439015,0.00186786423826836,0.00525392671340085,0.00746495049667201,0.00807893795523805,0.00701512050865359,0.00454124367629421
-0.0103241695961239,-0.00706152321867986,-0.00232899540938281,0.00290405554382467,0.00756389870030914,0.0106938326108274,0.0116517094162516,0.0102424625515249,0.0067580396658702,0.00191655065835273,-0.00328647737955464,-0.00778364158120923,-0.0106553695381428,-0.0113185263844977,-0.009645268872164,-0.00598789099157751,-0.00110470600095883,0.00399760657618435,0.00827242276758889,0.0108489833209133,0.0112107062225114,0.0092991595749825,0.00552268616951184,0.000668764256317012,-0.00426086137163462,-0.00825760884895595,-0.0105131012621298,-0.0105833834603273,-0.00847691435465145,-0.00464869670603389,9.76841566799001e-05,0.00477919287517387,0.00843789869236196,0.0103379891122057,0.0101143224146656,0.00784237242740145,0.00401636045610631,-0.000558375768105758,-0.00493526302056207,-0.00822286706323831,-0.0097671733511267,-0.00928252518481849,-0.00690479427350056,-0.00315660922698973,0.00116708663614784,0.00516814344677775,0.00803268796503623,0.00919740983363246,0.00846042656127532,0.00601501032306024,0.00240108129567067,-0.00161358965236299,-0.00519650531690989,-0.00762349075303949,-0.00842583696902759,-0.00748150795115821,-0.00503233252729573,-0.00162487682730784,0.00201104017168618,0.00511911496014863,0.00707459200995376,0.0075102406128983,0.00638485433320736,0.00398181881607481
