0.364855835813454,0.312109244131587,0.187976684375091,0.0242032641937243,-0.139731298058278,-0.267345471235682,-0.332838510666261,-0.324685838275998,-0.246345681892452,-0.115417696353556,0.038842956516661,0.180791683191728,0.276730521284545,0.304315539923151,0.259301816284982,0.156450252015148,0.0241693870137757,-0.104489636848886,-0.200615967082871,-0.245261331550363,-0.231823108050142,-0.166028962012841,-0.0644695033145814,0.0483715219320523,0.145097808542538,0.202068528789759,0.205937620372398,0.157491254190911,0.0710660180054723,-0.0301437452190077,-0.120775972741641,-0.179465724563276,-0.192979324430942,-0.15821925921117,-0.0826542320750693,0.0166487675625298,0.115871521388065,0.18957256099146,0.217383604860905,0.190179217337433,0.113187888324931,0.0046244149718782,-0.109518409078774,-0.202262308927967,-0.251640093079793,-0.24473846996869,-0.179988078606016,-0.0682036705782391,0.0679640633623093,0.197357556850076,0.287169700720976,0.312147546120993,0.262864726590882,0.149339777946676,-0.00179200290688139,-0.155180530669803,-0.276154838804167,-0.338225179253504,-0.327414327143374,-0.244166401561267,-0.103847912970201,0.0645063095387456,0.222740133524453,0.332227812622389
0.359866139193155,0.306403543000863,0.182897004741508,0.0209318305017633,-0.140461209886121,-0.265370253184045,-0.328534622072305,-0.318864569007453,-0.2401261669202,-0.110070571990687,0.0421196177396205,0.181162340401537,0.27399451563583,0.299030366969444,0.252666898265139,0.14997509910933,0.0192600446205446,-0.106863526646958,-0.200078757336216,-0.242024352061981,-0.226586887806394,-0.159853715064683,-0.0586149246511089,0.0526679451182711,0.146901176739025,0.201010405431543,0.202345798770723,0.152304672842341,0.0655548143496748,-0.0347376423126047,-0.123538246419045,-0.179966352844885,-0.191289988364111,-0.154844811066106,-0.0784204930297179,0.0207483974774764,0.118882731138051,0.190818437893673,0.216660585162221,0.187820221517565,0.109949632994473,0.00144078851953759,-0.11181264061414,-0.203135922924939,-0.250954245294899,-0.242738008785847,-0.17723352894495,-0.0654596706221919,0.0698927556782779,0.197838827458415,0.285954223670311,0.309486437630842,0.259461762217228,0.146140113522605,-0.00389046941865926,-0.15557444810397,-0.274663030688544,-0.335094984772783,-0.323255580528275,-0.239853034269134,-0.100382770338791,0.0661903042948297,0.222034407932095,0.329080678502627
0.35367054116691,0.299725311253657,0.17727964528185,0.0176487666555144,-0.140704337962582,-0.262533922150786,-0.323179700896265,-0.312011155267365,-0.233093869645947,-0.10428873364994,0.0453703678472511,0.181065688554163,0.27047264590218,0.292836869600252,0.24521533911563,0.142948165507586,0.0141556782096447,-0.109075582697974,-0.199099566151543,-0.238191169859319,-0.220745947397933,-0.153202688816432,-0.052515238438777,0.0569374791419656,0.148438195877645,0.199545475077613,0.198341848219179,0.146828539257939,0.0599582355784093,-0.0391976699740926,-0.125996491873549,-0.180087562322274,-0.189261280509946,-0.151281153980976,-0.0742264940589363,0.0245562935544816,0.121398774180268,0.191482817932606,0.215427652511483,0.185175412946533,0.106749441688095,-0.00136336957213333,-0.113453110088525,-0.203213054030297,-0.24949492978094,-0.24015646262098,-0.174234231310263,-0.0628956060387282,0.0712134864576804,0.197383191684095,0.283664967059657,0.305857091551183,0.255423769946863,0.142788595294388,-0.00562176513117097,-0.155160386701652,-0.272086564938329,-0.330814712921364,-0.31810310942054,-0.234901425193095,-0.0967767088457442,0.0674691654683421,0.220447017260792,0.324760052169639
0.346330148306985,0.292140054481854,0.171178676722351,0.0143844522867338,-0.140459796239104,-0.258864288788038,-0.316824449419015,-0.304190064593797,-0.225315541862093,-0.0981282120176369,0.0485625424038467,0.180501400536769,0.266198667308085,0.285795717181471,0.237020256072565,0.1354377374477,0.00890488673335534,-0.111105715205944,-0.197688696774807,-0.233798579995209,-0.214355600758412,-0.146138978609141,-0.0462289431276237,0.061138437143384,0.149693220470427,0.197687408450471,0.193964567955342,0.141116216517765,0.0543306557227924,-0.0434808669715849,-0.128127387571079,-0.179828545199577,-0.186912843672893,-0.147562477495174,-0.0701124567023204,0.028035851617283,0.123395421240417,0.191559346464129,0.21369677228978,0.182270268615408,0.103617940842821,-0.00376135707520817,-0.114424157104102,-0.202492718469889,-0.247275684265785,-0.237018311767983,-0.171019211138694,-0.0605368159062371,0.0719128729725314,0.195994947924428,0.280324633040451,0.301295394783448,0.250790078028366,0.139317012174881,-0.0069703094308401,-0.153943154626081,-0.268450079011199,-0.325424478070946,-0.312005354077117,-0.229358984213274,-0.0930653628456733,0.0683291822950448,0.217992499831883,0.319308087026196
0.337917246707043,0.283721958769357,0.164652617023614,0.011168898414838,-0.13973140991661,-0.254397027831422,-0.309529007203894,-0.295475012368459,-0.216865221711321,-0.0916488634217645,0.0516639364308026,0.179473700311659,0.261213724969738,0.277975859499629,0.228161923002229,0.127516650554841,0.00355756993990673,-0.112935608314909,-0.19586053931179,-0.228888675521529,-0.20747642281934,-0.138729697761205,-0.0398163984690686,0.0652297706515613,0.150653353064895,0.195453705285705,0.189256356579099,0.135223304768684,0.0487267144732837,-0.0475459585291032,-0.129910706505641,-0.179192114581619,-0.184267428229279,-0.143724549364703,-0.0661178988862577,0.0311536542555532,0.124853556390009,0.191047438262859,0.2114847085553,0.179132651893224,0.100584943199972,-0.005730433811188,-0.114716459283929,-0.200981422087962,-0.244317250153386,-0.233353462746653,-0.167619775010422,-0.0584068393066445,0.0719835185323394,0.19368756628247,0.27596627491883,0.295846292087759,0.245605610724905,0.135758060148631,-0.007924361114873,-0.151935223803895,-0.263788178465366,-0.318974869606036,-0.305019844082506,-0.223279006723669,-0.0892856235383082,0.0687605863068144,0.21469387652699,0.312778074624141
0.328514544567261,0.274553132586985,0.157763876955409,0.0080315132290818,-0.138527622110438,-0.249175321691249,-0.301362412846519,-0.285948313614842,-0.207823554146446,-0.0849137731252351,0.0546431707647782,0.177991368753733,0.255565958245877,0.269453818942035,0.218726945411806,0.119261568945643,-0.00183552650812912,-0.114548849023768,-0.19363340129765,-0.223508450179889,-0.200173703324698,-0.131045366357703,-0.0333392511630502,0.0691714876133692,0.151308599615237,0.192865540958914,0.184262794392673,0.129207083192788,0.0432007739445841,-0.0513537547954788,-0.131329499671893,-0.178184665137469,-0.181350667892817,-0.139804372833505,-0.0622812582838004,0.0338797890928821,0.125759356805511,0.189952277325138,0.208812858955651,0.175792548597625,0.0976791739627677,-0.00725202705685928,-0.114327120924139,-0.198693114270056,-0.240647397027212,-0.229196972414448,-0.164069195922997,-0.056527157017458,0.0714241091284407,0.190483554978218,0.270632944860163,0.289563314306434,0.239920444167976,0.132145055724113,-0.00847608358176422,-0.149156581017854,-0.258145119667682,-0.31152651550593,-0.297212690235695,-0.216720163494324,-0.0854752395341487,0.0687577025148584,0.210582452813112,0.30523390122642
0.318214310824896,0.264722776168341,0.150578175907861,0.00500087879665499,-0.136861357647572,-0.243249438424171,-0.292401985998533,-0.275700152349745,-0.198277042569103,-0.0779886214333277,0.0574700523247462,0.176067701990027,0.249310032070637,0.260312906933945,0.208807376628064,0.110752232318435,-0.0072232708463959,-0.115931038757832,-0.19102930443173,-0.217709357021572,-0.192516854966496,-0.123159264205073,-0.0268598453788793,0.0729250602227838,0.151651994454282,0.189947575483199,0.179032195304531,0.12312593811677,0.0378063800322544,-0.0548675298318591,-0.13237025063399,-0.176816101313487,-0.178190826817703,-0.135839828661879,-0.0586395233725373,0.0361881324872976,0.126104417442331,0.188284757181683,0.205707045034287,0.172281787097887,0.0949280127652939,-0.00831189540068659,-0.11325970398141,-0.195649076861243,-0.236300682950589,-0.224588719482226,-0.160402372310987,-0.0549169474428036,0.0702394504395621,0.186414232557762,0.26437723781571,0.282508022366338,0.233789318452477,0.12851165189851,-0.00862156836705789,-0.145634510470532,-0.251574408186376,-0.30314955554246,-0.288657992578946,-0.209745931133374,-0.0816724015250937,0.0683190624884781,0.205697535011276,0.296749394168968
0.307117420617689,0.254326287898397,0.143163932917128,0.00210453854423645,-0.134749847417299,-0.23667624838629,-0.282732633814294,-0.264827773138635,-0.188317237767066,-0.07094101973254,0.0601159225868187,0.173720420993766,0.242506599976324,0.250642373970084,0.198499785568022,0.102070678841334,-0.0125546066344665,-0.117069888309369,-0.188073750471,-0.211546826777223,-0.184578780122757,-0.115146752948858,-0.0204406236649383,0.0764538177510177,0.151679692558908,0.186727726219853,0.173615132963547,0.117038783548481,0.0325957341290206,-0.0580533774077109,-0.133023000034906,-0.175099734179287,-0.174818520706582,-0.131869305421312,-0.0552278756961706,0.0380565961001479,0.125885819747564,0.186061362669887,0.202197260089695,0.168633744804501,0.0923572532227264,-0.00890025004850387,-0.111524200978148,-0.191877748255686,-0.231318151806491,-0.219573026246529,-0.156655464884627,-0.0535928605634444,0.0684404439064363,0.181519408517802,0.257260737656832,0.274749373969739,0.227271110888802,0.124891557955471,-0.00836081879353639,-0.141403310871915,-0.244138315790559,-0.29392302697338,-0.279437168551181,-0.202423968807136,-0.0779153170501402,0.0674474759951088,0.200086062858868,0.287407565792215
0.2953323193067,0.243464317649033,0.135591637850347,-0.000631204851484483,-0.132214416933574,-0.229518684193347,-0.272446086536911,-0.253434600331897,-0.178039871115277,-0.0638398240627619,0.0625539886935088,0.170971531856995,0.235221704381936,0.240536503256738,0.187904286835923,0.0933004516748139,-0.0177790125422865,-0.11795529691316,-0.184795459383131,-0.20507975008084,-0.176435200943089,-0.10708457281295,-0.0141435239661381,0.0797233197571148,0.15139102725257,0.183236906099209,0.168063946016607,0.111004480381097,0.0276191807729235,-0.0608805400979122,-0.133281439064694,-0.173052148198617,-0.171266414866452,-0.127931321804233,-0.0520793468333936,0.0394673341515171,0.125106144219875,0.18330399481615,0.19831737714878,0.164883043371866,0.0899908814856982,-0.00901183301925156,-0.109136949809284,-0.187414483235432,-0.2257469694328,-0.214198233958946,-0.152865515825202,-0.05256881367188,0.0660440012467567,0.175846976103806,0.249353372670333,0.266363020627017,0.220428275468351,0.121318264107474,-0.00769769596811659,-0.136503950549893,-0.235907319467247,-0.283934166296506,-0.269638206130742,-0.194825447680561,-0.0742417816586632,0.0661500583020781,0.193802161477533,0.277299763955605
0.282973917514096,0.232241777251614,0.127933207649056,-0.0031814816446667,-0.129280242893683,-0.221845148894776,-0.261640067537533,-0.241629291321584,-0.167543939816286,-0.0567544341897459,0.0647596318907397,0.167847136898602,0.227526120521897,0.23009365849267,0.177123544020217,0.0845257969012119,-0.0228469572958287,-0.118579416204891,-0.181226082905457,-0.198369927917658,-0.168163957997021,-0.0990501198679491,-0.008029378618697,0.0827017053142197,0.150788531994787,0.179508729600608,0.162432227549833,0.105081260374072,0.0229247165313811,-0.0633217084131089,-0.133142971081532,-0.170693039401742,-0.167568902393186,-0.124064144892981,-0.0492244935395749,0.0404069095762982,0.123773427293005,0.180039741143407,0.19410481998882,0.161065234909778,0.0878508748953664,-0.00864595209547189,-0.106120490846869,-0.182301249575626,-0.219640000850182,-0.208516235836794,-0.149070055255695,-0.0518558125473954,0.0630728974842988,0.169452422118597,0.240732688597838,0.257430543294816,0.213326253691439,0.117824771740812,-0.00663982971961232,-0.130983664465191,-0.226959466370185,-0.273277631370857,-0.259354847729163,-0.187024340264742,-0.0706887529406896,0.064438210788076,0.186906616906836,0.266524739238816
0.270162430145108,0.220766818413113,0.120261332481953,-0.00552303777087565,-0.125976081540491,-0.213728877513622,-0.250417403746727,-0.22952473104216,-0.156930752713604,-0.0497540863810605,0.0667106883850669,0.164377197541512,0.219494651103706,0.219415296658596,0.16626175704003,0.075830860489643,-0.0277103466150434,-0.1189366997268,-0.177399896647,-0.191481494912169,-0.159844283167544,-0.0911207101618075,-0.00215732128352609,0.0853600142139995,0.149877925457145,0.175579189181331,0.156774303880517,0.099326160810125,0.018557525091852,-0.0653532869703495,-0.132608740758906,-0.168045026598932,-0.163761765861797,-0.12030540847835,-0.046691094449062,0.040866417700128,0.121901063660075,0.176300594337362,0.189600200482383,0.15721648147104,0.0859570215386224,-0.00780647279480225,-0.102503367163437,-0.176586262912631,-0.213055331445075,-0.202581972267683,-0.145306700190517,-0.0514618015146415,0.059555563296658,0.162398259574811,0.231483048276711,0.248038635356506,0.206032861959205,0.114443329833013,-0.0051984973287113,-0.12489549733597,-0.217379669137733,-0.26205464900374,-0.248685711493961,-0.179096677485202,-0.0672919339082606,0.0623275531628122,0.179466280378011,0.25518763985245
0.257022172662723,0.209149788369597,0.112648816614684,-0.00763440858855739,-0.122333972565383,-0.205247257320981,-0.238885083063541,-0.21723697582577,-0.14630294589762,-0.0429071481900944,0.0683876982344349,0.160595250694782,0.211205379399578,0.208604956856504,0.155423644213778,0.0672988917109998,-0.0323229589956258,-0.119023938505988,-0.173353473816961,-0.184480320300718,-0.151556052926058,-0.083372837434635,0.00341579219284021,0.0876724765037543,0.148668059665403,0.171486305264714,0.151144707914419,0.093794475447277,0.0145595431392745,-0.0669556250189893,-0.131683630319143,-0.16513343741868,-0.159881826052839,-0.116691735608803,-0.0445038716056404,0.0408415664643264,0.119507655758701,0.172123122767354,0.184846925843997,0.153373230061287,0.0843267612418799,-0.0065017680045043,-0.098319869133268,-0.170323561891141,-0.206055735554582,-0.196452893262921,-0.141612751349021,-0.0513915455187306,0.0555258182324108,0.154753389922498,0.221694767648343,0.238278242018057,0.198617660751783,0.111205177996752,-0.00338847305462808,-0.11829779734802,-0.207258936561842,-0.250372093938172,-0.237733357556891,-0.171119781799296,-0.0640853720726969,0.0598378063327748,0.171553407461702,0.243398946015536
0.243680327975015,0.197502173441818,0.10516791877207,-0.00949608386766463,-0.118388922139721,-0.196481112408535,-0.227153265987257,-0.204884155592041,-0.135763477920036,-0.0362804235166801,0.0697741185135226,0.156538081182668,0.202738888984268,0.19776723624629,0.144713429407695,0.0590114601447654,-0.0366408671904591,-0.118840283048228,-0.169125343574963,-0.17743339164194,-0.143379028552881,-0.0758814314774654,0.00863594304151491,0.0896167671591409,0.147170831583564,0.167269753288321,0.145597652272872,0.0885392270438689,0.0109690611618789,-0.0681132089753606,-0.13037622261064,-0.161986071082532,-0.155966581354147,-0.113258369582501,-0.0426842399236132,0.0403327126398259,0.116616812693345,0.167548096856218,0.179890779623982,0.149571885406618,0.0829750483217763,-0.00474462626897745,-0.0936097251223222,-0.163572526164286,-0.198708096495864,-0.190188393661,-0.138024793288026,-0.0516465469441491,0.0510225470971865,0.146592402367315,0.211463198434869,0.22824366539506,0.19115131081142,0.108140296564351,-0.001227851516499,-0.111253665151166,-0.1966935451563,-0.238341506040824,-0.226603307605517,-0.163171485080312,-0.0611010802725458,0.0569926257617578,0.163244939108812,0.231273356098644
0.230265697189786,0.185935540426452,0.0978896967503464,-0.0110906640400718,-0.114178568450559,-0.187513958301856,-0.215334259376959,-0.192585344181106,-0.125414614921502,-0.0299384760405229,0.0708564977110131,0.152245353551804,0.19417745872011,0.187006763976738,0.134233844185993,0.0510476930980223,-0.0406228422407584,-0.118387251877879,-0.164755636887152,-0.170408186505899,-0.135392090256309,-0.0687191244681937,0.0134524831226952,0.0911742231903111,0.145401059113056,0.162970471665019,0.140186507328773,0.0836106663429772,0.00782036285002188,-0.0688148149856688,-0.128698730996447,-0.158632939943873,-0.15205384154102,-0.110038817562597,-0.0412500874708578,0.0393448538781197,0.113256901373996,0.162620075721973,0.174779480522006,0.145848482716899,0.0819142362345686,-0.00255212003918179,-0.0884177404415475,-0.156397340412115,-0.191082782680855,-0.183849226963236,-0.134578303266097,-0.0522249994116788,0.0460893225450312,0.137994818453922,0.20088776814522,0.21803164464186,0.183704921528268,0.105277164162114,0.00126215205009613,-0.103830363028648,-0.185784157756612,-0.226078053370422,-0.215403026940337,-0.155329340239968,-0.0583686848743482,0.0538193860362115,0.154621732396127,0.218928637176239
0.216907447205258,0.174560485439032,0.0908833610346449,-0.0124030074230549,-0.109742832859286,-0.178431232525044,-0.203541460889996,-0.180459408402148,-0.115356916342631,-0.0239429788193221,0.0716246090997343,0.147759207337922,0.185604241854586,0.17642718371265,0.124085154346431,0.0434835398976689,-0.0442307368965057,-0.117668726527867,-0.160285722648755,-0.163472037546718,-0.127672472479082,-0.0619555328133127,0.0178186371149493,0.0923300210097587,0.14337632306348,0.158630254814596,0.134963289173136,0.079055801971491,0.00514340624735109,-0.0690536199264686,-0.126666896247225,-0.155105991923936,-0.148181359657342,-0.107064510900223,-0.0402155892078662,0.0378875768492259,0.109460753093795,0.157386958868349,0.169562223279462,0.142238362698463,0.0811539841334305,5.4564517094742e-05,-0.0827933872121129,-0.148866408161519,-0.183252985046931,-0.177496903990773,-0.131307274097749,-0.0531217802178195,0.0407739776221892,0.129044290614655,0.190070988258476,0.207740420430932,0.176349396694133,0.102642523329862,0.004057421758571,-0.0960986892814669,-0.174634895880009,-0.213699449681042,-0.204240878886576,-0.14766983567343,-0.0559151064058539,0.0503489182343967,0.145767749471458,0.206484452781214
0.203733867658774,0.163485599436677,0.0842156421886029,-0.0134203677797966,-0.105123559518756,-0.169319507186942,-0.191888283265239,-0.168623847043381,-0.105688232116756,-0.0183520974151006,0.0720715416482616,0.14312382056386,0.177102438231873,0.166130154934985,0.114364219605379,0.0363910691292108,-0.0474298452576888,-0.116690932658527,-0.155757836708752,-0.156691496500047,-0.120295007950121,-0.0556565621292089,0.0216919679518423,0.0930733124446884,0.141116777205764,0.154291335673644,0.129978162368333,0.0749179652492694,0.00296354928989879,-0.0688272696619457,-0.12429985087383,-0.151438816077285,-0.144386465696167,-0.104364486089161,-0.0395910565141578,0.0359749621095388,0.105265329148998,0.151899507978732,0.164289206054837,0.138775851098594,0.0807011852525361,0.00305033428326277,-0.0767903482713615,-0.141051719824891,-0.175294021603505,-0.171193082778843,-0.128243855993175,-0.0543284824486093,0.0351281326807522,0.119827763770588,0.179117441453446,0.197468792940758,0.169154782749909,0.100261154910154,0.0071311785388785,-0.0881323230012241,-0.163352373172974,-0.201324835761746,-0.193225062039059,-0.140267621578533,-0.0537642770058311,0.0466152025901379,0.136769213752698,0.194061180614554
0.190871149170302,0.15281645920635,0.0779501768047969,-0.0141325212096457,-0.100364145994143,-0.160265689811891,-0.180487068181983,-0.157193631648426,-0.0965027223226317,-0.0132199133706967,0.0721937478896485,0.138384946851453,0.168754468627115,0.156214382653348,0.105163594515883,0.0298378044882402,-0.050189235470154,-0.115462406776172,-0.151214706315212,-0.150131702752102,-0.113331388228214,-0.0498837430008181,0.0250348004484058,0.0933973183433109,0.138644929029952,0.149995962280323,0.125278962134735,0.071236413425916,0.00130132183632329,-0.0681379038027772,-0.121619951594045,-0.147666333613468,-0.140705705712795,-0.10196509005286,-0.0393828244877197,0.0336254467236259,0.100711349420816,0.146210844068639,0.159011148789606,0.135493945103411,0.0805599169849697,0.0064064304439107,-0.0704660187298922,-0.133028180013635,-0.167282615430314,-0.164998956265009,-0.125418022016075,-0.0558334871203464,0.0292066816958588,0.110434609318947,0.16813275861906,0.187315182266785,0.162189624608669,0.0981556621527049,0.0104542326196827,-0.0800071445194694,-0.152044697863779,-0.18907363480994,-0.18246254131128,-0.133194757024216,-0.0519368983066378,0.0426550198112784,0.127713742859728,0.181778732743906
0.178442194118801,0.142654652122598,0.072146916830459,-0.0145318809871224,-0.0955091671535039,-0.151356218783064,-0.169447999920769,-0.146280061285472,-0.0878899101986403,-0.00859589421726002,0.071991049004463,0.133589432043574,0.16064116009297,0.146774684539005,0.0965706779811488,0.0238861044912388,-0.0524820523312495,-0.113993947846817,-0.146699172399129,-0.143855762196235,-0.106849448580566,-0.0446936050496334,0.0278145984637817,0.0932993792912185,0.135985394285586,0.145785973153067,0.120910740368714,0.0680459743768369,0.000172245760638255,-0.066992136647914,-0.118652580904274,-0.143824476793153,-0.137174489898878,-0.0998897131814311,-0.0395931786176552,0.0308616460312009,0.0958428880902535,0.140375925376875,0.153778807133819,0.132424008957013,0.0807314125025566,0.0100907019091395,-0.0638809692671003,-0.124872899812467,-0.159296152951863,-0.158974644379662,-0.122857261338976,-0.057622074991501,0.0230672435695184,0.100955740949419,0.157222596104751,0.177376699846488,0.155520334089603,0.0963462657386679,0.0139952488017078,-0.0718005369243758,-0.140820452704805,-0.17706439275558,-0.172057984118516,-0.126519986326274,-0.0504502425285111,0.0385075652345001,0.118689468039484,0.169755390440941
0.166565470402811,0.133096842471296,0.0668615671045948,-0.0146135986143414,-0.0906039943425687,-0.142676259901182,-0.158878029458296,-0.135989643798426,-0.0799337791823142,-0.00452441546879314,0.0714665981867432,0.128784716634192,0.152840950966991,0.137901103781631,0.0886669179836967,0.0185925908665126,-0.0542857867098046,-0.112298552971167,-0.142253812036577,-0.13792414212135,-0.100912485032156,-0.040137096621091,0.0300042914170601,0.0927809635093518,0.1331646287715,0.141702376234662,0.116915339606736,0.0653767353055119,-0.000413295844258206,-0.0654009944333641,-0.115425919018477,-0.139949858206771,-0.133826753005519,-0.0981585531979119,-0.0402203220095554,0.027710136301654,0.0907069408455776,0.134451011427998,0.14864248652084,0.129595481218301,0.0812140537725346,0.0140679084160219,-0.0570983757174561,-0.116664460305833,-0.151411929740404,-0.153178597107609,-0.120586303945276,-0.0596765769722823,0.0167695844753223,0.0914827217071613,0.146491623270548,0.167748239100898,0.149210575947626,0.0948506112104933,0.0177210225762642,-0.0635906741307925,-0.129787661418139,-0.16541361507214,-0.162112713234656,-0.120308052838973,-0.0493179986833812,0.0342140307478115,0.109784149977628,0.158106665276165
0.155353917787781,0.124233886614752,0.0621450559504556,-0.0143756490380925,-0.0856944116492193,-0.13430891068144,-0.148879819925599,-0.126423016115712,-0.0727119242391998,-0.00104433926891394,0.0706268041196865,0.124018330582186,0.14542912383338,0.129678075214192,0.0815270774048723,0.0140076300181103,-0.0555825087711445,-0.110391336215659,-0.13792056337836,-0.132394087858531,-0.0955786113028908,-0.0362590570597369,0.0315825465054786,0.0918476325382239,0.130210641155031,0.137784936153375,0.113330998737263,0.0632537775232689,-0.000450139810769391,-0.063379809455868,-0.111970687741025,-0.13607943303173,-0.130694630330256,-0.0967884125457204,-0.0412583838928909,0.0242012003519045,0.0853529680707432,0.12849311868339,0.143651560960298,0.1270355961169,0.0820033858502941,0.0183000506391394,-0.0501834199445997,-0.108482154212813,-0.14370639145369,-0.147667014959412,-0.11862687983517,-0.0619765613507204,0.010375017681593,0.0821068715702231,0.136042529892152,0.158521593055768,0.143320676427286,0.093683590578703,0.0215967654157453,-0.0554558010798098,-0.119052751130946,-0.154234612103737,-0.152723687911396,-0.114619057699688,-0.0485501648872626,0.0298171600674443,0.101084300873819,0.146944197431467
0.144913915556496,0.116150003748178,0.0580430436505159,-0.0138188977304609,-0.0808262309081976,-0.126334419110571,-0.139550724528577,-0.117673916088488,-0.06629476718621,0.00181134648315314,0.0694812170718413,0.119337387230583,0.138477074273216,0.122183651457308,0.0752185660757937,0.0101748715280608,-0.0563590621288969,-0.108289429690363,-0.133740355315427,-0.127319066843113,-0.0909001631125256,-0.0330977480788167,0.0325339835609082,0.0905089658142318,0.127152690831317,0.134071774460433,0.110191993924188,0.0616969589178739,6.16256685410793e-05,-0.0609480720791099,-0.108319868153498,-0.132250156949916,-0.127808152280843,-0.0957925315597226,-0.0426974696665811,0.0203685385173905,0.0798324185761736,0.122559473120886,0.1388540010582,0.124769121504698,0.0830921523601041,0.0227467244873883,-0.0432026674160783,-0.100405212994962,-0.136254377781219,-0.1424932930725,-0.116997515155552,-0.0644990553764475,0.00394578757820999,0.0729183845440279,0.12597506238733,0.149784606229738,0.137907059203753,0.0928571801485921,0.0255863978139119,-0.0474735117295406,-0.108719520686761,-0.14363636528373,-0.143982524727991,-0.109507870383975,-0.0481529868904319,0.0253607834975739,0.0926743224937412,0.136374701427054
0.135344319278721,0.108922008475374,0.0545954735782476,-0.0129471471585583,-0.0760449070043821,-0.118829423656455,-0.130981808056716,-0.109828218026329,-0.0607448450033899,0.00401582556650095,0.0680423807161867,0.11478808306279,0.132051622685166,0.11548879502556,0.069800843491882,0.00713084723607336,-0.0566072162284297,-0.106011866034276,-0.129752744157144,-0.12274824562426,-0.0869231569747456,-0.0306844501517743,0.03284933011382,0.088778445704611,0.12402097497769,0.130598987339701,0.107528317846916,0.0607207452829853,0.00111667891530598,-0.0581292420606153,-0.104508394313407,-0.128498642488981,-0.125194960301946,-0.0951804592201967,-0.0445237522503049,0.0162489476593639,0.0741982384562835,0.116706964950387,0.134295915674408,0.122818115917779,0.0844703521073828,0.0273654966229715,-0.0362234272688962,-0.0925120272362912,-0.129128377442621,-0.137707494858917,-0.115713367009673,-0.0672187981145704,-0.00245555518105259,0.0640054639081338,0.116385097177455,0.141620367577489,0.133021713493025,0.0923802968494256,0.0296528488675641,-0.0397200305786943,-0.098888125027341,-0.133722426798519,-0.135974569345232,-0.105023597156579,-0.0481289420793639,0.0208893387130012,0.0846356696051963,0.126498968613475
0.126735573622271,0.102618610916762,0.051836170660581,-0.0117671600897212,-0.071395155008352,-0.111866221355918,-0.123256922976217,-0.102963043590491,-0.0561161792749511,0.00554868534641481,0.0663256532591515,0.110415209901036,0.126214375827331,0.109656741530104,0.0653248959483598,0.00490463401036802,-0.056323774507505,-0.103579441615224,-0.125995559636024,-0.118726005168863,-0.0836868101215057,-0.0290431291625524,0.0325255149045084,0.0866733049809358,0.120846309014484,0.127400285053775,0.10536539998733,0.0603340912654438,0.0027045311225251,-0.0549505210536461,-0.10057282547946,-0.124860816626486,-0.122880046703143,-0.09495796280105,-0.0467196040131673,0.0118819711630166,0.0685043696370154,0.110991610492672,0.130021111491645,0.12120170725782,0.0861253167872853,0.0321122981085535,-0.0293131009854709,-0.0848793684406395,-0.12239780234505,-0.13335586073485,-0.114786098029153,-0.0701085209196161,-0.00876678042645625,0.0554534837948212,0.107363758802607,0.134106450764063,0.128711699011774,0.0922586755385572,0.0337583613546096,-0.0322695035356538,-0.0896540860400743,-0.124589865245065,-0.128778029868156,-0.101209112657624,-0.0484767674077623,0.0164473843745335,0.0770460477667444,0.117410934874299
0.119168907257716,0.0972997895577793,0.0497924916860359,-0.0102886572048503,-0.0669205707220044,-0.105512070792765,-0.116451850807714,-0.0971459589934082,-0.0524537339195134,0.00639608193529931,0.0643490018337404,0.106261685893618,0.121021144034516,0.10474243831907,0.0618327912198301,0.00351758289655843,-0.0555106361820493,-0.101014559975074,-0.122504562612285,-0.115291499557865,-0.081223127599497,-0.0281901777586832,0.0315656987791318,0.0842143390718096,0.11765980465348,0.124506657095615,0.103723870306471,0.0605403712983283,0.00480963997495983,-0.051442588535273,-0.0965509996872556,-0.121371582562268,-0.120885520662108,-0.0951269772205518,-0.0492637680565855,0.0073095231291354,0.0628052426180253,0.105468026028647,0.126070674598421,0.119935895565764,0.0880418097563424,0.0369418329683304,-0.0225385260717425,-0.0775816206347688,-0.116128288955741,-0.129480357014085,-0.114223791126812,-0.0731392513989598,-0.0149266001387793,0.0473441847502984,0.0989965896900944,0.127314207531829,0.125018692337407,0.0924947698771099,0.0378648013662914,-0.0251933040034602,-0.0811073403426179,-0.116328269629499,-0.122463181881942,-0.0981006589618678,-0.0491915289974469,0.0120791135064733,0.0699786538770126,0.109196821043096
0.112715615076321,0.0930162415491345,0.0484850317462254,-0.00852428663171666,-0.0626632563219043,-0.0998285367080444,-0.110633519020451,-0.0924342685445578,-0.0497929672778313,0.00655083822366967,0.0621327743542109,0.102368111254377,0.116521419318999,0.100792062131416,0.0593573133161752,0.00298311690044066,-0.0541748098706539,-0.0983410553476052,-0.119313116928279,-0.112478262858826,-0.0795565618687222,-0.0281342349680446,0.0299792426223687,0.0814256857400888,0.11449254960225,0.121946066662497,0.102619368257242,0.0613373605250512,0.00741156895402791,-0.0476393037846839,-0.092481671794114,-0.118064488617792,-0.119230402399275,-0.0956855943943362,-0.0521315671434661,0.00257549018575898,0.0571552678246013,0.100188918174376,0.122482577982302,0.119033382287278,0.0902021458086826,0.0418079983373366,-0.015965321335204,-0.0706900302934485,-0.11038103477666,-0.126118269532145,-0.114030904211003,-0.0762806363492875,-0.0208752781882346,0.0397549103431764,0.0913627777524312,0.121308119411119,0.121978579053655,0.0930876794186793,0.0419339715864723,-0.0185593600891073,-0.0733313344159022,-0.109018823649885,-0.117091654422405,-0.0957275155124951,-0.0502647305315306,0.00782787353228089,0.0635014672253162,0.101934352580938
0.107436432155368,0.0898089146796687,0.0479273907944937,-0.00648956326487354,-0.0586634529572897,-0.0948708828483954,-0.105859303032494,-0.0888744134888499,-0.0481594834436725,0.00601247519341456,0.0596994531473911,0.0987723542217284,0.112757918782067,0.0978426186099645,0.0579216792992687,0.003306599221297,-0.0523283777001188,-0.0955839964393133,-0.116451877948504,-0.110313868577645,-0.07870374941791,-0.0288760866816384,0.0277816126980276,0.0783345750770357,0.111375292803515,0.119743177666752,0.102062398676925,0.062717265382415,0.0104851904231639,-0.0435773768802771,-0.0884041393848557,-0.114971407257636,-0.117930447233441,-0.0966280923862634,-0.0552951480996451,-0.00227468545549816,0.0516083298703971,0.0952045950611803,0.119291318591557,0.118503428313939,0.0925863318394228,0.0466643127705,-0.00965724049245507,-0.0642719831058593,-0.105212177518435,-0.123301845999958,-0.114208264046425,-0.079501278868354,-0.0265552215242618,0.0327578912569074,0.0845344472774434,0.116145212524289,0.119621095858793,0.0940331055070846,0.0459279272750025,-0.0124315088564108,-0.0664021772881671,-0.102733461596521,-0.112715805188587,-0.0941117423793466,-0.0516844570565206,0.00373569967980659,0.0576765980257688,0.0956920641066813
0.103381003172105,0.0877086247523596,0.0481260039187082,-0.00420277610742969,-0.0549591823781984,-0.0906875194472772,-0.102176422093227,-0.0865014838212318,-0.0475687864718736,0.00478717766463786,0.0570733946704192,0.0955091721100302,0.109766196963139,0.095921625831157,0.0575393396370354,0.00448527330061265,-0.0499884090232612,-0.0927694710824511,-0.113948500406123,-0.108819645645331,-0.0786733280052579,-0.030408648587911,0.0249942244825102,0.0749710528953756,0.108338138831419,0.117919117054058,0.102058235697201,0.0646668031962201,0.0140009302968503,-0.0392960119962151,-0.0843578601744719,-0.112122227243215,-0.116998000934851,-0.0979450036623249,-0.0587237590746186,-0.00719443790243616,0.0462172888995992,0.0905625023069332,0.11652758735434,0.118351742921927,0.0951722281801785,0.0514643491894283,-0.00367554088659757,-0.0583903159738386,-0.100672224161465,-0.121057990476154,-0.114753097906593,-0.0827690846740622,-0.0319115465117543,0.0264195826481097,0.0785760178831516,0.111874539743321,0.117969526555653,0.0953233384359744,0.0498092939057091,-0.00686888351709602,-0.060387860608775,-0.097534116391394,-0.109378192216039,-0.0932679983443764,-0.0534355504266754,-0.00015713186209944,0.052559699585427,0.0905286934383619
0.10058745028841,0.0867357615977378,0.0490800384519961,-0.00168486234583006,-0.0515858999239529,-0.0873195114402117,-0.0996214368475515,-0.0853388493519488,-0.048026139800346,0.00288769629956906,0.0542805595034372,0.0926098716506669,0.107574329947501,0.0950468833654363,0.0582138630972888,0.00650827558256184,-0.047176823424158,-0.0899243528320529,-0.111827368251433,-0.108010454384644,-0.0794658371508046,-0.0327170320879383,0.021644226772477,0.0713676807372216,0.105410254751976,0.116491274724257,0.102606875401953,0.067167329848431,0.0179250518341786,-0.034836526555328,-0.0803820647514028,-0.109544561917936,-0.116441887496523,-0.0996232212849788,-0.0623840566447813,-0.0121365205053262,0.0410334930315066,0.0863067874609121,0.114217975247067,0.118580405518409,0.0979357302522907,0.0561621688621304,0.00192162594112059,-0.0531026723681137,-0.0968055365671864,-0.119408012706908,-0.115659101190779,-0.08605161260666,-0.0368926145105966,0.0208000598850051,0.0735436356530983,0.108536733983297,0.117040455528682,0.0969472780783107,0.0535415852365455,-0.00192533938581634,-0.0553475554273546,-0.0934720692833615,-0.107111148024745,-0.0932034343927906,-0.0554998123684472,-0.00381252511740431,0.0481994493708851,0.0864926689036531
0.0990820419003412,0.0869000864488864,0.0507813604846786,0.00104075255908915,-0.0485761614776572,-0.084800153132746,-0.098219855253186,-0.0853979147667763,-0.0495265319042102,0.000333188284252428,0.051348236579547,0.0901020120832833,0.106202673255844,0.0952263277828607,0.0599389067353737,0.00935672139318747,-0.0439202032774792,-0.0870760510692637,-0.110109349250837,-0.10789452532988,-0.0810737034659634,-0.0357786926454713,0.0177642285167064,0.0675592157946326,0.102619592394367,0.115473142851473,0.103703037556177,0.0701950142960903,0.0222199758630934,-0.0302419500325466,-0.0765153686698148,-0.107263476581872,-0.116267330148388,-0.10164614144812,-0.0662404393809468,-0.0170534557470317,0.0361063057760774,0.0824778962955188,0.112384718179747,0.119187821843493,0.100850970001332,0.0607127527411135,0.00707979520742436,-0.0484609087683761,-0.0936498796685095,-0.118367434422922,-0.116916538781929,-0.0893164243469045,-0.0414505312708089,0.0159524771119491,0.0694846799502744,0.106163635946149,0.116843581938696,0.0988904898476179,0.0570895203576347,0.00235107569729857,-0.0513309943115888,-0.0905874095315621,-0.105936460957575,-0.0939176623035209,-0.0578562310157108,-0.00719495449160496,0.0446371033161601,0.083621692820573
0.0988789640635516,0.0882006228699721,0.0532145726950071,0.00394834882832836,-0.0459593072709694,-0.0831546145645984,-0.0979858522596907,-0.0866780018049393,-0.0520547478847411,-0.00285100037412452,0.0483047652976112,0.0880091536800895,0.105663694760552,0.0964579749607897,0.0626982710972201,0.0130038638314856,-0.0402495567579468,-0.0842522466751953,-0.108811577105896,-0.10847336314637,-0.0834813113256037,-0.0395636589523586,0.0133919714529297,0.063582274074904,0.0999926285860954,0.114874195889874,0.105336216324364,0.0737210584547256,0.026844634531195,-0.0255566063989312,-0.0727953880146126,-0.105301237838737,-0.11647590614457,-0.103993840353285,-0.0702554041891852,-0.0218979879643005,0.0314826521290827,0.0791122040082298,0.111045483117835,0.120168715963106,0.103890536352973,0.0650724264315164,0.0117487349718323,-0.0445105593800302,-0.0912360375352558,-0.117945854016285,-0.118512377607591,-0.0925314285491029,-0.0455416052536552,0.0119225924277518,0.0664373488326898,0.104777999167233,0.117381597427283,0.101135297409614,0.0604193379833138,0.00591860095674382,-0.0483779466000575,-0.0889086110656326,-0.105865167057972,-0.095402797202016,-0.0604812267636177,-0.0102718192830214,0.0419061267764609,0.0819424232431957
0.0999801958580449,0.0906256428676845,0.0563571246908862,0.00701013971638345,-0.0437611656866695,-0.0823996642436153,-0.0989221072810463,-0.0891663599964111,-0.0555855454073086,-0.00663360756148407,0.0451792587736173,0.0863506535895792,0.105961883125285,0.0987299490290388,0.0664660403322516,0.0174153250252443,-0.0362000328516379,-0.0814806158347062,-0.107947263840698,-0.109741717221224,-0.0866651582890668,-0.0440348402393136,0.00856995221425125,0.0594749801353482,0.0975541254914245,0.114699812038592,0.107490779495023,0.0777119606984432,0.0317548554897628,-0.0208256843489722,-0.0692583626236447,-0.103677087684935,-0.117065535563644,-0.10664328307144,-0.0743899214752055,-0.0266235347137138,0.0272065868922673,0.0762416840893669,0.110213197490155,0.121514159027652,0.107025713668775,0.0691992750267095,0.015882951262577,-0.0412903656614215,-0.0895875017897916,-0.118146870356269,-0.120430447635943,-0.0956652148553115,-0.0491267605773043,0.00874836282554856,0.0644303254605738,0.104393274756035,0.118650129618781,0.1036609130307,0.0634991059406495,0.00874218701763385,-0.0465177936036285,-0.0884522316315514,-0.106897454425441,-0.0976435721739459,-0.0633489134017612,-0.0130137586467614,0.0400319045955223,0.0814702553141711
0.102375489432016,0.0941527492144414,0.0601794962580592,0.0101965308506181,-0.0420037804355501,-0.0825434722595975,-0.101019762026746,-0.0928383056935816,-0.0600839321637191,-0.0109777790565181,0.0420013310428258,0.0851415100918309,0.107093731553921,0.102020597295713,0.0712068064776848,0.0225493985364182,-0.0318105905896668,-0.0787885449994913,-0.107525545133109,-0.111687619781857,-0.0905940935798719,-0.049148408054952,0.00334499809863041,0.0552766066698491,0.095326912772241,0.114951236433723,0.110146115330782,0.0821298209709676,0.036903773246191,-0.0160947995618859,-0.0659387911534565,-0.102407044957192,-0.118030504076382,-0.109568561726176,-0.0786038249816538,-0.0311846325788054,0.0233188885982657,0.0738936173075644,0.109895923543078,0.123211635366912,0.110226736886481,0.0730535440381099,0.0194421465579452,-0.038831876420407,-0.0887202359545324,-0.118968065853159,-0.122651628392911,-0.0986873736148683,-0.0521719009109659,0.00645961142649285,0.0634825273907036,0.105013477755369,0.120637753138931,0.106443605840702,0.066299023475345,0.010793860049526,-0.0457692094527158,-0.0892227383440493,-0.10902268056111,-0.10061752234965,-0.0664313707033247,-0.0153949239395978,0.0390315318352529,0.0822092028661914
0.106042454951423,0.0987490543673992,0.0646454530536699,0.0134764093782807,-0.0407051646605101,-0.0835854970343778,-0.1042584997264,-0.0976574874343367,-0.0655055408662219,-0.0158414398143346,0.0388008305487019,0.0843922555864708,0.109047795968661,0.106298690025608,0.0768759767264868,0.0283574211055716,-0.0271236253923545,-0.0762028404664942,-0.107551361133546,-0.114292491653559,-0.0952296368609528,-0.0548542478919682,-0.002232198837918,0.0510272071588901,0.093331692876307,0.11562558584596,0.113276825771897,0.0869326852428293,0.0422422642632733,-0.0114095533104428,-0.0628690821150876,-0.10150373655979,-0.119361519356544,-0.112741160076391,-0.0828562120074667,-0.0355373732328678,0.0198566822517092,0.0720903429658097,0.110096778895076,0.125245146049193,0.113463061710312,0.0765980226630893,0.0223916264255931,-0.0371591233615433,-0.0886425183626025,-0.120401048252137,-0.125154058020866,-0.101568797568407,-0.0546482212906035,0.00507776895226413,0.0636029401912325,0.10663313656364,0.123326069238877,0.109456907616636,0.0687917136642057,0.0120530211889769,-0.0461399520549628,-0.0912124619015733,-0.112219501800132,-0.104295235262466,-0.069698924949979,-0.017393206223216,0.0389136858303842,0.0841518802649503
0.110946750165309,0.104371455673557,0.0697123733819023,0.0168174599775385,-0.039879085627305,-0.0855164581272142,-0.108606745218736,-0.103576274018536,-0.0717970967015043,-0.0211777083298236,0.0356075817670988,0.0841088979054804,0.111804826119092,0.111523703483409,0.0834201620160584,0.0347842113047651,-0.0221845560631766,-0.0737494363936685,-0.108025375118035,-0.117531315002624,-0.100526373513885,-0.06109647517606,-0.00810758430355088,0.0467672447032045,0.0915868703615611,0.116715894197263,0.116852964336121,0.0920749267867713,0.0477194022392294,-0.00681509174837874,-0.0600792248832957,-0.100976260654103,-0.121045800538472,-0.116130241371018,-0.0871058496401369,-0.0396398256261236,0.0168530939255878,0.0708490542861724,0.110813904126005,0.127595349559702,0.116703647881874,0.079798405684123,0.0247026496907264,-0.0362883760009866,-0.0893548652733186,-0.122431550043341,-0.127913361907954,-0.104281962251931,-0.0565324654892972,0.00461569082378556,0.064790536372167,0.109237326364974,0.126689854426246,0.112671854980245,0.0709525029099812,0.0125066772036057,-0.0476267672986905,-0.0944016800109678,-0.116456112549137,-0.108640663762887,-0.0731204342436846,-0.0189904175585178,0.0396785793903506,0.0872795838807151
0.117042373762766,0.110967005806167,0.0753316437570668,0.0201865040598005,-0.0395348836831116,-0.0883183966029124,-0.114021983807895,-0.110536260100489,-0.0788969711990218,-0.0269353497382709,0.0324511363364229,0.0842929088733522,0.115337967556535,0.117646184196664,0.0907776447657197,0.0417685720273349,-0.0170413765911599,-0.0714531053649296,-0.108943932056764,-0.121372871639107,-0.106432421666427,-0.0678140093663845,-0.014224275517992,0.0425372200556427,0.0901084057972389,0.118211197776105,0.120840316681219,0.0975076614743246,0.0532829298681692,-0.00235567018015801,-0.0575964844962233,-0.100830083712368,-0.123067199861207,-0.119702956195278,-0.0913115826153198,-0.0434524402572724,0.0143369400731272,0.0701816394893305,0.11204047780494,0.130239738758266,0.119917253222031,0.0826236303779008,0.0263527181443575,-0.0362279788338411,-0.0908500348237836,-0.125039583816413,-0.130902897991132,-0.106801182417221,-0.0578071272336574,0.00507755074494951,0.0670342802021642,0.112801786985591,0.130697277769439,0.116057266165082,0.0727596842181677,0.0121495989355183,-0.0502154082349166,-0.0987588288508657,-0.121690590730234,-0.113611497335355,-0.0766635758754578,-0.0201724255604243,0.0413179941860659,0.0915624720063878
0.12427206113276,0.118473376581425,0.0814491200175199,0.0235498578210591,-0.0396773290885401,-0.0919648234960406,-0.120451195248644,-0.118468882626801,-0.0867358156115817,-0.0330592632278928,0.0293605346165318,0.0849412584409133,0.119613031891245,0.124608191929737,0.098878923042647,0.049243853087369,-0.0117441774927561,-0.0693371758163999,-0.110299058843846,-0.125780044685382,-0.112889965330834,-0.074941199258973,-0.0205231205385086,0.0383773017527885,0.0889096944518593,0.120096658633987,0.12520072142938,0.103179194020696,0.0588797432558405,0.00192577345415703,-0.0554451238144673,-0.101066973016106,-0.125406355383067,-0.123424766925941,-0.0954327384622108,-0.0469384316186623,0.0123324542270021,0.0700945698434571,0.113764778922513,0.133152852770064,0.123072735799962,0.0850461849387915,0.0273258025052727,-0.0369782725583985,-0.0931131114356114,-0.128199651373529,-0.134094015964607,-0.109102842331729,-0.0584605942028797,0.00645881112796878,0.0703132185604256,0.117293125035863,0.135310185766604,0.119580049770974,0.074194760734304,0.0109844047180556,-0.0538807695203933,-0.104240839710014,-0.127871344600636,-0.11915958731313,-0.0802951334656681,-0.0209292414777664,0.0438153926382679,0.0969598414973418
0.132567780531522,0.126819413460034,0.0880056498209677,0.0268737042135867,-0.0403065201469137,-0.0964209558825908,-0.127831397737723,-0.127296140109209,-0.0952372661763994,-0.039490999301096,0.026364078198878,0.0860464922076292,0.124588832282625,0.132343818381988,0.107647327845114,0.0571385695391908,-0.00634464193508723,-0.0674232607361922,-0.112078507529958,-0.130710180666057,-0.119835847231615,-0.0824084920467237,-0.0269432773353886,0.0343269611330067,0.0880014696913804,0.122353724290396,0.129892428497322,0.109035491823294,0.0644563850498927,0.00598803175935168,-0.0536461563018873,-0.101684965820165,-0.128040873403462,-0.127259785359732,-0.0994295256948335,-0.0500641350719089,0.0108590535558518,0.0705888356630487,0.115970296251819,0.136306521955704,0.126139361269808,0.0870423850900416,0.0276125021024898,-0.0385316000549643,-0.0961216693003853,-0.131881003948242,-0.137456327796271,-0.111165598395768,-0.0584872343688591,0.00874627023703797,0.0745966575416321,0.122669099601722,0.140484452869017,0.123205542207395,0.0752426658710455,0.00902156669214995,-0.0585871359330802,-0.110793596303361,-0.134937654988997,-0.125231421214388,-0.0839812820384311,-0.0212550627954917,0.0471461059716542,0.103420498882041
0.141851327005151,0.135925777151752,0.0949376514486037,0.0301244734272918,-0.0414178257612651,-0.101644039016957,-0.136090295389724,-0.136931405539119,-0.10431871302752,-0.046169302417513,0.0234891135533267,0.0875968497280778,0.130217580691833,0.140779778125022,0.116999709558837,0.0653770706674271,-0.000895522318549873,-0.0657310020426416,-0.114265842430923,-0.136115508354056,-0.127202214228948,-0.0901431382782431,-0.0334228066784863,0.0304246149157135,0.0873917307726653,0.12496032156228,0.134870491834133,0.115020682753456,0.0699595422383885,0.00979202376455521,-0.0522171323299032,-0.102678376010322,-0.130945538990544,-0.13117112007072,-0.103263420964907,-0.0527993346167135,0.00993114752863961,0.0716599309385965,0.118635883719929,0.139670143610371,0.12908711212982,0.0885926157707999,0.0272101365362489,-0.0408723967058343,-0.0998460126069433,-0.136047950460796,-0.140957987154472,-0.112970553079312,-0.0578874248255381,0.0119181854639263,0.0798444240809656,0.128878990113869,0.146170394933184,0.126897869855226,0.0758919562913328,0.00627933874969012,-0.0642885423078008,-0.118352506726877,-0.14282030598251,-0.131768641222622,-0.0876878696226914,-0.0211482720085282,0.0512775955174299,0.110883223171963
0.152035010701816,0.145705667821461,0.102177742992836,0.0332692261103769,-0.0430018751433788,-0.107583751925375,-0.145147021389152,-0.147280322743246,-0.11389212406765,-0.0530306745713496,0.020761826735254,0.0895764206756333,0.1364453430479,0.149836067771013,0.126847188970269,0.0738802539523348,0.00454989665355237,-0.0642778349272745,-0.116840571458716,-0.141943610029002,-0.134917207692988,-0.0980699245764711,-0.0398992728581419,0.0267072779113005,0.087085694530122,0.127891082068798,0.140087193143446,0.121077572974802,0.075336544476754,0.0133011697265383,-0.0511719614984869,-0.104037838660877,-0.134092552784549,-0.135121230084801,-0.106897541296427,-0.0551175582594791,0.00955799069622064,0.0732978869692861,0.121735960433592,0.143210985567443,0.131886995415688,0.0896815350489605,0.0261227683914676,-0.0439773635495212,-0.104249489264885,-0.140660210375183,-0.144565975562401,-0.114501399718215,-0.0566675238063451,0.015944471696795,0.0860072113852306,0.135864044348206,0.152313242061902,0.130620331370294,0.0761349740489776,0.00278360569123269,-0.0709292408116606,-0.126843182591226,-0.151442296225906,-0.138708601697954,-0.0913806943647571,-0.0206113937737238,0.0561697838358993,0.119277317074707
0.163022435436669,0.156065626454619,0.109655415221221,0.0362760333357886,-0.0450445968834132,-0.11418269278638,-0.154912967859267,-0.15824177516189,-0.123864914777743,-0.0600099553879882,0.01820704889847,0.0919653357106357,0.143212548138298,0.159426688815155,0.137095967516542,0.0825663176952893,0.00993834213695832,-0.0630787762187822,-0.119778321445915,-0.148137940179224,-0.142905690761904,-0.106111925826965,-0.0463103462933259,0.0232102283345762,0.0870857703169596,0.131117596742796,0.145492492860232,0.127148180579944,0.0805358587245403,0.0164817413075008,-0.0505207730177639,-0.105750392455205,-0.137451792028055,-0.139072281527064,-0.110296997769721,-0.0569963379691508,0.00974358133253825,0.0754873550499974,0.125240753571997,0.146894514441321,0.134511345149705,0.0902982377192429,0.0243611569040579,-0.0478157207078489,-0.109288874037071,-0.145673307408785,-0.148246393313723,-0.115744538204825,-0.0548397870950024,0.0207869732955004,0.0930270064365709,0.143558003798107,0.15885366649744,0.13433579503189,0.0759679743293322,-0.00143234590816304,-0.0784442701135214,-0.136182216600354,-0.160719622263895,-0.145984960523415,-0.0950257764737854,-0.0196510130977709,0.0617754517877996,0.128523242776673
0.174709362545365,0.166906406992803,0.117297740716591,0.0391143472430162,-0.0475273089705158,-0.121376939394541,-0.165292692492723,-0.169708915411255,-0.134140854741694,-0.0670409143608021,0.0158480722696432,0.0947399887682802,0.150454545727471,0.16946042902142,0.147648190725334,0.0913515454088297,0.0152170981080494,-0.0621462404865203,-0.123051056621567,-0.154638386118175,-0.151090004126264,-0.11419126852189,-0.0525944021729105,0.019966688107702,0.0873915574746516,0.134608696505949,0.151034504368657,0.13317428056622,0.0855075759128706,0.0193031838358457,-0.0502698157123932,-0.107799599474072,-0.140991093566458,-0.14298650399537,-0.113429227307191,-0.0584174315239971,0.0104866073816752,0.0782077379280497,0.129116581940549,0.150684744848219,0.136934115740233,0.090436376401982,0.0219426433033531,-0.0523495375290793,-0.114914816232572,-0.151039000080604,-0.151964753388075,-0.116689162047981,-0.0524222304938402,0.0263998077366479,0.100837597271232,0.151887702913136,0.165728360466469,0.138007105622737,0.0753912154850043,-0.00632813369266684,-0.0867601197253362,-0.146278048735477,-0.170562124777569,-0.153528299051012,-0.0985896245885122,-0.0182776575586376,0.0680406973036576,0.138533337904429
0.186984654185274,0.178123911913363,0.12503011130731,0.0417553563589834,-0.0504268606458187,-0.129096679015776,-0.176184891164833,-0.181570243571947,-0.144621001583766,-0.0740568508809141,0.0137064762385699,0.0978732874366478,0.158102209127278,0.179841696625984,0.158402858062286,0.10015111454801,0.0203345446503468,-0.0614898871639203,-0.126627338758931,-0.161381864499342,-0.159390741824664,-0.122229897043129,-0.0586911094273348,0.0170075204609173,0.0879998645605306,0.138330756132411,0.156659987189556,0.139097956417826,0.090203885325542,0.0217384076448309,-0.0504213987057238,-0.110165701391624,-0.144676556366018,-0.146826543535002,-0.116264299527401,-0.0593670039027201,0.0117804408287962,0.0814333693923849,0.133326177576914,0.154544605602027,0.139131162469805,0.0900942383586008,0.0188909693591296,-0.0575341349719202,-0.121072346441483,-0.156705744866453,-0.155686276787022,-0.117327317651607,-0.0494384404235646,0.0327297785340895,0.109365157123972,0.160773737926846,0.172870658162522,0.141597495028079,0.074409008425448,-0.0118566599921662,-0.0957954816290689,-0.157031910284427,-0.180874388134029,-0.161266765405985,-0.102039496339443,-0.0165056467838528,0.0749054512783564,0.149212606692322
0.199731289327724,0.189610183019881,0.132776995336981,0.0441723198269744,-0.0537158261845111,-0.137266901020835,-0.187483425108535,-0.193710721924972,-0.155204653048277,-0.0809911977341575,0.0118019633020173,0.101334928128234,0.166082577186634,0.190471401023835,0.169256771674299,0.108879921698617,0.0252406851578198,-0.0611165014444738,-0.130472626868353,-0.168302947308651,-0.167727538507323,-0.130150334877675,-0.0645420045318229,0.0143609470690391,0.0889047495577187,0.142248018232866,0.16231485463801,0.144862153334191,0.0945795323662042,0.023764045795545,-0.0509738733217822,-0.112825810655885,-0.148472860913926,-0.15055580922914,-0.118775195971568,-0.0598357662536224,0.0136131812511014,0.0851337409871067,0.137829042418215,0.158436318603957,0.141080505230965,0.0892747766811581,0.0152360314359232,-0.0633185549298484,-0.127701436222421,-0.162619187555882,-0.159376187860155,-0.117653936962445,-0.0459173350894656,0.0397168545708739,0.118528901868969,0.170131200208123,0.180211195403473,0.145070990571535,0.0730297228911499,-0.0179645634216666,-0.105462080271996,-0.168338834232346,-0.191556683384551,-0.169126735923649,-0.105343652978929,-0.0143529125234984,0.0823040457459963,0.160459580776396
0.212827444744426,0.201254438352172,0.140462705991435,0.0463408751435795,-0.0573627498618385,-0.1458081448464,-0.199078390777355,-0.206012913826757,-0.165790308082846,-0.0877781237468478,0.0101522047592175,0.10509169284704,0.174319530429884,0.201247872990973,0.180105515812077,0.117453415956253,0.029887655221974,-0.0610299110995007,-0.134549613667215,-0.175334510596105,-0.176019859719624,-0.137876433069414,-0.0700910448924977,0.01205228689578,0.0900975803160468,0.146322934232886,0.167944691257114,0.150411227951143,0.0985922554059095,0.0253606758238347,-0.0519216562202792,-0.115754134778131,-0.152343602696679,-0.154138810572581,-0.120938059359987,-0.059819070883268,0.0159677489087387,0.0892737744525009,0.142581836680719,0.16232178593645,0.142762571770609,0.087985594990881,0.0110135730880406,-0.0696460904755838,-0.134737604188152,-0.168722678272314,-0.163000008299547,-0.117666844861461,-0.0418928789631633,0.0472947124937957,0.128241816483651,0.179870468278278,0.187678599933727,0.148392815070834,0.0712657487154215,-0.0245927373404271,-0.115665571132638,-0.180088720008339,-0.202505944703802,-0.17703348952231,-0.108471607959444,-0.0118407926655522,0.0901658292599377,0.172167243402449
0.226147632344954,0.212944145336905,0.148012171711227,0.0482393145105271,-0.061332440480131,-0.154637295098014,-0.210857220260345,-0.218358134563952,-0.176276628005096,-0.0943531312535082,0.00877269628306278,0.109107764503867,0.182734495851387,0.212067816889405,0.19084445805405,0.125788431940564,0.0342302072491809,-0.0612309407042645,-0.13881859543971,-0.182408398983294,-0.184187786967536,-0.145334098610496,-0.0752851368568078,0.0101037188522782,0.091567114518293,0.150516519191865,0.173495275177375,0.155691489251058,0.102203197464716,0.0265130035020532,-0.0532552932629403,-0.118922231422382,-0.156251636801429,-0.157541482956711,-0.122732410898548,-0.0593169611372536,0.0188220273060302,0.0938141380910993,0.147538795274683,0.166162980539173,0.144160416887236,0.0862388852881405,0.00626481990460396,-0.07645487040159,-0.142112561577173,-0.174957805520825,-0.166523848543543,-0.117366742819372,-0.0374037535993679,0.0553913383203753,0.138411445519522,0.189898051853935,0.195200204866617,0.15152977270014,0.0691334108379446,-0.0316769100025523,-0.126306497342739,-0.192167440264295,-0.213616769251787,-0.184911889849759,-0.111394369259797,-0.00899380245672354,0.0984158242063579,0.184224010183899
0.239563883291225,0.22456611960326,0.155351699675055,0.0498488255364136,-0.0655863129435509,-0.163668414990253,-0.222705800037995,-0.230627602340814,-0.186563389124335,-0.100653644036149,0.00767662376815968,0.113345057919609,0.191247174665423,0.222827286719413,0.201369762856753,0.133804013701966,0.0382261652319979,-0.0617174040556812,-0.143237871318287,-0.189456098852908,-0.192152789640183,-0.152451995948296,-0.0800746337132625,0.00853407030600866,0.0932995985232917,0.154788717306534,0.178913100436121,0.160651725259273,0.105377288582812,0.0272100069722276,-0.0549615631081165,-0.122299291581138,-0.16015943055196,-0.160731498757834,-0.124141334021111,-0.0583341754959187,0.0221490546926758,0.0987116048365779,0.152652168281364,0.169922335791103,0.145259914290149,0.0840513191267272,0.0010360609254071,-0.0836784909506287,-0.149754890149437,-0.181264944563169,-0.169914695345327,-0.116757170406803,-0.0324929880380625,0.0639296838910897,0.148940741793943,0.200117480519635,0.202702777393616,0.154450614985321,0.0666528375690818,-0.0391482803921749,-0.137281293306613,-0.204457977241938,-0.224782430549477,-0.192687070073404,-0.114084675096048,-0.0058393860268293,0.106975420608691,0.196514758880781
0.252946968423135,0.236007638302465,0.162409723444814,0.0511536927541891,-0.0700827734886208,-0.17281360882975,-0.234509595972721,-0.242703578007562,-0.196552418540344,-0.106619581349105,0.00687474016818915,0.117763563864336,0.199776287115398,0.233422677339384,0.21157940744457,0.141422220703136,0.0418368445641523,-0.0624841348408537,-0.147764167491514,-0.196409413090832,-0.199838476268554,-0.159162215315089,-0.0844137993963904,0.00735863339599514,0.0952788844962582,0.159098774961155,0.184145894221596,0.165243710084603,0.108083594885248,0.0274450399839488,-0.057023619053866,-0.125852447754342,-0.1640294209788,-0.163678561685139,-0.125151623316195,-0.0568801056721103,0.0259172634866261,0.103919449373229,0.157872681260374,0.173563129349105,0.146049918171187,0.0814438928303714,-0.00462181851271568,-0.0912466872737249,-0.157590745099988,-0.18758381538304,-0.173140694228131,-0.115844446249289,-0.0272075522390682,0.0728283732698908,0.159728966732164,0.210430228920982,0.210113254632364,0.157126381628118,0.0638477823943661,-0.0469342029717468,-0.148483323892588,-0.216841576352455,-0.235895895674525,-0.200285115210746,-0.11651722241871,-0.00240765108543436,0.115763100827678,0.208921900005702
0.266167643702554,0.247157556314231,0.169117526113936,0.0521414572318725,-0.0747776443365667,-0.181983903895048,-0.246154772699901,-0.254470482715076,-0.206148505237209,-0.11219391360105,0.00637525436171437,0.12232170369282,0.208240328265093,0.243751721685247,0.221374189644339,0.148568907101316,0.0450274323320788,-0.0635230548916096,-0.152353081384276,-0.203201130309375,-0.207171318078747,-0.165400902161589,-0.0882612339853407,0.00658901101426971,0.0974865652872211,0.163405618220116,0.189143123985342,0.169422685888965,0.110295630543488,0.0272158933545218,-0.0594211672057014,-0.129547103722799,-0.167824373834183,-0.166354682206308,-0.125753897741339,-0.05496870897113,0.0300907660904137,0.109387881218638,0.1631500109371,0.177049856698969,0.146522391951958,0.0784417280203177,-0.0106538471790231,-0.0990860369210807,-0.165544575640133,-0.193854045492669,-0.17617142547038,-0.114637589954843,-0.0215979171636204,0.0820024536586686,0.170672635006035,0.220736669716925,0.217359478351876,0.159530711344139,0.0607454004338246,-0.0549589138974615,-0.159803947582274,-0.229198904835551,-0.246850836889757,-0.207633736915347,-0.118668887304152,0.00126891061574097,0.124695189421223,0.221326479409772
0.27909790864691,0.25790741341355,0.175409930691002,0.0528030324218471,-0.0796246227523994,-0.191090141860034,-0.257529296010246,-0.265815983356339,-0.215260279018503,-0.117323195223787,0.00618373340791251,0.126976692340021,0.216558328530022,0.253714484407068,0.230658716986589,0.155174465724667,0.0477673241232446,-0.0648232786567639,-0.156959540478506,-0.209765681628308,-0.214081338338034,-0.171108842576932,-0.0915802574734312,0.00623299419614032,0.0999021265515644,0.167668231703413,0.193856489397062,0.1731478144709,0.111991629089448,0.0265248141573584,-0.062130678641168,-0.133347282231291,-0.171507740799538,-0.168734432026343,-0.125942677571335,-0.0526183756490008,0.0346296850476678,0.11506451024849,0.168433271644951,0.180348590056887,0.14667250214401,0.075073829269928,-0.017001515904021,-0.107120687560949,-0.173539855944729,-0.200015732841717,-0.178978172146164,-0.113148226427748,-0.0157175852620145,0.0913641848536688,0.181666495353039,0.2309370449562,0.224370920304358,0.161640118493925,0.0573759815084164,-0.0631442906857635,-0.171133591948004,-0.241411203763439,-0.257542628698085,-0.214662935643771,-0.120518936012782,0.00515571476283379,0.133686622295203,0.233609303377728
0.291612265104824,0.268152520321868,0.181225949970691,0.0531327752920271,-0.0845757687984004,-0.200043869847661,-0.268524007373081,-0.276632036403639,-0.223801050279465,-0.121958070224604,0.0063030198517417,0.131684907619082,0.224650612562451,0.263214342017317,0.239342366251595,0.161174528428293,0.0500304140483933,-0.0663712518608725,-0.161538270156754,-0.216039778323493,-0.220502761576497,-0.176232000192182,-0.0943392486866467,0.00629447251769961,0.10250311561419,0.171846035837584,0.198240394200534,0.176382593324607,0.113154770844975,0.0253784825340281,-0.065125632885328,-0.137215986675685,-0.175044011498358,-0.170795175748209,-0.125716424854081,-0.0498517524782665,0.0394905249543662,0.120894840717678,0.173671507768494,0.183427318512646,0.146498675785319,0.0713728012360061,-0.0236033570965796,-0.115273101125701,-0.181499819297357,-0.206010004118701,-0.181534178597239,-0.111390473829117,-0.00962259525294905,0.100823860743336,0.192604538737079,0.240932446065315,0.231079390009709,0.163434231968423,0.0537726425923935,-0.0714106368613189,-0.182362829978874,-0.253361422189126,-0.267869321756942,-0.221305645133426,-0.122049225128614,0.00921638591882976,0.142651729147838,0.245652076184691
0.303588963249601,0.277793011587765,0.186509388781048,0.0531285126832329,-0.0895820154770684,-0.208758221287104,-0.279033660422436,-0.28681588154882,-0.231689604072526,-0.12605374590537,0.00673316599250678,0.136402263907966,0.232439549984638,0.272158939430628,0.247340202648895,0.166510614932193,0.0517953353658317,-0.0681509217142446,-0.166044264765251,-0.221963023964557,-0.226374617380826,-0.180722000678651,-0.0965119366378158,0.0067733789234337,0.105265326553977,0.175899259531076,0.202252393168959,0.179095231292781,0.113773363592197,0.0237879464127455,-0.0683767897036923,-0.141115572726412,-0.178399056923146,-0.172517277992599,-0.125077547457779,-0.0466955241945761,0.0446265830092854,0.126822789424464,0.178814187353276,0.186256265623825,0.146002620481562,0.0673745281270168,-0.0303955496254706,-0.123464806694123,-0.18934818847231,-0.21177956378255,-0.18381489754245,-0.10938081626651,-0.00337100519379519,0.110290655838752,0.203381024351938,0.250625792269946,0.237419717078859,0.164895993539979,0.0499709832221624,-0.0796774827891328,-0.193383446079529,-0.264935322884088,-0.27773258556744,-0.227498354124298,-0.123244388835017,0.0134130672339125,0.151505023085282,0.257338539556781
0.314911221354562,0.286734853440855,0.191209392234233,0.052791523714506,-0.0945936944884676,-0.217148776976466,-0.288957909991633,-0.296270977378789,-0.238850942386934,-0.12957043024793,0.00747138722285906,0.141084588409805,0.239850291377634,0.280461112683775,0.254573847993856,0.171130722780448,0.0530456498050571,-0.0701439355103123,-0.170433256013122,-0.227478495045211,-0.231641294085205,-0.184536560554708,-0.0980776420168709,0.0076656701959973,0.108163000923045,0.179789305381623,0.205853609554107,0.181258979268826,0.113840974026654,0.0217685147984266,-0.0718524859653717,-0.145008125720411,-0.181540460913603,-0.173884284399929,-0.124032367084169,-0.0431801549462381,0.0499883945700954,0.132791223283423,0.183811692017949,0.188808181044553,0.145189306671146,0.0631178188460834,-0.0373125427436647,-0.131617154622993,-0.197009895662352,-0.217269229226628,-0.185798223850649,-0.107137962106054,0.00297764205430537,0.119673489352337,0.213891513391279,0.259922797032539,0.24333040052053,0.166011813685384,0.0460087081662141,-0.0878643936982233,-0.204089481008375,-0.276022549843759,-0.287038612363722,-0.233181700265629,-0.124092011040996,0.0177067370049191,0.160161991165798,0.268555603053968
0.325468405787026,0.294890795141317,0.195280934429462,0.0521264798862427,-0.0995610704936096,-0.225134397117401,-0.298202245114696,-0.304907872148943,-0.245216969025879,-0.132473728522667,0.00851203666140203,0.145687998219802,0.246811482884764,0.288039767670252,0.260972287590804,0.174989851711534,0.0537699843985892,-0.0723298640068517,-0.174662172852959,-0.232533284553633,-0.236253038313862,-0.187639857595814,-0.0990214669339758,0.00896334403159396,0.111169043412769,0.183479104582922,0.209009118675483,0.182852411820705,0.1133565080028,0.019339610673992,-0.0755189541309164,-0.148855839616125,-0.184437836386234,-0.174883075082607,-0.122591051893919,-0.0393395922967477,0.0555242095862239,0.138742511227606,0.18861579832522,0.191058603193299,0.144066912334338,0.0586440215825642,-0.044287692689576,-0.139652064726204,-0.204411785582447,-0.222426447560157,-0.187464712826875,-0.104682688615882,0.00936286676385978,0.128881898911421,0.224033900036516,0.268732911988399,0.248754217945112,0.166771683705323,0.0419252223153389,-0.0958917758447732,-0.214378245585705,-0.28651764853533,-0.295698975153377,-0.238301031169689,-0.124582779772429,0.0220575308807451,0.168539879517382,0.279194454075737
0.335157157730955,0.302181252904776,0.198685242942299,0.0511413452863913,-0.104434876589245,-0.232638015577323,-0.306678858291933,-0.31264500353481,-0.250727111922453,-0.134734994786127,0.00984660332863243,0.150169276425072,0.253255952787467,0.294820704916559,0.266472606051416,0.178050456484483,0.0539621153296205,-0.0746864456476307,-0.178689587124417,-0.237079003426127,-0.240166396948951,-0.190002840694838,-0.0993344314498083,0.0106544933967001,0.11425525163477,0.18693345875856,0.211688293602371,0.183859656101328,0.112324238096239,0.0165245849166696,-0.0793406587767387,-0.152621393331053,-0.187063123114512,-0.175503989242342,-0.120767514642578,-0.0352109367312455,0.0611804953178239,0.144619085060277,0.193180145840551,0.192986090421149,0.142646730964252,0.0539966120118941,-0.0512539056303078,-0.147492761651912,-0.211483295740661,-0.227201789593392,-0.188797780701978,-0.1020376734834,0.0157238093837001,0.137826915624679,0.233709428765724,0.276970237909826,0.253638788148601,0.167169243781178,0.0377612033082907,-0.103681671839201,-0.224151293668089,-0.296321030697131,-0.303631433389433,-0.242806927618196,-0.124710621003396,0.0264250686703104,0.17655846657403,0.289151635997115
0.343882453433106,0.308535116212323,0.201390155363282,0.0498472399668958,-0.109166843666028,-0.239587388236521,-0.314307444220989,-0.319409422031618,-0.255328878188105,-0.136331634104112,0.0114637360437723,0.154486245402977,0.259121363464474,0.300737380774114,0.271020642967248,0.180282823052489,0.0536209989748604,-0.0771898474479851,-0.182476139483665,-0.241072235364895,-0.243344598696352,-0.191603477538462,-0.099013555845012,0.0127233985153735,0.117392559001473,0.190119366013684,0.213865109240786,0.184270564973541,0.110753777562984,0.0133504929840976,-0.0832806474800055,-0.156268320366975,-0.189390863994422,-0.175740919819035,-0.118579277459459,-0.0308340799865481,0.0669024603326914,0.150364003630758,0.197460687231015,0.194572418623775,0.140943044195955,0.0492207595919788,-0.0581442807116806,-0.15506449101269,-0.218157108256914,-0.231549416735293,-0.189783884886578,-0.0992273136141066,0.0219997922987893,0.146421931925578,0.24282368688076,0.28455439242901,0.257937081216633,0.16720180740258,0.033558157848894,-0.111158536371106,-0.233315345632802,-0.305339876349706,-0.310760680279862,-0.246655684002768,-0.124472808941987,0.030768784800354,0.184140817895848,0.298330082891
0.351558585270014,0.313890467208091,0.203370405100175,0.0482582701090317,-0.113710216442614,-0.24591578797655,-0.321015922103616,-0.325137433421166,-0.258978337635487,-0.137247351577145,0.0133492950438949,0.158598135371654,0.264350822261205,0.305731595904867,0.274571560209547,0.181665363900445,0.0527507509540693,-0.0798149382450907,-0.185984940480935,-0.244474941070021,-0.245757872993184,-0.192426938948052,-0.0980618879983924,0.0151506564729902,0.120551289471013,0.193006328561192,0.215518401545843,0.184080831903804,0.108660000365996,0.00984783646061375,-0.0873009123520167,-0.159761367771065,-0.191398456903073,-0.175591377197837,-0.116047304619114,-0.0262513158558455,0.0726345944101304,0.155921514525868,0.201416115930427,0.195802743735339,0.138972961035449,0.0443628767097367,-0.0648927471412609,-0.162295210265789,-0.224369768018136,-0.235427516658152,-0.190412681463958,-0.0962775315275116,0.0281308818328954,0.154583553411356,0.251287561100811,0.291411324607943,0.261607871019138,0.16687034334547,0.0293579679833361,-0.11824998390252,-0.241783154424215,-0.313488966525224,-0.317019026255852,-0.249809741199302,-0.123870049718228,0.0350482614858307,0.191214015986087,0.30664009939699
0.358110051653703,0.318195204927916,0.204607834611396,0.0463913290243915,-0.118020249239337,-0.251562639646053,-0.326741076534806,-0.32977515642739,-0.261640530965007,-0.13747234456248,0.0154864330455611,0.162465946090021,0.268893444981938,0.309754102599601,0.277090313636509,0.182184829349542,0.0513605745794028,-0.0825355700010301,-0.189181942077158,-0.247254808526492,-0.247383704539267,-0.192465719179674,-0.0964884756608448,0.0179133480254881,0.12370142267089,0.195566639351801,0.216632079033586,0.183292045858188,0.106062907554695,0.0060502718718811,-0.0913627585207408,-0.163066840677344,-0.193066379467633,-0.175056521172825,-0.11319580485754,-0.0215069274089919,0.0783212186821071,0.161237607355822,0.205008267118908,0.196665728039562,0.136756226129609,0.0394701556287391,-0.0714346894459592,-0.169116248806134,-0.230062262375405,-0.238798703755856,-0.19067715736484,-0.0932155696255923,0.0340584459408682,0.162232425791326,0.259018147190312,0.297474066956347,0.264616125754311,0.166179417061052,0.0252024337820633,-0.124887500354391,-0.249474307062428,-0.320691441046589,-0.322347013622155,-0.252238067247653,-0.122906535460894,0.0392235636139204,0.197709858503261,0.314000274568002
0.363472344727351,0.32140756727424,0.2050915351737,0.0442658733347633,-0.122054674968539,-0.256474089183037,-0.331429112850031,-0.333278992332718,-0.263289799256084,-0.137003434885129,0.0178557070862232,0.166052799412695,0.272704865979102,0.312765123280557,0.278552023132169,0.181836432663108,0.0494646406201124,-0.0853248629401909,-0.192036275397244,-0.249385546589687,-0.248207022237747,-0.191719691889842,-0.0943082838295206,0.020985240778221,0.126812867641528,0.197775645219686,0.217195284259779,0.181911685156243,0.10298744091443,0.00199428947368583,-0.095427175919831,-0.166152928916823,-0.194378384307174,-0.174141160552517,-0.11005200497497,-0.016646754813793,0.0839070401160602,0.166260552677427,0.208202488033248,0.19715362972118,0.134314999959629,0.0345900983151772,-0.0777075553068995,-0.175462932210688,-0.235180558007338,-0.241630380624347,-0.190573734699978,-0.0900697726273846,0.0397257029690776,0.169294028065363,0.265939601885054,0.302683416161667,0.266933333030032,0.165137093933966,0.0211328189045852,-0.131007111372291,-0.256315955383492,-0.326879476476651,-0.326693957901091,-0.253916481441648,-0.121589965902947,0.043255574205612,0.203565518298807,0.320338318971155
0.367592625937152,0.323496544933532,0.204817913186918,0.0419036788355374,-0.12577414136213,-0.26060350196025,-0.335036123636402,-0.335616003926736,-0.263910031866055,-0.135844138311794,0.0204352220054206,0.169324280189898,0.275747689156865,0.314734773495588,0.278942236162577,0.180623887844754,0.0470819207549966,-0.0881554904945908,-0.194520551088658,-0.250847119718181,-0.248220321797218,-0.190196101855165,-0.0915420578446859,0.0243370274519795,0.129855743154078,0.199611984151201,0.217202503460364,0.17995304999002,0.0994632454396105,-0.00228113500384972,-0.0994552108367816,-0.168990012469793,-0.195321662589245,-0.172853719996949,-0.106645896646342,-0.0117177481397823,0.0893377042974828,0.170941420642997,0.210967973935602,0.197262355550001,0.131673614214457,0.029770044273022,-0.0836514406729821,-0.181275166047776,-0.239676090988476,-0.243895057027832,-0.190102344831855,-0.0868693585435928,0.0450782568101119,0.175699423181162,0.271983926855476,0.306988534599668,0.268537756824456,0.16375480736942,0.0171894054172756,-0.136550000411326,-0.262243470652409,-0.331994880100977,-0.330018411858319,-0.254827917738494,-0.119931534925736,0.0471063291124275,0.208724158800333,0.325591814941765
0.37043028088653,0.324442182799379,0.203790683866445,0.0393285805750145,-0.129142609114156,-0.263911886334391,-0.337528463896443,-0.336764201710624,-0.263494830318996,-0.134004669125001,0.0232008058658344,0.172248762777184,0.27799187463338,0.315643383796262,0.278257081390797,0.178559360083812,0.0442359774723216,-0.0909999603107741,-0.196611119274526,-0.251625922302865,-0.247423721680856,-0.187909492890572,-0.0882161332503442,0.0279365974936379,0.132800662266935,0.201057794397599,0.216653623102606,0.177435134083705,0.0955243828151546,-0.00673491242438668,-0.103408333801118,-0.171550942853078,-0.195886974053778,-0.171206173900402,-0.103009958531183,-0.0067675096714451,0.0945603404093123,0.175234573593631,0.213278066418756,0.196991477030778,0.128858305899444,0.0250567015002991,-0.0892096471829871,-0.186497975129255,-0.243506206507517,-0.24557062308541,-0.189266469949773,-0.0836441787078895,0.0500646137468992,0.181385957673658,0.277091675099216,0.310347465627986,0.269414624528594,0.162047195064045,0.0134110639880844,-0.141463070611795,-0.267201017549078,-0.335989596498585,-0.332288548667432,-0.254962623777324,-0.117945879839013,0.0507393493398234,0.213135498417243,0.329708870687336
0.371957346361777,0.324235765891277,0.202020793956584,0.0365662015822549,-0.132127707367821,-0.26636823930269,-0.338883033084103,-0.336712735792331,-0.262047586270467,-0.131501878276438,0.0261262169867916,0.174797720199855,0.279415056318845,0.31548171609062,0.276503310316822,0.17566332985511,0.0409547134932692,-0.0938308879265595,-0.198288286744624,-0.251714891629219,-0.245824952490963,-0.184881572749126,-0.0843621938789383,0.031749339824342,0.135619018504137,0.202098893287798,0.215553932669669,0.174382436739539,0.091208998704829,-0.0113242326690153,-0.107248800548547,-0.173811297881039,-0.196068741995854,-0.169213947379432,-0.0991788559384828,-0.00184383035125346,0.0995240923328057,0.179098127031562,0.215110511112126,0.196344210757641,0.125896933953878,0.0204956855885296,-0.0943292072767999,-0.191081994529841,-0.246634545075891,-0.246640573722806,-0.188073150175623,-0.080424467584315,0.0546366762785404,0.186297902175317,0.281212570979641,0.312727556712474,0.269556243126053,0.160031907097833,0.00983484520634305,-0.145699445229639,-0.271142043860285,-0.338826123891776,-0.333482461137991,-0.254318292258129,-0.115650991691547,0.0541199690762125,0.216756317878437,0.332648669905857
0.372158804037525,0.322879888219202,0.199526275804151,0.0336436744595363,-0.134701042800251,-0.267949812085278,-0.339087462910246,-0.33546199238824,-0.259581472169232,-0.128359124311578,0.0291833815861399,0.17694601281817,0.280002786264258,0.314251071352235,0.273698226373975,0.171964372702152,0.037270084041219,-0.0966212601395605,-0.199536489698801,-0.251113559079155,-0.243439280255246,-0.181141016113711,-0.0800169800398871,0.03573847405917,0.138283270777918,0.202724923758029,0.213914073586834,0.17082471727358,0.0865589472304881,-0.0160049737624969,-0.110940002972767,-0.175749607604077,-0.195865112062268,-0.166895784693048,-0.0951891204604367,0.00300577498638651,0.104180629912504,0.182494373707618,0.216447672269334,0.195327364075817,0.122818682286532,0.0161310718297445,-0.0989613727427858,-0.19498390912132,-0.24903137245189,-0.247094181784862,-0.186532954570104,-0.0772405833271564,0.0587502092522367,0.190387025202193,0.284306036112455,0.314105785578889,0.268962044393619,0.157729389652893,0.00649559728293164,-0.14921890222198,-0.274029683007631,-0.340477838050464,-0.333588374405084,-0.252900121976333,-0.113068085505586,0.0572156571632811,0.219550904728489,0.334381909708758
0.371032737095651,0.320388404509704,0.196332035754214,0.0305893597366889,-0.136838459430754,-0.268642294343575,-0.338140210441128,-0.333023594308978,-0.256119343809526,-0.124606077032463,0.0323426603213832,0.178672153177835,0.279748702315074,0.311963286928104,0.269869502390688,0.167498857707577,0.0332177754585031,-0.0993446855448884,-0.200344421029169,-0.249828039725559,-0.24028936444064,-0.176723207114844,-0.0752219491103349,0.0398654070892917,0.140767223949199,0.202929466805113,0.211749934786338,0.166796694576019,0.0816193765721555,-0.0207321238833773,-0.114446807167206,-0.177347549604612,-0.195277974100032,-0.164273585709962,-0.0910788121423247,0.00773452894088524,0.10848463463557,0.185390165943453,0.217276702160548,0.193951247471705,0.119653753190831,0.0120049649746306,-0.103062062824842,-0.198166838767428,-0.250673850880727,-0.24692661759747,-0.184659914827297,-0.0741227403723215,0.0623652736997334,0.193613093264863,0.286341614433094,0.314468985799669,0.267638559797509,0.155162648221262,0.0034256147918367,-0.151988239450479,-0.275837067294687,-0.340929222063408,-0.332604769966328,-0.250720806433599,-0.110221430013276,0.0599963293874409,0.22149142961511,0.334891120907886
0.368590347788744,0.316786266153537,0.192469580363962,0.0274325644815126,-0.138520247174458,-0.268439916600398,-0.336050556593005,-0.329420305263061,-0.251693554582125,-0.120278454689706,0.0355731413101222,0.179958543621163,0.278654616359456,0.30864062309323,0.265054888786538,0.162310568566682,0.0288368537897886,-0.101975630198688,-0.200705111783998,-0.247870960993053,-0.236405051868602,-0.171669923136809,-0.0700228912426567,0.0440901115015866,0.143046301735136,0.202710118291973,0.209082495991636,0.162337695221354,0.0764382801149398,-0.0254602123055594,-0.117735875858954,-0.178590112210549,-0.194312946693087,-0.161372211345119,-0.0868871669044405,0.0122968448446837,0.112394254270581,0.187757251769464,0.217589663655524,0.192229555382449,0.116433055073248,0.00815709100711579,-0.106592268394654,-0.200600666697715,-0.251546249619267,-0.246139013202881,-0.182471420932654,-0.0711007356764204,0.0654466238993842,0.195944291119208,0.287299291034123,0.313813969494567,0.26559932650207,0.152356994114948,0.000654322437375263,-0.153981567836899,-0.276547550462949,-0.340176000787111,-0.330540419462945,-0.247800448648191,-0.107138137226292,0.0624346486233608,0.222558249500594,0.334170866118456
