1.92020478311993,1.65478492190053,1.01971597812532,0.162648698745992,-0.718631800311964,-1.42316404340975,-1.79399685540162,-1.75423425140614,-1.32345937369804,-0.610970266994304,0.212058911437238,0.954331566606554,1.44974724967076,1.59534983073741,1.37308012649776,0.8507177733877,0.162584088607554,-0.524593738859989,-1.05196341882113,-1.30523637320688,-1.23936348963523,-0.885989600999923,-0.342725005066306,0.252479899163683,0.755287095332475,1.04905770382385,1.07120591936632,0.826057625181616,0.381764007792105,-0.147473317984074,-0.629358833901309,-0.94502412510533,-1.01691102567579,-0.826794955639081,-0.420000037961621,0.105079509296159,0.619815920854212,0.995475430307936,1.13388811249529,0.991651260398395,0.592125441933792,0.0220738405265909,-0.586794775171485,-1.08761731574232,-1.35294532460341,-1.30613414015345,-0.941985559557856,-0.331259663487023,0.392769620279869,1.06335884026685,1.51872289449719,1.64103389556399,1.38656897899461,0.799262586372545,0.00362612260696966,-0.822080468778272,-1.48660773495478,-1.83092178224792,-1.76696181691257,-1.30033104626614,-0.531002249469298,0.368624880589581,1.19343442600461,1.75372920388481
1.89378120501585,1.62503997449532,0.993211241785526,0.145502381595012,-0.72216542822648,-1.41172670938719,-1.76952397867341,-1.72161384437941,-1.28951442726948,-0.582982160200796,0.22795950369612,0.954543177964521,1.43402892474243,1.56690979904961,1.33789524522111,0.816233733244979,0.136088331150484,-0.537560769748705,-1.04880396698785,-1.2868345060323,-1.20985336214481,-0.851811409514308,-0.311185469966346,0.274816651232482,0.764016801921316,1.0428463073923,1.05199627380572,0.798539124540299,0.352241340318726,-0.172540443292041,-0.644803343362046,-0.948076251901268,-1.00771732455653,-0.808250620139181,-0.396954919287501,0.127037095831772,0.635700251659678,1.00204987621743,1.13035111654658,0.979711439615047,0.575465141729448,0.00534792930549441,-0.599168378846685,-1.09257294470237,-1.34951631626875,-1.29565108861838,-0.927683532746249,-0.317398832167391,0.402044662945745,1.0651307266145,1.51210073781427,1.62743440011476,1.36940275502983,0.783097517428321,-0.00696924052060707,-0.823728764533114,-1.4780523417584,-1.81345555634454,-1.74423382110174,-1.27755879552817,-0.513762740656408,0.375744100374829,1.18800000625575,1.73615340873781
1.86091394334613,1.58999782937169,0.963627565942629,0.128082591305006,-0.723181319968586,-1.39558020047091,-1.7391929282322,-1.68323568442038,-1.25109396499664,-0.552662995094119,0.243678258997904,0.952245092161378,1.41414661377112,1.53364242813472,1.29829281026036,0.778653959525176,0.108374214219355,-0.549774015223296,-1.04327737372443,-1.26515207925551,-1.17700355896403,-0.815029261266754,-0.278324430321504,0.297012612283225,0.771352885325353,1.0345109607999,1.0306150270759,0.769455388649936,0.32220923752067,-0.196934557199273,-0.658619347640041,-0.949061021086821,-0.996681764236496,-0.788718398419534,-0.374190592475566,0.147369993045104,0.648919759995635,1.00554259521371,1.12411178882219,0.966219358916436,0.558945464344028,-0.00938436457303482,-0.607984849058292,-1.09310595239615,-1.34176252370255,-1.28195475764205,-0.912105704466417,-0.304632590414509,0.407937550939118,1.06183916220165,1.4997500049431,1.60865464374104,1.3487497625797,0.765957471343574,-0.015728557889668,-0.821030409659083,-1.4634884877429,-1.78954251684422,-1.71595964021686,-1.25130736501691,-0.495851151899675,0.38057728019819,1.17779462851313,1.7123181231523
1.82191953472177,1.5499959306301,0.931249713841869,0.110556845920924,-0.721669943961835,-1.37488017710265,-1.70329585184997,-1.63946936793026,-1.20856804886968,-0.520304932287566,0.259063543255509,0.947459205337074,1.39029166305828,1.49586807740306,1.25465421934491,0.738340302774225,0.0797084728714945,-0.561116076253999,-1.03543704667352,-1.2403979925928,-1.14113044690991,-0.775997387036285,-0.244458417135872,0.318853888032161,0.777224536078461,1.02413182106132,1.00726804688027,0.739086510972535,0.291956919795971,-0.220420779231071,-0.670673877898849,-0.94796904005145,-0.983910686669272,-0.768386425550955,-0.351926302427782,0.165882367618742,0.659347104878227,1.00591991101202,1.11523017447305,0.951304908907836,0.542725454817432,-0.0219812066583686,-0.613159309760296,-1.08921121832982,-1.32975862784291,-1.26517708025986,-0.89540216842157,-0.29308398460792,0.410391440759156,1.05351580019336,1.481789639591,1.5848754874124,1.3248088485914,0.748007387362001,-0.0225676404410102,-0.814011526781927,-1.44305648675947,-1.75941295399943,-1.68241157926877,-1.22182966810531,-0.477440177345659,0.383077647931777,1.16291641370449,1.68245283863705
1.77717352255972,1.50541947219208,0.896389330061107,0.0930936553159847,-0.717646124180968,-1.34982615457122,-1.66217849718477,-1.59073638402475,-1.16234629147899,-0.486219787014218,0.273966918823475,0.9402313675419,1.36269368057405,1.453950514176,1.20739973795708,0.695680934128281,0.0503669984829554,-0.571477947335537,-1.02535867462277,-1.21281072530916,-1.10257950967532,-0.735091687335428,-0.209913643050666,0.340129999855085,0.781575049672004,1.01180872761689,0.982180127097884,0.707724954263979,0.261775723562869,-0.242772971772187,-0.680850926063087,-0.944810917453863,-0.969527157698426,-0.747450555015016,-0.330376492955676,0.182395913305691,0.666881837905024,1.00317815173232,1.1037917553297,0.935111654962129,0.526961244123621,-0.0323213478891089,-0.614641964812374,-1.08092626100216,-1.31362024443119,-1.2454796856748,-0.877733895067489,-0.282864370224622,0.409382587345826,1.04024074895281,1.45839261081651,1.55632592893232,1.29781049478783,0.729419964375367,-0.0274208278261927,-0.802739864871538,-1.41695316707205,-1.72335702641261,-1.64391274802317,-1.18940972119942,-0.458707359245259,0.383220869206333,1.14350847475212,1.64684512101183
1.72710684016597,1.4566976899489,0.859381945806788,0.0758609088267022,-0.711148887066872,-1.32065957531696,-1.61623688053575,-1.53750605553401,-1.11287390873283,-0.450736018897282,0.288244584369145,0.930630950423726,1.33161832963541,1.40829341118898,1.15698445186901,0.651086609757959,0.020632188503631,-0.580760057632992,-1.01313949158049,-1.18265603630915,-1.06172202040108,-0.692706112197222,-0.175022858262496,0.360635917007176,0.784362378695286,0.997660245333861,0.955592824828662,0.675672734233667,0.231956295912795,-0.26377591606867,-0.68905255882536,-0.939617157508394,-0.953669779046034,-0.726112470780636,-0.309748740549768,0.196751568959918,0.671451371679906,0.9973436867265,1.08990662870116,0.917795457255878,0.511804548487096,-0.0403052897740062,-0.612418576131861,-1.0683308761935,-1.29350281012107,-1.22305234072007,-0.859271177295044,-0.274072334195085,0.404920577091094,1.02214180248171,1.42978424720744,1.52328089788962,1.26801460116792,0.710374004280605,-0.0302416129223888,-0.787324140891456,-1.38542997360598,-1.6817219668638,-1.60083394837004,-1.15435990350653,-0.43983336911302,0.381005291543303,1.11975754494322,1.6058378430357
1.67220166042983,1.40429973028222,0.82058375499518,0.0590242695595978,-0.702241075118033,-1.28766147761763,-1.5659134716948,-1.48029101926115,-1.06062742929811,-0.414195560978453,0.30175877027543,0.918750188225102,1.29736477504787,1.35933645962923,1.10389388444543,0.604986718015922,-0.00920976638300447,-0.588873221462425,-0.998897333680832,-1.15022440171905,-1.01895146586122,-0.649248866998779,-0.140122143453852,0.380174036183019,0.785559543523622,0.981822527014398,0.927762136114021,0.643238511476385,0.202785796070572,-0.283227383169753,-0.695199857829641,-0.932437862763032,-0.936491350409705,-0.704577742667946,-0.290241753765584,0.208811051407196,0.67301167978392,0.988472673983244,1.07370844941879,0.899522973198163,0.497401212182606,-0.0458562394378885,-0.606510599250343,-1.0515463682154,-1.2696000849545,-1.19811111960466,-0.840191985122524,-0.26679273906036,0.397048240490184,0.999393211692458,1.39624006675067,1.48605860863827,1.23570798721279,0.691052697903492,-0.0310030808163518,-0.767912986465836,-1.34879054425585,-1.63490873848103,-1.55359010187301,-1.11701794260405,-0.421000257607246,0.376451970767244,1.09189218634114,1.55982588423895
1.61298675210591,1.3487301346571,0.78036819188145,0.0427455904039263,-0.691008731285709,-1.25114978334194,-1.51169293168641,-1.41964228902344,-1.0061101021954,-0.376950518839409,0.31437907573251,0.904703298087708,1.26026280612795,1.30755113511791,1.0486393209189,0.557825147242408,-0.0388716318307825,-0.595739489276985,-0.982769498257825,-1.11582821475331,-0.974679756708315,-0.605138480869953,-0.10554767071784,0.398556089160356,0.785154897377992,0.964448006197725,0.89895603263847,0.610734619663174,0.174545130592156,-0.300940079932041,-0.699233677090714,-0.923342248364096,-0.918157394671724,-0.683053843816085,-0.272043457552409,0.21845818835449,0.671547721515856,0.976650520491013,1.05535314522384,0.880470056542152,0.483889807701485,-0.048920845457152,-0.596974975029498,-1.03073438153512,-1.24214228564902,-1.17089631967202,-0.820680245446436,-0.261095898381379,0.385841245082999,0.972214008268689,1.35808312329712,1.44501749677052,1.2012016347017,0.671641869693466,-0.0296981583720548,-0.7446935099513,-1.30738778367641,-1.58336817344815,-1.5026362519582,-1.077743655072,-0.402389690375766,0.369604479040743,1.06018059523201,1.50925232966881
1.55003238741052,1.29052398366814,0.739122342889547,0.027181366565493,-0.677560260500996,-1.21147623110965,-1.45409744448359,-1.35614394902104,-0.949847046897714,-0.339359771908386,0.325983734245912,0.888625387806739,1.22066966415424,1.25343615739519,0.991752884662329,0.510056013906796,-0.0680678899061829,-0.601292891267435,-0.964911416310341,-1.07979877493584,-0.929333260286181,-0.560799775563933,-0.0716324637647914,0.415604959978519,0.783152243002546,0.945703932690605,0.869451883054927,0.57847405858207,0.147506248899633,-0.316743451405297,-0.701115210455497,-0.912417972609185,-0.898844560548113,-0.661748149454727,-0.255329181050557,0.225600038456382,0.667073587283563,0.961991060710214,1.03501741777201,0.860820068438735,0.471400306584135,-0.0494697075413408,-0.583903579605698,-1.00609534403255,-1.21139386770063,-1.14167014337189,-0.800924063659842,-0.257036891622944,0.371407372397497,0.940865897179591,1.3156808951822,1.40055276854671,1.16482769849715,0.652328197751216,-0.0263396723488969,-0.717889488012412,-1.26162046281469,-1.52759663142878,-1.44846317931613,-1.03691547384256,-0.384181187276251,0.360528495955016,1.02492802548694,1.45460420409361
1.48394484997778,1.23024174718694,0.697243226883581,0.0124812390915739,-0.662025376786595,-1.16902298458908,-1.39368168768593,-1.29040752864192,-0.892380192768369,-0.301785509979929,0.336460795001539,0.87067116125715,1.17896660466568,1.1975126874243,0.933782412868156,0.462139292109127,-0.0965174833233825,-0.605480066688513,-0.945495151346041,-1.04248309575823,-0.883348694226271,-0.516659773629633,-0.0387031886990493,0.431156393995395,0.779570799662906,0.925770764793465,0.83953378368946,0.546767480949543,0.121929525167489,-0.33048532229374,-0.700826363723785,-0.899770290345756,-0.878738918186811,-0.64086593637326,-0.240259966401226,0.230167787703131,0.659632363224983,0.94463546102836,1.01289704358833,0.840762116520113,0.460052833513237,-0.047497655310709,-0.567422337925412,-0.97786653688273,-1.17765097769203,-1.1107141689167,-0.781113904536532,-0.254655025416264,0.353885485640843,0.90565073807107,1.26944174597376,1.35309259646012,1.12693631386738,0.633297425961527,-0.0209602158950702,-0.687759204365506,-1.21192937700094,-1.46813121951099,-1.39159267283058,-0.994926795995351,-0.366550382360326,0.349311186202457,0.986473854414367,1.39640778269517
1.4153605960672,1.16846389008118,0.65513397939148,-0.0012134366108216,-0.644553846434782,-1.12419894875969,-1.33102749061069,-1.22306611288191,-0.834263056703722,-0.264589738582639,0.345709208376631,0.85101343370605,1.13555522760933,1.14031930816727,0.875286180972008,0.414536386420754,-0.123946517620301,-0.608260773080915,-0.924707739225389,-1.00424056158602,-0.837168920384433,-0.473143585313994,-0.00707700635024955,0.445060582235661,0.774445020643916,0.904840433593165,0.809489824258589,0.515920201966318,0.0980612517391443,-0.342033361726019,-0.698369927906336,-0.885521037460946,-0.858034164251457,-0.620608402484259,-0.226981014958831,0.232117413447229,0.649295716350424,0.92475086072034,0.98920499123181,0.820489238781631,0.449956515443941,-0.0430237936526562,-0.547690009471848,-0.946319809647647,-1.14123860037412,-1.07832663414241,-0.761440750190565,-0.253973446707044,0.333444197861498,0.866907639721851,1.21981099144129,1.3030939975136,1.0878922308571,0.614732585067328,-0.013611825085263,-0.654592956741824,-1.15879309965697,-1.40554461970111,-1.33257250167718,-0.952182186466607,-0.349667321806928,0.336060369432388,0.945188319144374,1.33522352337142
1.34494012525163,1.10578528532643,0.613199977231775,-0.013770943847978,-0.625314039647716,-1.07743582974278,-1.26673823124459,-1.15476824510834,-0.776055409400942,-0.228130787101684,0.353639804859615,0.82984147110995,1.09085361060923,1.0824068373763,0.816827526612285,0.36770569059855,-0.150090895427418,-0.609608270664323,-0.902749385112686,-0.965439466053785,-0.79123867963366,-0.430670313830075,0.0229414834619809,0.457183605676607,0.767824262904935,0.883114495953493,0.779609314865653,0.486229260366782,0.0761312681765274,-0.351276357256602,-0.693769551990097,-0.869807456313587,-0.836929753890481,-0.601170725688774,-0.215620285979666,0.231430109623176,0.636163204198094,0.902528762484061,0.964169372702796,0.800196549556399,0.441208436624094,-0.0360913143907526,-0.524896657936418,-0.911758962573069,-1.10250742802922,-1.04481955990039,-0.742094253149266,-0.254998911833958,0.310280253197586,0.825009695487756,1.16726661063394,1.25103843383278,1.04807130787461,0.596812239436949,-0.00436546898569121,-0.618710256295402,-1.10272337256151,-1.34043957377592,-1.27197113712037,-0.909093474527086,-0.333694816604673,0.320903489927404,0.901468954791825,1.27164066943005
1.27336161960996,1.04280948818851,0.57184494059485,-0.0250704665902679,-0.604491304820266,-1.02918397623057,-1.20143302600584,-1.08617168089777,-0.718317881735282,-0.192759853498688,0.360176157730081,0.807359169251869,1.04529228256073,1.02433302237027,0.758969424882331,0.322098174856553,-0.174698857593834,-0.609509578321146,-0.879831534967323,-0.926453465306529,-0.74600030859703,-0.389649018451857,0.0510631762514251,0.467408725502973,0.759772312017975,0.860802193937612,0.750180000925791,0.457980559211815,0.0563507487386089,-0.358125285845279,-0.687069515486541,-0.852780873467106,-0.815628977682608,-0.582740180871707,-0.206287261395406,0.228112469017047,0.620361315657125,0.878183188044609,0.938031248729225,0.780079365244443,0.433892709338715,-0.0267670762468821,-0.499261819626256,-0.874516821286581,-1.06183048229858,-1.01051574085319,-0.723260902621154,-0.257721714069012,0.284616636605603,0.780360391125676,1.11231464238313,1.19742717791002,1.00785689802073,0.579708776045867,0.00668964150444837,-0.580456746613921,-1.04426017709822,-1.27344307860332,-1.2103722749517,-0.866075780903822,-0.318786866219783,0.303986395713949,0.855736768556784,1.20627157464413
1.20131441267627,0.980142926498654,0.531467049884036,-0.0350032483992584,-0.582286181284066,-0.979908042601377,-1.13574076824809,-1.01793705311455,-0.66160656329511,-0.15881761907327,0.365255321039831,0.783783090182299,0.999310076330177,0.966657167909619,0.702269067099208,0.278153044120816,-0.197533406785586,-0.607965598764696,-0.856174840164127,-0.887657980240598,-0.701889479577528,-0.350474774340751,0.077017247484564,0.475637506884125,0.750366766953332,0.838118439331101,0.72148529279751,0.431446113905513,0.0389101695598202,-0.362514171502849,-0.678334302942033,-0.834605242478522,-0.79433700216308,-0.565494333289776,-0.199071888679135,0.222196420786024,0.602042252210228,0.851948616594113,0.911042308986449,0.760331327662686,0.42807966910818,-0.0151409572983752,-0.471032388292188,-0.834952032051426,-1.0195995210392,-0.975745632818757,-0.705122221898197,-0.262115770601695,0.256700430101582,0.73338971955662,1.0554843115752,1.14277648703774,0.967636162728737,0.563586751818436,0.0194469190834356,-0.540200872154882,-0.98396653396819,-1.20520034783183,-1.14836921143168,-0.823543514065644,-0.305087168752307,0.285471938616401,0.808432186508476,1.13974580533063
1.12949235103485,0.918389062863062,0.492455114525671,-0.0434736373467053,-0.558912467811499,-0.930082515479227,-1.07029407288322,-0.950721509253539,-0.606467645181472,-0.126630965983574,0.368828435712883,0.759340374871506,0.953349900541962,0.909934748933601,0.647272495278234,0.236293509029151,-0.218374590253326,-0.604991111680494,-0.832007034807697,-0.849426582363412,-0.659331004716438,-0.313524867077061,0.10055376066355,0.481790765469492,0.739698290673065,0.815281742689624,0.69380153677117,0.406881433884338,0.0239774750708817,-0.364400721331684,-0.66764798447155,-0.81545556577166,-0.773258892865748,-0.549599325868056,-0.194043712090859,0.21373892379076,0.581382461356342,0.824077725937148,0.883462449523378,0.741142542921614,0.423825201889225,-0.0013249863068524,-0.440480236782685,-0.793445608418571,-0.976221264842297,-0.940844166792122,-0.687853014506219,-0.268138868378877,0.226800436017751,0.684550039963605,0.997322932142448,1.08761263332884,0.927796348003967,0.548601314956489,0.0337834311734603,-0.498330328300505,-0.922423081447454,-1.13636859810065,-1.0865591270036,-0.781906374456181,-0.292727732187829,0.265538408558171,0.760010812037016,1.07270407627573
1.05858711248283,0.858142584934176,0.455184830509887,-0.0504000069570171,-0.534595165488389,-0.880187146764356,-1.00572318539267,-0.885172382338231,-0.553432158732374,-0.0965098291967867,0.370861197931382,0.734266552242233,0.907854471250182,0.854712060074823,0.594509343965829,0.196922710373248,-0.237021619771439,-0.600614634836231,-0.807560746094675,-0.812127398025616,-0.618734744791592,-0.279155158571256,0.12144607375965,0.485809327544085,0.7278697338297,0.792512106903059,0.667395353681422,0.384523063142748,0.0116964612892733,-0.363766733810538,-0.655113408221796,-0.795516210760673,-0.752597638962184,-0.535208277001299,-0.191251200765596,0.202821418662127,0.558580936367729,0.794838958122286,0.855557270674375,0.722697753608026,0.421170209582543,0.0145477385964589,-0.407899598452544,-0.75039726251114,-0.932113479578688,-0.906147520462052,-0.6716196762123,-0.275733066638582,0.195204590056772,0.634311721097204,0.938390635870167,1.03246683711623,0.888721058939922,0.534896715223806,0.0495610866347012,-0.455248327281672,-0.860222484386371,-1.06761071961352,-1.02553733292716,-0.741565405339737,-0.281827600305732,0.244377817086408,0.710939036821516,1.00579207894616
0.98928154509918,0.799983679619763,0.420015162627654,-0.055715544313154,-0.509568314694706,-0.830702337017214,-0.942649913831934,-0.821920956342777,-0.503010860885193,-0.0687442131868795,0.371334185379331,0.708803265816563,0.863262044711889,0.801520953516073,0.544487740049833,0.160419836225661,-0.253294808268125,-0.594878154365539,-0.783071258674312,-0.776119565580696,-0.580491662057079,-0.247696659377195,0.139493020844617,0.487654596616894,0.714995140131134,0.770028905641393,0.642521070775084,0.364586303234443,0.002185391522743,-0.360618275353895,-0.640851212459868,-0.7749791363832,-0.732552198539599,-0.522459804372779,-0.190721280198025,0.189549043855744,0.533857298792556,0.76451393304032,0.827595519520604,0.705174561761135,0.420140218851466,0.0323243333624235,-0.373604233556579,-0.706221556247845,-0.887700952718067,-0.871989878426759,-0.656578589319901,-0.28482525241473,0.16221718898932,0.583158610754878,0.879254977794364,0.97787015246066,0.850786568239184,0.522604917362348,0.0666279665305023,-0.411369715945855,-0.797963727762127,-0.999588892035124,-0.965891536324088,-0.702909128427616,-0.272491705621147,0.222194046629614,0.661689546634148,0.939654261476204
0.922243091356812,0.744472446319373,0.387284886229937,-0.0593688976592757,-0.484072746875876,-0.782104513516009,-0.881681642204109,-0.761576386196054,-0.455689315453782,-0.0436014020512095,0.370243038360633,0.683195940065845,0.820002192497045,0.750873715906205,0.497689409646479,0.127136469161473,-0.267037304383031,-0.587836726633793,-0.758774254357627,-0.741749779498635,-0.544970055136848,-0.219452340438669,0.15452084795026,0.487308921111911,0.701198643109216,0.748048767221912,0.61941827158338,0.347263140637659,-0.00446414220328717,-0.354985623396744,-0.624998666702731,-0.754042047042171,-0.713315583335889,-0.511476689067311,-0.192459071702278,0.174049623229802,0.507449682211152,0.733394734942137,0.799846501518327,0.688741719673177,0.420745136914275,0.0518336011891893,-0.33792440791666,-0.661343909545494,-0.843411402186478,-0.838700212394444,-0.642874614839375,-0.295327843759008,0.128155959667817,0.53158337508901,0.820485470151767,0.924348353966707,0.814358194180647,0.511844330893121,0.0848197860941429,-0.367116982721584,-0.736246349692909,-0.932958207196401,-0.908196178935002,-0.66630980158194,-0.264809860430495,0.199200883372002,0.612736765361225,0.874927620395958
0.858117360595194,0.692143502962844,0.357309321860364,-0.0613246771035908,-0.45835377253698,-0.734861547323705,-0.823405482790806,-0.704719830936229,-0.411923217684663,-0.0213233897980862,0.36759849427502,0.657691409187437,0.778491659786251,0.703258133713784,0.45456503917095,0.097393198790931,-0.278116608091189,-0.57955795528136,-0.734903548726648,-0.709348954607602,-0.512512012229389,-0.194694214990794,0.166384884569612,0.484775759774985,0.686613265106126,0.726783484409598,0.598309487426043,0.33272039841294,-0.00818810104346654,-0.346922976494961,-0.607708352935016,-0.732906491634503,-0.695073001345721,-0.50236469287925,-0.19644784240341,0.156472434891806,0.47961243767142,0.701781098059618,0.772577486228928,0.673557504928731,0.422979156599394,0.0728876811824323,-0.301203712945744,-0.616196503918393,-0.799671357169907,-0.80659911243167,-0.630639697123581,-0.307139633941865,0.0933489976003148,0.480082752666059,0.762648097530282,0.872416874104961,0.779786782850709,0.502718668507723,0.103961473859764,-0.322916192151349,-0.675664669392803,-0.868360360031226,-0.85300690415851,-0.632119834661127,-0.258855895615809,0.175619952828473,0.564552281262234,0.812235563962348
0.7975219117422,0.643500836793706,0.33037729431533,-0.061563803362744,-0.432658827443947,-0.689428253296081,-0.768382623688574,-0.651898856530243,-0.372134007088598,-0.00212455538473505,0.363426275408469,0.632535531438491,0.73913034692347,0.659132794582049,0.415529935253261,0.0714765322852091,-0.286425852602531,-0.570121348201404,-0.71168884619729,-0.679229042469779,-0.483430116776406,-0.173660718731569,0.174970934773125,0.480079643379845,0.671379630257845,0.706437970432291,0.579398052824521,0.321098129931182,-0.00895061606931202,-0.336507934168292,-0.589146699492806,-0.711775925857592,-0.678000075131032,-0.495211540214751,-0.202649166268563,0.136986773176279,0.450613682947726,0.669977518489211,0.746051132162209,0.659768195323698,0.426820811559914,0.0952838566353996,-0.263795757628276,-0.571214120901181,-0.756902050535594,-0.77599569979842,-0.619991594417239,-0.320146768474132,0.0581316046270209,0.429152769032655,0.706299866047214,0.822575839765474,0.747405328499325,0.495315944093322,0.123868852865664,-0.279192886017709,-0.616802065584817,-0.806417468510687,-0.800855205687562,-0.600668397990104,-0.25468695535766,0.151678578214911,0.517600299698121,0.75218190627091
0.741040306149752,0.599012949508545,0.306748345580042,-0.0600837008847624,-0.407235099366716,-0.64624201614298,-0.717142925919968,-0.603622162273697,-0.336704810743589,0.0138103953178315,0.35776683145704,0.60797081232939,0.702297453114315,0.618922669973918,0.380960025286385,0.0496361327262925,-0.2918848399667,-0.559617560336029,-0.689353534893143,-0.651680030425811,-0.458004437315341,-0.156554413501355,0.18019637462492,0.473265933293618,0.655644604097625,0.687208281060754,0.562866145535039,0.312508270128714,-0.00674433390524312,-0.323840751425994,-0.569492381604894,-0.690853756326614,-0.66226115291906,-0.490086074376027,-0.211003294631461,0.115780317617443,0.420732719271435,0.638290320210435,0.720522955579439,0.647506658381345,0.432233181143042,0.118806505549503,-0.226060764278345,-0.526829955351551,-0.715515362424267,-0.747184651089687,-0.611032747497669,-0.334223845449872,0.0228430562536865,0.379283957935326,0.651983439052737,0.775305255825806,0.717525764599645,0.489707620162259,0.144350407924686,-0.236367990369448,-0.560225360395988,-0.747726082099809,-0.752243309287914,-0.572258256026493,-0.252342954328229,0.127607582517675,0.472333166337474,0.695345050070006
0.689216487807461,0.55910834355294,0.286650228693707,-0.0568983331302537,-0.382327157847942,-0.60571858442876,-0.670179822088266,-0.560354681568029,-0.305976756060786,0.0263282010648056,0.350674939638676,0.584234059914831,0.668347819602002,0.583015021683384,0.351188237116678,0.0320824119705379,-0.294440820163045,-0.548147529256362,-0.66811254229574,-0.626967152081599,-0.436479830497348,-0.143540036587187,0.182010945420783,0.46440037942645,0.63955987311559,0.669279721974763,0.548873030144107,0.307033557276802,-0.00159048792756189,-0.309043375083288,-0.548934603866919,-0.67034138520406,-0.648007728659227,-0.487037596310021,-0.221429732624159,0.0930573246488034,0.390257340455514,0.607024703553469,0.696238867696435,0.636891069116334,0.439164243013064,0.143229174678209,-0.188362100813969,-0.483471443934359,-0.675909854067416,-0.72044336229861,-0.603849297198101,-0.349235128465144,-0.0121766700902699,0.330956635284626,0.600221911020614,0.731060382116124,0.690435956592857,0.48594791308716,0.165209122189969,-0.194853767664505,-0.506479362738042,-0.692851436446489,-0.707639336996382,-0.54716285657191,-0.251846202302951,0.103639055763261,0.429187004194468,0.642272414381877
0.642549545047137,0.524171393111686,0.270276706933082,-0.0520380792694446,-0.35817460942719,-0.568248072777706,-0.627945565646712,-0.522513104263747,-0.28024568842775,0.0353085135012438,0.34221916664133,0.561554095118816,0.637608507727569,0.551755671665839,0.326501292739227,0.0189845013134259,-0.294069005913706,-0.535821511519513,-0.648170272053534,-0.605328335978079,-0.419063583235269,-0.13474291443491,0.180397235203742,0.453568482022051,0.623280478186385,0.652825059815624,0.537553522215883,0.304726735658625,0.00646130567399059,-0.292258271079238,-0.527671281065577,-0.650436274036524,-0.635376986146207,-0.486095392122607,-0.233828015925534,0.0690366594769768,0.359481060368237,0.576481804597007,0.673432804083004,0.628023768497185,0.447547370244991,0.168316757216667,-0.151062782889331,-0.441556148946196,-0.638466930008845,-0.696029280037459,-0.598510260118401,-0.365035860230639,-0.0465901741937162,0.284636271452069,0.551513769955106,0.690267348316207,0.666396925401391,0.48407326308394,0.186244365629834,-0.155049852786373,-0.456081623639782,-0.642322009641372,-0.667472800275431,-0.525623703368801,-0.253201199459623,0.0800041093663404,0.388577506770925,0.593475160674129
0.601488904178777,0.494538639646192,0.257785679794997,-0.045549453053169,-0.335009800496193,-0.534191210551235,-0.590846876484638,-0.490461863695581,-0.259759325229027,0.0406650483061198,0.332481197993296,0.540149539493436,0.610375645007229,0.525445671135007,0.307136946877631,0.0104686196126308,-0.290772818000498,-0.52275802875844,-0.629718641562607,-0.586971916898874,-0.405923416679336,-0.130247756037402,0.175370844016157,0.440874663627716,0.606963316209688,0.638002854320935,0.529016687861204,0.305610046851862,0.0173335250292151,-0.273647054023034,-0.505907134758509,-0.631330045312473,-0.624490481111234,-0.487268453819836,-0.248078680286853,0.0439496871232837,0.328700285492087,0.546955793868092,0.652324469178862,0.620990273733283,0.45730196825184,0.19382775328688,-0.114521979511246,-0.401487737110953,-0.603547165668011,-0.674177425514674,-0.595066870258123,-0.381473663981543,-0.0800658878347789,0.240769006543979,0.50632809682526,0.653319049042283,0.645640328610404,0.484101974349992,0.207253817566973,-0.117339410866076,-0.409517453957971,-0.596624432482973,-0.632130465472719,-0.507848037153677,-0.25639460394611,0.0569306395864762,0.350895928076395,0.549423268443933
0.566430001340975,0.470495547759938,0.249297654131982,-0.0374946661256387,-0.31305558950836,-0.503875872905379,-0.559241024726128,-0.464509627057162,-0.244714873530403,0.042346408433306,0.321555041709932,0.520226702045925,0.586911569760091,0.504338401022127,0.293281697047239,0.0066168547024929,-0.284583858469337,-0.50908273335006,-0.6129352389839,-0.572074631753796,-0.397185871233338,-0.130097837605755,0.166980231390425,0.426441259395573,0.590765624594636,0.624955927758834,0.523344791332185,0.309675014545419,0.0309214883467524,-0.253388932106521,-0.483851723840635,-0.613206639900279,-0.615452973849061,-0.490545395858733,-0.264044414420533,0.0180380429883777,0.298211459826159,0.518731042330973,0.633117217745864,0.615858450075996,0.468334245593236,0.219516591591757,-0.0790915557290567,-0.363652092067055,-0.571486835585868,-0.655098134985479,-0.59355209267019,-0.398390018907066,-0.112281273627229,0.199777351919149,0.465100048253057,0.620571358696663,0.628366223768991,0.48603402916614,0.228035405137215,-0.0820854536612594,-0.36723525237163,-0.556198801772753,-0.601952631330842,-0.494006847235618,-0.261395371609851,0.0346411220482189,0.31650530839915,0.510541007703189
0.537710474245465,0.452273752752219,0.244894575480155,-0.0279510395516016,-0.292523209619535,-0.477593927441172,-0.533432390428193,-0.444906322912247,-0.235257134241578,0.0403365718180621,0.309546114257953,0.501977585781965,0.567442301919628,0.488637131731278,0.285068987163964,0.00746636995193266,-0.275561611743996,-0.494927204313127,-0.597981617242699,-0.560779919252043,-0.392935088154357,-0.134294586357605,0.155306247634353,0.410407335594753,0.574843463356817,0.613809986538286,0.520592500856001,0.316882525000424,0.0470943611490859,-0.231678982307467,-0.461717427981159,-0.596240548001199,-0.608351423497163,-0.495894568190292,-0.281571385057574,-0.00844869554084872,0.268308209649028,0.492079381996023,0.615996093762037,0.612677852287494,0.480538111448058,0.245135990037638,-0.0451126856290402,-0.32841359798452,-0.542594675758004,-0.638975038289466,-0.593980313547478,-0.415621795084605,-0.14292593691801,0.162056119420437,0.428226665952112,0.592339702585496,0.614741135571179,0.489851078122281,0.24838923938374,-0.0496273497190852,-0.329642188584423,-0.521434441782762,-0.577229854309248,-0.484233232464474,-0.268155066111551,0.0133504589763121,0.285736972415722,0.477202852019204
0.515606910490955,0.440048826493272,0.244619031146563,-0.0170102688155715,-0.273610242002314,-0.455598426652455,-0.51366953229487,-0.43184073446361,-0.231477110885516,0.0346550391317292,0.296570217973808,0.485578033416499,0.552155364491158,0.478493065693583,0.28257792201114,0.0130090437182068,-0.263792876317845,-0.480427684801522,-0.585001741276005,-0.553196539673067,-0.393211999460186,-0.142797567409361,0.140461353502942,0.392927347840953,0.559350209585223,0.604672408382806,0.520786360429762,0.327163202425624,0.0656964153179181,-0.208726272452924,-0.439717403290211,-0.580595130561819,-0.603254153530696,-0.503264364575586,-0.300490721309855,-0.0352554139679594,0.239278515651842,0.46725748755913,0.601126045747287,0.611479242309596,0.493796191330497,0.270439332758887,-0.0129125681887349,-0.29611163010698,-0.517148911203238,-0.625963294781886,-0.596347209436483,-0.433002832817651,-0.17170462054811,0.127968617591383,0.396063053265304,0.56889601738884,0.604896445767353,0.495516606943041,0.268119530724545,-0.0202775616950862,-0.297100283249583,-0.492666154721351,-0.558200153155909,-0.47862112707807,-0.276608336008315,-0.006736099729603,0.25888733357986,0.449729871509236
0.50033218376371,0.433938583265359,0.248473833027841,-0.00477754900099981,-0.256498719059769,-0.438101173082812,-0.500142793634835,-0.425438681749381,-0.233411136246703,0.0253566404132527,0.282752420067134,0.471186030309528,0.541197976706892,0.474003881565429,0.285832504959997,0.0231915452703161,-0.249390932321489,-0.465723773172056,-0.574120603362877,-0.549397527982724,-0.39801393393711,-0.155524873874082,0.122588535836699,0.37416965206093,0.544435078877779,0.597631206832493,0.523924532729476,0.340418075702486,0.0865485278615972,-0.184751848199019,-0.418063529864803,-0.566421047240616,-0.600210196396224,-0.512583723070878,-0.320620143932015,-0.0621239188366485,0.211401939678819,0.444504404305838,0.588650335808049,0.61227428797341,0.507980951498048,0.295183040823024,0.0171987224401505,-0.267057286025853,-0.495394577360592,-0.616188103479,-0.600629796539383,-0.450365550848279,-0.198340053424608,0.0978431515691359,0.368918955613141,0.550466130324982,0.598927121556745,0.50297627868684,0.287036465714022,0.00568135796674353,-0.269922922324036,-0.470170996311986,-0.54504671954309,-0.477224403404751,-0.286673553803744,-0.0254249412022221,0.236215035749808,0.428386640550172
0.492033403582945,0.434001942012538,0.256421984448495,0.00862943174291217,-0.241353375573985,-0.425270680556344,-0.492982468629446,-0.425761810262444,-0.24104052519147,0.0125310026536879,0.26822584422632,0.458940181108995,0.53467563631386,0.475212794077031,0.294801406302494,0.0379158465389828,-0.232494452849162,-0.450957080110943,-0.565443019804024,-0.549419490356147,-0.407294643034489,-0.17235391638172,0.101859929659576,0.354314882591449,0.530241688040924,0.592754183100301,0.529976815665061,0.356519530092945,0.10944990500829,-0.159986604297587,-0.396964370966653,-0.553854806021257,-0.599248823494845,-0.523762813727733,-0.341765723679139,-0.0887954254317403,0.184946932777323,0.424039246094738,0.578689157815307,0.615055445844901,0.522955921452324,0.31912891395202,0.0449312219400872,-0.241530389179983,-0.477541161078137,-0.609743501595956,-0.606786659335137,-0.467542567648669,-0.222575625275178,0.0719698604095759,0.347055777773942,0.537227582323521,0.59689079495049,0.512158448386112,0.30495802736256,0.027999484246376,-0.248371839389249,-0.454165607541652,-0.537896156704093,-0.480056359780648,-0.298253610438594,-0.0425359606730243,0.217938459725695,0.41337868999185
0.490790498342419,0.440238356076718,0.268387031571887,0.0230816210051222,-0.228320064469637,-0.417230551078091,-0.492257546594962,-0.432806997646264,-0.254291756899228,-0.00369831637083372,0.253130386614674,0.448958374843441,0.532651104644631,0.482108138564476,0.309398264446854,0.0570401648360135,-0.213266169440959,-0.436269864692559,-0.559052620523012,-0.553262250886438,-0.42096474639027,-0.193122604390837,0.0784751600395431,0.33355421305331,0.516906672905705,0.590088273470802,0.538884932465765,0.375312534819608,0.134180015057794,-0.134669060648342,-0.376623163497701,-0.543017448419557,-0.600379264956968,-0.536693906757043,-0.363723751714526,-0.115013051029135,0.160168250467722,0.406059085585166,0.571338478105533,0.619796029518605,0.538577002979078,0.342046420864353,0.070017867425237,-0.219776793456389,-0.463760583881013,-0.606691462883714,-0.614758356038313,-0.484368319893676,-0.244177861653478,0.0505979223381393,0.330684066709624,0.529307916247641,0.598807202204026,0.522974845504975,0.321711741778922,0.0464619236351809,-0.232654594985356,-0.444804128277638,-0.536817262923501,-0.487089598354383,-0.311236857248842,-0.0579043006299477,0.204233618809601,0.404850528402546
0.496615445302523,0.452587816021196,0.284253796187466,0.0384398424930522,-0.217524352363217,-0.414058283043892,-0.497975046368251,-0.446506384166571,-0.273037184661865,-0.0231750195603412,0.237611368697763,0.441336651322984,0.535143804203951,0.494623484159006,0.329482517095394,0.0803803275158196,-0.191891304535347,-0.421803662511865,-0.555011041356686,-0.560888851910561,-0.438892592691903,-0.217630907887893,0.05265941969539,0.312087516730662,0.504558374536042,0.589659098512462,0.550563092532165,0.396616134750697,0.160500711412242,-0.10904306456614,-0.357235859162488,-0.534013382951933,-0.60359062184313,-0.551252412678761,-0.386282703948293,-0.140524289644467,0.137304500102336,0.390737057011553,0.566669109937089,0.626450462869079,0.554693853322271,0.363714916321139,0.0922170687787691,-0.202006014871295,-0.454185546912363,-0.6070613042961,-0.624467996737035,-0.500680662277972,-0.262938675217246,0.0339331548625181,0.319961484167437,0.526783446726281,0.604657988930307,0.535321417931003,0.337136334555654,0.0608908820543275,-0.222922577235056,-0.442176712846178,-0.541820371490917,-0.498256293730256,-0.325498186060383,-0.0713819411385471,0.195232463705702,0.402884251379312
0.509452154958199,0.470931425608264,0.303869482951791,0.0545561361384736,-0.209070308416136,-0.415784522292411,-0.510079947272706,-0.466728026649979,-0.297096266348159,-0.0457115757131529,0.22181813987198,0.436148279699029,0.542129634495542,0.512638274510723,0.354860754420343,0.107711545466755,-0.168575786001926,-0.407697919172841,-0.553357326902175,-0.572225908001849,-0.460905527579056,-0.245642784407964,0.0246613008594043,0.290121444115082,0.493315606401537,0.591470718397327,0.564898817668252,0.420225191875707,0.188158525370873,-0.0833554414169518,-0.338989235241843,-0.526929378131768,-0.608851971574438,-0.567298084338185,-0.409225280292658,-0.165083444415475,0.116575843903232,0.37822068974917,0.564726030666924,0.63495471596539,0.571151329347086,0.383925763643924,0.111315034990587,-0.188389213163149,-0.448908253461767,-0.610849406566287,-0.635821988423961,-0.516322433064985,-0.278677371490794,0.0221360328657825,0.314991288571709,0.529678523514901,0.614386882955745,0.549079329607485,0.351083281123637,0.0711473767513679,-0.219269543029833,-0.446308661867582,-0.552857253378037,-0.513448849678771,-0.340900236831817,-0.0828391259090109,0.191021613085042,0.407498752277559
0.529177010907241,0.495092545458728,0.327045150496408,0.071275185032165,-0.203039498227645,-0.422392763311884,-0.528455717384488,-0.493277169575938,-0.326237303638713,-0.0710910240129562,0.205902643268984,0.433443057923152,0.553541207752211,0.535978989839367,0.385288581225673,0.138770578359958,-0.14354426101377,-0.394088642425631,-0.554107549808444,-0.587164310294172,-0.486791556376431,-0.276888452794757,-0.00524959774646565,0.267867436035196,0.483286514265899,0.595505596605361,0.581754025735686,0.445912359847374,0.216887106634422,-0.0578536162859026,-0.322059093253027,-0.521833724749072,-0.616112665559303,-0.58467636913004,-0.432330499111663,-0.188453994169431,0.0981818797631006,0.368630488683695,0.565527948256281,0.645226919566146,0.587790978926778,0.402484342356019,0.127127833103366,-0.1790575427611,-0.447979521364179,-0.618019251271693,-0.648710939570774,-0.531142970136802,-0.291242389727386,0.0153201437580056,0.315821340815775,0.537965295543932,0.627900233404353,0.564116102369297,0.363418236252864,0.0771325757022395,-0.221730713860855,-0.457160178706057,-0.569821583492059,-0.532520937454953,-0.357294721108109,-0.0921656103539369,0.1916415219895,0.418649541908922
0.555600060031424,0.524838493432134,0.35355753225019,0.0884358153683857,-0.199490192605421,-0.433819503619667,-0.55292543407359,-0.525898121065038,-0.360179673261809,-0.0990690604618537,0.190017958389769,0.433246839656456,0.5692685021596,0.564420819081516,0.420472970179776,0.173258270787533,-0.117037928499438,-0.381107086122334,-0.55725465035895,-0.60556027444764,-0.516301385644547,-0.311066991781502,-0.0367852658153855,0.245539691380202,0.474567539612289,0.601724772255164,0.600966361277613,0.473430272614318,0.246409788036389,-0.0327832296307906,-0.306608562943078,-0.518775575581518,-0.625302816156881,-0.603219898347462,-0.455375826628101,-0.210410871369949,0.0822997201766075,0.362058775011923,0.569067121293197,0.657168152359714,0.60445256529525,0.419211921675857,0.139503159937294,-0.174100889035736,-0.451408293803375,-0.628501773945431,-0.663010715410831,-0.544999562848687,-0.30051276208006,0.0135510945405876,0.322443643520156,0.551563977982976,0.645067910927819,0.580286891086586,0.374022328966086,0.0787887515840819,-0.230282435049807,-0.474626752875559,-0.592549965946707,-0.555288905643865,-0.37452384851645,-0.0992717196775782,0.19708609598415,0.436229178880355
0.588466841540393,0.55988278538108,0.383151189393978,0.105872554794101,-0.198456799053165,-0.449954850003731,-0.583253486094602,-0.564276715682056,-0.398596528747761,-0.129376386281878,0.174316834375715,0.435561292936125,0.589159926119619,0.597689825989895,0.460075083472453,0.210842434827632,-0.089312211205848,-0.368878478904516,-0.562768498106643,-0.627236722271433,-0.549150823890076,-0.347849238350043,-0.0696420533078074,0.223353108834943,0.467242496398973,0.610068239269045,0.622350760265993,0.502513926098839,0.276442249815571,-0.0083857699415649,-0.292786528061896,-0.517784468996159,-0.636333968318616,-0.622750099277186,-0.478139320732916,-0.230742629500773,0.0690822877582916,0.358568798586267,0.575309434257753,0.670663393414385,0.620975609747571,0.433947381850663,0.148321809517386,-0.173567002028066,-0.459161553223172,-0.642196029779136,-0.678583633698482,-0.557758825671644,-0.306399277045283,0.0168458812714486,0.33479441818706,0.570343619793246,0.665724560476344,0.59743587986259,0.382793310352491,0.0760998410483299,-0.244842401721666,-0.498540166703796,-0.620823508426886,-0.581533547931946,-0.392421842627978,-0.104089206945941,0.207302754629599,0.460068306357673
0.627460837275454,0.599887894703845,0.415540975106733,0.123417233918582,-0.19994952173207,-0.470643570992202,-0.619147840903153,-0.608043340322123,-0.441117946713186,-0.161721295836886,0.158950227753405,0.440363892629266,0.613023783123783,0.635465588283887,0.50371353573582,0.251161051216773,-0.0606342899857517,-0.357520810145119,-0.570596175211906,-0.65198498381707,-0.585023518320249,-0.386880957942935,-0.103503592627473,0.201521222272464,0.461381769823739,0.620455528569085,0.645701233857887,0.532883230005738,0.306695257778489,0.015103753730551,-0.280726189198625,-0.518870041146256,-0.649099949493987,-0.64307891450622,-0.500401768524609,-0.249253479018789,0.0586568437156603,0.358194130296023,0.5841947272779,0.685582630674176,0.637200937849352,0.446548766750821,0.153498822045724,-0.177461036023461,-0.471164639174007,-0.658970165483992,-0.695279789418763,-0.569297980422493,-0.308845336034119,0.0251727269536618,0.352754719502989,0.594123364407763,0.68967119456251,0.615397785791,0.389646543111228,0.0690916037801091,-0.265270449413691,-0.528670115553086,-0.654369930455298,-0.611002211813835,-0.410816531730721,-0.106571903087227,0.222192943479345,0.489937285190362
0.67220651968677,0.64446850409804,0.450414786208579,0.140900615255584,-0.203954253504324,-0.495686585640367,-0.660262855429739,-0.656776494027495,-0.487334487429539,-0.195792479365874,0.144065858397248,0.44760814641941,0.640630122938168,0.677384284396553,0.55096806681589,0.29382575822269,-0.0312805242808608,-0.347143685145679,-0.580662479017384,-0.679566803675551,-0.623574001291247,-0.427786255990286,-0.138043843061325,0.1802541494958,0.457041644585192,0.632786487531882,0.670792853924967,0.564245705199371,0.336877448981438,0.0374590768901226,-0.270543777650059,-0.522021929662966,-0.663477889690901,-0.664010611899309,-0.521948796988523,-0.265765172284036,0.0511237634029287,0.360938340278989,0.595637377153832,0.701782114794825,0.652972214236768,0.456894652737104,0.154984303316729,-0.185745499426483,-0.487301967038859,-0.678662687961677,-0.712938495737627,-0.579506034823008,-0.307827494920989,0.0384513893484149,0.376151580870258,0.622674191415567,0.716677111643266,0.633999455669263,0.394515823109323,0.0578313796445307,-0.291369901784707,-0.564726425987053,-0.692866185249003,-0.643411228017766,-0.429530999414542,-0.10669615284156,0.241613089455397,0.525548407588092
0.72227296814047,0.69319521815349,0.487436575488651,0.158154033550082,-0.210432701470506,-0.524842874534684,-0.706202603305417,-0.710006847442714,-0.536801135462412,-0.231262013787642,0.129806797241842,0.457224051801208,0.671712961078274,0.723042198056311,0.601383589030865,0.338425594524584,-0.00153378388946346,-0.337847260940627,-0.59287063929068,-0.709716632283786,-0.664431017119366,-0.470171197894377,-0.17293022825414,0.159756573884291,0.454263768875374,0.646942249022727,0.697383921167461,0.596299300673474,0.366698138096854,0.0584648604752881,-0.262337432835446,-0.527209869904191,-0.67932940196073,-0.685343667859073,-0.542572936506723,-0.280118719338007,0.0465555707033415,0.366774965004123,0.60952712399185,0.719105746177641,0.668137451154677,0.464885320550531,0.152763906637728,-0.198340615438054,-0.507418140728117,-0.701084017611352,-0.731389827420003,-0.588284846186374,-0.303355685490119,0.0565539356793701,0.404759680134445,0.655721122479008,0.746482121067182,0.653061540100392,0.39735402479386,0.0424274460578616,-0.322889462528185,-0.606361850513047,-0.735941569929626,-0.678448637397179,-0.448385279361113,-0.10446103279527,0.265375990161493,0.566558669948315
0.777178018737447,0.745598700961744,0.52624959545362,0.175011031289674,-0.219322745188549,-0.557831794850135,-0.756524686554225,-0.767221762806821,-0.589041582526725,-0.267788513053419,0.11631009894799,0.469118779326825,0.705972845009651,0.771999606922226,0.654474569941793,0.384530959949356,0.0283192820259213,-0.329721273289342,-0.607103243496471,-0.742144180297658,-0.707201097224827,-0.513627602612928,-0.207826836597409,0.140225778182628,0.453074759033432,0.662786380503575,0.725218294858138,0.628735302975726,0.395870117422505,0.0779187664230083,-0.256186254192342,-0.534383982969908,-0.696501912047658,-0.706872705799157,-0.56207561736493,-0.292175918038801,0.0449962404990825,0.375647763485936,0.625730135408537,0.737386581741521,0.682550476091675,0.470443718842268,0.146858972559367,-0.215125090076321,-0.531319448644779,-0.726018311388808,-0.750456252008657,-0.595550060188045,-0.29547311481358,0.0793059766935139,0.438303509467278,0.692945870227407,0.778799053037902,0.672400228609405,0.398133563941869,0.023027981546051,-0.359525633353015,-0.653175411977176,-0.783181294169006,-0.715777189219198,-0.467198078363511,-0.0998883497757413,0.29325262349942,0.612573078052535
0.836392907685831,0.80117419880652,0.566479841972271,0.191308973220425,-0.230539024530339,-0.594335777399752,-0.810744495093421,-0.827870230949025,-0.643552811422508,-0.305020408004734,0.103705492286373,0.483177575174895,0.743079742182632,0.823785017799121,0.709729708426029,0.431697755806209,0.0579910121285209,-0.322844164550957,-0.623223361443825,-0.776537211547525,-0.751472349187302,-0.557736973315255,-0.242397653807188,0.121849749176062,0.453485948446836,0.680166201981011,0.754027861700925,0.661241310048171,0.424112423546719,0.0956334078663788,-0.252149536798304,-0.543475252842843,-0.714830124515934,-0.728390471250561,-0.58026908008818,-0.301820683856479,0.0464607759112201,0.387471260111035,0.644090297966424,0.7564484467896,0.696072344227715,0.47351620994212,0.137326325010105,-0.235937280155265,-0.558775728535436,-0.753225538164326,-0.769954333258171,-0.601231915925966,-0.284255843721059,0.106488348117021,0.47646002851135,0.733989904589833,0.813316529260604,0.691829028761284,0.396846672949164,-0.000180354771111557,-0.400925634827745,-0.704716265395456,-0.834130472957084,-0.755037582207248,-0.485788511372023,-0.093022420025719,0.324974359901262,0.663148452728
0.899347363513894,0.85938640427422,0.60773966434564,0.206890623878885,-0.243973751914141,-0.634003379921059,-0.868339873059961,-0.891368177741322,-0.699809937027429,-0.342599324452404,0.0921141404555599,0.499264874020439,0.782676221928635,0.877899707627851,0.766616859015366,0.479471664828741,0.0871955093916628,-0.317282321145332,-0.641075858712131,-0.81256454778187,-0.796818423232554,-0.60207452727044,-0.276309796652968,0.104805371327444,0.455493282917321,0.698914259946848,0.783535119947645,0.693504240814549,0.451153043998312,0.111438155122161,-0.250266198180043,-0.554396188183095,-0.73413761136017,-0.749689824686753,-0.596978181284467,-0.308960166566804,0.0509350643525838,0.402131568803172,0.664430723305658,0.776107636289298,0.708572681910004,0.474073090540406,0.124257725734494,-0.260576749978498,-0.589522583294344,-0.782443786520345,-0.789696490661156,-0.605275909798219,-0.269812048629341,0.137839223236245,0.518861775241053,0.77845790699612,0.849701967394804,0.711160571803693,0.393505485636574,-0.0269742143405984,-0.44669080203621,-0.760488040021784,-0.888298505112115,-0.795851917388681,-0.503977832275872,-0.0839296316993241,0.360235555618007,0.717797699260767
0.965435099085348,0.919674614823021,0.649631506720402,0.221605672514859,-0.259497741468444,-0.676452667389804,-0.928756147052132,-0.957104088906601,-0.757271257852933,-0.380163527240723,0.0816474829012973,0.517225611191232,0.824380900439996,0.933822526508779,0.824588157065954,0.527392529389943,0.115651399902159,-0.313089428216581,-0.660488886409815,-0.849879256348643,-0.842802617960835,-0.646213286175336,-0.309236716782331,0.0892567266165855,0.45907736332584,0.718849942980147,0.813455853808046,0.725213351492711,0.476731537783261,0.125180780024021,-0.250554401912641,-0.567041662513469,-0.754238507925373,-0.770565732996542,-0.612042077696683,-0.313525643137567,0.0583760137590635,0.419487490551648,0.686555454364038,0.796174689003917,0.719930948012749,0.472108882110379,0.107778992224596,-0.288806201757139,-0.623263926411297,-0.813391782910881,-0.809492798393019,-0.607643312110388,-0.252280974058096,0.173056636185154,0.565100404587908,0.825921579127999,0.887604790159549,0.73020842707549,0.388141930372543,-0.0570957039802341,-0.496380422411822,-0.819953619829142,-0.945163795453411,-0.837827329779739,-0.521591144184457,-0.0726977953049233,0.398696501849957,0.775994499391239
1.03401965052632,0.981458136005184,0.691751744501414,0.235312190309446,-0.276961645557436,-0.721274886970675,-0.991411467877183,-1.02444489901783,-0.815383469644427,-0.417351397408205,0.0724061694571508,0.536886721220642,0.867792115551521,0.991014916500895,0.883085295389594,0.574998785714379,0.143084547204166,-0.310305947944621,-0.681275533082756,-0.888121990182309,-0.888982085786364,-0.689728187551925,-0.340861343864525,0.0753535168273449,0.464203635046469,0.739781223338775,0.843501872323447,0.75606322953841,0.500601544536011,0.136728922724297,-0.253011381695435,-0.581289924796456,-0.774939299926189,-0.790817240556193,-0.625315772347283,-0.315473178258923,0.068711967675076,0.439371873704732,0.710251355150278,0.816456217199624,0.730037600810638,0.467642388106582,0.0880487875760392,-0.320353761156474,-0.659674832581569,-0.845771596092511,-0.829152806640906,-0.608311531756125,-0.231831586138348,0.211801391571199,0.614730620760418,0.875923769477843,0.926659807949013,0.748788907325109,0.380807432157953,-0.0902548639075429,-0.549515978848753,-0.882540316359278,-1.00417877525884,-0.880559764228223,-0.538459073165302,-0.0594352887425399,0.439986701101463,0.837178380667022
1.10444050683003,1.04414187717785,0.733694578519505,0.247878005483969,-0.296197387051961,-0.768038402339764,-1.05570241436331,-1.09274208798242,-0.8735869909418,-0.453804909209514,0.064479096788329,0.558058808165414,0.912491795862619,1.0489260978689,0.941544901514387,0.621831911282115,0.169230695867685,-0.308958726708406,-0.703235622982379,-0.926924447975431,-0.93491209759618,-0.732200177643495,-0.370879137847946,0.0632296233811065,0.470822722185603,0.761506507683323,0.873383786261042,0.785756736336746,0.522533158083947,0.145971366808924,-0.257613467637195,-0.597003770741496,-0.796040684469109,-0.810249401053113,-0.636671507995534,-0.314784046206831,0.0818433951924221,0.46159322390966,0.735290165771055,0.836756774111089,0.738795158897998,0.460716517217763,0.065257093863599,-0.354915595951133,-0.698404666058223,-0.87927150195035,-0.848487368074668,-0.607274325778074,-0.208660940292073,0.253700332359562,0.66727446539829,0.927982877904385,0.966490742137473,0.766722847172564,0.371572426174378,-0.126132455344687,-0.605585757272326,-0.947645384118518,-1.06477517276455,-0.923637859344884,-0.554419389727639,-0.0442700055269295,0.483708439023462,0.900760114308598
1.1760194711035,1.10712208568554,0.775055949180927,0.259181982739428,-0.317019773784062,-0.816292849573276,-1.12100980525725,-1.16133792631007,-0.93132134942987,-0.48917307372686,0.0579425561970389,0.580537971463878,0.958049486903812,1.10699837284573,0.999403963771191,0.667440842505353,0.193838018688796,-0.309060735005659,-0.726157643443975,-0.965912921232078,-0.98015032556528,-0.773220246419253,-0.399001020986688,0.0530018185269469,0.478870903371444,0.783816579056393,0.902813796229832,0.814007870247687,0.542315141528676,0.152819110429452,-0.264316314511126,-0.614031863609138,-0.817339487255899,-0.828675151590662,-0.645999994600667,-0.311464910025144,0.0976438491038849,0.485937548187772,0.761430702828129,0.856880740987517,0.746119145706879,0.451397874209735,0.0396233836852008,-0.392158842556,-0.739080456651962,-0.913568981298836,-0.867310452164493,-0.604541852098551,-0.182992278998449,0.298349934496331,0.722225920274819,0.981597495692699,1.00671385489907,0.783837337224236,0.360525687142421,-0.164383031040345,-0.664049774326367,-1.01464182539989,-1.12636948305998,-0.966646902401237,-0.569318562807841,-0.0273481166344251,0.529440617200948,0.966127389595386
1.24806719218769,1.16979216417056,0.81543743266934,0.269115194452946,-0.339228279799216,-0.865573474617638,-1.18670466321181,-1.2295718090317,-0.988030577309988,-0.523115316075038,0.0528595008454873,0.604107769678629,1.0040264955769,1.16467249585338,1.05610525393044,0.711386320061889,0.216669542903219,-0.310610942692812,-0.749820782829801,-1.00471189403875,-1.02426110288868,-0.812393365855434,-0.424956161432215,0.0447686402796117,0.488270724501197,0.806496611394757,0.931508465123306,0.84054452237769,0.559756962474808,0.157206223134341,-0.273055329769906,-0.632210191813094,-0.838630617588784,-0.845917111153593,-0.653211459081591,-0.305547756345175,0.11596118305876,0.512170415389939,0.788421183912704,0.876634215361835,0.751938908308047,0.439776122141894,0.0113945074382009,-0.431724812231068,-0.78131049089705,-0.948333821951087,-0.885440930151876,-0.600140565196259,-0.155072878138561,0.345320193617183,0.779055780232329,1.03625123635575,1.04694165035266,0.799967396807389,0.347773480653359,-0.204638259288447,-0.724344977736513,-1.08288442862589,-1.18836858481057,-1.00917281736489,-0.583013231612758,-0.00883265814623041,0.576742809874343,1.03265071013277
1.31988980373979,1.23154851487824,0.854450081489976,0.277581972175289,-0.362608976338267,-0.915405610560362,-1.25215427339105,-1.29678661728474,-1.04316856382016,-0.555304753791432,0.0492789393786368,0.62854130320913,1.04998011299671,1.22139305849138,1.11110269414611,0.753245119985783,0.237505432009787,-0.313594330740774,-0.773997059373564,-1.04294766085612,-1.06681961941176,-0.849342293592357,-0.448494581597449,0.0386094419587738,0.49893174258041,0.82932823718743,0.959191448158878,0.865111098483295,0.574690628771199,0.159090480159541,-0.283746297162381,-0.651363649277068,-0.85970904241396,-0.861809286231222,-0.658236507369592,-0.297089586509359,0.136619016021518,0.540039213204892,0.816001653742969,0.89582688219067,0.756198302407831,0.425963121959088,-0.0191576833606146,-0.473232446061726,-0.824688083826915,-0.983231295334611,-0.902704313737523,-0.594112955983373,-0.125171662801944,0.394158766389254,0.837216749433051,1.09141771057888,1.08678661117487,0.814957568925978,0.333438544405862,-0.246510469540298,-0.785890669266042,-1.15171598205882,-1.25017544982159,-1.05080614789118,-0.595371581405487,0.0110980415313635,0.62515950547587,1.09968945523964
1.39079560682992,1.29179635457934,0.89171817223475,0.284500828208221,-0.386936593960066,-0.965309251527948,-1.31672827829882,-1.3623350463147,-1.09620431342338,-0.585431344897217,0.0472354617904545,0.653603395983305,1.09546787514358,1.27661383746515,1.16386661649988,0.792614129737432,0.256145101242218,-0.31798203932281,-0.798453520335644,-1.08025192743761,-1.10741601275563,-0.883711205362223,-0.469389566169242,0.0345836255401258,0.510751393571041,0.852091648414408,0.985596154207497,0.887470981704583,0.586972307054353,0.158453768094962,-0.296286189886382,-0.671307723294528,-0.880371760434298,-0.876198667274192,-0.661026790548479,-0.286171867005454,0.159418429960553,0.569275580010805,0.843906488528491,0.914273849700766,0.758856236768275,0.41009185762603,-0.0517389538465826,-0.516281985417627,-0.868795495059715,-1.01792537719568,-0.918934430959964,-0.586517138593815,-0.0935766156233198,0.444395326596478,0.896148711856677,1.14656559732431,1.12586493451056,0.828663421842965,0.317658908981005,-0.289596385526293,-0.84809409802074,-1.22047360303855,-1.31119489055373,-1.09114599709675,-0.606274610170673,0.0322520796211462,0.674224492132764,1.16659804812071
1.46010173168421,1.34995544403398,0.926882824398865,0.289805238377268,-0.411976695873497,-1.01480367906191,-1.37980475007905,-1.42558583896678,-1.14662705906939,-0.613204875311998,0.0467489021825831,0.679052855250823,1.14005182040451,1.32980305398771,1.21388886447321,0.829114229990865,0.272409146380361,-0.323731650675903,-0.82295449015296,-1.11626536012196,-1.14565931553898,-0.915169121229284,-0.487439846556036,0.0327300662950511,0.52361597601212,0.87456771061204,1.01046831278421,0.907408812364107,0.596483708480102,0.155302258057766,-0.310554165365689,-0.691850273579066,-0.900419757297398,-0.888946700692762,-0.661555468749988,-0.272899744527399,0.184139884454151,0.599597988186312,0.871866954410274,0.93179743214604,0.759887071664566,0.39231515706296,-0.0860355194714953,-0.560458822516502,-0.913207951499552,-1.05208198148718,-0.933975023299708,-0.577426288215916,-0.060592002676604,0.495546094025682,0.955284125296816,1.20116376219325,1.16380023105177,0.840952942657217,0.300586569404336,-0.333481009948969,-0.910356170203028,-1.28849512179629,-1.37083929032298,-1.12980388630783,-0.615617274067595,0.0544258255374117,0.723465344953354,1.23273217147277
1.52714071440647,1.40546567676618,0.959605455382592,0.293444278538149,-0.437487941400034,-1.06341209627789,-1.44077618174598,-1.48592986465113,-1.19395118130626,-0.638357756792279,0.0478241418216143,0.70464478791027,1.1833027031403,1.38044849404323,1.26068768719911,0.8623939447702,0.286141067438006,-0.33078760382223,-0.847263845752421,-1.15064104922513,-1.18118122068152,-0.94341309266668,-0.50247154069272,0.0330667343862286,0.537401741098807,0.896540069813266,1.03356842199458,0.924732562835264,0.603133228277544,0.149666344753471,-0.326412731972037,-0.712793385291711,-0.919659923022793,-0.899930622280708,-0.659817468403417,-0.257401033236551,0.210545329816583,0.630714454046772,0.899613795324336,0.948228862223778,0.759280867437631,0.372804221137453,-0.121717068270143,-0.605337493984169,-0.957497737926611,-1.08537217638084,-0.947681248751785,-0.566927935479385,-0.026535443668303,0.547118492561318,1.01405348691795,1.25468637369738,1.20022715155163,0.851707809353378,0.282386020255049,-0.37774162330024,-0.972077220279678,-1.35512545836889,-1.42853426106825,-1.16640749570256,-0.623309500662796,0.0774058783334163,0.772407971980488,1.29745497072858
1.59126692532884,1.45779247329738,0.989571038451274,0.295383108846754,-0.463224417549081,-1.11066622500241,-1.49905533957948,-1.54278598525297,-1.23772088586228,-0.660647608332054,0.0504510546194977,0.730132951312153,1.22480412286238,1.42806244024216,1.30381237934271,0.892132824820446,0.297208770783704,-0.33908173691789,-0.871147296899125,-1.18304785306916,-1.21363962852423,-0.968171119793569,-0.514339829464492,0.0355905172176701,0.551976078911176,0.9177972322041,1.05467405389336,0.939275387465825,0.606856828136598,0.141600352069693,-0.343709076342939,-0.733935278099185,-0.937906913171256,-0.909044639258692,-0.655829530409405,-0.239824983981064,0.238380498438674,0.66232534835867,0.926879825373573,0.963409916612164,0.757043480685611,0.351746974847933,-0.158439942609544,-0.650485778925162,-1.00123831608958,-1.11747535148623,-0.95992107645976,-0.555123124226453,0.00826514537104875,0.598615892666254,1.0718908177437,1.30661796812258,1.23479490578317,0.86082452904752,0.263232668472084,-0.421951858208754,-1.03266278792342,-1.41972293120614,-1.48372417424944,-1.20060425084655,-0.629277060122687,0.100971116321947,0.820581175176651,1.36014318527038
1.65186278707113,1.50643192888535,1.01649113238431,0.295603301365509,-0.48893801596996,-1.15611082140983,-1.55408092025539,-1.59560665150901,-1.27751459461987,-0.679859595996951,0.0546045958507528,0.755272116192261,1.26415652943384,1.47218636781157,1.34284762191248,0.918044531687977,0.305505835422809,-0.348533951726539,-0.89437464937414,-1.21317359032406,-1.24272194160116,-0.98920477069037,-0.522930353533971,0.0402772444263542,0.567198789581583,0.938134596619944,1.07358199509863,0.950897229718085,0.607618652924223,0.131182008102707,-0.362276538389612,-0.755072252761371,-0.954984935777798,-0.916200949562735,-0.649630048800342,-0.220340847321158,0.267377352322407,0.694126280421007,0.95340250076929,0.977194438966005,0.753196507149906,0.329346256580142,-0.195850449753346,-0.695468862013306,-1.04400843263269,-1.14808230579681,-0.970576559490668,-0.542125440749925,0.0434747075131413,0.64954239262573,1.12823911326295,1.35645841417619,1.26717064003669,0.868215431515084,0.243311139258789,-0.465685809951329,-1.09152934502281,-1.48166543672218,-1.53587751164007,-1.23206472054728,-0.633462285832108,0.124894819343208,0.867521182699665,1.42019314864438
1.70834472241432,1.55091566521433,1.04010665379852,0.294103008155465,-0.514380832055803,-1.19930806644619,-1.60532295816262,-1.64388317596569,-1.31294900763922,-0.695808508443877,0.0602450335903724,0.779820419306393,1.30098106591284,1.51239535953409,1.37741748218712,0.939879592886922,0.310952531470627,-0.359052993509816,-0.916722028923556,-1.24072804979319,-1.26814807532581,-1.00631147757409,-0.52816031703712,0.0470819154663219,0.582923427386806,0.957356420473113,1.09011020210341,0.959486171035476,0.605411375790307,0.118511694741953,-0.381936219661853,-0.776000656373225,-0.970729446763702,-0.921330588544309,-0.641278701445637,-0.199136244184024,0.297256663284633,0.725811027996516,0.97892644661948,0.989449745733416,0.747777071873173,0.305817862910496,-0.233588269322204,-0.739853521487571,-1.08539617629089,-1.17689822661292,-0.979544973445455,-0.528059923756969,0.0787542681866751,0.699407592568857,1.18255570766464,1.40372772958814,1.29704264065918,0.873809508554519,0.222813491586855,-0.5085221433744,-1.14810991752804,-1.54035644028592,-1.58449198449161,-1.26048579321286,-0.635824637278119,0.148946843520222,0.912776109036628,1.47702660007277
1.76016877469666,1.59081533935767,1.0601903656591,0.29089696859574,-0.53930756272249,-1.23984178852036,-1.65228793076765,-1.68715063174688,-1.34368279703531,-0.708340547886019,0.0673183210184723,0.803541683457327,1.33492321222368,1.54830219715188,1.40718903422992,0.957427801711103,0.313496581254899,-0.37053733849708,-0.93797404428994,-1.26544578852917,-1.28967315558993,-1.01932648772237,-0.529979287428338,0.0559391277929073,0.598998705055378,0.97527770035129,1.10409955252107,0.964959508443596,0.600256268347286,0.103711479110565,-0.402498709452168,-0.796518847200024,-0.984988737406098,-0.92438409488493,-0.630855876340648,-0.176415359815641,0.327730701025259,0.757074484934169,1.003205914293,1.00005790132186,0.740837468721767,0.281388467853259,-0.271289924788091,-0.783212301701857,-1.12500294526861,-1.20364553070906,-0.986739809835092,-0.513061865407868,0.113764195354495,0.747731315359711,1.23431750004165,1.44797070327708,1.32412333286196,0.87755309129325,0.201937360733231,-0.550048156472757,-1.20185954790859,-1.59523072096206,-1.62909937175565,-1.28559360098092,-0.636341099489065,0.172895827891376,0.955910300282436,1.53009625137681
1.80683584659615,1.62574676665735,1.07654905826636,0.286016356262443,-0.563477879374039,-1.27732147755529,-1.69452351280135,-1.72499232995991,-1.36941989703876,-0.717334818975509,0.0757566064033863,0.82620768292635,1.36565619475429,1.57956108986326,1.43187556512002,0.97052023868548,0.313113655976811,-0.382876180055782,-0.957925868226014,-1.28708869120892,-1.30708987728641,-1.02812445035454,-0.528369683676672,0.0667637017231261,0.615269944998188,0.991725949349044,1.11541537547326,0.967264550516804,0.592202995262304,0.0869239362598778,-0.423765911892334,-0.816429140047205,-0.997625398468518,-0.925331989244952,-0.61846189896525,-0.152396978390299,0.358506003212781,0.787615598152075,1.02600714577212,1.00891685043485,0.732444652857331,0.256293436686947,-0.308592285515886,-0.825127630029851,-1.16244728657708,-1.22806654030816,-0.992091614498658,-0.497275514775427,0.148167465382311,0.794048228967371,1.28302599223109,1.48876127857995,1.34815204603784,0.87941035916457,0.180884046039321,-0.589863761264698,-1.25226054553215,-1.64575981468581,-1.66927003073425,-1.30714616326449,-0.635006414835768,0.196511412044827,0.996508522970136,1.57889105577709
1.84789650684005,1.65537361790319,1.08902540199953,0.279508467271088,-0.586658752795571,-1.31138605150784,-1.73162293343262,-1.75704383262359,-1.3899123584444,-0.722704500968114,0.0854788762559564,0.847600332841054,1.39288412922156,1.60587100402852,1.45123933602391,0.979030895302937,0.309807603408781,-0.395950503740679,-0.976385216192593,-1.305448266004,-1.32023050103277,-1.03262062417855,-0.52334694801532,0.0794514961466895,0.631580563707113,1.00654285418297,1.1239487464607,0.966379124064332,0.581329135261282,0.0683107745225905,-0.445532956332365,-0.835539713297256,-1.0085176467732,-0.92416506094818,-0.604216068093855,-0.127312377166221,0.389286200944857,0.817140265748122,1.04711062231332,1.01594139680668,0.722679591195563,0.230774555536146,-0.345136065565555,-0.865195838466429,-1.19736857033274,-1.24992596798806,-0.99554866278551,-0.480852695965582,0.181632903338039,0.837912325875722,1.32821208977042,1.52570665535919,1.36889751911721,0.879363675956665,0.159856562650589,-0.627585343382369,-1.29882747431866,-1.69145710345881,-1.70461703666369,-1.32493572402361,-0.63183314457225,0.21956644380117,1.03417995637195,1.62294112790195
1.88295531854517,1.6794106553107,1.09749945428108,0.271436253523531,-0.608626707184315,-1.34170733886467,-1.76322889442741,-1.78299646247211,-1.40496273983579,-0.724397691578654,0.0963917258567316,0.867513781723989,1.41634486669641,1.6269785620354,1.46509387152154,0.982877884526154,0.303610404689878,-0.409634240564234,-0.993174203450479,-1.3203476547322,-1.32896846885565,-1.03277169396103,-0.514959399496856,0.0938804074092877,0.647773575227125,1.01958579628635,1.12961753432654,0.962311786685502,0.567739433184674,0.0480512768235524,-0.467590172503717,-0.85366645912411,-1.01756050131475,-0.920894459834449,-0.58825550926574,-0.101403100422882,0.419774872401714,0.845364168373903,1.06631317585891,1.02106401906769,0.711636477289229,0.205077698717172,-0.380569285495933,-0.903031051189665,-1.22943046360437,-1.26901318646137,-0.997077464757052,-0.463951353926243,0.213838366724273,0.878901216470426,1.36944061972784,1.55845107152233,1.38616012202897,0.877413750040359,0.13905767636978,-0.662849462956586,-1.34111182955827,-1.73188250156207,-1.73479991129261,-1.33879075998968,-0.626851559104175,0.241839156098759,1.06856195007752,1.66182226768513
1.91167464750197,1.69762647625081,1.10188980656411,0.26187770578744,-0.629169981233238,-1.3679932433807,-1.78903701153084,-1.80260027583087,-1.41442601242846,-0.722397914103548,0.108390250107346,0.885756387366745,1.43581251551407,1.64268048241621,1.4733057551484,0.982024226513182,0.29458186087124,-0.42379548710884,-1.0081310624583,-1.3316433378448,-1.33321962326626,-1.02857618823858,-0.503287770677163,0.109911541904091,0.663693099396065,1.03072922237074,1.13236719030779,0.955101743184862,0.551564790329535,0.0263405730110801,-0.489725111362308,-0.870634758956245,-1.02466679746274,-0.915551592274568,-0.570733856865813,-0.0749186345696413,0.449678397230946,0.872015506642231,1.08342994296804,1.02423551606019,0.699421818402559,0.179450456470685,-0.414550663766338,-0.938268900643381,-1.25832417032388,-1.28514426122204,-0.996663095271211,-0.446734041643215,0.244473842200462,0.916620195128751,1.40631452189037,1.58667922758821,1.39977377209181,0.873579617602109,0.118687940933459,-0.695316360906031,-1.37870635878361,-1.7666466936625,-1.75952790445846,-1.34857764021697,-0.620109357609815,0.263115292528824,1.09932351090157,1.69516004463709
1.93377791372609,1.70984573843336,1.10215436060879,0.250925092959218,-0.64809057511328,-1.38999056041794,-1.80879874591435,-1.81566646992828,-1.41821096005767,-0.716724282647022,0.121359046460546,0.902152557253902,1.45109961488736,1.65282553771881,1.47579591387373,0.976478202110844,0.282809012440001,-0.438297780500003,-1.0211117038727,-1.33922651776231,-1.33294301797674,-1.02007449412588,-0.488444431812359,0.127390551206865,0.679185860466019,1.03986585136789,1.1321712716495,0.944818466697187,0.532961002836299,0.00338775988854139,-0.511724592087911,-0.886281166997448,-1.02976802936375,-0.908187822218623,-0.551819777405328,-0.0481140067652729,0.478708784186678,0.89683761823406,1.09829614255307,1.02542547558086,0.686153403791529,0.154139746095181,-0.44675290501165,-0.970570036356668,-1.28377140602628,-1.29816372632228,-0.994309345480287,-0.429366362973651,0.27324442569016,0.95070603992098,1.43847867293714,1.61011932138155,1.40960752711645,0.867898449425929,0.0989437569974365,-0.724673236626403,-1.41124898502548,-1.79541488400365,-1.77856279695977,-1.35420192068364,-0.611671219285604,0.283190161442425,1.12616848575592,1.72263340319503
1.94905225496519,1.71595084524336,1.09829072686912,0.23868406520728,-0.665206163348365,-1.4074874176354,-1.82232379745435,-1.82206920145149,-1.4162810607019,-0.707431323608193,0.135173320553059,0.9165444360122,1.46205893936063,1.65731601126993,1.4725403791598,0.966293270813203,0.268405297587243,-0.453001415782276,-1.03199110599891,-1.34302416719177,-1.32814131244077,-1.00734846905351,-0.470572309974925,0.146149116992181,0.694102661773311,1.04690770621333,1.12903169480513,0.931561028221525,0.512107260307301,-0.0205861129194079,-0.533376755487799,-0.900454985520969,-1.03281501231627,-0.898873980021896,-0.531695348114083,-0.0212473301246231,0.506586444794685,0.919591449518703,1.11076866040055,1.02462256223082,0.671959164356463,0.129389429657959,-0.476865853463525,-0.999623392717714,-1.30552707873718,-1.30794608600934,-0.990038693984923,-0.412015385794161,0.299873157384295,0.980830509388958,1.46562330675877,1.62854566369968,1.41556684012109,0.860425183465055,0.0800154718919628,-0.750637265297511,-1.43842629462292,-1.81791002057897,-1.79172119762368,-1.35560926117981,-0.601618190130093,0.301870599204418,1.14883841001652,1.74397775445388
1.95735057651415,1.71588307512641,1.09033624142397,0.225272629950199,-0.680351854929498,-1.42031531644057,-1.82948193680456,-1.82174679882135,-1.40865484093472,-0.694608454934277,0.149700084114695,0.92879342377235,1.46858491676097,1.65610863878753,1.46357051729046,0.951567554063296,0.251509457460222,-0.467764792889314,-1.04066451924153,-1.34299973230896,-1.31886074641092,-0.99052065314833,-0.449843513448504,0.166006571489455,0.708299822311285,1.05178696058833,1.12297871584062,0.915457141075093,0.489204419153797,-0.0453501718526917,-0.554473104015573,-0.913019716719168,-1.03377835863874,-0.88769968364456,-0.510554306346086,0.00542268089491085,0.533042886325687,0.940057857891143,1.12072742530978,1.02183462179485,0.656975934878686,0.105437961393121,-0.504599481095226,-1.02514918424521,-1.32338165015653,-1.3143970275911,-0.983892097627456,-0.394848040438239,0.324103684533223,1.00670350277383,1.48748699797226,1.64178084983559,1.41759446381963,0.851231987105194,0.0620855387852427,-0.772958325562966,-1.45997655596696,-1.83391546324052,-1.79887631233592,-1.35278595537083,-0.59004691079993,0.31897682399617,1.16711499409819,1.75898752451133
1.95859296760418,1.70964314426707,1.07836760152298,0.210820010783461,-0.693381783554892,-1.42835075450365,-1.83020425864222,-1.81470235649912,-1.39540569978701,-0.678379127986996,0.164799433768144,0.938781510892723,1.47061464598767,1.64921502575308,1.44897272676998,0.932442888945466,0.232284199029348,-0.482445780176995,-1.04704847393991,-1.33915348403792,-1.30519069475124,-0.969753089814138,-0.426457674616083,0.186771637893778,0.721640561381393,1.05445659248598,1.11407063827472,0.896661929524729,0.46447306733695,-0.0706659425492558,-0.574810508770253,-0.923854377105494,-1.03264876236326,-0.874772478634249,-0.488600186546045,0.0316392010433598,0.55782329812731,0.958039722649044,1.12807656367776,1.01708860132859,0.641348130981299,0.0825160876001208,-0.529686681667444,-1.04690159952889,-1.33716315436794,-1.31745433368553,-0.975928603659854,-0.378029518562841,0.345702726555657,1.02807585329347,1.503859179887,1.6496974661207,1.41567099640449,0.840407554630607,0.0453267532789545,-0.791421411162707,-1.47569224009073,-1.84327707005003,-1.79995916788595,-1.34575906867162,-0.577068692652242,0.334344162562447,1.1808222243892,1.76751813487676
1.9527674707334,1.6972911972505,1.06250012344513,0.195465400520635,-0.704170512594828,-1.43151641371728,-1.82448384405457,-1.80100370558679,-1.37666120362784,-0.65889964017079,0.180325898478852,0.946412416193473,1.46812850479675,1.63670153649657,1.42888760572673,0.90910346143343,0.210914628484907,-0.496903081393928,-1.0510815819189,-1.33152251407361,-1.28726280678762,-0.945245765843848,-0.400640027285683,0.208244273951896,0.73399631795211,1.05489083829312,1.10239325119909,0.875356433509211,0.43815139917505,-0.0962896458278215,-0.594193164183474,-0.932854661816008,-1.02943708994925,-0.860216805056622,-0.466044362612553,0.0571497668181388,0.580689006383825,0.973363844064669,1.13274532147901,1.01043028589035,0.625226353757276,0.0608446213346188,-0.551885843731663,-1.06467116791618,-1.34673885460363,-1.31708848491625,-0.966224786767463,-0.361721687614249,0.364462318866639,1.04474172759004,1.51458217266121,1.65221931512782,1.40981506358077,0.828056246947937,0.0299005846596948,-0.805848703184381,-1.48542201883224,-1.84590468177975,-1.79495927873559,-1.33459618237891,-0.562808450612449,0.347824633451683,1.18982805836303,1.76948739584803
1.93993019653962,1.67894622589121,1.04288662995182,0.179356620452593,-0.71261424124322,-1.42978190221604,-1.81237582573289,-1.78078276098872,-1.35260185878743,-0.636357629698981,0.196129842674319,0.951612517672526,1.46115034165007,1.61868865602986,1.40350859736042,0.88177403238675,0.187606470237168,-0.51099759299518,-1.05272512412436,-1.32018037573863,-1.26524973848145,-0.917234686059717,-0.372639236974003,0.230217600911531,0.745247991939349,1.05308544296785,1.08805900310413,0.851745863904502,0.410492920714872,-0.121974544433577,-0.612434471629871,-0.939933947629699,-1.02417427610117,-0.844172801220986,-0.443104014414564,0.0817087072138749,0.601419773632506,0.985882612336002,1.13468874481266,1.00192385459753,0.6087659356787,0.0406323134415808,-0.570983177787654,-1.07828677617585,-1.35201652208504,-1.31330294711507,-0.954874016152016,-0.346081535957089,0.380201813922541,1.05654060824595,1.51955270210559,1.6493221478064,1.4000831352837,0.814297082087152,0.0159556180553282,-0.816101282914259,-1.48907222134385,-1.84177299026574,-1.78392475019277,-1.31940474634128,-0.547403502957926,0.359288371604127,1.1940456975423,1.76487629939827
