0.224215679076883,2.10990387674589,3.4787142077749,4.02159240064159,3.64964158455542,2.49054082683516,0.830653217312252,-0.960967266552051,-2.50322535294215,-3.46703495326282,-3.63953658485821,-2.98225498983769,-1.65840464892489,-0.00290309865668406,1.56812825125576,2.67828260658538,3.09382762421285,2.77104897467943,1.84140587673397,0.556233547458114,-0.779699577476013,-1.868693400842,-2.4732666147661,-2.46412674272428,-1.85557402563456,-0.811190999684965,0.393583652570494,1.44688023607678,2.08810463651669,2.17516198077295,1.71019156408933,0.824182075360173,-0.263587884602149,-1.29434289004329,-2.0192436238677,-2.24940716882902,-1.90372632134981,-1.04165421932114,0.137604819132599,1.33997463427053,2.25604751196437,2.64723258787325,2.4068422159604,1.57877184961924,0.337894065544655,-1.05083100128717,-2.28060063203863,-3.05628657811211,-3.15676227566967,-2.50043556296549,-1.19147496054741,0.482920614428513,2.1188762776459,3.30900178948144,3.75881304549184,3.36103020333764,2.20717382277359,0.5484676427575,-1.26545190412328,-2.84974798484127,-3.84867611353173,-4.00814655092269,-3.25023752796084,-1.72095243472215
0.249739748764055,2.10561797371298,3.44441884715006,3.96450061885414,3.58206937012066,2.42662788891876,0.783416016689764,-0.981706488198691,-2.49228476762553,-3.42506835429246,-3.57377331375669,-2.90596918865213,-1.58840664610126,0.0446920666074968,1.58243860981135,2.65664713903982,3.04208269627051,2.70130270928598,1.76860414511411,0.494922544035449,-0.81774937378349,-1.87616073405297,-2.4485984816066,-2.41235489346204,-1.78792254427122,-0.742852252422715,0.447275092483952,1.47461882791089,2.08548946387027,2.1452406416101,1.66180966764345,0.769188765543692,-0.31312811141006,-1.32835490391714,-2.03129136753151,-2.23791906263915,-1.87256068398385,-0.999460933402377,0.179530492807972,1.37089726359789,2.26889789008786,2.64038681468946,2.38401562063467,1.54739725752706,0.306883847837245,-1.07317799651071,-2.28828716849091,-3.04694895864441,-3.13254285736535,-2.46794185885497,-1.16034544376387,0.502772600912631,2.12045390538623,3.29053193066769,3.72421269749234,3.31852506848448,2.16691541775418,0.520168867964129,-1.27434291822766,-2.83542362618375,-3.81210172119252,-3.95571622564554,-3.19324686209271,-1.67331223376815
0.27304461577772,2.09318193671769,3.39801549351283,3.89407984045156,3.50272428909622,2.35473079471786,0.733339021098659,-0.999788016243418,-2.47385064018117,-3.37236908791245,-3.49633037447335,-2.81958321334268,-1.51202733669625,0.0937755689469542,1.5934296810992,2.62811603785406,2.98179444422259,2.62342119386331,1.68977886242149,0.43076197804516,-0.855173084865016,-1.8799902869926,-2.41841083374754,-2.35473653536581,-1.71568443634362,-0.67234826708044,0.500326880393372,1.49939935574248,2.07874789939207,2.11143839220056,1.61104944972947,0.714111307195179,-0.360292878610422,-1.35803079011284,-2.03813671153065,-2.22184926646721,-1.83895308173534,-0.958053717070917,0.217191794264313,1.39482930385869,2.27361082532675,2.62621634338092,2.35648876900964,1.51519167730002,0.279362080653195,-1.08813137864125,-2.28592615483647,-3.02686988798228,-3.09925816597315,-2.43032801274141,-1.1295759731208,0.516507956101439,2.11130933560037,3.25902269648564,3.67705233830366,3.26654264564693,2.12214296456425,0.493206817038702,-1.27622690854465,-2.80964607271875,-3.76177922385562,-3.89002459642713,-3.12634772720658,-1.62134950370278
0.293904663736072,2.072729116248,3.33997109040751,3.8110209281478,3.41236761227571,2.27552780642784,0.680892341147509,-1.01503638070974,-2.44808523673747,-3.30942634823237,-3.40794542565751,-2.72393593604197,-1.43001719402712,0.143864909489993,1.60099929654727,2.59297846816158,2.91355744362722,2.53815780441454,1.60568061463514,0.364357403494927,-0.891616122350777,-1.88014019724027,-2.38298316256986,-2.29181799161986,-1.6395552803758,-0.60036490467539,0.552220896354369,1.52098153576701,2.06794948600106,2.07408749193841,1.55840380265398,0.659479963330719,-0.404630162532208,-1.38308585966664,-2.03971253507759,-2.20135014082743,-1.8032250383801,-0.917829475548825,0.250228808578595,1.4115444092146,2.27014488773105,2.60485914556409,2.32452542079473,1.48246388077304,0.255596427422031,-1.09553907112186,-2.27353011069957,-2.99623635184348,-3.05722975315407,-2.38796203751995,-1.09946599488111,0.52400016363456,2.09154457808151,3.21479177002972,3.61779168229977,3.20557800378074,2.07327789792343,0.467838229552884,-1.27107576302207,-2.77264514129579,-3.69817819734336,-3.81170236776301,-3.05019494961399,-1.56557680206955
0.312118995741061,2.04447175351878,3.27086480120714,3.71613426833853,3.31186334066278,2.18976511700387,0.62656854320022,-1.0273022738033,-2.41522055768734,-3.23682876350067,-3.30946387823641,-2.61995802410036,-1.34318231722697,0.194468034173838,1.60507895308239,2.55158721707269,2.83804156860875,2.44633509836342,1.51710928441381,0.29633551666702,-0.926733137156309,-1.8766040050695,-2.34264608211363,-2.22419774802022,-1.56026904406381,-0.527602595833713,0.602450187181214,1.53915564945407,2.05320207189206,2.03355345122776,1.50438334478766,0.605820997965665,-0.44571465900294,-1.40328004721839,-2.03600356906056,-2.17661819012987,-1.76571926528701,-0.879173158362795,0.27832749685974,1.42088649617041,2.25853657458218,2.57652026552722,2.28843011433818,1.44952738396129,0.235819894780645,-1.09531978070989,-2.25120782543621,-2.95533885607494,-3.00686638368869,-2.34125973144107,-1.07030827084927,0.525184941131193,2.06136569673953,3.15827887436989,3.54700412720288,3.13620931128751,2.02077937948326,0.444305377168266,-1.25892696142527,-2.72475764578876,-3.62189755442294,-3.72150528526275,-2.96553566119762,-1.50654444017667
0.327513369249579,2.00869834967941,3.19138165656089,3.61034156375579,3.20217012228558,2.09825030088739,0.570878386976613,-1.03646408227598,-2.37555672343834,-3.15525940152745,-3.20183097593891,-2.50866261094946,-1.25237604179918,0.245088443965949,1.60563430389865,2.50435474302284,2.75598505199251,2.34883683813877,1.4249067332145,0.22733861320494,-0.960191129513728,-1.86941090842112,-2.29777855142926,-2.15252097568913,-1.47859098493328,-0.454769318895463,0.650524124815712,1.55374463512761,2.03465062380808,1.99023128849558,1.44951136422377,0.553651602743051,-0.483151814387282,-1.41842017575566,-2.02704654666999,-2.14789220533605,-1.7267964135385,-0.842454145526631,0.301222562069683,1.42277105874251,2.23889983906559,2.54146987002913,2.24854536004191,1.41669749192818,0.220228429862868,-1.08746416286803,-2.21916371745179,-2.9045688023107,-2.94865994481638,-2.29068037435198,-1.04238595184095,0.520060556760584,2.0210802210401,3.09004100917849,3.46537112875876,3.05909261205052,1.96514031531524,0.422833808889363,-1.23988368048117,-2.66642490374143,-3.533660299585,-3.6203068013099,-2.87320157614056,-1.44483467642542
0.339941829106963,1.96577025840391,3.10230520782696,3.4946666536691,3.08433237586601,2.00184524246168,0.514346383495389,-1.04242919259266,-2.32945971373314,-3.06548980956772,-3.08608281457192,-2.39113508678578,-1.15849006560982,0.295230328560801,1.60266529929787,2.45174867178352,2.66818695400715,2.24659950082746,1.32994912138272,0.158018894056602,-0.991672456251344,-1.85862566838296,-2.24880459042354,-2.07747355017594,-1.39531021563275,-0.382573503561957,0.695973396219649,1.5646058713715,2.01247571790716,1.94454154711861,1.39431866234248,0.503474899706202,-0.516581582600537,-1.42836176689991,-2.01292981067726,-2.11545094087725,-1.68683162180024,-0.808022801710979,0.318699799968879,1.41718577234148,2.21142490987836,2.50004075220907,2.20524853806327,1.38428833491086,0.208978822308643,-1.07203535202121,-2.17769627125533,-2.84441481323515,-2.88318044544864,-2.23672193907402,-1.0159697606306,0.508687473991777,1.97109353524153,3.01074659655922,3.37367564821015,2.97495596908576,1.90688309637033,0.403630220608117,-1.2141143314352,-2.59818924964731,-3.43430701265758,-3.509089478578,-2.77410035086139,-1.3810555806506
0.349288024745799,1.91611755885028,3.00450928603961,3.37022546169507,2.95947069314769,1.90145858321436,0.457506197814293,-1.04513505118308,-2.2773584581147,-2.9683731223072,-2.96333638183179,-2.26852212477692,-1.06244520098614,0.344403660579305,1.5962059835446,2.39428680294795,2.57549912829158,2.14060335486441,1.23313892374078,0.0890326562189792,-1.02087771403389,-1.84434815891288,-2.19618950678527,-1.99977561561104,-1.31123200795528,-0.31171693911574,0.738354766556372,1.57163263208019,1.9868917271009,1.89692611749571,1.33933835143245,0.455775068971403,-0.545681873557936,-1.43301038122666,-1.99379238264513,-2.07961034910718,-1.64621089237369,-0.776207227300607,0.33059792038536,1.40419038862171,2.17637641632803,2.45262530958211,2.15894852263827,1.35260992145384,0.202186939302859,-1.04916883465374,-2.12719555171056,-2.77545803920339,-2.81107016354865,-2.17991587807933,-0.991315314971518,0.4911873422369,1.91190430514686,2.92116861128576,3.27279473527811,2.88459301446475,1.8465550842005,0.386880467854674,-1.18185151406099,-2.52068955910568,-3.32478810685126,-3.38893522128777,-2.66920613458193,-1.31583464886085
0.355466202262959,1.86023427359884,2.89894897248457,3.23821517540439,2.82877159461093,1.79803773161576,0.400895923392018,-1.04454996309907,-2.21974128192085,-2.86483628363379,-2.83477871288168,-2.14202006849151,-0.965181867361013,0.392129188941362,1.58632395751757,2.33253169381317,2.47881777559055,2.03186318602691,1.1353967001411,0.0210344060996467,-1.04752847755352,-1.82671255847739,-2.14043565839623,-1.92017474937916,-1.22716991340934,-0.242887765856688,0.777255560434159,1.57475519600822,1.95814472515061,1.84784390941524,1.28510065994796,0.41101264926089,-0.570171660579101,-1.43232247767471,-1.96982250610799,-2.04072040203491,-1.60532733076077,-0.74731023281464,0.336809830553414,1.3839159309127,2.13409083862705,2.39967201819195,2.11008205559419,1.32196523391855,0.199926320440543,-1.01907164797986,-2.0681398044811,-2.69836649094455,-2.73303701199542,-2.12082155172095,-0.968660619150299,0.467741359520351,1.84409901213024,2.82217677823031,3.16369131334189,2.78885594604603,1.78472386556356,0.372747740764185,-1.14339037506467,-2.43465579824657,-3.20615492221821,-3.26101444004832,-2.5595494287467,-1.24981225020995
0.358421866756621,1.79867300222476,2.78665089143504,3.0999027647546,2.69347671618794,1.69256048343321,0.345053257678375,-1.04067361384453,-2.15715171986816,-2.75587144027423,-2.70165526948439,-2.01286281427324,-0.86765044059726,0.437943272787567,1.57311952038254,2.26708488932125,2.37907467580005,1.92141875564794,1.03765268248871,-0.0453290644862431,-1.07136987188225,-1.80588618549287,-2.08207778267721,-1.83943878929507,-1.14393778099581,-0.176753626855933,0.812297809882585,1.5739415969927,1.92651012891142,1.79776641916133,1.23212779775791,0.369620057959124,-0.589813716610298,-1.42630578569303,-1.9412556822856,-1.99916153615301,-1.56457728660904,-0.721606560670254,0.337283378537588,1.35656320678579,2.08497330798364,2.34168142714827,2.0591098920175,1.29264739122552,0.202227157067144,-0.982020892556291,-2.00109116169059,-2.61388845563688,-2.6498472040643,-2.06002036910693,-0.948223750028449,0.438588040841944,1.76834567257774,2.71472892589796,3.04740523702848,2.68864801387207,1.72197230139819,0.361370920186209,-1.0990863636943,-2.34090262393362,-3.07954973082863,-3.12657427061071,-2.44620638212119,-1.18363498890341
0.358132114828549,1.73203904557891,2.66870293810692,2.95661294807769,2.5548715075373,1.5860263045762,0.290510611647299,-1.03353730102908,-2.09018371769679,-2.64252657785876,-2.56525766187193,-1.88230932816919,-0.770801574757134,0.481402501001008,1.55672450651916,2.19858086716809,2.27722818806966,1.81032507405785,0.940838241864606,-0.109424597206588,-1.09217295840293,-1.78206798387895,-2.02167793141961,-1.75834839133156,-1.06234175472404,-0.113955054475927,0.843142022439895,1.56919800459663,1.89229010096715,1.74717323456291,1.18092893192709,0.331997375554595,-0.604416951768637,-1.41501918835421,-1.90837222306535,-1.95534076169854,-1.52435643601666,-0.69934037574272,0.33202156064771,1.32240066075116,2.02949378574625,2.27920170007179,2.0065127416797,1.264936903055,0.20907567793004,-0.938361553697102,-1.92669048218648,-2.52284506554923,-2.56231730902462,-1.99810971619062,-0.930200760695279,0.404020432425703,1.68538682753134,2.59986158973395,2.92504369560929,2.58491554193963,1.65889339805352,0.352863133545979,-1.04935238318728,-2.24032207216117,-2.94619474491848,-2.98692597957578,-2.3302876546612,-1.1179490630686
0.35460564143999,1.66098409864909,2.54624355555776,2.80971571507595,2.41427352551355,1.47944733354008,0.237790189308499,-1.02320386482877,-2.01947625132496,-2.52589548225447,-2.42691084249747,-1.75163094068808,-0.675576609721935,0.522088046906859,1.53730083647864,2.12768076644809,2.17425410664823,1.69964257190074,0.845877301564323,-0.170638535904151,-1.10973691397915,-1.75548666958443,-1.95982005663033,-1.67768939140133,-0.983172334263699,-0.05509916240801,0.869490528141785,1.56056872870995,1.85581073555438,1.69654751951363,1.1319953212255,0.298508437030671,-0.613838327662815,-1.39857211919158,-1.87149435169866,-1.90968748253804,-1.48505584679367,-0.680723043644235,0.321082202177824,1.28176159596609,1.96818265529431,2.21282373247361,1.95278703075221,1.23909903898687,0.220413959493148,-0.888503633839553,-1.84565136634146,-2.42612209946167,-2.47130579608955,-1.9356967477155,-0.914763821773091,0.364382817463894,1.59603189222338,2.47867996231968,2.79777103857014,2.4786395344875,1.59608503154712,0.347310528463503,-0.99465534340646,-2.13387538453931,-2.80738023352585,-2.84343170077693,-2.21292698707675,-1.05339370045519
0.347882429268133,1.5861995911027,2.42045067325502,2.66061351619685,2.27302040970692,1.37383916597173,0.187399076632928,-1.00976730901255,-1.94570740229904,-2.40710712076973,-2.28795990911729,-1.6220985640632,-0.582898173837597,0.559609712967884,1.51503880282165,2.05506596641789,2.0711364572554,1.59042725123625,0.753677764043711,-0.228382497370014,-1.12389098336271,-1.7263985535353,-1.89710429958052,-1.59824504936715,-0.907196581946151,-0.000753709329282537,0.891090370200345,1.54813584560385,1.81741905119087,1.6463715174829,1.08579565476029,0.269477269984785,-0.617984327209852,-1.37712347995532,-1.83098288680944,-1.86264907693926,-1.44705806934492,-0.665931213132857,0.3045771257038,1.23504079912892,1.90162576459794,2.14317587685409,1.89844050959322,1.2153813352033,0.236140175127593,-0.832918606001577,-1.75875339586122,-2.3246611069905,-2.37770417090623,-1.87339212028322,-0.902059617144908,0.320066963222814,1.5011489583707,2.35234728983278,2.66679810257051,2.37082691997225,1.53414455893381,0.344771281202288,-0.935512127531197,-2.0225840355466,-2.66445186639371,-2.69749065449217,-2.09526961438574,-0.990594747290215
0.338033132274694,1.50840975437443,2.2925304175923,2.51072822703725,2.13245763032566,1.2702114896621,0.139824382652356,-0.993352107491092,-1.86958793779032,-2.28731454876242,-2.14975666108635,-1.49496997584324,-0.493661084836389,0.593609626094128,1.49015511329305,1.98143157929864,1.96885831516737,1.48372089730293,0.665123021852083,-0.282098993967374,-1.13449618532977,-1.69508506098675,-1.83414104140799,-1.52078825719808,-0.835150558085618,0.0485584052113042,0.90773571061378,1.53201844701117,1.77747981385623,1.59712211130189,1.04277163694222,0.245184916005868,-0.616811962246467,-1.3508800907995,-1.78723354982755,-1.81468629269714,-1.41073329631379,-0.655105216585276,0.282670825510282,1.18269060741181,1.83045896140801,2.07091831034448,1.84398773397061,1.19401126040655,0.256109292639656,-0.772135207037202,-1.66683465939242,-2.21944995455892,-2.28242781285008,-1.81180374302754,-0.892208007486303,0.271507962456357,1.40165614364849,2.2220738153493,2.53337112181663,2.26250149048,1.47366335449115,0.345274855718681,-0.872484993842445,-1.90752003602837,-2.51879741586694,-2.55052500766867,-1.97846066070835,-0.930158481831535
0.325158168314857,1.42836449259873,2.16370570097825,2.36148799522534,1.99392610220162,1.16955864417921,0.0955284785809806,-0.974112194924765,-1.79185445272823,-2.16768345697338,-2.01364605715546,-1.37147730960122,-0.408723644874766,0.623765550380999,1.46289071495157,1.90747991767628,1.86839272211486,1.38054143054314,0.581063624525591,-0.331266855641035,-1.14144675374491,-1.6618499716396,-1.77154477909098,-1.44607379586588,-0.767732064291472,0.0923641582755076,0.919269728711762,1.51237151794604,1.73637221497237,1.54926647414449,1.00333385751316,0.225866668153081,-0.61032930511964,-1.32009468857484,-1.74067293977409,-1.7662685123509,-1.37643563397375,-0.648347800029579,0.255578670468843,1.12521646034642,1.75536216689502,1.99673708303147,1.78994544897667,1.1751940615157,0.28013422429847,-0.706734598375477,-1.57078363462957,-2.11151289890964,-2.18640662353948,-1.75153062023504,-0.885300971544789,0.219179723997291,1.29851258281017,2.08910536985944,2.39876030668932,2.15469459936526,1.41522131223259,0.348821527391091,-0.806176442295345,-1.78979560091019,-2.37183295786247,-2.4039655368709,-1.86363364920067,-0.872665718316516
0.309386538246987,1.34683213197464,2.03520479152339,2.21431407568781,1.8587497622361,1.07285018516356,0.0549443834894927,-0.952229643834816,-1.71326214060635,-2.0493804832584,-1.88095272531213,-1.2528148884589,-0.328899416878821,0.649793790513203,1.43350842362423,1.83391399319814,1.77069377469443,1.28187347700986,0.502309174989322,-0.375406397055122,-1.14467129573189,-1.6270164090064,-1.70992789521404,-1.37483072707043,-0.705593771114541,0.130244886770167,0.92558599757228,1.48938445311922,1.69448642884138,1.50325784422437,0.967857981647651,0.211709753290076,-0.598595534617919,-1.28506349288592,-1.69175422239534,-1.71786894552478,-1.34449952755742,-0.645723191836106,0.223564660858258,1.06317198303022,1.67705303723251,1.92133788867267,1.73682790704838,1.15911080849265,0.307987427769074,-0.637344931134065,-1.47153050689286,-2.00190029962031,-2.09057559722445,-1.6931568568508,-0.881401831688837,0.163590168222028,1.192709153628,1.95471171140564,2.26424817831059,2.04843568528643,1.35938136009189,0.35538218341413,-0.737223584501935,-1.67055228094864,-2.22498872148419,-2.25923725665175,-1.75189925553364,-0.818666260288766
0.290874391132398,1.26459211949128,1.90824996006969,2.07060775844672,1.7282232110458,0.981021538764365,0.0184713471740363,-0.927913034824997,-1.63457726778515,-1.93356141903861,-1.75296767523735,-1.14012753013884,-0.254949559771421,0.671451665555324,1.40229038343994,1.7614310990947,1.67668795246466,1.18865923361276,0.429620530141516,-0.414084274409665,-1.14413365043315,-1.59092361129041,-1.64989439352769,-1.3077550061059,-0.649336802058736,0.161840196033332,0.926629330198196,1.46327922589078,1.65222007465285,1.45953145337706,0.936681291274274,0.202851483580637,-0.581720491048429,-1.24612336335097,-1.64095258294252,-1.66995980573156,-1.31523638126853,-0.647256516799141,0.186938767226783,0.997153649893239,1.59628026611291,1.84543960327777,1.68514215386343,1.14591665630193,0.33940295025053,-0.564635361722242,-1.37003801258367,-1.89167808596442,-1.99586542208306,-1.63724589327527,-0.880544766905621,0.105276182902797,1.08525902839287,1.82017471168628,2.13111774958916,1.9447426963523,1.3066840348103,0.364898409348838,-0.666292064719412,-1.55094966922026,-2.07969474326498,-2.11774517452149,-1.64433442591189,-0.768673754918568
0.26980335673887,1.18242773755851,1.78404629560897,1.93173749119441,1.60359952276672,0.89496483653495,-0.0135293177515052,-0.901395530856424,-1.55656943348168,-1.82135944549845,-1.63093536173717,-1.03449944358844,-0.18757578985311,0.688539539233399,1.36953538127009,1.69071652476856,1.58726574939082,1.10178970281304,0.363702380828495,-0.446917976047394,-1.1398334335084,-1.55392351938228,-1.59203367473022,-1.24550240107009,-0.599504840759228,0.186851260871317,0.922396094174503,1.43430822766597,1.60997460869438,1.41850063745725,0.910099604808745,0.199377896692766,-0.559863739940749,-1.20364857505661,-1.58876049342178,-1.62300752830847,-1.28893141164167,-0.652933559997984,0.146053881485135,0.92779508058975,1.5138165844746,1.76976764091613,1.63538331834887,1.13573934052099,0.37407890179045,-0.489309573066812,-1.26729190332255,-1.78191709560559,-1.90319321808883,-1.58433503035253,-0.882734613217417,0.0447983938893362,0.977188138348001,1.68677648794356,2.00064064610709,1.84461249360324,1.25764216991968,0.377282868443908,-0.594069588208376,-1.43215380263099,-1.93736648617019,-1.98086032973773,-1.5419719715632,-0.723160992137945
0.246378667697569,1.10111889620671,1.66377077426269,1.79902629692283,1.48607832974965,0.815520025064174,-0.0407381019912757,-0.872932670931025,-1.48000370383873,-1.71387353714515,-1.51604124308241,-0.936943827111027,-0.127414024910447,0.700902398947506,1.33555604072335,1.62243744646135,1.50327366794399,1.02209636932365,0.305196286226127,-0.47357989141126,-1.13180625458669,-1.51637722040413,-1.53691442806776,-1.18868180114896,-0.556578822062375,0.20504349377968,0.912934000108378,1.40275179942129,1.56815167299816,1.38055315440805,0.888364598509217,0.201322899244264,-0.533233148724499,-1.15804724250835,-1.53568284590587,-1.57746808454676,-1.26584077022795,-0.662700882487618,0.101302412041555,0.855761021401125,1.43045151678443,1.69504718001719,1.58802994550864,1.1286779214799,0.411680337336696,-0.412098865178276,-1.16429113275802,-1.6736824030109,-1.81345351214279,-1.53493029915163,-0.88794694845913,-0.0172641967592331,0.869525634363887,1.55578757610065,1.87406526291897,1.74901131829678,1.2127357520662,0.392419977116743,-0.521259121635448,-1.31532538670777,-1.79939058526136,-1.84990626690343,-1.44579074121326,-0.682555684414837
0.220827094341926,1.02143505937256,1.54856166116859,1.67373958485813,1.37679429103807,0.743466347440187,-0.0628808118453695,-0.842799902926322,-1.40563271328385,-1.6121571706679,-1.40939997163382,-0.848393266655559,-0.0750287568131019,0.708430981512766,1.30067591997136,1.55723703398995,1.42550663104927,0.95034338907564,0.254674236591725,-0.493800904364886,-1.12012359736334,-1.47865128747242,-1.4850787141871,-1.13784899288266,-0.520972260938636,0.216248562707633,0.898341375363941,1.36891548058633,1.52714942732994,1.34604773398132,0.871681548708205,0.208667922813524,-0.502082985730857,-1.10975742542407,-1.48223200353832,-1.5337824445918,-1.24618896833241,-0.676466288519799,0.053112556012671,0.781741066903213,1.34698395602352,1.62199631723438,1.5435394131286,1.12480179001223,0.451842520743305,-0.333754886693953,-1.06203787284445,-1.56802275414623,-1.72750954478229,-1.48950172324616,-0.896128455552722,-0.0803196549867027,0.763294422620988,1.42845523903985,1.75260505582353,1.65886541220471,1.17240700308188,0.410166876453744,-0.448571837791512,-1.20160797804264,-1.66711088122561,-1.72614608703498,-1.35670646161654,-0.647236755012476
0.193394715524218,0.9441283565913,1.43950831902461,1.5570734508606,1.27680605485362,0.679514295085866,-0.0797316770791603,-0.811289879579376,-1.33418882963846,-1.51720747502239,-1.31204434557747,-0.769691020742063,-0.0309081877016566,0.71106244889526,1.26522653718284,1.49572880986262,1.35470086327724,0.887220358119334,0.212632816321633,-0.507373459428516,-1.10489235492549,-1.44111405795318,-1.43703631314932,-1.09350097817784,-0.493027265728523,0.220365748212161,0.878765940338496,1.33312700374702,1.48735889215877,1.31531088142188,0.86020751028485,0.221342096498969,-0.46671155594895,-1.05924295248403,-1.42892282021992,-1.49237223841317,-1.23016663276966,-0.694099641617472,0.0019442824386553,0.706443177614478,1.2642146220223,1.5513192095117,1.5023434755246,1.12414994593912,0.494174537824541,-0.255042086068402,-0.961527469697531,-1.46596022104162,-1.64618499520471,-1.44847901390639,-0.907197555858169,-0.143768593934123,0.659501849269826,1.3059920017049,1.63742706780228,1.57505188410768,1.13705574651793,0.430354695816629,-0.376719883536811,-1.09211626276778,-1.54181489981026,-1.61077020858645,-1.27556332407886,-0.617531154825279
0.164344548617455,0.869926926371587,1.33764149182342,1.45014356124908,1.18708582561858,0.624298128365495,-0.0911160064980062,-0.778709545632569,-1.26637648097462,-1.42995495429921,-1.2249151402206,-0.701583265722205,0.00453984539562147,0.708780621904942,1.22954434677592,1.43849129384079,1.29152728921021,0.833335726175242,0.179488036146267,-0.514154053166176,-1.08625401618245,-1.4041318934095,-1.39325940862391,-1.05607090144782,-0.473011274284502,0.217362637076162,0.854403109701765,1.29573306652559,1.44916033100667,1.28863395596557,0.854049942948122,0.239222934606006,-0.42745839305882,-1.0069890016237,-1.37626767870765,-1.45363566017704,-1.21792861740506,-0.715434024403324,-0.0517149389249386,0.630587049950111,1.18293846992946,1.48369926818012,1.46484397922669,1.12673055828114,0.538263219801338,-0.176729967024309,-0.863738450848422,-1.36848018529102,-1.570256202819,-1.41224773113895,-0.921045301894546,-0.207009643858915,0.559130603189658,1.18956450242249,1.52964079294879,1.49838991864464,1.10703511765969,0.452790100697465,-0.306409055342779,-0.987924571171485,-1.42472092961,-1.50488495916584,-1.2031263824159,-0.593711220535893
0.133954061531742,0.799528532809753,1.24392412757168,1.35397471162215,1.10850964512204,0.578369062471841,-0.0969123471572292,-0.74537704782321,-1.20286474194357,-1.35125390826113,-1.1488519253208,-0.644712361980703,0.0309911423360642,0.701615783870399,1.19396768911636,1.38606296326648,1.23658549378365,0.78921091616239,0.155570899043089,-0.514065107803554,-1.06438350294037,-1.36806546466747,-1.35417767507315,-1.02592364574357,-0.461114543256703,0.207275156331223,0.825493845569764,1.25709591448802,1.41291970132728,1.2662705437203,0.853265793226259,0.262137532640363,-0.384701032290175,-0.953497477619085,-1.32477159504911,-1.41794365681291,-1.20959249069061,-0.740267234604189,-0.107354628197407,0.554897395108324,1.10393711732018,1.41979247156938,1.4314087967133,1.13252081390052,0.583677333255308,-0.0995852375470375,-0.769622695773534,-1.27652175361378,-1.50044495431644,-1.38114593603983,-0.937536516719056,-0.26944487172551,0.463129901243708,1.08028274749718,1.43028748116927,1.4296324254046,1.08264767522643,0.477257112930946,-0.23833147088091,-0.890055767901114,-1.31696584273938,-1.4095021056555,-1.14007481526938,-0.57599258005695
0.102512588975745,0.733594492747355,1.15924279957944,1.26949114957481,1.04184849510737,0.542189211342218,-0.0970541080883625,-0.711618502623639,-1.1442802751709,-1.2818736665618,-1.08458496158992,-0.599611188546571,0.0482076017236397,0.689644069718699,1.15883373573835,1.33893755725358,1.19039828656176,0.755275207134279,0.141123759005573,-0.507096190140678,-1.03948766114674,-1.33326610495132,-1.32017382928295,-1.00335214922009,-0.457448412209529,0.190206958045934,0.792322093467433,1.2175897709928,1.37898520374978,1.24843414335823,0.857861036511601,0.289864259459914,-0.338851393543075,-0.899282229554916,-1.27492743500244,-1.38563643658163,-1.20523741457352,-0.768363607108882,-0.164445969938338,0.480097183548304,1.02797135968649,1.36022086460281,1.40236802489764,1.14146705882457,0.629971988133529,-0.0243639449514221,-0.680095879954691,-1.19096870141978,-1.43741189559329,-1.35546135265409,-0.956511165526553,-0.330485112566891,0.372407015977738,0.979189853734951,1.34032998705069,1.36945822642815,1.06414197093341,0.503519187336987,-0.173158327649191,-0.799470654083743,-1.21959379284442,-1.32552941647105,-1.08699609345029,-0.564532605131123
0.0703186744478096,0.672743947092692,1.08439978222855,1.19750774712749,0.987760324670487,0.516126376656066,-0.0915306154547217,-0.677764659329187,-1.0912007193324,-1.22249074175565,-1.03272825510475,-0.566698580657352,0.0560388745260695,0.672986458613412,1.1244754516821,1.29755975113507,1.1534069092838,0.731861433571709,0.136297525162603,-0.493304545889722,-1.01180341407767,-1.30007227287294,-1.29157970101264,-0.988574483926872,-0.462044355582364,0.166328171150327,0.755211835128404,1.17759715149666,1.34768396009215,1.23529618199336,0.867790680094378,0.322134928251535,-0.290351808873235,-0.84486415227116,-1.2272112854356,-1.35702032815708,-1.20490342514554,-0.799456149345751,-0.222446635955539,0.406900911517064,0.955773844741402,1.3055663150094,1.37801049491904,1.1534852339015,0.676693211553432,0.0481963087465608,-0.596028299440649,-1.11264103207009,-1.38175061801761,-1.33542905062804,-0.977785943579005,-0.38955517768482,0.287819201638811,0.887252361060022,1.26064326539657,1.31846487893786,1.05170962980724,0.531321524922957,-0.111532840506059,-0.71705801213983,-1.13354591287449,-1.25376233508507,-1.04438108126479,-0.559429405654342
0.0376773586188221,0.617548506875439,1.02010583394095,1.1387221050595,0.946783100294408,0.500449761327974,-0.080387573070619,-0.644147498171393,-1.04414860975395,-1.17368199349926,-0.993773833162465,-0.546275892330286,0.0544232180957088,0.651807390387308,1.09121859615218,1.26232122632094,1.12596692351641,0.719202548849718,0.141149755923945,-0.472814927618981,-0.981595589672678,-1.26880616523726,-1.26867286996598,-0.981731728900303,-0.474853826850759,0.135873541922474,0.714523794687058,1.13750510095286,1.31931885093015,1.22698437758632,0.88295922482823,0.358637424020799,-0.239670732810839,-0.790766217038297,-1.18207802074778,-1.33236501526371,-1.20859112030742,-0.833248974572574,-0.280805720284117,0.336007945666941,0.888041976041694,1.25636459601257,1.35858063881065,1.16846160370804,0.723382632243039,0.117383976834596,-0.518236177993128,-1.04228723041283,-1.33398245875138,-1.32122965353999,-1.00115606337736,-0.446098907430603,0.210166070771254,0.805351194746673,1.1920056138659,1.27716222700747,1.04548298958635,0.560393599017657,-0.0540634491260823,-0.643625416146886,-1.05965112130154,-1.19487682902408,-1.01262008983211,-0.560721355812286
0.00489743393720392,0.56852730220305,0.966973737278259,1.09370766703125,0.919328969030625,0.49532667738349,-0.0637269101020253,-0.611096804541923,-1.00358590992943,-1.13591888209749,-0.968087289441595,-0.538524694133719,0.043387565193609,0.626313027490009,1.05937878241559,1.2335571598767,1.1083448127493,0.71742909485749,0.155643678896171,-0.445818703385566,-0.949154438750801,-1.23977051718967,-1.2516739079015,-0.982886659069482,-0.495748890729116,0.0991399895413103,0.670651836658715,1.09770139356493,1.29416554364215,1.22358146313462,0.903221579891412,0.399018760572393,-0.18729817796933,-0.737508477505791,-1.1399571011925,-1.31190116640239,-1.21626175464213,-0.869420014947911,-0.338968749875448,0.268096001188801,0.825431115830979,1.21309986453456,1.34427575673621,1.1862537747877,0.769582218496219,0.182520910532503,-0.447473552502289,-0.980577279408808,-1.29455204533826,-1.31298807201861,-1.02639722302482,-0.499584038605169,0.140182470503725,0.734273353907927,1.13509075977598,1.24596677092271,1.04553334173717,0.590451867231279,-0.00131738377534556,-0.579890920471663,-0.998618130329998,-1.14942346362485,-0.9919998904049,-0.568387138493857
-0.0277113154948157,0.526142460514776,0.925512643586213,1.06290791625086,0.905679616245268,0.500820306806125,-0.0417060063533603,-0.578936761105242,-0.969909223383104,-1.10956287407511,-0.955904630470538,-0.543505605273781,0.0230468275502029,0.596749185122752,1.02925861767879,1.21154315757332,1.10071533064533,0.726567613166027,0.179648162369717,-0.412572242725438,-0.914792865370638,-1.21324562424645,-1.24074425569511,-0.992023260773752,-0.524523630998136,0.0564836073069976,0.624019095318256,1.05857073429189,1.27246974166663,1.22512428669573,0.928384422024216,0.442888535575479,-0.13374092193537,-0.685603097387933,-1.10124863668753,-1.29581847377067,-1.22783773671593,-0.907623993500438,-0.396382734070784,0.203814808068594,0.768548155667566,1.17619960200594,1.33524372566879,1.20669199637607,0.814839011578481,0.242969344698724,-0.384424824576889,-0.928096498456134,-1.26382360573907,-1.31077275568715,-1.0532677369731,-0.549506858383999,0.0785319049591104,0.674704399664895,1.0904608833322,1.22519693615069,1.05186980964505,0.62120263902557,0.046185326546094,-0.526475727234736,-0.951028733402417,-1.1178227351923,-0.98270168677882,-0.582346291644999
-0.0598408704051423,0.490795039320093,0.896123267191603,1.04663172136373,0.905982888502474,0.516888561047586,-0.0145362946494897,-0.547982599530613,-0.943445745023399,-1.09486204609637,-0.957330439657238,-0.561158248927573,-0.00639754253424071,0.563398952737953,1.0011449435934,1.19649265375826,1.10315962426365,0.746540025789747,0.212938653356715,-0.373394586745437,-0.878843395022368,-1.18948661728813,-1.23598475575033,-1.00904707394338,-0.560896313645244,0.00831614376138554,0.575073875731281,1.02049100114639,1.25444468514956,1.23160329987668,0.958207987615258,0.489822748302587,-0.0795175344448127,-0.635549446386347,-1.06631974634309,-1.28426411025749,-1.24320351924666,-0.947495631359595,-0.452501215390392,0.143780019046861,0.717945521285425,1.14603008174011,1.33158118661249,1.22958073379981,0.85870979661185,0.298138441862359,-0.329698057213172,-0.885340251585575,-1.24207805659939,-1.31459545365609,-1.08151080976145,-0.595396618088124,0.0258005479417779,0.627221812749627,1.05856066324401,1.21506931514578,1.06443889150935,0.652345066016871,0.0879773255560425,-0.483897919259603,-0.917332432311686,-1.10036168408473,-0.98480003810451,-0.602460238194484
-0.0911877113694071,0.462821437862337,0.879093971683345,1.04504989111,0.9202507396384,0.543384070629758,0.0175187507632844,-0.518537352782278,-0.924449999784293,-1.09194891667055,-0.972337359771615,-0.591302310534601,-0.0446597059483632,0.526580030238932,0.975306198018311,1.18855480100914,1.11566415777783,0.777164005479667,0.25519908562893,-0.328664419411161,-0.841654910555683,-1.16872101774326,-1.23743485053994,-1.03378635042481,-0.604512277566377,-0.0448989989630102,0.524285366833688,0.98382956650308,1.24026893216654,1.24296244573615,0.992408283057273,0.539367941048076,-0.0251532762819203,-0.587829310489089,-1.03550124059012,-1.2773416084645,-1.26220686807388,-0.988653063893914,-0.506789283557287,0.088567411601787,0.674115675206098,1.12289242250131,1.33333224276029,1.25470050175587,0.90076565409458,0.347490316109305,-0.283819085409866,-0.852709563225954,-1.22951087488771,-1.32441146974185,-1.1108569329195,-0.636819681097743,-0.0175081119081945,0.592289286051194,1.03971242283383,1.21569594476263,1.08312468653456,0.683574219991944,0.123648810239308,-0.452567329795972,-0.897842446820787,-1.09719179487753,-0.998262716808536,-0.628533779832166
-0.121455514914161,0.44249031173295,0.87459778806803,1.05819298902177,0.948358544020022,0.580055320914958,0.0541462213703724,-0.490888747386566,-0.913101404201497,-1.10083951803938,-1.00076688004666,-0.633639670530252,-0.0913722769348411,0.486641802131563,0.951989918672513,1.18781287200188,1.13812045838297,0.818154346648251,0.306024749161779,-0.278816367514575,-0.803589189648375,-1.15114659603718,-1.24507244847557,-1.06599400774066,-0.654947518170833,-0.102651209632926,0.472139206672861,0.948939734363738,1.23008444823468,1.25909945502008,1.0306596958784,0.591045622110856,0.0288250768601774,-0.542902262024271,-1.00908464949597,-1.27511016116037,-1.28466049170808,-1.03070143676591,-0.558728514023654,0.0387074347574661,0.637486176855124,1.10701928237517,1.3404876953881,1.28180994173024,0.940596337342039,0.390545465981523,-0.247226498731021,-0.830507668913402,-1.22623075122691,-1.3401203957976,-1.14102638487796,-0.673383379782258,-0.0509779530808908,0.570252012681572,1.03411244534274,1.22708266996367,1.10774981334764,0.714584222050136,0.152851758901957,-0.432781603837582,-0.892733132208758,-1.10832817829064,-1.02295148085761,-0.66031703413565
-0.150357793462465,0.430000014219745,0.882690401384982,1.08595044997007,0.990045805569428,0.626548934000322,0.0949869493073386,-0.465306272882077,-0.909502673915253,-1.12143370380671,-1.04233140019493,-0.687757575755935,-0.146089818951651,0.443962172664487,0.931420409305347,1.19428319519859,1.17032570161299,0.869125338517999,0.364926100054016,-0.224336666995232,-0.765017281104468,-1.13692955202412,-1.25881444895415,-1.10535034795032,-0.71171292291999,-0.164387513144547,0.419132939299733,0.916157328840839,1.22399502984851,1.27986655724036,1.07259798626308,0.644356925595996,0.0818944311897856,-0.501201233676098,-0.987319617654822,-1.27758433847081,-1.31034400948396,-1.07323665040391,-0.607821791622877,-0.00531985029552651,0.60841535533503,1.09857224039121,1.3529848378856,1.31064812494639,0.977814424210608,0.426887554354044,-0.220267542344989,-0.818937518299568,-1.23225901729448,-1.36156730445407,-1.17173181348558,-0.704739556570114,-0.0742841916066967,0.561333024405677,1.04182851622867,1.24912863099686,1.13807701939675,0.745071385338206,0.175303455197111,-0.424723488649746,-0.902038812933998,-1.13365001813246,-1.0586237351784,-0.697507794189282
-0.177620461914416,0.425476587929467,0.903309138505904,1.12807102970873,1.04491827460141,0.682413080153165,0.139639213263447,-0.442038462808558,-0.913679087233696,-1.15351667159241,-1.09661753080814,-0.753132807460989,-0.208292964186615,0.398944184754986,0.913796588935014,1.2079146446873,1.21198414808317,0.929594131993863,0.43133347760015,-0.165758243037792,-0.726315760244297,-1.12620303165659,-1.27851790952335,-1.15146650238696,-0.774259112162616,-0.229517772607728,0.365771401920466,0.885797467060469,1.22206508526385,1.30507161027166,1.1178236356982,0.698787461173319,0.133540537496913,-0.4631283390899,-0.970411682960113,-1.28473421348943,-1.33900623304443,-1.11584921906585,-0.653597979389628,-0.0430893889308856,0.587188644583139,1.09763990563076,1.37070782122699,1.34093705948951,1.01205919540368,0.456167483030725,-0.203194971215059,-0.818100238237773,-1.24752983458472,-1.38854438110812,-1.20268088054069,-0.730587764299586,-0.0871966030979719,0.565630628655799,1.06279873793033,1.28162689652675,1.17381146963219,0.774737333542753,0.190789267559282,-0.428459373566435,-0.925654023940781,-1.17290225618777,-1.10493505354798,-0.739754289772839
-0.202984313540829,0.428972329797382,0.936272985156622,1.18416460672998,1.11245146714786,0.747101985617743,0.187662930191414,-0.421310418172956,-0.92557860213524,-1.1967616645955,-1.16309057796257,-0.829136798340742,-0.277393123595929,0.352012445333875,0.899290044506946,1.22858870264852,1.26270943767278,0.998985081197867,0.504602682991662,-0.103655260442055,-0.68786290602856,-1.11906598967115,-1.3039818298275,-1.20388855503612,-0.841981833635104,-0.297420202926287,0.312562079861883,0.858151547291484,1.22431879271045,1.33447964886722,1.16590552661232,0.753812305342177,0.183263065180356,-0.429050980700959,-0.958520453618547,-1.29648588488009,-1.37036773306926,-1.15812820858422,-0.695616392145201,-0.0742352668614861,0.57401562443008,1.10423678489643,1.39348859652474,1.37238437768308,1.04300019635198,0.478106720318648,-0.19616488011509,-0.827994554700192,-1.27189112756619,-1.4207929740636,-1.2335789475892,-0.750678100893617,-0.0895819617723906,0.583116984764207,1.09683164897226,1.32426624961832,1.21460369228167,0.803292057658966,0.199164655099997,-0.443939081600108,-0.963335135308403,-1.22569847878738,-1.1614425295365,-0.786658329262943
-0.226207387636607,0.440464951801574,0.981283654537944,1.25370534281912,1.19199556354074,0.819981487368864,0.238584280045508,-0.403321600433443,-0.945072811731412,-1.25073380172705,-1.24110014949412,-0.915041646327369,-0.352737753318494,0.303609379742497,0.888043306941998,1.25612011036816,1.32202774034148,1.0766350297126,0.584021362364156,-0.0386372089409115,-0.650034844274519,-1.11558240367286,-1.33494951949982,-1.26210229030523,-0.914227854690547,-0.3674471492994,0.260010465752436,0.833484480427634,1.2307396526523,1.36781484878325,1.21638492402525,0.808901084696371,0.230580534085763,-0.399298283023974,-0.951758194949517,-1.31272238243021,-1.40412366085544,-1.19966521509353,-0.733471034213755,-0.0984543176005207,0.569027804127601,1.11830293056928,1.42110843224253,1.40468617744648,1.07034044498531,0.492499850858007,-0.199235520215836,-0.848517163882046,-1.30510624075345,-1.45800604120639,-1.26413178210282,-0.764813653318711,-0.0814056644437628,0.613637851456924,1.14360766459484,1.37663411732395,1.26005314926348,0.830456874555485,0.200356382995784,-0.470996898309068,-1.01470332119462,-1.29152496072748,-1.22760892292676,-0.837778801436393
-0.247067211075911,0.459857358363109,1.03792772318051,1.33603619479481,1.28278164493746,0.90033556983994,0.291900704156352,-0.388243916761481,-0.971958711531197,-1.31489497316833,-1.32988681139395,-1.01002696874143,-0.433616142197009,0.254191338049912,0.880168369923832,1.29025812037202,1.38938175514187,1.16179950052134,0.668816125836997,0.0286574047706606,-0.613201702321568,-1.11578084076683,-1.37111151058993,-1.32553850499919,-0.990301292707827,-0.438931083049875,0.208615458137874,0.8120321900321,1.24127044666591,1.40476289907577,1.26877972740477,0.863523101159919,0.275035052301217,-0.374157886844851,-0.950188834817886,-1.33328493938508,-1.43994679255992,-1.24005834560797,-0.76679456070096,-0.115509165657933,0.572277177304538,1.13970438020854,1.4532999953444,1.43752998928196,1.09381925353025,0.499216328246308,-0.212367101346658,-0.879464035129029,-1.34685629633692,-1.49983097135241,-1.29404826302364,-0.772852525859135,-0.062732510737761,0.656913528047851,1.20268184053176,1.43822061825778,1.30971238898196,0.855967252478089,0.19436294245108,-0.50935380704531,-1.07924882055256,-1.36974581519804,-1.30280756625199,-0.892635516248125
-0.26536289558883,0.486978059378926,1.10567984177934,1.43037475521145,1.38392920855733,0.987373804171958,0.34708621237974,-0.376220115784202,-1.00596124109512,-1.38860972702162,-1.42858971512628,-1.11318753678763,-0.519265683761849,0.20422457668054,0.875745469862356,1.33068835806806,1.46413554059847,1.25365973758821,0.758160324044208,0.0975676807045602,-0.577723820750073,-1.11965437388653,-1.41210896955537,-1.39357881951772,-1.0694703212005,-0.511190766314679,0.158864833593024,0.793999403049673,1.25581361101905,1.44497377063909,1.32258895816276,0.917152449164252,0.316196810406081,-0.353873136578089,-0.95382739395002,-1.35797461370477,-1.47749076262188,-1.27891616029159,-0.795261922213613,-0.125230671417025,0.58373556912862,1.1682343889532,1.48974997731198,1.47059783877111,1.11321463863035,0.498201422249283,-0.235422567877393,-0.920532621301701,-1.39674322664846,-1.54587275831003,-1.32304306454062,-0.77470942810443,-0.0337266148419073,0.712541001183634,1.27348794538524,1.50842368632298,1.36309173015957,0.879575470838219,0.181254182156592,-0.558620884487219,-1.15633642505325,-1.45960919234292,-1.38632799447432,-0.950713363249791
-0.280917072301,0.521582234971828,1.18390701970207,1.5358203844893,1.49445488502112,1.08023959744799,0.403596929953194,-0.367362507285477,-1.04673655305847,-1.47115206329397,-1.53625511036336,-1.2235416271019,-0.608878594277972,0.154181139581624,0.87482214421968,1.37703529622658,1.54558015056047,1.35133053618848,0.85118239464551,0.167417182922157,-0.543948067235357,-1.12716084126766,-1.45753755936994,-1.46556191964876,-1.15097418687369,-0.583537536372798,0.111230825299301,0.779557750050426,1.27423202817229,1.48806486425534,1.37729744554527,0.969273075244899,0.353668285643748,-0.33864068951048,-0.962639844852594,-1.38655423908527,-1.5163934520708,-1.31586153569474,-0.818593653808117,-0.127519748042351,0.60329478780685,1.20361544507542,1.53010223776238,1.5035693730408,1.12834530043802,0.489476363390355,-0.268169325657683,-0.971324945857761,-1.45429345373822,-1.59569750561144,-1.35083929685897,-0.770356798846683,0.00534957095099109,0.779997297482962,1.35534381055276,1.58655521305096,1.41966441720097,0.901053084359186,0.161170169513622,-0.618303796530961,-1.24521211912506,-1.5602544638882,-1.47738225916924,-1.01146676551207
-0.29357764491026,0.563353464253598,1.27187397168734,1.65136258126816,1.6132822647095,1.17801914799017,0.460876812145514,-0.361752014566028,-1.09387595421337,-1.56171304387373,-1.65184565261283,-1.34004002399643,-0.701609036223634,0.104534664321659,0.877412583760225,1.42886533972376,1.63294004002876,1.45386878868229,0.946974683624381,0.237520945583505,-0.512204296332182,-1.13822343916087,-1.50695169893914,-1.5407901578374,-1.23403047123575,-0.655281659709485,0.0661658400570667,0.768844190538426,1.29635023427166,1.53362451640431,1.43238067112341,1.01938373152931,0.387088113036805,-0.328608571769904,-0.976543400555413,-1.41875068560546,-1.55628049706688,-1.35053540816029,-0.836558770400653,-0.122348525696298,0.630767583570746,1.24550204833359,1.57396143053892,1.53612501862215,1.13907215771843,0.473137698225147,-0.310281887740924,-1.03135153025876,-1.51896218654545,-1.64883623966625,-1.37717108264502,-0.759825443438755,0.0541371347155653,0.85864403009638,1.44745791014838,1.67184813617437,1.47887218055177,0.920193164833786,0.134319310503137,-0.68780832240724,-1.34501078807825,-1.67072032680296,-1.57511188669694,-1.07432440563587
-0.303219342886311,0.611906125623897,1.36874950403871,1.77589052202941,1.73925272482735,1.27975099334965,0.518363453339502,-0.359437563440715,-1.146910456498,-1.65940912145432,-1.77425041139262,-1.46157560308745,-0.796580603804537,0.0557561399768227,0.88349729226238,1.48569051127734,1.72538019547198,1.560282662633,1.04460263998383,0.307192541339122,-0.482801996957917,-1.15273163490148,-1.55986916475882,-1.61853644142353,-1.31784252932389,-0.72573870531232,0.0240983448012939,0.761959775485235,1.32195603534711,1.58121583594323,1.48730972972144,1.06700277604086,0.416134584520626,-0.323874701667175,-0.995407231894733,-1.45425740912773,-1.59676888307235,-1.38260035706345,-0.848977232914671,-0.109760843783824,0.665889409099061,1.2934842203038,1.6208970698112,1.56794913749729,1.14529943228655,0.449355878429194,-0.361345397821637,-1.10003612023981,-1.59013830441124,-1.70478900866062,-1.4017860477986,-0.743204664182342,0.112183492236065,0.947733114229585,1.54893710715582,1.76346438842366,1.54013112977154,0.936812297301267,0.100975766720204,-0.766446824485777,-1.45476490292074,-1.78995375504579,-1.67859543756801,-1.13869419863645
-0.309745056336928,0.666788470352858,1.47361390552032,1.90820368549512,1.87113713520068,1.38443603030819,0.575493917153643,-0.360435807288318,-1.20531587042852,-1.76329108650275,-1.90229548187826,-1.58699342402763,-0.892894123791233,0.00830964538972645,0.893023064794017,1.54697272150974,1.82201393397508,1.66954131921101,1.14311427786254,0.375751125860998,-0.456027166618281,-1.17054238487897,-1.61577597856954,-1.69805133499664,-1.40160703760911,-0.794235886166526,-0.0145710471196356,0.758968755872603,1.35080251948093,1.63038083962073,1.54155636248271,1.11167277462656,0.440528741667024,-0.324485896595145,-1.01905360950361,-1.49273726801252,-1.63747059046877,-1.4117439885632,-0.855721952129466,-0.0898720578826051,0.708320966072536,1.34709170585154,1.67044798708397,1.59873314792728,1.14697528213297,0.418373115775734,-0.420859982511509,-1.17672116495218,-1.66714979385652,-1.76302924377457,-1.42444770524681,-0.720641866078474,0.178946082090427,1.04641361320703,1.65879548647435,1.86050360841527,1.60283790271373,0.950752311290814,0.0614762165807419,-0.853445572747843,-1.57341408464902,-1.91681972495148,-1.78685662141845,-1.20396848414636
-0.313086934749264,0.727486364448273,1.58546729536969,2.04702346230778,2.00764830902815,1.49104788116406,0.631710515551519,-0.364731183260672,-1.26851836975421,-1.87235352927926,-2.03475510117848,-1.71510125702957,-0.989635721126379,-0.0373519016917138,0.905903292811401,1.61212859871851,1.92191130542897,1.78058507189027,1.24154979719621,0.442528373997131,-0.432139448059564,-1.19148163977827,-1.67413152457515,-1.77857030462304,-1.48452158316365,-0.860118317482904,-0.049473260382728,0.759898042689153,1.38261044677348,1.68064484936433,1.59459801593005,1.15296486159396,0.46003703242472,-0.330437374974254,-1.0472594640447,-1.53382558522634,-1.6779962581641,-1.43768208212023,-0.856720300556719,-0.0628681544127128,0.757651513381379,1.40579881555252,1.72212712423231,1.62817857689089,1.14409198825759,0.380500543009756,-0.488245876820637,-1.26067399892098,-1.74926970350781,-1.82300835814758,-1.4449377105967,-0.692341623837594,0.253796958390367,1.15373966291763,1.77596418088815,1.96201250515204,1.66637599137872,0.961881731809264,0.0162160148907056,-0.947952826405062,-1.69981544643348,-2.05011163657699,-1.89887291861004,-1.26952940752858
-0.313207232740781,0.793427686163892,1.70323886760435,2.19100563633827,2.14745405510087,1.59854347786332,0.686466467535848,-0.372276290786362,-1.33590045389923,-1.98554471346275,-2.17036316944902,-1.84468046471501,-1.08588509444972,-0.0807909520529111,0.922018601109447,1.68053484538008,2.02410802211056,1.89233587872051,1.33895125288205,0.506875226176211,-0.411369560113102,-1.2153461176911,-1.73437384051382,-1.85932103315153,-1.56579222666304,-0.922755139884155,-0.0802741840382951,0.764737020554569,1.41707099362575,1.73152110950571,1.64592287938924,1.19048281877976,0.474473507435268,-0.341672759854069,-1.07975835547763,-1.57713343345354,-1.71795883272159,-1.46016146417585,-0.851955106719543,-0.0290041729020893,0.813402903566157,1.46902985037584,1.77542660288682,1.65600001163904,1.13668570541844,0.336114727424915,-0.562849261514826,-1.35109367307024,-1.83572257968664,-1.88416055744779,-1.46305796876353,-0.658564200434643,0.336028261250582,1.26867940872261,1.8993020826072,2.06699475929867,1.73012216372194,0.970096938876926,-0.0343551892547571,-1.04904757061679,-1.83275460909559,-2.18856235022524,-2.01358465542366,-1.3347544561765
-0.310098887284275,0.863987358083862,1.82579695739325,2.3387536109795,2.28919068058446,1.70587373516212,0.739231371868756,-0.382992579937875,-1.40680723400733,-2.10177675895438,-2.30782507579088,-1.97449715754848,-1.18072394204117,-0.121589454442586,0.94121781806498,1.75153407985738,2.12761483066885,2.00370805610317,1.4343721629649,0.568168368175143,-0.393917050112709,-1.24190532429641,-1.79592502837262,-1.93953073797531,-1.64464097271506,-0.981545455639912,-0.106677811690252,0.77343771396881,1.45384882279441,1.78251557771685,1.69503485207208,1.22386683573202,0.483701536806326,-0.358084585767362,-1.1162428392754,-1.62225112029486,-1.75697717173437,-1.47896257607179,-0.841465110928144,0.011398057159204,0.875034305514678,1.53616504247503,1.82982300679276,1.68192791897708,1.12483579163157,0.285653589551626,-0.643948746374618,-1.44711837767364,-1.92569134241069,-1.94590783387883,-1.47863257113827,-0.619623512694967,0.424858534476942,1.39012487537867,2.02760732116689,2.17442133818674,1.79345290095242,0.975323028542687,-0.089738311957895,-1.15574880364587,-1.97095728345148,-2.33085575429018,-2.12990447512295,-1.3990221135923
-0.303785812634994,0.938492983681647,1.95195984200506,2.48883224225989,2.43147678845909,1.81199418590382,0.789496433161206,-0.396771334122064,-1.48055296901705,-2.21993603371782,-2.44582972915931,-2.10331353773875,-1.27324447383163,-0.159352870469176,0.963319276723495,1.82444111323905,2.23142723297905,2.11361909814648,1.52688694860811,0.625816373046555,-0.379948390515622,-1.27090379825435,-1.85819673268715,-2.01843342539058,-1.72031308232604,-1.03592402613398,-0.128429068245059,0.785915302125165,1.49258544596694,1.83313183955114,1.7414583905205,1.25279691693048,0.487635033653366,-0.379515305342247,-1.15636721447775,-1.668751849995,-1.79467957151489,-1.49390170649545,-0.825344867002667,0.0579528504984508,0.941947563402821,1.60654693963683,1.8847828112369,1.70571130241049,1.10866373526529,0.229611783737878,-0.730762429746943,-1.54783339691212,-2.01832455833862,-2.00766511301099,-1.49150954350861,-0.575884545362557,0.519439848822166,1.51690267751408,2.15962937837901,2.28324109754466,1.85575077160138,0.977514372347392,-0.149390104257407,-1.26702526897648,-2.11310131231238,-2.47563877743639,-2.24672714189052,-1.46171758989832
-0.29432290139967,1.01623104879946,2.08050717606497,2.63978213083299,2.57292721121063,1.9158754555424,0.83677938646539,-0.413474928936888,-1.55642778001576,-2.33889365784512,-2.58306169520956,-2.22989934307857,-1.3625579402546,-0.193714036727123,0.988112440147288,1.89854960294014,2.33453545479998,2.22100048342946,1.61560010245382,0.679265440711757,-0.369595437351547,-1.30206355920498,-1.92059563701718,-2.09527701891153,-1.79208416400069,-1.08536667913369,-0.145316296926747,0.802048975300774,1.53290284135875,1.88287609324004,1.78474318704899,1.27699590545861,0.486239176172696,-0.405758787067195,-1.19975063529442,-1.71619553734228,-1.83070719061789,-1.50483286241711,-0.803744080328729,0.110214249364805,1.01349313448839,1.67948715592515,1.93976789231864,1.72712016920488,1.0883317019226,0.168535600559144,-0.822455462091418,-1.65227953169546,-2.11274406351962,-2.06884551999872,-1.50156238583154,-0.527760221750931,0.618865677679593,1.64778546597002,2.29408170289747,2.39239154127482,1.91641066678515,0.97665487606942,-0.212728763565568,-1.38180552773407,-2.25782906501331,-2.62153375489647,-2.36293960888673,-1.52223858339438
-0.28179572284549,1.09645363885678,2.21019194889315,2.79013421711219,2.7121669223703,2.01651345906045,0.880629071997693,-0.432938346929435,-1.63370447397123,-2.45751602717421,-2.71821334101262,-2.35304329883661,-1.44780310401214,-0.224336834556579,1.01535984014505,1.97313901687836,2.4359345549023,2.32480835043355,1.69965498729484,0.728004678259439,-0.36295426297587,-1.33508673526659,-1.98252893218613,-2.16933030244655,-1.85926698200365,-1.12939537518105,-0.157173381434488,0.821683123058413,1.57440728514587,1.93126214889747,1.82446863033607,1.29623209623919,0.4795306254034,-0.436562290534105,-1.24598056465731,-1.76413274840003,-1.86471734222874,-1.51164925659292,-0.776866379064682,0.167680226486079,1.08897654176307,1.75427340740516,1.99424104874541,1.74594778168648,1.06404072598621,0.103017452977635,-0.918148039396468,-1.75946192448016,-2.20805288471079,-2.12886572862405,-1.5086913861011,-0.475707746293564,0.722179460525,1.78150399416205,2.42965468095559,2.50080961118822,1.97484582550533,0.972757942204059,-0.279139818172388,-1.49898826899139,-2.40376007811508,-2.76715105532916,-2.47743127560411,-1.58000102379214
-0.26631991263272,1.17838561302817,2.33975284090114,2.93842451822714,2.84784476995991,2.11293921118585,0.920629618615639,-0.454970926390274,-1.71164541161592,-2.57467526848774,-2.84999689080405,-2.47156448263946,-1.52815457652526,-0.250919626953832,1.04479931412659,2.04748183494256,2.53463456253704,2.42403392403679,1.77824217361838,0.771570872138512,-0.360084370425417,-1.36965834663537,-2.04340971306518,-2.23988962298772,-1.92121792267256,-1.16758288360906,-0.163881479585324,0.844628841865807,1.61669335249912,1.97781638462425,1.86024800044647,1.31032141581582,0.467577241100021,-0.471628900517818,-1.29461654469364,-1.81210874155227,-1.89638662999088,-1.51428439417566,-0.744967522150901,0.22979747073117,1.1676652717417,1.8301767495798,2.04767146993272,1.76201266970492,1.03602857372349,0.0336900090657852,-1.01692375127667,-1.86835921695922,-2.30334340356941,-2.18715135329151,-1.51282469198419,-0.420224441949363,0.828383778049884,1.91675967879013,2.56502881604953,2.60744238136797,2.03049358435868,0.965866143936339,-0.347982217330728,-1.61745275898315,-2.54950383722187,-2.91110187126031,-2.58910435348398,-1.63444474401663
-0.24804025163154,1.26123216739999,2.46792684671187,3.08320884223784,2.97864688070602,2.20422815003661,0.956404201963665,-0.479358321209498,-1.78950935854525,-2.68925954335935,-2.9771562973169,-2.5843235044363,-1.60283093715997,-0.273198421850919,1.07614652046566,2.12085090831741,2.629670527963,2.51771357830294,1.85060723235766,0.809552711973241,-0.361008291578785,-1.40544922174822,-2.1026622639292,-2.30628530130283,-1.97734306235535,-1.19955702037499,-0.16537034660223,0.870665747267222,1.65934804164603,2.02208260125969,1.89173235233797,1.31912914967366,0.450497303204922,-0.510620396448596,-1.34519425558971,-1.85966758098496,-1.92541390339185,-1.51271274573253,-0.708353054882083,0.295966711277772,1.24879604290459,1.90645893232155,2.09954008642842,1.77516038405251,1.0045673062483,-0.0387799659747899,-1.1178382081543,-1.97793296869873,-2.39770570331585,-2.2431423407221,-1.51391912562453,-0.361843113307648,0.936450052049143,2.05223752097342,2.69888796883592,2.71125753662501,2.08282079248419,0.95605062131598,-0.41859456164679,-1.73606933463177,-2.69367259652517,-3.05201107269623,-2.696884252653,-1.68503902415049
-0.227129435298771,1.34418671049776,2.59346202514672,3.22307731425636,3.10330959087341,2.28950888471784,0.987618350583727,-0.505864648167035,-1.86655826326379,-2.80018312286678,-3.09847883476416,-2.69023340129251,-1.6711025504926,-0.290949721372064,1.10909770850798,2.19252689222789,2.72011236938957,2.60493842529209,1.91605790789904,0.841594434437897,-0.365711566411788,-1.44211902243084,-2.15972719558203,-2.36788770295173,-2.0271037835457,-1.22500440215667,-0.161619228433412,0.899544073426898,1.70195497280432,2.06362671774678,1.91861404433525,1.32257120220915,0.42845825122171,-0.55316052925805,-1.39722983078821,-1.90635629320727,-1.95152301035984,-1.50694999893408,-0.667375430060235,0.365548529184502,1.33158236657247,1.98237978860131,2.14934474197095,1.78526497373205,0.969960571467487,-0.113697996694607,-1.2199278720631,-2.08713726206284,-2.49023603263294,-2.29629831479987,-1.51196072904777,-0.301126974184275,1.04532867302811,2.18661924742148,2.82993250927555,2.81125352113565,2.13132883974476,0.943410212898068,-0.490301411594156,-1.85370985184488,-2.83489413459155,-3.18853002015753,-2.7997298968813,-1.73128794839501
-0.203786539175356,1.42643896684065,2.71513023074891,3.35666855084136,3.22063176852203,2.36797128863839,1.01398278056051,-0.534234797787219,-1.94206391075493,-2.90639616046854,-3.21280632117072,-2.78827014509275,-1.73229899511771,-0.30399301783425,1.14333271533183,2.26180566400122,2.80507440021561,2.68486332568942,1.97397060582152,0.867398864290909,-0.374143096006018,-1.47931935446764,-2.21406640043123,-2.42411292569998,-2.07002188911471,-1.24367367403419,-0.152657308167258,0.930987040703842,1.74409861303689,2.1020412502895,1.94062987113583,1.32061487865198,0.401674958300415,-0.598838673287588,-1.45022439297401,-1.9517290355908,-1.97446532623589,-1.49705288626659,-0.622430620004444,0.437869598851358,1.41522231932623,2.05720457513593,2.19660513071843,1.79223017323678,0.932540654471959,-0.190348452991956,-1.32221901618132,-2.1949284161378,-2.58004531678391,-2.34610382497154,-1.50696502993549,-0.238664186299419,1.15395944946945,2.31859652675373,2.95689223602978,2.90646925157402,2.17555825380634,0.928070338254141,-0.56241961574588,-1.96925800452414,-2.97182434695108,-3.31934923027014,-2.89664386872711,-1.77273551401004
-0.178235190338762,1.50718321758296,2.83173967830577,3.48268332323414,3.3294864026574,2.43887387208133,1.03525574625491,-0.564196884997566,-2.01531440495373,-3.00689409518458,-3.31904587953532,-2.87748266043486,-1.78581601700567,-0.312192899249963,1.17851815765391,2.32800563616123,2.88372442290532,2.75671522457746,2.02379613976943,0.886729838083196,-0.386215857696558,-1.51669694005772,-2.26516779439945,-2.47442806301827,-2.10568416818899,-1.25537817161672,-0.138563691769258,0.96469346990981,1.78536847808251,2.13694952068585,1.95756376463281,1.31327918248363,0.370407561013105,-0.647213816997195,-1.50366877192625,-1.99535124423067,-1.99402203978219,-1.48311859124206,-0.573954251802635,0.51222929605077,1.49890644450591,2.13021118609633,2.24086744821151,1.79599028939595,0.892665315751568,-0.268001216383977,-1.42373673910097,-2.3002747298943,-2.66626764138002,-2.39207344595244,-1.49897702016077,-0.175062063064647,1.26128226502521,2.44688411367952,3.07853892319218,2.99599329859845,2.215092829713,0.910181648480354,-0.634264604567699,-2.08161943587599,-3.10315957814113,-3.44321078433215,-2.98668228259119,-1.8089704302339
-0.150721459013124,1.58562658207763,2.94214719105128,3.5998975566243,3.42883134683491,2.5015503795276,1.0512449012126,-0.595464816228225,-2.08562043808532,-3.10072662170851,-3.41618014928043,-2.95700225024376,-1.83112192135242,-0.31546072994693,1.21431078396879,2.39047487368142,2.95529228023921,2.81980072451802,2.06506469205365,0.899414004040833,-0.401807966900371,-1.55389682862802,-2.31254981692803,-2.5183560068042,-2.13374637121842,-1.25999798269812,-0.119466923025807,1.00034062004448,1.82536326300954,2.16800954239262,1.9692490301645,1.3006346261589,0.334958869597066,-0.697818852652247,-1.55704836212954,-2.03680372678717,-2.01000617837607,-1.4652837406468,-0.522417304997111,0.587906604142788,1.58182569983191,2.20069716511121,2.28170871030448,1.79651078079166,0.850714446211623,-0.345918401424469,-1.52351396098052,-2.40216617259477,-2.74806863011144,-2.43375667441347,-1.48807084237019,-0.110940999368566,1.3662478238225,2.57023277353852,3.19369836145684,3.07897245112351,2.24956326353952,0.889918463141957,-0.705156600124706,-2.18973156921597,-3.22764859797621,-3.55892036813606,-3.06896428032291,-1.83963054531231
-0.12151148890271,1.66099724054381,3.04526998497599,3.70717452154071,3.51771911798337,2.55541556908842,1.0618086692816,-0.627740950201075,-2.15232130903481,-3.18700616813256,-3.50327686169772,-3.02605132810025,-1.86776331936136,-0.313755875649808,1.25036094920212,2.44859792559458,3.01907776096049,2.87351281808649,2.09738995282702,0.905341999022977,-0.420764066800702,-1.59056562243895,-2.35576566232323,-2.55547975573427,-2.15393655611978,-1.25748137844225,-0.0955440217298517,1.03758722459162,1.86369485509237,2.19491753696487,1.97557009068261,1.28280255719383,0.295671386853611,-0.75016512204291,-1.60984807512982,-2.07568666443661,-2.02226435604026,-1.44372299529396,-0.468321417248956,0.66416724586039,1.66317936876312,2.26798644581866,2.31874070044826,1.79378852621306,0.807086567344931,-0.423361079451493,-1.62060033003375,-2.49962393755356,-2.82465363427971,-2.4707425669686,-1.47434918302378,-0.0469281943309118,1.4678283598092,2.687441841713,3.30126176958693,3.15461958909556,2.27865026952437,0.867477013019058,-0.774426696619867,-2.29257309081586,-3.3441041289426,-3.66535882996423,-3.14268104234802,-1.86440684109066
-0.0908888890651206,1.73255249609937,3.1400968459764,3.80347608447547,3.59530566521109,2.59997014286561,1.06685713122973,-0.660718830413208,-2.21479065661617,-3.2649158255506,-3.57949769571505,-3.0839513591109,-1.8953701505455,-0.307086446950151,1.28631617192192,2.50180228391102,3.07445776490412,2.91733671291684,2.12047241278311,0.904469010147345,-0.442897024208344,-1.62635469332593,-2.39440721731052,-2.58544619876307,-2.16605777208606,-1.24784558969413,-0.0670190437595549,1.0760766998973,1.89999218457333,2.21741103843813,1.97646371670763,1.25995400591191,0.252923966905165,-0.803747172643854,-1.66155733907825,-2.11162348573936,-2.03067822949689,-1.4186472564432,-0.412193849283149,0.740270964757152,1.74218285479573,2.3314357569913,2.35161351216375,1.78785178202965,0.762195204164777,-0.499595954610384,-1.71407096922186,-2.59170977390535,-2.89527564934277,-2.50266406329087,-1.45794237362357,0.0163487608965627,1.56502818378915,2.79737127664416,3.40019646231944,3.22222080217695,2.30208716755175,0.843073508592222,-0.841422771117227,-2.38917302230407,-3.45141383378746,-3.76149314329172,-3.207104207246,-1.88304693722062
-0.059151914171908,1.7995865743451,3.22569856340462,3.88787289773559,3.66085803782624,2.63480480788307,1.06635243664797,-0.694085968147676,-2.27244187672265,-3.33371667692987,-3.64410633340627,-3.13012991546288,-1.91365990697586,-0.295509540472119,1.32182473255104,2.54956438720592,3.12089264239836,2.9508546939573,2.13410179410311,0.896814734566474,-0.467989907593693,-1.66092336677155,-2.42810868091931,-2.60796934626533,-2.16999005272256,-1.23117691025223,-0.0341611667381728,1.11544049773702,1.93390487188163,2.23527154888419,1.97191972573428,1.23230806531561,0.207128147631642,-0.858047676484004,-1.71167509581774,-2.14426457421843,-2.03516564903505,-1.39030150944572,-0.35458216544468,0.815478878124464,1.81807528045143,2.3904406346146,2.38001866013212,1.77875983168748,0.716465157724221,-0.57390194477751,-1.80303499450476,-2.67753501015006,-2.95924287210012,-2.52920193867693,-1.43900720532157,0.0782683542364092,1.65689394162929,2.89895307154665,3.48955567236262,3.28114170352513,2.31966193479483,0.816942054472143,-0.90551518794022,-2.47861932458453,-3.54855067464625,-3.84638666152357,-3.26159359447348,-1.89535805093563
-0.0266104637105157,1.86143806052224,3.30123749282893,3.95955342300787,3.71376089642655,2.65960345720928,1.06030875462246,-0.727526655678525,-2.32473319482448,-3.392754475361,-3.6964756383559,-3.16412675869733,-1.92244099341672,-0.279130963141792,1.35653927010268,2.59141509222681,3.15793163387426,2.97374997977935,2.13815861366706,0.882462755912975,-0.495798221482772,-1.69394204930793,-2.45654984376793,-2.62283298421731,-2.16569169561044,-1.20763011576147,0.00271768964399935,1.15530157291776,1.96510663335573,2.24832671465202,1.96198114087472,1.2001298176488,0.15872419283657,-0.912542462391739,-1.75971474431284,-2.17329077083046,-2.03568149267955,-1.35896233019507,-0.296048690380738,0.889060821963501,1.89012681612403,2.44444099005043,2.40369173988204,1.76660233371585,0.670328703320213,-0.645576622495915,-1.88664373755839,-2.75626918304621,-3.01592581178374,-2.55008833194741,-1.41772546564214,0.138221603967018,1.74252445913047,2.99120189829958,3.56848743663443,3.33083289944253,2.33121872161575,0.789332429987115,-0.966102263940214,-2.56006697912549,-3.63458255752096,-3.9192085542433,-3.30560412864377,-1.90120936355339
0.0064170660371462,1.91749687801816,3.36597613231669,4.017831698913,3.75352182539815,2.67414546986405,1.04879177955412,-0.760724790118513,-2.37117236712993,-3.44146562420043,-3.73609388439526,-3.18559886824072,-1.92161516641497,-0.258104431680453,1.39012033475026,2.62694454432409,3.18521734797825,2.98580954220106,2.13261488122443,0.861559360091991,-0.526052370117748,-1.72509527502883,-2.47945900452801,-2.62989272970156,-2.15319981120104,-1.17742719421799,0.0432656939000113,1.19527793566053,1.99329841146438,2.25645199956937,1.94674380488358,1.16372782621391,0.108176882047675,-0.966705611227177,-1.80520897828198,-2.19841663239192,-2.03221817397406,-1.3249350835556,-0.237164805609081,0.960302608470639,1.9576456681583,2.49292619038997,2.42241462241878,1.75149837763873,0.624221739879389,-0.71394247324154,-1.96409860748729,-2.82714818604235,-3.06476386932982,-2.56510979727647,-1.39430220961573,0.195618410150329,1.82108005325059,3.07322486723467,3.63624247006471,3.37083458681011,2.33665883733703,0.760507755951941,-1.02261546500053,-2.63274549577416,-3.70868117869902,-3.9792423181164,-3.33869186951037,-1.90053375131977
0.0396070406383535,1.96721071762077,3.41928461007285,4.06215377958767,3.77977541923985,2.67830713596628,1.03191781063228,-0.793366689037745,-2.4113209849808,-3.47938241383419,-3.76256996745804,-3.19432434485589,-1.91117900602965,-0.232630246635397,1.42223985405217,2.65580638625991,3.20248922979415,2.98692587095314,2.11753394319047,0.834311816399841,-0.558460322465408,-1.75408464677752,-2.49661550191141,-2.62907746896741,-2.13263013009507,-1.14085539181558,0.0870943630266117,1.23498625757911,2.01821119984438,2.25957183847811,1.92635545219203,1.12345121488104,0.055971087353956,-1.02001456321868,-1.84771446562457,-2.21939340748051,-2.02480581567424,-1.28855084605218,-0.178505151965049,1.02851311747278,2.01998466042163,2.53543961412114,2.4360171761765,1.73359525998144,0.578579915602457,-0.778352930213796,-2.03465852778805,-2.88948185298476,-3.10527130160378,-2.57410983241396,-1.36896378113461,0.249893726338184,1.8917911957043,3.14423029843245,3.69218096385478,3.40078026068068,2.33594121618765,0.730742067310887,-1.07452430671282,-2.6959657990101,-3.7701299929186,-4.02589326090231,-3.36051905958395,-1.89332884582509
0.0726339180024258,2.0100908343189,3.46064699652515,4.09210278872856,3.79228612856536,2.67206222028097,1.0098524248895,-0.825143879523217,-2.44479835779085,-3.50613747196924,-3.77563753946171,-3.19020512836348,-1.89122438582999,-0.202953447784316,1.45258447187396,2.677721254806,3.20958598476128,2.97709767741905,2.09306948993436,0.800986152438344,-0.59271045026974,-1.78063164740994,-2.50785184104828,-2.62039016236959,-2.10417606423436,-1.09826458589343,0.133782226317137,1.27404549932459,2.039608538064,2.25766026175515,1.90101424807798,1.07968636144962,0.00260717784311679,-1.07195518658588,-1.88681631769846,-2.2360116924314,-2.01351208381064,-1.25016308770219,-0.120641805091225,1.09303114531677,2.07654734908847,2.57158265214875,2.44437851426547,1.71306699512316,0.533834754743954,-0.838198146364279,-2.09764688669868,-2.94266089542159,-3.13704249141399,-2.57699084078949,-1.34195560373379,0.300513473339147,1.95396642333051,3.20353541343369,3.73577825877801,3.42039952401676,2.32908237755568,0.70031781093331,-1.12134093411194,-2.74912644683982,-3.81833122688292,-4.05869486406876,-3.37085811109519,-1.87965739787156
0.105173610435328,2.04571713746218,3.48966637061068,4.1074025512144,3.79094986424017,2.65548168286617,0.982808764568755,-0.855755842729873,-2.47128495016676,-3.52146738666926,-3.77515801028675,-3.1732684811443,-1.86193791983943,-0.169361465433954,1.48085872095782,2.69247952526959,3.20644693822558,2.95642954341651,2.05946375082476,0.761904453052793,-0.628474510831544,-1.80448029645946,-2.51305539372834,-2.60390800381886,-2.06810702429382,-1.05006400493248,0.18287886040036,1.31208052741984,2.05728865577205,2.25074098877064,1.87096681050372,1.03285323456994,-0.0514037069474442,-1.12202675724884,-1.92213229772977,-2.24810373184322,-1.99844167894815,-1.21014414993075,-0.0641384912230711,1.15323193783643,2.12679361627884,2.6010181308723,2.44742777003663,1.69011257804959,0.490409810442427,-0.892910465552141,-2.15245794117031,-2.98616311552484,-3.15975644980906,-2.57371549112067,-1.31353976320328,0.346980119951943,2.0069993998553,3.25057287070046,3.76662935765371,3.42952000017899,2.31615589765574,0.66952328739852,-1.16262435669764,-2.79171913847705,-3.8528118662449,-4.07731393831489,-3.36959446569294,-1.85964692818103
0.136906837157708,2.07374251053041,3.50606858772176,4.10791978205464,3.77579436973396,2.62873257995503,0.95104545983237,-0.884912696184847,-2.49052534891587,-3.52521546397509,-3.76112237215307,-3.14366720241741,-1.82359937900354,-0.132181289803229,1.50678799263773,2.69994327543686,3.1931123249785,2.92513053237692,2.01704490689847,0.717441714650675,-0.665410746495245,-1.82539962760225,-2.51216965278124,-2.57978192598556,-2.02476600255857,-0.996718323748953,0.233909257566205,1.34872568748022,2.0710862506979,2.23888699540327,1.83650573635129,0.983401407275232,-0.105544472593052,-1.16974680057697,-1.95331671964796,-2.25554533053105,-1.97973548404905,-1.16888155802235,-0.00954490953659513,1.20853333813225,2.17024469446252,2.62347314033238,2.44514440842971,1.66495401809588,0.448716868790325,-0.941969555584728,-2.19856261709794,-3.0195588215327,-3.17318048439588,-2.56430744530285,-1.28399240738091,0.388837860116391,2.05037504557006,3.28489608342643,3.78445225429932,3.42806835632423,2.29729141188941,0.638650055185025,-1.19798431576149,-2.82333346870132,-3.87322854956164,-4.0815544968855,-3.3567282736701,-1.83348865850597
0.167522426108119,2.09389630837817,3.50970471512294,4.09366482967559,3.7469783823167,2.59207617163468,0.914864207764354,-0.912337796154341,-2.50233073560529,-3.51733358506621,-3.73365181000585,-3.10167855290574,-1.77657908422115,-0.0917761881532754,1.53012127032724,2.70004745212826,3.16972251732354,2.88351179096404,1.96622375585109,0.668022286880069,-0.703167073363085,-1.84318596259386,-2.50519502199366,-2.54823544646689,-1.97456643774531,-0.938743170095887,0.286378484136791,1.38362830092705,2.0808738897265,2.22221956761931,1.79796665967214,0.931805783284664,-0.159296932092679,-1.21465574779953,-1.98006399143267,-2.25825734712367,-1.95756937114405,-1.12677420753025,0.042608774707164,1.25840148492069,2.20648758005181,2.63874125629153,2.43755808436906,1.63783416453076,0.409152229820435,-0.984907166537161,-2.23551365123459,-3.04251537870984,-3.17717297617612,-2.54885143341428,-1.2536009910944,0.425677321802606,2.08367466473566,3.30618327409388,3.7890900688596,3.41607045232454,2.27267316861472,0.607990315319786,-1.22708476136442,-2.84366088852057,-3.87937130907636,-4.07136028383748,-3.33237485441132,-1.80143572731974
0.196720524511523,2.10598699234407,3.50055211925286,4.06479098714987,3.70478961314321,2.54586526543957,0.874607028300929,-0.937770242287938,-2.50658084036872,-3.49788313170034,-3.69299707190949,-3.04770188501953,-1.72133429768717,-0.04854200642115,1.55063359704021,2.6928002353455,3.13651621387921,2.83198317902434,1.90748966817158,0.61411593389574,-0.741384332470466,-1.85766495787134,-2.49218912451297,-2.5095628545115,-1.91798838550416,-0.87670008665091,0.339776580800237,1.41645205246938,2.08656302689041,2.20090685959237,1.75572487504257,0.8785620750859,-0.21214667262063,-1.25632136185292,-2.00211176061624,-2.25620674348712,-1.93215267202236,-1.08422846450298,0.091817205003191,1.3023560030448,2.23517880125577,2.64668415045964,2.42474806261253,1.60901434631922,0.372093091743987,-1.02131147823924,-2.26295002347712,-3.05480083613394,-3.17168521756496,-2.52749266347459,-1.22266139645964,0.457139750021524,2.10658001491876,3.3142402361955,3.78051199125846,3.39365063519042,2.24253815585296,0.577834294276395,-1.24964691629465,-2.85249783367819,-3.87116610562261,-4.04681590828366,-3.29676391587769,-1.76380070506937
