0.169025227996204,0.145512258689378,0.0893681052148103,0.0136706291097613,-0.064072847867841,-0.126089933380399,-0.158524713676556,-0.154627070260849,-0.116198184679589,-0.0529777910214428,0.0198363629457129,0.0852985846727721,0.12873432584927,0.141097432653444,0.120883936366883,0.074196189944557,0.0130125520051653,-0.0478537685711225,-0.0943322081321574,-0.116343923321904,-0.109977008515,-0.078129527355306,-0.0295396973440057,0.0235010226855279,0.068166453264355,0.0941185056632889,0.0958379390669733,0.0737548084055618,0.0339645836123949,-0.0133560087078507,-0.0564324891960368,-0.0846889978290519,-0.0912204109635407,-0.0743904637844578,-0.0382072408645517,0.00860224116401709,0.0546124589718799,0.0883678119342912,0.101103113653022,0.0888962689752776,0.0537439784441649,0.00327911756803876,-0.050850778705279,-0.0956145501367006,-0.119660096159016,-0.11610477086563,-0.0843816906898723,-0.0306612114430841,0.0333192780443855,0.0928136592891069,0.133466504695264,0.144774090066178,0.12277056584079,0.0712490795897084,0.00115493347101579,-0.0717757322300066,-0.130619505079789,-0.16127198813502,-0.155890074531892,-0.114914712026268,-0.0471459327402999,0.0321918244575043,0.104963435750202,0.154387800247744
0.166750073522741,0.142913768744376,0.0870200084735703,0.0121142550233095,-0.0644540399568739,-0.125162877324097,-0.156444338762546,-0.151809266942835,-0.113233011752933,-0.0505015142146463,0.0212820631364067,0.0853884354994174,0.127434334371913,0.138675245830614,0.117851815495207,0.0711992113989517,0.0106872101547692,-0.0490187144271196,-0.0941015100282534,-0.11478488114943,-0.107441324144379,-0.0751726339496702,-0.0267961495718865,0.0254578130636645,0.0689485421781299,0.0936040761064378,0.0941907879106418,0.0713793760459754,0.0314081098447339,-0.0155306489107564,-0.0577734568471585,-0.0849526778672303,-0.0904176670298997,-0.0727728348358863,-0.0361980946278964,0.0105139207890923,0.0559896751849831,0.0889264970814838,0.100772921181328,0.0878277928691903,0.0522621000427765,0.00179517661397862,-0.0519455532829805,-0.096047744076921,-0.119344676159403,-0.11515744223169,-0.0830890194311643,-0.029402446862396,0.0341730069328625,0.0929982177966531,0.13289658479831,0.143569578344755,0.121230315651539,0.0697780469659315,0.000162290952273571,-0.0719825118299623,-0.12991826274123,-0.159765865482758,-0.153892748683307,-0.112882814401352,-0.0455734924475955,0.0328923958892823,0.104565292939588,0.152912853747903
0.163921869875971,0.13986247139202,0.0844112035990457,0.0105391489012369,-0.0646140240119676,-0.12382708250673,-0.153858014679756,-0.148496117487396,-0.10988470211156,-0.0478280347119922,0.0227080875668066,0.0852585504209184,0.125773355018449,0.135836710901118,0.114440595584212,0.0679387180121883,0.00826121869062891,-0.0501140807904678,-0.0936627678823319,-0.112940365145393,-0.104616804772343,-0.0719921391668029,-0.023941092856736,0.0273990673308738,0.0696068124705867,0.0929032996261286,0.0923541868651245,0.0688681035490249,0.0288081919586845,-0.0176456509733903,-0.058971700974646,-0.0850356096441973,-0.089453915847103,-0.0710684831599743,-0.0342124342134373,0.0122854508761227,0.0571364607147677,0.0892184888118841,0.100208721427124,0.0866246691483702,0.0507918474564591,0.000482929810444982,-0.0527336285713612,-0.0960995612405076,-0.118656378116311,-0.113933171713384,-0.0816864907041177,-0.0282380712007637,0.034735457705012,0.0927470814961425,0.131834278669551,0.141920577144362,0.11939200707104,0.0682255915601911,-0.000669769822206182,-0.0718130247084526,-0.128698552398487,-0.157704656870622,-0.151419011618631,-0.110553347072908,-0.0439455571147683,0.033394012884492,0.103755124200419,0.150899097705579
0.160567845949898,0.136387740660165,0.0815667932837366,0.00896044949770637,-0.0645512905499406,-0.12209543684972,-0.150790662501912,-0.144719538370795,-0.106185515782606,-0.0449831237138152,0.0241006715774861,0.0849101506895023,0.12376736346176,0.132609153525651,0.110683120240987,0.0644460962314591,0.00575791867537783,-0.0511293456348044,-0.0930202304359192,-0.110828153722354,-0.101530659493952,-0.0686186794253221,-0.0210020345074048,0.0293060726103771,0.0701349054096748,0.0920229098160737,0.0903458146013608,0.0662451713344065,0.0261898638207284,-0.0196806544204876,-0.0600156929848564,-0.0849370057213962,-0.0883384474972714,-0.0692938281296284,-0.0322693865778416,0.0138997663999637,0.0580417661647806,0.0892409691936138,0.0994159418390695,0.0852984782039405,0.049347373292219,-0.000644991816203984,-0.0532074204776607,-0.0957695065334467,-0.117601834271372,-0.112443755318532,-0.0801876210342912,-0.0271793103686373,0.0350012017164075,0.0920626606715964,0.130289812352073,0.139842962690885,0.117273334476403,0.0666066478490376,-0.00133325601802753,-0.0712689211516745,-0.126972131977526,-0.155108219253057,-0.148492694655705,-0.107948759904854,-0.0422778293080236,0.03369181693199,0.102540709385462,0.148365912201474
0.156720293341083,0.132523026037155,0.0785141457520524,0.00739332674039793,-0.0642664772817538,-0.119984641499702,-0.147271836257489,-0.140515910002301,-0.10217109368479,-0.0419942056157154,0.0254463707606101,0.084346561133286,0.12143565794476,0.129023645839369,0.106615567193393,0.060754967064012,0.00320139476073636,-0.0520547588209532,-0.0921801090822433,-0.108468603237587,-0.0982126171519592,-0.065084749912705,-0.0180072911996702,0.0311604457369744,0.0705277159802376,0.0909713699003338,0.0881850034880781,0.0635358343627837,0.0235783359617872,-0.021616069429462,-0.060895389862149,-0.0846578273985277,-0.0870820144425082,-0.0674659680517851,-0.0303876700784336,0.0153413153117208,0.0586968672604103,0.0889937152055731,0.0984022095424768,0.0838619827408466,0.0479425785415824,-0.00157773509860227,-0.0533623731592752,-0.0950607634102683,-0.116191205556862,-0.110703545627838,-0.0786068591230911,-0.0262363775426914,0.0349676646031687,0.0909515366542473,0.128278054051119,0.137356736648174,0.114894688256006,0.0649367855708882,-0.00182180281750742,-0.0703554621458582,-0.124755640821905,-0.152001565559293,-0.145141990381817,-0.105094156510202,-0.0405863995117241,0.0337829086067597,0.100933719372216,0.14533767870751
0.152416255727512,0.128305530875593,0.0752826321501574,0.00585283693513342,-0.0637623616815658,-0.11751504904766,-0.143335437779854,-0.135925725980969,-0.0978801137823031,-0.0388900928841174,0.0267321917075061,0.0835731793066066,0.11880067421758,0.125114707633229,0.102277100217473,0.0569008628591398,0.000616244142082938,-0.0528814349425029,-0.0911505171476277,-0.105884451388906,-0.09469463974063,-0.0614243913727042,-0.0149857158124287,0.0329443109757109,0.0707814427856165,0.0897587918200833,0.0858925537699846,0.0607661791207866,0.0209987529935615,-0.0234332651693335,-0.0616023304582796,-0.0842007750064674,-0.0856967275926622,-0.0656025152166504,-0.0285854139843503,0.0165962085174627,0.0590954490870161,0.0884791011359214,0.0971772781847355,0.0823290052210731,0.0465909790939817,-0.00230632889159167,-0.0531970026287586,-0.093980163029361,-0.114438083544426,-0.108729313237863,-0.076959446169816,-0.025418374164384,0.0346351516549225,0.0894243988256104,0.12581837116995,0.134485833756218,0.112278958961044,0.0632320606100324,-0.00213073375879971,-0.0690814679051698,-0.122070438948322,-0.148414623504812,-0.141399180738043,-0.102017051720379,-0.0388875900401757,0.0336663766999987,0.0989496046113849,0.141843545836739
0.147697172515738,0.123775854717126,0.0719033447432902,0.00435377914669072,-0.0630438329097599,-0.114710466581681,-0.139019389690934,-0.130993202722025,-0.0933539179459935,-0.0357007075176901,0.0279457184331343,0.0825974246661635,0.115887770231801,0.120919974317192,0.097709492314108,0.052920885697988,-0.00197265942183659,-0.0536014378661259,-0.0899413908911226,-0.103100597702626,-0.0910106143086358,-0.0576728620026542,-0.011966419102782,0.0346404728324287,0.0708936253649005,0.0883968394251108,0.083490533616948,0.0579628726209831,0.0184759516761869,-0.0251147489078678,-0.0621297165623229,-0.0835702614523241,-0.0841959392566574,-0.063721425935911,-0.0268799836008264,0.0176523538756618,0.0592336671340098,0.0877020759816593,0.0957529343539372,0.0807142951982701,0.0453055760729314,-0.00282377002030031,-0.0527129107267929,-0.0925381182509506,-0.112359359303104,-0.106540084811924,-0.0752612684142954,-0.0247332015009546,0.0340068455545565,0.0874959421090765,0.122934444057431,0.13125789167145,0.109451317514617,0.0615088613612563,-0.00225710467712141,-0.0674592320403303,-0.118942400800153,-0.144381947027448,-0.137300325633566,-0.0987471057015665,-0.0371977965796922,0.0333433082990903,0.0966074473198243,0.13791714920005
0.142608480172873,0.118977602959275,0.0684087985938329,0.00291055408585605,-0.062117843411388,-0.111597925506175,-0.13436526968787,-0.125765853227643,-0.0886361131403137,-0.0324567918177931,0.0290752332103118,0.0814286682179465,0.112724982635936,0.116479834847331,0.0929567237506566,0.0488533506585643,-0.00454040428618806,-0.0542078561920884,-0.0885643930164133,-0.100143863248248,-0.0871960263391247,-0.0538662976309164,-0.00897848891795987,0.0362325822666789,0.0708631685392385,0.0868986166802746,0.0810020669556979,0.0551529058253633,0.01603422195854,-0.0266443341742434,-0.0624724779863484,-0.0827723692886811,-0.0825941141205391,-0.0618408272200348,-0.0252878127015563,0.0184995729137529,0.0591101845482376,0.0866701160567721,0.094142884458436,0.0790333878040388,0.0440987312244502,-0.00312509020261008,-0.0519147693408023,-0.0907485231216114,-0.109975060439123,-0.104156959315435,-0.0735287033462085,-0.0241874836508252,0.0330887764804049,0.0851847259204781,0.11965403825085,0.127703985212506,0.106438973569805,0.0597837520165749,-0.00219973086700808,-0.065504402228677,-0.115401665505901,-0.139942383140348,-0.13288491510772,-0.0953158373132689,-0.035533328935595,0.0328167796702512,0.0939297787034145,0.13359628804556
0.137199175066837,0.113956967597971,0.0648326195503393,0.0015370268075188,-0.0609933407067487,-0.108207420379139,-0.129417909673803,-0.120294029122367,-0.0837721508024943,-0.0291896112942931,0.0301098306015123,0.0800781432702047,0.109342757390088,0.111837043089321,0.0880645588256604,0.0447374173692775,-0.00706228002918092,-0.0546948689454566,-0.0870327996558506,-0.0970427319127696,-0.0832876177628476,-0.050041363457396,-0.0060507096649596,0.0377052946827957,0.0706903535277383,0.0852785419429618,0.0784511111135023,0.0523633339540321,0.0136970732835945,-0.0280072963693522,-0.0626273210548258,-0.0818147917370683,-0.0809066895113885,-0.0599788417789765,-0.0238242448955907,0.0191296991296726,0.0587261852291078,0.0853931532549815,0.0923626231417334,0.0773024547282659,0.0429820485348907,-0.00320740332157041,-0.0508102750348325,-0.0886286188223204,-0.107308157898005,-0.101602904225723,-0.0717784610928177,-0.0237865027695337,0.0318897648298568,0.0825129959179222,0.116008737395936,0.123858327554971,0.103270914314341,0.0580733142404211,-0.0019591972498063,-0.0632358285708396,-0.111482346069102,-0.13513869742455,-0.128195488411224,-0.0917563195079703,-0.0339102525698574,0.0320918279797069,0.0909423629318561,0.12892256177296
0.131521342008871,0.108762283057102,0.0612092215090526,0.000246394488883774,-0.0596811800791668,-0.104571619314702,-0.124224963610799,-0.114630435378536,-0.0788088884901944,-0.0259306526074713,0.0310395235445659,0.0785588381134907,0.105773657070182,0.107036306348368,0.083080105420348,0.0406127133782606,-0.00951401472118444,-0.0550578008987655,-0.0853613719418219,-0.0938270757425695,-0.0793230329071709,-0.046234900720731,-0.00321128475487813,0.039044418156806,0.0703768357040452,0.0835522095040409,0.0758622264021784,0.0496210161706097,0.0114870084005645,-0.0291905143356594,-0.0625927600438178,-0.0807067582489479,-0.0791499263094894,-0.0581534130480097,-0.0225033854705911,0.019536656921026,0.0580853626308754,0.0838834796478369,0.0904292844839742,0.0755381491058922,0.0419662631925829,-0.00306993261459125,-0.0494100745421304,-0.0861988273804497,-0.104384344401934,-0.0989025337018108,-0.0700274225467685,-0.0235341471776835,0.0304213370853393,0.0795064702488148,0.112033639404023,0.119757941235009,0.0999776262047558,0.0563939887120305,-0.00153785149620869,-0.0606753811308555,-0.10722220031162,-0.130017161782847,-0.123277223698402,-0.088102859745952,-0.0323442325088907,0.0311754040739607,0.0876739499088409,0.123940969802581
0.12562965302317,0.103443561356394,0.0575734760139123,-0.000948939489030454,-0.0581940190447543,-0.100725548768131,-0.11883644827177,-0.108829622419046,-0.0737941380434148,-0.0227113194916758,0.0318553404298452,0.0768853716281657,0.102052047660773,0.102123855017768,0.0780513615676807,0.0365189529465025,-0.0118720080959184,-0.055293167021666,-0.0835662134242903,-0.0905278670111576,-0.0753404557985973,-0.0424835717036625,-0.000487564708248973,0.040237050454374,0.0699256289973401,0.0817362397104649,0.0732603398497003,0.0469523571420146,0.00942530685365684,-0.0301825965323017,-0.0623691312779736,-0.0794589453345143,-0.0773407519606057,-0.0563821319407894,-0.0213379651542376,0.0197165203709404,0.05719388437209,0.082155629327404,0.0883614774067914,0.073757445779768,0.0410611389351972,-0.00271401754084424,-0.0477276618527797,-0.0834825547565968,-0.101231786669202,-0.0960818708751551,-0.0682924758291729,-0.0234328728899337,0.0286976156017598,0.0761940923340026,0.107767018760044,0.115442302111268,0.0965908022753718,0.0547619180136768,-0.000939780217885221,-0.0578477384523889,-0.102662266759698,-0.124627108440106,-0.118177502306168,-0.084390668544344,-0.0308503811774906,0.0300763067242982,0.0841559991842302,0.118699478633655
0.119580841156358,0.0980520110690535,0.0539603773376043,-0.00203748398919468,-0.0565461946584296,-0.096706255762157,-0.113304261326274,-0.102947460501062,-0.0687762046341902,-0.0195626296215205,0.0325494121995853,0.0750738529907486,0.0982137678378814,0.0971469974827588,0.0730267533963626,0.0324955549195664,-0.0141135584004709,-0.0553987056515852,-0.0816646147239702,-0.0871768797952652,-0.0713782423180003,-0.0388235065028078,0.00209421644934637,0.0412717035070801,0.0693410770747974,0.0798481191012377,0.0706705053447767,0.0443830529527774,0.00753182022477138,-0.0309739906075434,-0.06195858975768,-0.0780833735290893,-0.0754965971151023,-0.0546820670150882,-0.0203392171210963,0.0196675513139176,0.0560603329861401,0.0802262386229342,0.0861791068506805,0.0719774784532947,0.0402753747432578,-0.00214310028430234,-0.0457792479020402,-0.080505965211775,-0.0978808538152967,-0.0931680965760128,-0.0665903526999972,-0.0234836789748931,0.0267351833463077,0.0726077525520251,0.103249958221206,0.110952959694326,0.0931430378059475,0.0531927923309084,-0.000170768503575933,-0.0547801491209255,-0.0978464689980319,-0.119020454499681,-0.112945451840235,-0.080655519392866,-0.0294431116744697,0.0288050989232495,0.0804223776367767,0.113248560244829
0.113433154381583,0.0926395446787921,0.0504047062340193,-0.00300876999352204,-0.0547535848683656,-0.0925524508248641,-0.107681681409951,-0.0970406014528629,-0.0638034211623292,-0.0165149153668229,0.0331150486037098,0.0731417268112208,0.0942957839173696,0.0921536645612718,0.0680546688923149,0.028581263344867,-0.0162170807561099,-0.0553734000810186,-0.0796748869272373,-0.0838063839387942,-0.0674745507554094,-0.0352899549704949,0.00450919395490087,0.0421384141397794,0.068628811575028,0.0779060320886743,0.0681176624964391,0.0419378438129676,0.00582478109529695,-0.0315570753185097,-0.0613650883539985,-0.0765932914975658,-0.0736352274802428,-0.0530695997031018,-0.0195167684443968,0.0193902163052081,0.0546956233778108,0.0781138860304847,0.0839031824320177,0.0702153752769624,0.0396165217505881,-0.00136269204535253,-0.0435836041280881,-0.0772977291364094,-0.0943638245642377,-0.090189286940584,-0.064937466527635,-0.0236860970211564,0.0245529248645863,0.0687819814874698,0.0985259534416596,0.106333137480767,0.089667517244701,0.0517016994061178,0.000761756768101043,-0.0515021686978183,-0.0928211923183906,-0.113251201648084,-0.107631472492155,-0.0769334033494157,-0.0281359979484924,0.0273740069994084,0.0765090338136866,0.107640706269159
0.1072457948459,0.0872582790605184,0.0469406955709136,-0.00385345087721172,-0.0528334552760747,-0.0883041350885597,-0.102022854997123,-0.0911659329553569,-0.0589236824965604,-0.0135975313384628,0.0335468028596165,0.071107605182038,0.0903358337882828,0.0871919478670917,0.0631829919626921,0.0248137744788561,-0.0181623149373119,-0.0552174883609994,-0.0776161853306137,-0.0804488343532402,-0.0636669743245,-0.0319169471847046,0.00673411179995179,0.0428288399791769,0.0677956977922322,0.0759286858026453,0.0656263965254887,0.0396402759345535,0.00432062756129536,-0.0319262339158285,-0.0605943397737207,-0.0750030483980806,-0.0717745725158163,-0.0515602662081409,-0.0188785470521875,0.0188871823214501,0.0531128977765215,0.0758389133914215,0.0815556164089141,0.0684880944293704,0.0390909111455083,-0.000380319467065536,-0.0411618814181607,-0.0738887467771734,-0.0907145761021074,-0.0871741424499944,-0.063349753412479,-0.0240381948459955,0.0221718449789416,0.0647536176833924,0.093640494320304,0.101627317122493,0.086197695369785,0.0503029801497897,0.00184879925578129,-0.048045374584524,-0.0876348367530823,-0.107374915837731,-0.102286751170428,-0.0732601816759898,-0.026941643259822,0.0257968034898196,0.0724536520442429,0.101929922612826
0.101078348853315,0.0819600338789752,0.0436017010402239,-0.00456339213784714,-0.0508042927904667,-0.0840022151446204,-0.0963822750191836,-0.0853800306288429,-0.0541839840576136,-0.0108385715545995,0.0338405240844153,0.0689910882543803,0.0863720632625986,0.0823096365426517,0.0584586412870887,0.0212293737711106,-0.0199305205716371,-0.0549324612258728,-0.0755083252287955,-0.0771365586438484,-0.0599921791758893,-0.0287369657190845,0.00874754663927878,0.0433363396215925,0.066849768337231,0.0739351297857994,0.0632207014973539,0.0375124748641502,0.00303384498805669,-0.0320779082869111,-0.0596537616595574,-0.0733279557358331,-0.0699325526309539,-0.0501686076034393,-0.0184307050966088,0.0181632912265274,0.0513273991952265,0.0734232300381276,0.0791590128900784,0.0668122612556342,0.0387035937332058,0.000794548268800141,-0.0385374061973067,-0.070311850528535,-0.0869682575802062,-0.0841517110326197,-0.0618425180255612,-0.0245365944418221,0.0196148669432392,0.0605614530859664,0.0886406270945561,0.0968808104192278,0.0827669757311429,0.0490100912648301,0.00307988039504702,-0.0444430615822409,-0.0823373508074318,-0.101448191968387,-0.0969627681436,-0.0696712398890865,-0.0258715582260351,0.0240886748741664,0.0682952896463533,0.0961712093792154
0.0949902130680201,0.0767958327239946,0.0404198801022329,-0.00513174972602222,-0.048685627780523,-0.0796881093601042,-0.0908142562469792,-0.0797386132037915,-0.0496299691931993,-0.00826459895619526,0.0339933969955585,0.066812575076474,0.0824426583517543,0.0775537568275418,0.0539271183970776,0.0178625863206093,-0.0215046578773878,-0.0545210481510072,-0.0733715915101403,-0.0739014460627377,-0.0564855513931934,-0.0257806328693187,0.0105301139622489,0.043656036294536,0.0658001454228049,0.0719445722817673,0.0609237491764799,0.035574932451409,0.00197682652561744,-0.0320106333344851,-0.0585524053496919,-0.0715841400357782,-0.0681269065514234,-0.0489080295874351,-0.0181775594850555,0.0172255132427803,0.0493563246126437,0.0708901017912256,0.0767364503076581,0.0652040085141432,0.0384582917207589,0.00215059095787977,-0.0357354556318442,-0.0666014886608083,-0.0831609514214483,-0.0811511079155034,-0.0604302856733573,-0.0251765040130098,0.0169066119809568,0.0562458595874726,0.0835745013902039,0.0921393232417435,0.0794083894453269,0.0478354761787254,0.00444314068745688,-0.0407299210916613,-0.0769797503874012,-0.0955281087299343,-0.091710800961976,-0.0662011465787948,-0.0249360496484019,0.0222660754302809,0.0640740007150323,0.0904200311058134
0.0890400224617645,0.0718154117795274,0.0374258822486954,-0.00555303622347823,-0.0464978464319884,-0.0754033494371611,-0.0853724124826395,-0.0742960060216881,-0.0453054897052015,-0.00590038987382742,0.0340039685080815,0.0645930665311444,0.0785854770251043,0.0729701189044675,0.0496320693389301,0.0147458441741464,-0.0228695521885468,-0.0539871916617942,-0.0712265438768809,-0.0707746407735651,-0.0531808563671984,-0.0230764158460639,0.0120646545469221,0.0437848644104795,0.0646569525354641,0.069976194895363,0.0587576657309839,0.0338463095027567,0.00115975372788091,-0.031725051254994,-0.05730086897527,-0.0697883877480088,-0.0663750205218444,-0.0477906732540817,-0.0181215501544128,0.0160828798717842,0.0472186592934902,0.06826392684054,0.0743112592427082,0.0636788212564247,0.0383573631727378,0.0036747466076185,-0.0327830141182178,-0.0627933935335769,-0.0793293256990261,-0.0782012349382675,-0.0591266620343155,-0.0259517638135737,0.0140731623181718,0.0518484002592015,0.0784909065844683,0.0874485155739069,0.0761542774178591,0.0467904455062545,0.00592545404904368,-0.0369417070482052,-0.0716136275569156,-0.0896716788611474,-0.0865814304468025,-0.062883320297663,-0.0241441212018971,0.0203465686142194,0.0598304501185603,0.0847317824189709
0.0832850855157353,0.0670667407561563,0.0346485535695142,-0.00582317422118942,-0.0442619950980924,-0.0711891810354975,-0.0801091405853035,-0.0691046180287742,-0.0412521837576935,-0.00376869589586001,0.0338721609921145,0.0623539622938026,0.074837684015481,0.0686028753969878,0.0456148641460428,0.0119091736788972,-0.0240120406662926,-0.0533360101184756,-0.0690938195438129,-0.067786242367328,-0.0501099138223515,-0.0206503527696695,0.0133363994100749,0.0437215985803277,0.0634312163626042,0.0680489674233075,0.0567433184433596,0.0323432560209829,0.000590498426121629,-0.0312239055728698,-0.0559111957224904,-0.0679579838713013,-0.0646937609863255,-0.0468272981275653,-0.0182632164960302,0.0147463969088679,0.0449349938447462,0.0655700006703548,0.0719067977397454,0.0622513878245089,0.0384017794680736,0.00535233732978615,-0.0297085134054046,-0.0589242374909656,-0.0755102809400427,-0.0753305020438424,-0.0579442019324033,-0.0268549053561791,0.0111418099878474,0.0474114290169159,0.0734388019446523,0.0828535619023453,0.073035979040823,0.0458850681824429,0.0075125541118516,-0.0331148918087154,-0.0662906538532038,-0.0839353001204054,-0.081624053511422,-0.0597497077349504,-0.023503386947164,0.0183486574985005,0.0556055214297781,0.0791612542599372
0.077780832120521,0.0625955607038791,0.032114658478215,-0.00593953636292201,-0.0419995785023462,-0.0670861672812356,-0.0750751162861808,-0.0642144372927401,-0.0375090752221159,-0.00189002541295205,0.0335992720912939,0.0601168537967076,0.071235392211997,0.0644940957834374,0.0419141981783726,0.00937990591197947,-0.0249210997622298,-0.0525737493062449,-0.0669939352886802,-0.0649650164961623,-0.0473022916173399,-0.018525802099757,0.0143331116762146,0.0434668648267659,0.0621347599417609,0.0661814646556622,0.0549001144890933,0.0310802507636562,0.000274546804674095,-0.0305120149797177,-0.0543967582264872,-0.0661105458379685,-0.0630993123542996,-0.0460271785894006,-0.0186011921614389,0.0132289383893656,0.0425273257738429,0.0628342722969738,0.0695462262742017,0.0609354583958954,0.0385911159689031,0.00716721067489539,-0.026541558853752,-0.0550312797520059,-0.071740594757998,-0.0725665536346965,-0.056894288419001,-0.0278772234265921,0.00814079382493737,0.0429776825765954,0.0684668450671276,0.0783987161827917,0.0700835303576188,0.0451280743118893,0.00918917126638066,-0.0292863152952897,-0.0610620829367656,-0.0783742122544584,-0.0768864075084283,-0.0568304762751104,-0.0230199984888205,0.0162916059174698,0.0514399225854087,0.0737621058339689
0.0725802794984168,0.0584449431644526,0.0298486212942546,-0.00590097163880806,-0.0397323537026043,-0.0631337989526518,-0.0703188066321716,-0.0596725498914627,-0.0341121983049404,-0.000282446917588289,0.0331879611395279,0.0579033152296956,0.0678133141202076,0.0606833608399602,0.0385657191775948,0.00718241299111641,-0.0255879521789741,-0.0517077232629137,-0.0649470907299532,-0.0623381183923196,-0.0447850212593304,-0.0167232179054512,0.0150452040133109,0.0430231339120803,0.0607800880862693,0.0643916869318368,0.0532458137309797,0.0300694616690843,0.000214946414390235,-0.0295962272203325,-0.0527721301958912,-0.0642638542463933,-0.0616070214063169,-0.045398014693556,-0.0191322182988212,0.0115451224903368,0.0400188474653731,0.0600830941720298,0.0672522845431068,0.0597437124383446,0.0389235559903433,0.00910189504822915,-0.0233126444637535,-0.0511520076942334,-0.0680565677363294,-0.069936002431462,-0.0559870233279666,-0.0290088602066225,0.0050990271916366,0.0385898686360306,0.0636229231602233,0.0741268855719022,0.0673253746024794,0.0445267706770479,0.0109391791386136,-0.0254928307600996,-0.0559782573551492,-0.0730419651907164,-0.0724141106810647,-0.0541537238927855,-0.0226985864629375,0.0141952520676191,0.0473737930945445,0.0685863473826989
0.0677335213014272,0.0546548749218248,0.0278722901962961,-0.00570781763764142,-0.0374821217596513,-0.0593701150649906,-0.0658860037350882,-0.0555226867955778,-0.0310942510556117,0.00103858407803028,0.0326422223486762,0.0557346946309614,0.0646044267751991,0.0572073810339523,0.0356016836406913,0.00533787282416947,-0.0260061522673442,-0.0507462448764221,-0.0629729746932791,-0.0599308319139309,-0.0425823378612889,-0.0152599531318903,0.0154658305201088,0.0423946968694306,0.0593802662181048,0.0626968862007838,0.0517963573437127,0.0293206284992051,0.000412276639979982,-0.0284853534584027,-0.0510529464886269,-0.0624356820560851,-0.0602312498278584,-0.044945858223415,-0.01985117508977,0.00971117058728188,0.0374337226249587,0.0573429681675474,0.0650470722348242,0.0586876363557214,0.0393959080375627,0.0111377677161494,-0.0200528594136341,-0.0473237759809154,-0.064493673970575,-0.0674641733936104,-0.0552311303509679,-0.0302389006843796,0.00204581906720276,0.0342902542575424,0.058953691689544,0.0700792170327553,0.0647880879099816,0.0440869697351537,0.0127457491131704,-0.0217709505614074,-0.0510881241566613,-0.0679899035676908,-0.0682502231373368,-0.0517452091619098,-0.0225422168891146,0.0120798163917491,0.0434463166079907,0.0636838387786336
0.0632872448174196,0.0512618723669182,0.0262047258514981,-0.00536189859503459,-0.0352705190705087,-0.0558313374736433,-0.0618193842969994,-0.051804803095314,-0.0284842810710357,0.002060372874498,0.0319673450715307,0.053631907123538,0.061639653364898,0.0540996425592097,0.033050645833544,0.00386406458364073,-0.0261716490044201,-0.049698546880776,-0.061090576496822,-0.0577663266089545,-0.040715447035761,-0.0141500927480417,0.0155909521971597,0.0415876229991184,0.0579487938032104,0.0611133992830599,0.0505657139321875,0.0288409688362795,0.000864642912686682,-0.0271900837419587,-0.0492557529700217,-0.0606436238736053,-0.0589852362786025,-0.0446750546945128,-0.0207511312767699,0.00774475082944771,0.0347968533509608,0.0546402900977632,0.0629518358981638,0.0577774125126048,0.040003636154088,0.0132552337944835,-0.0167935889238225,-0.0435834470015016,-0.0610862196293766,-0.0651748601600698,-0.0546338715526252,-0.0315554784147691,-0.000989408793965696,0.030120258428178,0.0545041248355324,0.0662947008019763,0.0624961228502046,0.0438129328119857,0.0145915114445242,-0.0181564953355206,-0.046438764002009,-0.0632666725584071,-0.0644348325632657,-0.0496281039557173,-0.0225523627710903,0.00996570563801163,0.0396953426128844,0.05910180879051
0.0592842809480101,0.048298629211417,0.0248620167933573,-0.00486650920630224,-0.0331188103264819,-0.0525515229785516,-0.0581580991334014,-0.0485546936092575,-0.0263074064002191,0.00277310678332117,0.0311698615716158,0.0516152323336876,0.058947564660095,0.0513900844379138,0.0309371824525204,0.00277519689776709,-0.026082825911255,-0.0485746939707734,-0.0593180039383497,-0.0558654351153469,-0.0392023209588649,-0.0134043183724745,0.0154193753886767,0.0406097007604552,0.0564994736365379,0.0596564899632919,0.049565744639293,0.0286351083465301,0.00156769473200741,-0.0257228843703157,-0.047397847582637,-0.0589049269561664,-0.0578809693108837,-0.0445882018506514,-0.0218234111959387,0.00566480774801844,0.0321336400856585,0.0520010952477304,0.0609867639749196,0.057021820720059,0.0407409031039644,0.015433914509017,-0.0135662123187618,-0.0399670360808941,-0.057867012815038,-0.0630900963425686,-0.0542009781091395,-0.0329458905869927,-0.00397740588976728,0.0261200527360434,0.050317082101251,0.0628097945475051,0.0604715722795009,0.043707328071402,0.0164587214414881,-0.0146842499123795,-0.0420749382896282,-0.0589177497344385,-0.0610046686495007,-0.0478227711897318,-0.0227288911760357,0.00787331502723731,0.0361570209322073,0.0548843996706489
0.0557631913074338,0.0457937009668403,0.0238571233667552,-0.00422638430688044,-0.0310476850388281,-0.0495622362441096,-0.0549373966272291,-0.0458036485616492,-0.0245845743119644,0.00316994856412354,0.0302574828524184,0.0497041179866626,0.0565541031558884,0.0491048098148032,0.0292816555989753,0.00208177043533015,-0.0257405174910668,-0.0473854868422838,-0.0576723097037277,-0.0542464530206299,-0.0380575255575354,-0.0130298056703739,0.0149527628425193,0.0394703621537382,0.0550462782628588,0.0583402014558807,0.0488060885563807,0.0287050359910541,0.00251466733150818,-0.0240978781387021,-0.0454971141424377,-0.0572363255431691,-0.0569290723452996,-0.0446861250398094,-0.023057678658669,0.00349137954729872,0.0294697367664606,0.0494508073696006,0.0591707919832919,0.0564281531487035,0.0416006259911802,0.0176528429322942,-0.0104018011816455,-0.0365093648661333,-0.0548670478935425,-0.0612299438573988,-0.0539365959114401,-0.0343967212606355,-0.00688937542188484,0.0223281740252379,0.0464328952544231,0.0596580718498291,0.0587339558063956,0.0437712037035314,0.018329429166631,-0.0113876292543769,-0.0380386586354619,-0.0549850074657577,-0.0579927499256316,-0.0463465697135765,-0.0230700658683491,0.00582283048391633,0.0328654525871788,0.0510722414722273
0.0527578964348568,0.0437712292530043,0.0231997517858994,-0.00344765465808498,-0.0290770595410276,-0.0468922466497287,-0.0521882837209216,-0.0435781526288191,-0.0233323602231397,0.00324710124199199,0.0292390232125278,0.0479169916136004,0.0544823326083633,0.0472658342384036,0.0281000163623632,0.00179047622979044,-0.0251480019961415,-0.0461423590449942,-0.0561693278379894,-0.0529249630895156,-0.0372920804739571,-0.0130301554996649,0.0141956172985319,0.0381805913440546,0.0536032148447917,0.0571772206853668,0.0482940695538133,0.0290500846246297,0.00369644659638036,-0.0223307086022838,-0.0435718504471443,-0.0556538800945489,-0.056138701794615,-0.044967869691864,-0.0244420368616539,0.00124540484856778,0.0268308035439639,0.0470139935742512,0.0575214197434062,0.0560021435089792,0.0425745438036258,0.0198906653317327,-0.00733082049537692,-0.0332437262195835,-0.0521152073229598,-0.0596123003138096,-0.0538432465260765,-0.0358939715488843,-0.00969725242221679,0.0187811527778268,0.0428889795931367,0.0568698984078124,0.0573000309585714,0.0440039766327155,0.0201856510621183,-0.00829835759964071,-0.0343687828319457,-0.051506310056376,-0.0554280663818066,-0.0452136881922578,-0.0235725654205685,0.00383403288740972,0.029852360423154,0.0477020602178817
0.0502973487167207,0.0422507086173089,0.0228962595613533,-0.00253778921079868,-0.0272258863263142,-0.0445672519584494,-0.049937227693955,-0.041899630238179,-0.0225628086985168,0.00300384372028004,0.0281243142987468,0.0462710822213827,0.0527522154025433,0.0458908733662331,0.027403650915811,0.00190413074302568,-0.0243109705622252,-0.0448572676075768,-0.0548235218270443,-0.0519136855360732,-0.0369133531464968,-0.0134053594596751,0.0131552377786048,0.0367528184277013,0.052184189801297,0.056178755706795,0.0480346254419211,0.0296669371787283,0.00510165661641799,-0.0204383896562546,-0.0416405923391403,-0.0541728229688537,-0.0555174593004359,-0.0454307109541873,-0.025963143349009,-0.0010514792415774,0.0242422594567922,0.04471412748892,0.0560545424210963,0.0557479112034004,0.0436532962567813,0.0221258462120504,-0.00438283563343126,-0.0302015638364782,-0.0496379838394591,-0.0582527272910979,-0.0539218038556941,-0.0374231954574647,-0.0123739748450943,0.0155131608204567,0.0397194732911337,0.0544721391051999,0.0561836309021129,0.0444034368999686,0.0220095418968523,-0.00544616386338982,-0.0311006411560559,-0.0485151494806051,-0.053335300910816,-0.044435009536136,-0.0242315165735661,0.00192610628033455,0.0271467827080718,0.0448063237140136
0.0484052531845954,0.0412467981367834,0.0229495932490941,-0.0015055243529207,-0.0255119725127315,-0.0426096314366358,-0.0482059015828499,-0.0407842395588163,-0.0222833180292192,0.00244253688256603,0.0269241095256413,0.0447822536760366,0.0513804199154917,0.0449931721489896,0.0271992706173524,0.00242164831318073,-0.0232374729805362,-0.0435425784603166,-0.0536478457310886,-0.0512223557692283,-0.0369249880192709,-0.0141518001653993,0.0118416490127058,0.0352007993816046,0.0508028745381091,0.0553544274618685,0.0480302601563525,0.0305496583784874,0.00671676903972327,-0.0184391418715464,-0.0397219354065188,-0.0528074120138409,-0.0550713189118019,-0.0460701803753132,-0.0276063389043775,-0.00337714578286794,0.0217290374529279,0.042573362971286,0.0547842970333643,0.055667921012808,0.0448265132052774,0.0243368751006099,-0.00158622800764994,-0.0274121696628287,-0.0474592256633665,-0.0571643011335529,-0.0541714866875662,-0.0389696400318203,-0.0148937449833432,0.012555681767024,0.0369549083084704,0.0524878987779365,0.0553955303103179,0.0449657677251274,0.0237835654267863,-0.00285849619533779,-0.0282656966049132,-0.0460403232130059,-0.0517345922290349,-0.0440180071439014,-0.0250405424719845,0.000117451930791014,0.0247747926885945,0.0424129284407842
0.0470998388918132,0.0407691796424272,0.0233592591604866,-0.000360780776711651,-0.0239518091460328,-0.0410382307791653,-0.0470109756833157,-0.0402427171553897,-0.0224965694792865,0.00156860015738079,0.0256499798164635,0.043464851430875,0.0503801597446805,0.0445813771466244,0.0274888471845753,0.00333805126842271,-0.0219378406073226,-0.042210947736529,-0.0526536196907592,-0.0508576307794384,-0.0373268715558748,-0.0152622862372975,0.010267504691327,0.0335394833650332,0.0494725735763821,0.0547121769250279,0.0482810194383213,0.0316897516969611,0.00852623318178711,-0.0163522171550809,-0.0378343560312617,-0.051570793468585,-0.0548045698921505,-0.0468801093627177,-0.0293557891164631,-0.00570919135302026,0.01931534412371,0.0406123205677885,0.0537229259097169,0.0557629587295254,0.04608291378942,0.0265024731077928,0.00103207790311044,-0.0249024020185855,-0.0455999071657924,-0.0563574876747606,-0.054589867164874,-0.0405183884234721,-0.017232278660106,0.00993720738904594,0.0346219160491607,0.0509362991984218,0.0549433407088123,0.0456855811024016,0.0254906621709376,-0.000560258408945678,-0.0258912423124063,-0.0441056572402501,-0.0506413415351904,-0.0439666739173897,-0.0259918252602943,-0.00157448991534902,0.0227592468351039,0.0405449305496378
0.0463936830833709,0.0408224639543121,0.0241213273503406,0.000885431271917734,-0.0225604129537713,-0.0398681808941169,-0.046363957133821,-0.0402802747911783,-0.0232005018626834,0.000390458798249195,0.0243142016963386,0.0423315640944579,0.0497610663594012,0.0446594532108778,0.0282695935743373,0.00464451762233373,-0.0204245871367329,-0.0408752000808325,-0.0518504209949516,-0.050823025062557,-0.0381151333899139,-0.0167261216637953,0.00844796548391221,0.0317848686600429,0.0482060963575456,0.0542581885413364,0.0487844902518617,0.0330762410060515,0.0105126256437001,-0.0141977134180169,-0.0359960335028124,-0.0504748754892388,-0.0547197756923773,-0.0478526889798883,-0.0311946372396774,-0.00802515203483042,0.0170244264700821,0.038849888779927,0.0528806584393636,0.0560321229962803,0.047410414389653,0.028601797296065,0.00344687352833689,-0.0226964271322016,-0.0440779271914436,-0.0558400420725101,-0.0551728950627267,-0.0420545044598099,-0.0193670397679117,0.00768296285419168,0.0327429706121196,0.0498322944438131,0.0548314363390131,0.0465559686311822,0.0271144127298911,0.0014264292087351,-0.0240001390446388,-0.0427297769090951,-0.0500660647456604,-0.0442814846939049,-0.0270761823911614,-0.00313340883575444,0.0211195642252796,0.0392203235722206
0.046293589862984,0.0414061460505708,0.025228468874098,0.0022211174800702,-0.0213511820525991,-0.0391107522814374,-0.0462710791205832,-0.0408965493663622,-0.0243883316802543,-0.00108053759294561,0.022929638833596,0.0413933011822135,0.0495290964052823,0.0452266453384529,0.0295339907567431,0.00632846590092045,-0.0187122881822539,-0.0395482051287902,-0.0512459917560358,-0.0511188766966578,-0.0392821835990658,-0.0185292088644327,0.00640055300261348,0.0299538486415225,0.0470156339614705,0.0539968306968175,0.0495358239491683,0.0346957761445151,0.0126568180040991,-0.0119963810339728,-0.0342246749082157,-0.0495302135114214,-0.054817749474302,-0.048978545491814,-0.0331051668636815,-0.0103027199497971,0.0148783479515261,0.0373030420580904,0.0522656122566616,0.0564728334522963,0.0487962443756753,0.0306146409110012,0.0056349087035301,-0.0208154865682746,-0.0429079369676814,-0.055616934694862,-0.0559149376007588,-0.0435631772899671,-0.0212774578705363,0.00581466349330258,0.0313361721185745,0.0491865264448737,0.0550609112859393,0.0475685671332598,0.0286391951113595,0.00308244242796818,-0.0226105952890743,-0.0419259278056016,-0.0500142917079452,-0.0449593924237937,-0.0282831558721046,-0.00454428192853389,0.0198715392099806,0.0384518649909989
0.0468005245337557,0.0425146096184032,0.0266700259780294,0.00363341469564374,-0.020335766985841,-0.0387732464042491,-0.0467332407700328,-0.0420856064686449,-0.0260486186116804,-0.00283022450166618,0.0215096181788681,0.0406590882309663,0.0496864745522838,0.0462774860607845,0.0312698601281036,0.00837367628944194,-0.0168174408227565,-0.0382427533479483,-0.0508461640850774,-0.0517423439014625,-0.0408167857436873,-0.0206541844590033,0.0041449811189639,0.0280640492586094,0.0459126419221374,0.0539306137933996,0.0505277829637516,0.036532761391673,0.0149381609739149,-0.00976942295067149,-0.0325373444865122,-0.048745908551548,-0.0550975464121603,-0.0502468309182371,-0.0350689728125487,-0.0125199582454879,0.0128977759771339,0.0359866772795605,0.0518837148279725,0.0570808551286396,0.0502270685594172,0.0325216275650675,0.00757511536535497,-0.0192776927818521,-0.0421011992462145,-0.0556903037491402,-0.0568088343778867,-0.0450298646829235,-0.0229451267502468,0.00435030544992766,0.0304150722116372,0.0490052221232349,0.055629568311918,0.0487136384596671,0.0300503345785021,0.0043918369203948,-0.0217359920456001,-0.0417018483809592,-0.0504865133442045,-0.045993858101239,-0.0296011135596796,-0.00579351886224076,0.0190271891777733,0.0382469533472485
0.0479096042498755,0.0441371809552851,0.0284321145615168,0.0051087147974394,-0.0195239583306801,-0.0388589251023196,-0.0477459983106374,-0.0438359974999563,-0.028165375725446,-0.0048417588364627,0.0200678018939105,0.0401359802795915,0.0502316724283611,0.0478018482946757,0.0334604808654758,0.0107604469331006,-0.0147583044689813,-0.0369714324443431,-0.0506548034978121,-0.0526874321206035,-0.0427041649687394,-0.0230805864350857,0.0017029662556988,0.0261336595859365,0.0449077302608107,0.0540601663266608,0.0517508105818036,0.038569505613228,0.0173346832428099,-0.00753829038199953,-0.0309502990952798,-0.0481295194282082,-0.0555564728411624,-0.0516453277118693,-0.0370671386169183,-0.0146555124604265,0.0111017828863822,0.0349134702873687,0.0517386462041567,0.0578503388753659,0.0516891151931527,0.0343043975201406,0.00924881029829061,-0.0180978547636318,-0.0416654800247059,-0.0560594350909794,-0.0578459668737321,-0.0464404335723779,-0.0243539819712986,0.00330399223698699,0.0299885434157375,0.0492901331221107,0.0565319395279195,0.0499801627468118,0.0313342446009358,0.00534200165852084,-0.0213847540011528,-0.0420596955433779,-0.0514781772185663,-0.0473749141375049,-0.0310173615034592,-0.00686909286780658,0.0185946388891059,0.0386075570711018
0.0496101450713681,0.0462582317084656,0.0304977579314839,0.00663279601500708,-0.0189235919647265,-0.0393669787378348,-0.0492996075960872,-0.0461308698300343,-0.0307182233441466,-0.00709578085469624,0.0186180562929859,0.0398289945335949,0.0511594238279001,0.0497850431372922,0.0360847510899856,0.0134657838826838,-0.0125547245929054,-0.0357465055406717,-0.050673771112839,-0.0539450513768842,-0.0449261501322171,-0.0257850511060267,-0.000901981524938004,0.0241812570651138,0.0440105617820675,0.0543842291869843,0.0531931231171623,0.0407863926351049,0.0198233031029775,-0.00532447605237905,-0.0294788313813842,-0.0476869897539776,-0.0561901121631149,-0.0531605665455342,-0.0390804188415233,-0.0166888162270608,0.00950766233553686,0.0340937538714668,0.0518318034962854,0.0587738774448851,0.0531683082964683,0.0359457842871625,0.0106398749859953,-0.017287335452187,-0.0416049738838489,-0.0567207693924622,-0.0590163418265139,-0.0477812964758336,-0.0254904557380624,0.00268579887593733,0.0300606936190822,0.0500385187224463,0.0577593387222477,0.0513559442440664,0.0324785575654054,0.00592378039919179,-0.0215602683269883,-0.0429960239281216,-0.0529797315595521,-0.0490892605509755,-0.0325182662455739,-0.00776065640666659,0.0185780424914337,0.0395301957159075
0.0518857649675689,0.0488573294653949,0.0328470505591949,0.00819096042331745,-0.0185404729213978,-0.0402925333971938,-0.0513791175907998,-0.0489481289199891,-0.0336825850870828,-0.00957060012966485,0.0171743190391677,0.0397410628387134,0.0524607760296561,0.0522079616534867,0.039117391281745,0.0164636228479592,-0.0102279410338128,-0.0345797923222147,-0.0509029050281717,-0.0555031033626051,-0.0474613485975189,-0.0287415379664943,-0.00364478463328182,0.0222256291036223,0.0432297595938426,0.054899668225409,0.054840823596852,0.0431620702045768,0.0223800508111713,-0.00314930699110686,-0.0281371221765426,-0.0474225904089432,-0.0569923672609994,-0.0547779560690632,-0.0410894245063523,-0.0186002893299404,0.00813076285554753,0.0335354183651466,0.0521622874198934,0.0598425767009292,0.0546504030493294,0.0374299798504286,0.0117349108383252,-0.0168539422852288,-0.0419202636540392,-0.0576679365891483,-0.0603086876699542,-0.0490395424621953,-0.0263436075506937,0.00250167492824891,0.0306308265054238,0.0512431721172718,0.0592999448553161,0.0528277287051559,0.0334722439924867,0.00613156007985832,-0.0222608518832533,-0.0445018190437043,-0.0549767173067428,-0.0511203930400688,-0.0340893858960877,-0.00845964040713411,0.0189775439563027,0.0410059737702688
0.0547145417730674,0.0519094347417073,0.035457350252288,0.00976817626769576,-0.0183783185935903,-0.041626697102352,-0.0539645139311094,-0.0522606508612968,-0.0370299242107813,-0.012242403786528,0.0157504658462333,0.0398730043908023,0.0541231767068566,0.0550472592774669,0.0425291879799757,0.0197250806113388,-0.00780038274913356,-0.0334825543240969,-0.0513400210823974,-0.0573465974435669,-0.0502853520143111,-0.0319215802858672,-0.0064990390987766,0.0202855927296302,0.0425728247199031,0.0556015049462515,0.0566780358545764,0.0456736557170858,0.0249802995447089,-0.00103373888057901,-0.0269381035518133,-0.0473388780609536,-0.0579555190186303,-0.0564819233847775,-0.043074809812775,-0.0203715262119723,0.00698434018031486,0.0332438358099163,0.0527269110373893,0.0610461412722161,0.056121122953729,0.0387426869290893,0.012523368299205,-0.0168018519446265,-0.0426083147976668,-0.0588918172677666,-0.0617105630929125,-0.0502030614022583,-0.0269052294004293,0.00275338735076903,0.0316934483164713,0.0528924897958456,0.0611389159224884,0.0543813312151199,0.0343057191069807,0.00596332526800323,-0.0234797671534231,-0.0465625839763585,-0.0574499072930013,-0.0534487617061169,-0.035715608730421,-0.008959336129313,0.0197892763023476,0.043020666710855
0.0580692245676916,0.0553851424614837,0.0383034968732241,0.0113492237185338,-0.0184387218668486,-0.0433566446146133,-0.0570309111959154,-0.0560365432927099,-0.0407280179845565,-0.015085485026765,0.0143601779341706,0.0402235189085073,0.0561305955659449,0.0582755810386176,0.0462872754119794,0.023218733665178,-0.00529545101353576,-0.0324653854985556,-0.051980933023782,-0.0594577944791399,-0.0533709711154025,-0.0352945590334458,-0.00943726844257625,0.0183798140169629,0.0420460645729148,0.0564829650113506,0.0586870577308538,0.0482969567239233,0.0275990027228253,0.00100184605103672,-0.0258933338643343,-0.0474366701454721,-0.0590703003894597,-0.0582560638905177,-0.0450174583763722,-0.0219854731157156,0.0060794297619951,0.033221808413282,0.0535202306112851,0.0623729738259866,0.0575662974438891,0.0398712568086714,0.0129976485891992,-0.0171315700224334,-0.0436625045613069,-0.0603806304018162,-0.0632084766759395,-0.0512606603089018,-0.0271699244978662,0.00343850371943092,0.0332383208776459,0.054970583370204,0.0632585320876626,0.0560017732148362,0.0349709357221979,0.00542067812426562,-0.0252052867657241,-0.0491584788219928,-0.0603754912244031,-0.0560519589061801,-0.0373812979927254,-0.00925495889550496,0.0210053995882647,0.0455548584524891
0.0619174964349308,0.0592509655912827,0.0413580554723419,0.0129188426140105,-0.0187211345780596,-0.0454657400460931,-0.0605487920535134,-0.0602394521938876,-0.0447412674759726,-0.0180724897713473,0.013016811473033,0.0407892002936608,0.0584636795135769,0.0618618254268681,0.0503554523276667,0.0269109213709815,-0.00273729318483764,-0.0315381091536971,-0.0528194919263442,-0.0618163770943915,-0.0566884972787403,-0.038827997506079,-0.012431187847121,0.0165266289945447,0.0416545329495816,0.0575355440673443,0.0608485318927122,0.0510067040919475,0.0302109354020158,0.00293783563502985,-0.0250128860154472,-0.047715036561288,-0.0603259853116023,-0.0600832990522389,-0.0468986671759324,-0.0234265921581395,0.00542474069435337,0.0334695417883802,0.0545345982649147,0.0638102870006079,0.0589719986151511,0.0408048114098121,0.0131531770973925,-0.0178399260005927,-0.0450726856198316,-0.0621200465935698,-0.0647880164595084,-0.052202170657596,-0.0271351587882994,0.00455041597363151,0.035250560371986,0.0574574327641488,0.0656383667015748,0.0576734273874982,0.0354614625214083,0.00450882366573946,-0.0274208059941705,-0.0522645115097985,-0.06372530468365,-0.058904934442939,-0.0390704415387577,-0.0093436931061107,0.0226141772809742,0.0485841288541057
0.0662222860561011,0.0634696581792063,0.0445915814622277,0.014461880723114,-0.0192228715051228,-0.0479336961327232,-0.0644842910012222,-0.0648289116144988,-0.049031039783445,-0.0211746790829528,0.0117332702262949,0.0415645706041125,0.0610999398273057,0.0657714443402187,0.0546945309760927,0.0307660707004211,-0.000150569248818516,-0.0307096822960767,-0.0538476445078802,-0.0643996447861898,-0.0602059883465141,-0.0424878738304052,-0.0154519760956521,0.0147438677391532,0.041401982097337,0.0587490902394809,0.0631416326148585,0.053776795563225,0.0327909374135646,0.00475557695982489,-0.0243052500128137,-0.0481713081786584,-0.0617104916255262,-0.0619460405949117,-0.0487003264529391,-0.0246810107649499,0.00502657205802566,0.0339846432244758,0.0557602359344742,0.0653442269099002,0.0603246757448462,0.0415343484088291,0.0129884477076465,-0.018920103598482,-0.0468252836047622,-0.0640933257401844,-0.0664339882100004,-0.0530185456718859,-0.0268012847756235,0.00607840444035561,0.0377107809042409,0.0603290792826537,0.0682554835437346,0.0593801689873153,0.0357725469524864,0.00323652044473821,-0.0301050021726797,-0.0558507781892039,-0.0674670999631726,-0.0619802360426317,-0.0407668049135277,-0.00922471814835358,0.0246000902302536,0.0520792894548736
0.0709421251254202,0.0680005746671843,0.0479729052427008,0.015963441051179,-0.0199391348987293,-0.050736768671023,-0.0687995199855458,-0.0697607329853184,-0.0535560394433241,-0.0243622048788644,0.0105218825713977,0.0425421339668469,0.0640139694970442,0.0699667762095117,0.0592627148501461,0.0347470394088002,0.00243978657407172,-0.0299881083388277,-0.0550555098228719,-0.0671827320058743,-0.0638895759599629,-0.046238948340368,-0.0184705526803668,0.0130486833194854,0.0412908272858727,0.0601119024747438,0.0655442667097042,0.056580547361141,0.0353141558937362,0.00643755632666477,-0.0237772507914409,-0.0488011020952077,-0.0632104970178651,-0.0638263595414194,-0.0504050938375032,-0.0257366550331901,0.00488875248492969,0.034762144995349,0.057185329888705,0.0669600070161238,0.0616112862947416,0.0420528283839717,0.0125050376219628,-0.0203617062031898,-0.0489034275851424,-0.0662814778109508,-0.0681305610722005,-0.053701946661648,-0.026171537447669,0.00800774150666778,0.0405952814639136,0.0635578566921333,0.0710846583683789,0.061105532121197,0.0359011620932446,0.00161599708704467,-0.0332320395061739,-0.0598827508766606,-0.0715648561352393,-0.0652482728346617,-0.0424540864328489,-0.00889921499469668,0.0269439871158729,0.0560066651488153
0.0760315481285939,0.0728000619925286,0.0514694334946835,0.017409026716225,-0.0208630593710408,-0.053847984282256,-0.0734529327870735,-0.074987430277338,-0.0582727054595471,-0.0276043963199744,0.0093942840322358,0.0437124498676909,0.0671776886148765,0.0744074090766087,0.0640160015482375,0.0388154743135073,0.00500880682950109,-0.0293803590556249,-0.056431473624909,-0.0701388471388239,-0.0677037914610601,-0.0500451026876239,-0.0214578574280327,0.0114573872136325,0.0413221241974988,0.0616108437650943,0.0680332866570806,0.0593909514111489,0.0377562848623217,0.00796756821801023,-0.0234339821010143,-0.0495983634136222,-0.0648115668906598,-0.0657061584848068,-0.0519965610346084,-0.0265833657469011,0.00501260351509073,0.0357945524709055,0.0587961448924303,0.0686420510649718,0.0628194221141621,0.042355243130836,0.0117075925259482,-0.022150856760629,-0.0512871122538481,-0.0686634452041801,-0.0698614192315799,-0.0542458176128858,-0.025252002368338,0.0103198339253871,0.0438762744764646,0.0671126580728917,0.074098622595565,0.0628328694402374,0.0358460369940088,-0.000337164540693016,-0.0367718173268962,-0.0643216096052728,-0.07597912539187,-0.0686775993300395,-0.0441160728238902,-0.00837035347753924,0.0296232698803281,0.060328419063194
0.0814415306188363,0.0778218806771415,0.0550474641985336,0.0187846819466667,-0.0219857767595524,-0.0572373993452739,-0.0783997246800229,-0.080458676929785,-0.0631356301579234,-0.0308700541587145,0.00836130640638299,0.0450642250695054,0.0705606154228325,0.0790505701148558,0.0689086068602014,0.0429321812048155,0.00753173208311518,-0.0288923065693425,-0.0579622995204735,-0.0732395300982169,-0.0716119072328066,-0.0538696874292787,-0.0243851299668518,0.00998529276150625,0.0414955593290752,0.0632314681398443,0.0705847138672437,0.0621809356897029,0.0400937995333578,0.00933087163979467,-0.0232787571110279,-0.0505554231554,-0.066498292941175,-0.0675673454499274,-0.0534594114780838,-0.0272129959386402,0.00539692708998932,0.0370719165583024,0.0605771568994683,0.0703741436855579,0.0639374296054658,0.0424386644689693,0.0106037822256153,-0.0242703311744716,-0.0539533902685371,-0.0712163049478056,-0.0716099181564205,-0.05464494734535,-0.0240515562727764,0.0129924023653747,0.047522153730169,0.0709592358580015,0.0772683267710156,0.0645455136601983,0.0356076701594275,-0.00260417844521763,-0.0406902594264822,-0.0691246158928488,-0.0806674123406829,-0.072235217202137,-0.0457367939778416,-0.00764326041469656,0.0326121123231145,0.0650029174900551
0.0871199617534116,0.0830176508226847,0.0586725122997385,0.0200771277892932,-0.0232965003896365,-0.0608723876364956,-0.0835922635349031,-0.0861217901615095,-0.0680979958566961,-0.0341277502507249,0.00743287450933517,0.046584423235175,0.0741301603843498,0.0838515378278136,0.0738934059809851,0.0470575028054999,0.00998425007317866,-0.0285286660637982,-0.0596332558704276,-0.0764549260685161,-0.0755762902001504,-0.0576758747551649,-0.0272241863584689,0.00864656813907,0.0418094534760897,0.0649581601858667,0.0731739699139701,0.0649236251846042,0.0423041830926058,0.0105143323213337,-0.023313076222448,-0.0516630717682207,-0.0682544411343437,-0.0693920076864901,-0.0547795674481059,-0.0276194890679437,0.00603801729440301,0.0385819297648093,0.062511202981066,0.0721395871822847,0.064954522668935,0.0423022730475405,0.00920422716825786,-0.0266997239376021,-0.0568765929072268,-0.0739154888192827,-0.0733592439492153,-0.0548955186770486,-0.022581780768329,0.0159996964585439,0.051497799086151,0.0750605321513113,0.0805632212248477,0.0662269393094459,0.0351883259919524,-0.0051632345029368,-0.0449496416986447,-0.0742455239466391,-0.0855845826272182,-0.0758868920040401,-0.04730067537776,-0.00672496894440869,0.0358817097143649,0.0699851313356135
0.0930121465243755,0.0883373186902533,0.0623096428434818,0.0212738911703761,-0.0247826279681893,-0.064717953935074,-0.0889805482275824,-0.0919222380154258,-0.0731120251722191,-0.0373461293824677,0.00661791148942923,0.0482583911665051,0.0778519404275443,0.0887640729460615,0.0789223875919756,0.0511517011201784,0.0123427304317062,-0.0282929497986064,-0.0614282572390652,-0.0797540727755477,-0.0795587640950438,-0.0614270129664234,-0.0299476902443083,0.00745410025301731,0.0422607782474672,0.0667742857367094,0.0757761134990741,0.067592600944271,0.0443661437493104,0.0115065493943537,-0.0235366124066911,-0.0529106475324317,-0.0700631076588424,-0.07116258373679,-0.0559443252503748,-0.0277989370746408,0.00692969622582691,0.0403100449477477,0.0645796470296888,0.0739213629844283,0.0658608873119081,0.0419473668493826,0.00752239654024128,-0.0294156444104234,-0.0600285769265295,-0.0767350192895431,-0.0750925743089993,-0.0549951441614393,-0.0208568500035613,0.0193127432539426,0.0557649150245842,0.0793770361244074,0.0839515511918305,0.0678609230992398,0.0345920141834214,-0.00798970764022646,-0.0495089549574534,-0.0796350256596311,-0.0906832969727504,-0.0795974818136352,-0.0487926867863944,-0.00562434960741895,0.039400556989611,0.075227070202323
0.0990613328323547,0.0937296393459776,0.0659238083304365,0.0223634260217239,-0.0264298621554215,-0.0687370705962454,-0.0945126899521141,-0.0978041642651714,-0.0781294406451276,-0.0404942105404015,0.00592425359086239,0.0500700004166881,0.081690110319036,0.0937408638644501,0.08394711642755,0.0551753404756926,0.0145844526912716,-0.0281874328921117,-0.0633300190448158,-0.0831051985261428,-0.0835209770030572,-0.065086979298997,-0.0325294159057266,0.00641937085352536,0.0428451854388741,0.0686623522677041,0.0783660808562275,0.070162154712375,0.0462598199641278,0.0122979653238954,-0.0239472142212294,-0.0542861390262612,-0.0719068813797125,-0.0728620321379966,-0.0569424771703693,-0.0277496177584831,0.00806337363913526,0.0422396155993486,0.0667625596263859,0.0757022961739355,0.0666477768865384,0.0413773492879455,0.00557447890853462,-0.032391941864889,-0.0633789952584454,-0.079647759044151,-0.0767932395915305,-0.0549428880925019,-0.0188933934176605,0.0228996266683253,0.0602823997543727,0.0838671650310361,0.0874006635160251,0.0694317013250005,0.033824452207137,-0.0110563942164125,-0.0543242994557291,-0.0852412251272901,-0.0959144664718061,-0.0833312746817995,-0.0501984858121322,-0.00435202388537701,0.043134752816162,0.0806782449067617
0.105209258314636,0.0991426707013226,0.0694801870097766,0.0233352252666091,-0.0282223476841803,-0.0728910338687574,-0.100135411810671,-0.103710926139065,-0.0831019292796154,-0.0435416847471781,0.0053585751588741,0.0520018028935448,0.0856077079675641,0.0987339823250873,0.088919199864727,0.0590896675505062,0.0166878253650084,-0.0282131312169996,-0.0653202239332535,-0.0864760281525882,-0.0874247706561654,-0.0686205277000104,-0.0349445007124036,0.00555234604970334,0.0435570489736359,0.0706041774447317,0.0809189272709621,0.0726075366876709,0.0479669718699879,0.0128809580272355,-0.0245409264779273,-0.055776300671146,-0.0737680112360965,-0.0744739951506046,-0.0577644190431538,-0.0274720111349835,0.0094281297863826,0.0443520563082873,0.0690389103244655,0.0774652214827415,0.067307597011177,0.0405976969888378,0.00337922663805206,-0.0355999571354421,-0.0668955889517449,-0.0826256717038727,-0.0784448824526443,-0.0547392746037129,-0.0167103349206747,0.026725795225616,0.0650067413199455,0.0884876651502564,0.0908773219519104,0.070924122738035,0.0328930112290982,-0.0143337733625209,-0.0593493073203603,-0.0910101381282384,-0.101227724787896,-0.0870523316718425,-0.0515045550159264,-0.00292026106795342,0.0470483265775879,0.0862861539658078
0.111396711650772,0.104524274170088,0.0729445188220069,0.0241799225566843,-0.0301428237282455,-0.0771398365355692,-0.105794561874175,-0.109585639690554,-0.0879816075373883,-0.0464592066168244,0.00492632459117368,0.0540351989443317,0.0895670103282993,0.103695344955798,0.0937907540373517,0.0628569847239177,0.0186325939795844,-0.0283697916289086,-0.0673796982734894,-0.0898340939167958,-0.0912325479174115,-0.0719936282118167,-0.0371696845323546,0.0048613802882662,0.0443895190048423,0.0725810642001146,0.083410067385422,0.0749051940162196,0.0494711570368958,0.0132499142908034,-0.0253120283670301,-0.0573667802494524,-0.0756285769827576,-0.0759829559512458,-0.0584022424168699,-0.026968794618784,0.0110108206496847,0.0466270218469306,0.0713867704841376,0.079193149138157,0.0678339793311645,0.0396159075447862,0.000957775570772115,-0.0390087984608148,-0.0705444975585863,-0.0856400912578557,-0.080031614571702,-0.054386281817986,-0.0143287100790878,0.0307543951073362,0.069892436879906,0.0931940287786318,0.0943480279934494,0.0723237953748004,0.0318066459218728,-0.0177902907838329,-0.0645355888494491,-0.0968862117703295,-0.106571912721376,-0.0907248322205959,-0.0526983312779154,-0.00134285947425721,0.0511035851082047,0.0919967893564577
0.117564102932054,0.109822617104126,0.0762834357336095,0.0248893827590446,-0.0321727900647601,-0.0814425532928376,-0.111435634773515,-0.115371727567938,-0.0927214823191624,-0.0492186768340179,0.00463167184363526,0.0561506163014393,0.0935298964826383,0.10857717622061,0.098514864983312,0.0664410131444005,0.0204000360540244,-0.0286558946216841,-0.0694885970747239,-0.0931470483770639,-0.0949076349183811,-0.0751737946973598,-0.0391835337990931,0.00435313572179532,0.0453345876606847,0.0745739806507092,0.0858155119707732,0.0770329977138875,0.0507578888839265,0.0134012837775829,-0.026253088668367,-0.0590422571682326,-0.0774706616391532,-0.07737438778912,-0.0588498104350049,-0.0262448170883878,0.0127962045510489,0.0490426031557609,0.0737835246931899,0.0808694289386046,0.0682218433847422,0.0384414277280274,-0.00166655830733119,-0.042585638866391,-0.0742905849881175,-0.0886619976366316,-0.0815381689768015,-0.0538873221357546,-0.0117714630891168,0.0349466252949808,0.074892431110634,0.0979409232388724,0.0977793441126713,0.0736172258945152,0.0305758088262136,-0.0213926623122678,-0.069833198382841,-0.102812859307307,-0.111895570501512,-0.0943134185239783,-0.0537683262091357,0.00036498680376742,0.0552614758261034,0.0977551566730923
0.123652037596817,0.11498667215703,0.07946478326716,0.0254567803110836,-0.0342926854332029,-0.0857577351524154,-0.117004296795154,-0.121013463910133,-0.0972759035004709,-0.0517935128421298,0.00447746799670288,0.0583276981725212,0.0974582144050386,0.113332468328356,0.103046040383711,0.0698072420197667,0.0219731411498087,-0.0290686693753515,-0.0716265955319633,-0.0963829761972581,-0.0984146343597357,-0.0781303977507435,-0.0409666480757731,0.00403251774979444,0.0463831658084115,0.0765637431310569,0.0881120988869462,0.078970455830059,0.0518147762104233,0.0133336131068346,-0.0273550375135721,-0.0607865901357686,-0.079276523990382,-0.0786348936803112,-0.0591028167174261,-0.0253070520878021,0.0147670889188424,0.0515755383356667,0.0762060887285345,0.0824779109620809,0.0684674459577144,0.0370855628354124,-0.00446850326166224,-0.0462960322278744,-0.0780977776981745,-0.0916622957900958,-0.0829500465312165,-0.0532472088764517,-0.00906322551000089,0.039262111375674,0.0799585695056113,0.102682627758924,0.10113821627061,0.074791950054973,0.029212350062103,-0.0251061942980062,-0.0751911152651666,-0.108733004982698,-0.117147433077045,-0.0977835356529331,-0.0547042364709078,0.00218683433836489,0.0594819627626671,0.103505804671621
0.12960188840226,0.119966708759472,0.0824579301235705,0.0258766646881929,-0.0364820763658423,-0.0900438090591914,-0.122446909417245,-0.126456511119845,-0.1016010036649,-0.0541589051302319,0.00446521728245725,0.0605454986790704,0.101314147898502,0.117915433677752,0.107340647546108,0.072923260768951,0.0233367742681702,-0.0296041210359666,-0.0737730853397802,-0.0995107018845407,-0.101719766568055,-0.0808349597775376,-0.0425018471213302,0.00390262736479783,0.0475251701113109,0.0785312005886583,0.0902777160081216,0.080698910797777,0.0526316425019635,0.0130475596822351,-0.0286072540006987,-0.0625829728236683,-0.0810287694806243,-0.0797523353025819,-0.0591588266815889,-0.0241645306196666,0.0169044957981961,0.0542014366162803,0.0786311319532815,0.0840031013458804,0.0685684174351381,0.0355613680268778,-0.00742107511140911,-0.0501042449753938,-0.0819294119753347,-0.0946120955982084,-0.0842536551911789,-0.052472109613682,-0.00623007889979236,0.0436592944061309,0.0850420621999233,0.107373474002566,0.104392292575837,0.0758366530497288,0.0277294033406643,-0.0288951177606887,-0.0805577352710319,-0.114589633658311,-0.122276923646682,-0.101101764139574,-0.0554970429517614,0.00410514856893121,0.0637244118698244,0.10919335910386
0.135356359925552,0.124714771970916,0.0852340629162808,0.0261450123640455,-0.038719854654034,-0.0942594788577974,-0.127711046233879,-0.131648443340818,-0.105655120796128,-0.0562920566400272,0.00459506186154848,0.0627826837846485,0.105060580183726,0.122281945491866,0.111357333418912,0.0757590708445302,0.0244778210372195,-0.0302570699417452,-0.0759073738614196,-0.102500090477531,-0.104791195018221,-0.0832614293991003,-0.0437743366482584,0.00396473077830445,0.0487496195586208,0.0804574185791402,0.0922915139723877,0.0822017190696653,0.05320062386319,0.0125458851417444,-0.0299976688071982,-0.0644140960072318,-0.0827105178518997,-0.0807159498541409,-0.0590173009117979,-0.0228282541789459,0.0191878445138263,0.0568950131455931,0.0810353020043302,0.0854303116278395,0.0685237847883297,0.0338835226955042,-0.0104958370988508,-0.0539736002447429,-0.0857485869637412,-0.0974829899298875,-0.0854364407083587,-0.051569486665403,-0.00329930364531366,0.0480958310885588,0.090093953850352,0.111968286000725,0.107510235009056,0.076741278536228,0.0261412593695173,-0.0327229330808894,-0.0858813677570373,-0.120326339935733,-0.127234640683457,-0.10423614183811,-0.0561390978486851,0.0061014722533396,0.0679479819043508,0.114763055708374
0.140860040162037,0.129185144099237,0.0877664631890115,0.0262592647834724,-0.040984441522494,-0.0983641237242686,-0.132745998275481,-0.136539251590984,-0.10939919984938,-0.0581724029687261,0.00486577952490371,0.0650177358081536,0.108661450663474,0.126389962410932,0.115057422599346,0.0782873742348316,0.0253853133126177,-0.0310212023887455,-0.078008884208248,-0.105322338271772,-0.107599333178477,-0.0853864325325072,-0.0447718511640539,0.00421824663864908,0.0500447405609468,0.0823238611062522,0.0941341067144469,0.0834644113114335,0.0535162446371492,0.0118334285006983,-0.0315128808004431,-0.0662623146115871,-0.0843055659090915,-0.0815164537525031,-0.0586796003544255,-0.0213110888644421,0.0215951497301776,0.059630332343804,0.083395449606582,0.0867458002059862,0.0683339809694179,0.0320681890752679,-0.0136631738230024,-0.0578668311607183,-0.0895185200452507,-0.100247328178721,-0.0864870075258494,-0.0505480253165594,-0.000299116404817513,0.0525290014068697,0.0950655950455881,0.116422815242097,0.110462021205587,0.0774971253025579,0.024463227874974,-0.0365527619039697,-0.0911107337460489,-0.125887871481162,-0.131972833764868,-0.107156471960346,-0.0566241988055224,0.00815660256133949,0.0721120171418446,0.12016126723608
0.14605993391559,0.133334784650742,0.090030764067345,0.0262183520120509,-0.0432539965110045,-0.102318190197601,-0.137503262842529,-0.141081825677449,-0.112797169321734,-0.0597818112220299,0.00527479437805273,0.0672291595888767,0.112082101452864,0.130199932968726,0.118405289511345,0.0804838358825847,0.0260505340090153,-0.0318891324132814,-0.0800573542720031,-0.10795025076308,-0.110117129713786,-0.0871894977207151,-0.0454847725066817,0.00466075098649869,0.0513980796243386,0.0841125685750334,0.0957877578600468,0.0844748316137864,0.0535754699872728,0.0109170592567948,-0.0331382865083078,-0.0681098180414449,-0.0857985438360763,-0.0821461321729535,-0.0581489732890418,-0.019627641585511,0.0241032330069543,0.0623810574836527,0.085688851351836,0.0879369045541963,0.0680008406220578,0.030132856449001,-0.0168925765966956,-0.0617464398477449,-0.0932029011482175,-0.102878482642757,-0.0873952287036833,-0.0494175504620118,0.00274160131452469,0.0569161198033187,0.0999091107087961,0.120694166732106,0.113219233390189,0.0780969306488366,0.0227114895833452,-0.0403477028522003,-0.0961954601363254,-0.131220661316834,-0.136445863623756,-0.109834614310661,-0.0569476493758458,0.0102507751298841,0.0761764381617488,0.125336019449821
0.150905972854156,0.137123744386581,0.0920051840978698,0.026022701872716,-0.0455066290109334,-0.106083574003801,-0.141937011126438,-0.14523240824065,-0.115816289177463,-0.061104755571166,0.00581820044691812,0.0693956883586738,0.11528961036724,0.133675176072766,0.121368701180156,0.0823273175111753,0.0264671001833288,-0.0328524739584827,-0.082033032759791,-0.110358505110985,-0.112320329290483,-0.08865325353426,-0.0459062229166694,0.00528799992496924,0.0527966225452736,0.0858063301658326,0.0972365511987381,0.0852232543872641,0.0533777349414338,0.00980561091984611,-0.0348582211871665,-0.0699388021388058,-0.0871750635471555,-0.0825989135592165,-0.0574305241979408,-0.0177941195517893,0.0266879458193808,0.0651207041010776,0.0878934283030818,0.088992162925292,0.067527582154213,0.0280961724623383,-0.0201529374733939,-0.0655750587060819,-0.096766242569958,-0.10535110517955,-0.0881523438083131,-0.0481889324615065,0.00579358084263048,0.0612149459449555,0.104577860986089,0.124741211920019,0.115755331689171,0.0785349396962182,0.0209029396090579,-0.0440711875981826,-0.101086565261988,-0.136273343945818,-0.140610641982125,-0.11224475689943,-0.0571063051999358,0.0123638533415903,0.0801021269688388,0.130237491146233
0.155351497330563,0.140515549515126,0.0936707360546769,0.0256742345262702,-0.0477206103732008,-0.109623987960559,-0.146004530094453,-0.148951016541635,-0.118427466757053,-0.0621284677876262,0.00649079802390562,0.0714964873823248,0.118253107190993,0.136782233840297,0.123919127314797,0.0838000806271367,0.0266310236030389,-0.0339019226901995,-0.0839168703093277,-0.112523894572843,-0.114187706459566,-0.0897635961337832,-0.0460321317324308,0.00609396981193642,0.0542269190070336,0.0873888489916703,0.0984665436062106,0.0857024778209094,0.052924949625404,0.00850979561847862,-0.0366561101122747,-0.0717316410959756,-0.0884218576323335,-0.0828704283805808,-0.0565311648280175,-0.0158281743928866,0.0293244019031006,0.0678228948044179,0.0899879583279239,0.0899014243788898,0.0669187763555933,0.0259777631779766,-0.0234128491039761,-0.0693158104685137,-0.100174220938662,-0.107641371656451,-0.0887510438094389,-0.0468739830951345,0.00882744763936929,0.0653840911362326,0.109026890189015,0.128524984524249,0.118045909201752,0.0788069599804248,0.0190550237879182,-0.0476873338437566,-0.105736931111714,-0.140997250330177,-0.144427046920447,-0.114363665295753,-0.0570986054147385,0.0144755210443316,0.0838513027754971,0.13481849340436
0.159353705342428,0.143477552341116,0.0950114087392119,0.0251763425979156,-0.0498745844954269,-0.11290531238333,-0.149666634362647,-0.152201827915816,-0.1206055376043,-0.0628430612669651,0.00728614245308957,0.0735113534498839,0.120944070211836,0.139491193408337,0.126032014725132,0.084887956765783,0.0265407482509032,-0.0350273466338281,-0.0856907038093133,-0.114425552533047,-0.115701270355007,-0.0905098253694376,-0.0458612750488798,0.00707091461354962,0.0556752114058864,0.0888448984711481,0.0994658989572959,0.0859078930125463,0.0522214806432862,0.00704210061853,-0.0385146286169889,-0.0734710576510083,-0.0895269075437182,-0.0829580515586738,-0.0554595479078085,-0.0137487324014162,0.0319872166945051,0.0704616130378396,0.0919522801277356,0.090655946088015,0.0661803018768718,0.0237980436170092,-0.0266409075253187,-0.0729326635628239,-0.103394008013942,-0.109727211829125,-0.0891855421462451,-0.0454853425965782,0.0118140035075823,0.069383416478589,0.113213359476142,0.132009055454009,0.120068926394237,0.0789104008359028,0.0171855695685178,-0.0511612917740436,-0.11010175763877,-0.145346876944053,-0.147858309766623,-0.116170907288521,-0.0569245889509554,0.0165654769023574,0.0873878848621154,0.139034923466969
0.162874064322695,0.145981245018199,0.0960143200632886,0.0245338570942824,-0.0519477748091412,-0.115895924582045,-0.152888044070355,-0.154953525165787,-0.122329508482012,-0.0632416273065543,0.00819660493427144,0.075420908344282,0.123336600194076,0.141775974634212,0.127687023444037,0.0855804833629365,0.0261971644396371,-0.036217884719558,-0.0873374321166076,-0.116045153949192,-0.116846438224751,-0.0908847480960202,-0.0453952879398785,0.00820943989186922,0.0571275666936014,0.0901604684330449,0.100225001754082,0.0858375281136341,0.0512741087928468,0.00541666776194662,-0.0404158693235891,-0.0751402899092341,-0.0904795597726259,-0.0828609281420046,-0.054225984147243,-0.0115758125250767,0.0346507515693141,0.0730114533653001,0.0937674870111393,0.0912484770047538,0.0653192880187168,0.0215780206291775,-0.0298060149524111,-0.0763907793494846,-0.106394587130713,-0.111588522417554,-0.0894516312526521,-0.044036358821827,0.0147245070345205,0.0731744189592736,0.117096959117,0.13515988322987,0.121804922584969,0.0788442972294144,0.0153126131324975,-0.0544595806159618,-0.114138994766466,-0.149280324371221,-0.150871369759707,-0.117649050657596,-0.056585895511698,0.01861362855736,0.0906778390590984,0.142846188905502
0.165878681811066,0.148002533408726,0.0966698399837879,0.0237529994933825,-0.0539201856230695,-0.118567004240445,-0.155637725097781,-0.157179598551445,-0.12358276021028,-0.0633203026691827,0.00921344480881441,0.0772067844632714,0.125407669179492,0.143614580930375,0.128868222293681,0.0858710039664548,0.0256035994340905,-0.0374620522497619,-0.088841181447344,-0.117367092256392,-0.11761217611286,-0.0908847476985947,-0.0446386491100724,0.00949859273756238,0.0585700099915923,0.0913228995661216,0.100736549388682,0.0854920670728358,0.0500919635318841,0.00364915699885268,-0.0423415149403917,-0.0767232531676894,-0.0912706288819458,-0.0825799819658877,-0.0528423433067484,-0.0093303338505263,0.0372893605360421,0.0754478658750432,0.0954161085606894,0.0916733270996648,0.0643440454045268,0.0193390900105659,-0.0328776796443166,-0.0796568478814828,-0.109147052227724,-0.11320736130723,-0.0895467239665659,-0.0425409596824055,0.017530949589839,0.0767206017692529,0.120640296379496,0.137947136544312,0.123237202512806,0.0786093178564233,0.0134542244543897,-0.0575504120240107,-0.117809747907195,-0.152759701208825,-0.153437193051215,-0.118783832112116,-0.0560857511712648,0.0206002847815683,0.0936895045518953,0.146215598005586
0.168338631452593,0.149521968439747,0.0969716821484157,0.0228413205221047,-0.0557727958352806,-0.120892811704939,-0.157889188332871,-0.158858601454192,-0.12435320834843,-0.0630783077422823,0.0103268926765895,0.0788518008465335,0.127137341743701,0.144989310830541,0.129564242024762,0.0857567318435521,0.0247657847021143,-0.0387478522394146,-0.0901874588223637,-0.118378630009735,-0.117991105328653,-0.0905098191493632,-0.0435986381086096,0.0109259668023417,0.0599886587117656,0.0923210049375919,0.100995622165172,0.0848748428072582,0.0486864348356285,0.0017565953375916,-0.0442730149479836,-0.0782046951686843,-0.0918924863848553,-0.0821179071979685,-0.0513219402743708,-0.00703391442243108,0.0398776370170324,0.0777473923610121,0.0968822784591609,0.0919264215308906,0.06326398523021,0.0171028298446979,-0.0358263099416069,-0.0826994089433283,-0.111624886568607,-0.114568120982377,-0.0894698793902028,-0.0410135200339767,0.0202063242527866,0.0799878253025612,0.12380925531743,0.140343985873577,0.124351996225018,0.0782077574683132,0.0116283320335331,-0.0604039971425266,-0.121078653068404,-0.155751489372508,-0.155531052948492,-0.119564295728353,-0.0554289386793154,0.0225063438241017,0.0963938978987423,0.149110712634275
0.170230231199456,0.150524932753413,0.0969169634120719,0.0218076262610581,-0.057487743104723,-0.122850936474745,-0.159620745090325,-0.159974357239128,-0.124633420148984,-0.0625179548886208,0.0115262435843217,0.0803401279458745,0.128508966596967,0.145886928260136,0.129768384564898,0.0852387763904767,0.0236918001366317,-0.040062891528966,-0.0913632920672134,-0.11907002180096,-0.117979573669559,-0.0897635692494491,-0.0422852655035003,0.0124778214369231,0.0613698559102812,0.0931451774252517,0.100999730418114,0.0839918048764274,0.0470710633025262,-0.000242787323494254,-0.0461917644622062,-0.0795703432739197,-0.0923391345978744,-0.0814791428337629,-0.0496794072330869,-0.00470866332435784,0.0423906583482583,0.0798878920161405,0.0981518868754529,0.0920053392454635,0.0620895278961265,0.0148907920805493,-0.0386234996287223,-0.0854891552680093,-0.113804218458128,-0.115657679496317,-0.0892218129161422,-0.0394687242629801,0.0227248851098471,0.0829446354754074,0.12657332500564,0.142327361351485,0.125138590779214,0.0776435135517142,0.00985254903380675,-0.0629928343517555,-0.12391421791266,-0.158226867269857,-0.157132768676975,-0.1199828995126,-0.0546217527036628,0.024313476186318,0.0987649913675843,0.15150366020972
0.171535271051071,0.151001780879385,0.0965062306900328,0.0206618923336655,-0.0590484966705142,-0.124422513477018,-0.160815716210825,-0.160516115310793,-0.124420686635233,-0.0616446268756571,0.0127999594223263,0.0816574395782702,0.129509336699178,0.146298789879122,0.129478687333418,0.0843221321066565,0.0223919958084052,-0.0413945005293292,-0.0923573550021123,-0.119434608256048,-0.117577690705539,-0.088653182045832,-0.0407111766782986,0.0141392138002803,0.062700301603144,0.0937874820403248,0.100748838283916,0.0828514619790869,0.0452614095745305,-0.00232973389425975,-0.0480792835432186,-0.0808070421307711,-0.092606264742159,-0.0806698303708531,-0.0479305531341481,-0.00237696801334031,0.0448042256501177,0.0818487544725071,0.099212715958514,0.0919093356657123,0.0608320019292929,0.0127242943782616,-0.0412423018585155,-0.0879992150026089,-0.115664051477692,-0.116465527499644,-0.0888048902854788,-0.0379214258553063,0.0250623944561613,0.0855625662209803,0.128905893073999,0.143878174441313,0.125589432525949,0.0769220476314477,0.00814400255163046,-0.065291974893425,-0.126289125468557,-0.160161987715379,-0.158226900337697,-0.120035589022426,-0.053671940392636,0.0260043001114648,0.100779962941977,0.153371401785254
0.172241188152006,0.150947931602416,0.0957434549244236,0.0194151670444782,-0.0604400171240809,-0.125592405026847,-0.161462592818084,-0.16047865484931,-0.123717049089209,-0.0604667255644466,0.014135779570315,0.0827910506173584,0.130128816356441,0.146220928275718,0.128697942010527,0.0830156302526314,0.0208788920197178,-0.0427298554307044,-0.0931600766062152,-0.119468880202955,-0.116789326780982,-0.0871893497506337,-0.0388915301697614,0.0158941426763934,0.063967180786988,0.0942417322595521,0.100245363903978,0.0814647998345104,0.0432749043362317,-0.00448414562369756,-0.0499173952186515,-0.081902880496756,-0.0926912987204077,-0.0796977550530608,-0.0460922118148488,-6.12789463203304e-05,0.0470950967648277,0.0836110981438793,0.100054557149451,0.0916393492664837,0.059503534197091,0.0106242142501473,-0.0436574889872115,-0.0902054106938052,-0.1171864670098,-0.116983870077601,-0.0882231056988746,-0.0363865052614943,0.0271963555487026,0.0878164132630992,0.130784501725013,0.14498150129026,0.12570019902111,0.0760503316144232,0.00651916769903893,-0.0672792637881046,-0.128180497551335,-0.161538207897183,-0.158802898159217,-0.119721837299318,-0.052588627783952,0.0275625481382878,0.102419415613466,0.154695953679296
0.172341187571941,0.150363911655666,0.0946359922515417,0.0180794644299403,-0.0616489015734788,-0.12634934670902,-0.161555147180647,-0.159862335220144,-0.122529279679634,-0.0589955913319656,0.0155208387448512,0.0837300391079988,0.130361434078912,0.145654090211612,0.127433667585119,0.0813318536666441,0.0191670586318646,-0.0440561016908568,-0.0937637331015187,-0.1191725123902,-0.115622075741494,-0.0853861698239802,-0.0368438517135625,0.0177257026169533,0.0651582869346526,0.0945035496347171,0.099494156063162,0.0798451752459122,0.0411306803429265,-0.00668527567399081,-0.0516884005044232,-0.0828473059957522,-0.0925934141562485,-0.0785722712354549,-0.0441820802093378,0.00221610643620488,0.0492412100213708,0.0851579519661357,0.100669309195584,0.0911979920026441,0.0581169324961611,0.00861078750097567,-0.0458457958050522,-0.0920864922915956,-0.118356797088851,-0.117207702391856,-0.0874820441569408,-0.0348787273922249,0.029106228695385,0.0896844765463455,0.132191063779953,0.145626726019099,0.12546983990756,0.0750367797319083,0.0049937081371156,-0.06893555369932,-0.129570115343119,-0.162342269168937,-0.158855204585179,-0.119044650694102,-0.0513822327296903,0.0289732231469598,0.103667563867592,0.155464560526201
0.171834307612472,0.149255350335339,0.0931945127666973,0.0166676482726419,-0.0626635127893304,-0.126686055772879,-0.161092492609796,-0.15867309256699,-0.120868816405381,-0.0572453939899148,0.0169417909223188,0.0844653516297959,0.130204940303255,0.144603729548908,0.125698037943402,0.0792870155653852,0.0172729748322525,-0.0453604776140499,-0.0941625220730608,-0.118548366434519,-0.114087181744513,-0.0832610092094867,-0.0345878654025014,0.0196162469239218,0.0662621397731445,0.0945704061043863,0.0985024474913624,0.0780081873714897,0.0388493880993187,-0.00891192887298906,-0.053375248738953,-0.0836312266990928,-0.0923135524468569,-0.0773042125758591,-0.0422185481979144,0.00443325829642222,0.0512218966756938,0.0864744187891294,0.101051055934057,0.0905895236995894,0.056685561671144,0.00670341292780252,-0.0477861438096278,-0.0936243419210803,-0.119163765902688,-0.117134858376177,-0.0865888283616311,-0.0334126000856733,0.0307736286208269,0.0911487689995017,0.133112036681911,0.145807642583762,0.124900586401002,0.0738911667707458,0.00358232462636644,-0.0702448896655948,-0.130444594998852,-0.162566424925946,-0.158383308195613,-0.118010540500177,-0.0500643651446819,0.0302227424182953,0.10451238557979,0.155669818086927
0.170725429016884,0.147632925100533,0.0914328975876505,0.0151933082069823,-0.0634740910859921,-0.126599300999747,-0.160079091819758,-0.156922382618536,-0.118751652974721,-0.0552329962454106,0.0183849381430656,0.0849898908879952,0.129660829415622,0.143079954922381,0.123507764695642,0.0769008034968617,0.0152148706884437,-0.0466304368388533,-0.0943526179217419,-0.117602462976295,-0.112199430860803,-0.0808343370297863,-0.0321453035855264,0.021547557895652,0.0672680962011705,0.0944416485948095,0.0972797852780114,0.0759715274465045,0.0364529969663661,-0.0111426657233387,-0.0549617015948459,-0.0842470985549516,-0.0918544097461565,-0.0759057879070401,-0.0402205217226769,0.00656882549452222,0.0530180799812347,0.0875478188483172,0.101196123104948,0.0898198106708779,0.0552232144768833,0.00492046517626477,-0.0494598443536949,-0.0948041484455439,-0.119599598572897,-0.116766031997989,-0.0855520506635746,-0.032002234884334,0.0321825012250453,0.092195189630243,0.133538552787185,0.145522514242319,0.123997929312878,0.0726245334092479,0.0022986130756335,-0.0711946629085621,-0.130795516581004,-0.16220851532659,-0.157391748927342,-0.116629460645248,-0.0486477155167633,0.0312990683331492,0.104945737863215,0.155309744637946
