0.0108195740978209,0.008114671353796,0.00325430740257509,0.000275733986915911,-0.00226079173924404,-0.00694376276231907,-0.0103826107769077,-0.00959325598026869,-0.00535287717421939,-0.00146810131808411,0.000421723078109061,0.00494662550919385,0.00910189303836879,0.00998646812486062,0.00697367676514475,0.00286788225067286,0.00106791474210522,-0.00259293993895962,-0.00759857828983432,-0.0097056604147289,-0.00790230011956256,-0.00407534259006256,-0.0017642394553839,0.000427812295289395,0.00529850760615964,0.00903568802847861,0.00849017743558433,0.00502605548662664,0.00213323570552809,0.000682055767524739,-0.00296950510040788,-0.00728503966502746,-0.00865254621994777,-0.00605453529427794,-0.00261343349213784,-0.00121879070882978,0.00164149987650867,0.00533676264983469,0.00766446614860907,0.00670771152695332,0.00356399521580069,0.00158076466470608,-0.000969524259202209,-0.00417777181354795,-0.00643603400134176,-0.00634110576131642,-0.00418899500073224,-0.00215355080564267,0.000101134829221694,0.00378883420002905,0.00584717617495232,0.00583212400340575,0.0040491661754457,0.00232312593876241,0.00118401953344686,-0.00287438491630863,-0.00598748730660448,-0.00591869449271379,-0.00395240166320054,-0.00198141871950787,-0.00162928197666597,0.00125229119351012,0.00554536572392313,0.00660463394513721
0.0106261862503233,0.00795644442814606,0.00326341583353914,0.000266495455260943,-0.00243336140830491,-0.00701591235268639,-0.0102524051987219,-0.00935753454296135,-0.00519790862062656,-0.00152194588786611,0.000467543279256359,0.0051038592858173,0.00914291802193297,0.00980673815996441,0.00671060618186459,0.00272901857689345,0.00111748254832995,-0.00266702652106905,-0.00772653880301183,-0.00970985209177017,-0.00768199485418505,-0.00380145104322834,-0.00165226969788202,0.000440531265179569,0.00539015845241928,0.00912199370293282,0.00845541377482251,0.00477747769265223,0.00186543320339556,0.000604897187576324,-0.00304017949069067,-0.00738209783662885,-0.00868737230258399,-0.00598231442120725,-0.00235138836728585,-0.000973150389331951,0.00169316998039672,0.00545721599492113,0.00775440620449147,0.00668464779061121,0.00343887653670905,0.00132154063785453,-0.00117887824562563,-0.00429250897272236,-0.00659492744314446,-0.00641211082783497,-0.00410561661914517,-0.00197525213496021,0.000340945572640193,0.00395071520088242,0.00602182948003327,0.00601589961392356,0.00409117777582194,0.00218129772579003,0.000965020031426268,-0.00307907834265768,-0.00609440299088294,-0.00614330069423598,-0.00414636527306106,-0.00198703385561259,-0.00143513516561231,0.00149709832897721,0.00570125923117244,0.0067328082019395
0.010405293913228,0.0077945273349529,0.00329451946750581,0.000238245945263788,-0.00259579732964129,-0.00707548320546998,-0.0100951753164811,-0.00910249679617135,-0.00504625569330736,-0.00159086979393231,0.000528841205521549,0.0052435782040947,0.00916817202612312,0.00960493269269196,0.00643745341843358,0.00259959183793595,0.00113056877512275,-0.00275168288340023,-0.00783038358124753,-0.00969686849655947,-0.00744642136078806,-0.0035271162258041,-0.00155449667524608,0.00048831002247422,0.00548657443655376,0.00917892161889287,0.00840400398264876,0.00452186450196515,0.00160656934407625,0.000544978922401068,-0.00314227202673262,-0.0074777689039238,-0.0086893655408543,-0.00588129778153512,-0.00209141636842543,-0.000744936711983686,0.00178113181705108,0.00560356415021653,0.0078370361591253,0.00662744381101884,0.00328006860540769,0.00107374891693119,-0.00136377203459048,-0.00444329586011491,-0.00677277956727755,-0.00647066723528901,-0.00398912208982575,-0.00176978387863964,0.000560368620046119,0.00408300177329328,0.00622720248096905,0.00621084740372458,0.00411687401731829,0.00200971799787135,0.000726878739344031,-0.00325547019044996,-0.00619915233996375,-0.00639133413048293,-0.00434348022154712,-0.00197412324788291,-0.0012167786590013,0.00175209214147136,0.00582254585204096,0.00688328650886487
0.0101614448901522,0.00763268569452037,0.00334749852796451,0.000192232520937326,-0.00274424487698158,-0.0071207897742141,-0.00991379975658703,-0.00883338164722361,-0.00490135010070451,-0.00163056658930833,0.000603597085635157,0.00536234186905336,0.00917683270466582,0.00938495405493289,0.0061598007198221,0.00248243058215701,0.00110733159519951,-0.00284435018568895,-0.00790738946129646,-0.00966684469148135,-0.00720027826306979,-0.00325789717201147,-0.00147293594957871,0.000569704681297595,0.0055849346120764,0.00920472365629006,0.00832839280995566,0.00426441811016623,0.00136182107713122,0.000483571157691631,-0.0032732094100733,-0.00756926691997278,-0.00865794456296146,-0.00574428064354033,-0.00183888409505529,-0.000538619466110337,0.0019065582425371,0.00577233736549511,0.00790989720040469,0.00653679416078494,0.00309098452096069,0.0008425609066805,-0.00152071112117235,-0.00462719597217568,-0.00696551508580213,-0.00651490610379593,-0.0038414987384552,-0.00154150801084054,0.000754781504205764,0.00418414620511027,0.00645920298491887,0.00641261214426042,0.00412518709495679,0.00181158807297606,0.000474598657054461,-0.00339980862880809,-0.00632737342115405,-0.00665780180386292,-0.00453944607955548,-0.0019425615325426,-0.000978457515449971,0.00201197522095552,0.00590698381944254,0.00705325776862498
0.0098996417649501,0.00747460188249172,0.00341024612966895,0.000130126626045732,-0.00287508718958852,-0.00715053933946702,-0.00971171594441093,-0.00855569287230732,-0.00476638974128174,-0.001633139036244,0.000689476119896671,0.00545710989375685,0.00916852808005673,0.00915114174190147,0.00588329089339366,0.00238000695462759,0.00104868165547956,-0.0029422898360481,-0.00795537276351022,-0.00961628879731,-0.00694854270796076,-0.00299920932471146,-0.00140916139379845,0.000682587176868933,0.00568238748275702,0.00919829675232464,0.00821516035563499,0.00401043342399446,0.00113603214395774,0.000384617818694235,-0.00342984706184743,-0.00765392542781232,-0.00859323493597575,-0.0055742080568742,-0.00159905208252179,-0.000358173412109491,0.00206706608586227,0.00595964260352665,0.0079707876653909,0.0064141126059931,0.00287563863110882,0.000632844079519896,-0.00164681909343133,-0.00484058565933332,-0.00716880661169719,-0.00654332890683272,-0.00366541340495263,-0.00129522481348812,0.000920048260171155,0.00428927774689955,0.00671318717302115,0.00661676742376363,0.00411549823064336,0.00159069879209523,0.000213433034424386,-0.00350898216681141,-0.00647676576808532,-0.00693733180472296,-0.00473006785373452,-0.00189270921222509,-0.000724871423324759,0.00227139932556397,0.0059681986138305,0.00723942713854757
0.00962523694721098,0.0073237915865233,0.00343951827221488,5.39765902843041e-05,-0.00298503081533164,-0.00716386533522752,-0.00949285282968229,-0.00827508393988186,-0.00464426776509794,-0.00159893555828804,0.000783891153782945,0.00552531601137928,0.00914213274192093,0.00890818435293765,0.00561350985574413,0.00229438367760721,0.000956255562468534,-0.00304265509326391,-0.00797274542981621,-0.00952847390776761,-0.00669636686962045,-0.0027562127747719,-0.00133734365128145,0.000824197752063556,0.00577612508912945,0.00915921586851108,0.00806646430436368,0.00376518675564232,0.000933614489097812,0.000249067221521403,-0.00360854292650736,-0.00772926688711694,-0.00849607539766585,-0.00537468798300312,-0.00137696307084105,-0.000206999294669128,0.00225954277917473,0.00616125257305051,0.00801782130739761,0.00626151006289564,0.00263856000030407,0.000449057726614533,-0.00174253062254343,-0.00507922760369658,-0.00737817182726929,-0.00655484900530122,-0.00346416267055925,-0.00103607016391542,0.0010526087192534,0.00441680564057948,0.00698405505209274,0.00681891342019971,0.00408765831232406,0.00135135566402387,-5.12261690731275e-05,-0.00359055150766701,-0.00664450976030109,-0.00722428439668486,-0.00491134698263201,-0.00182540999499265,-0.000461079337386577,0.00252507787341956,0.00601302332155654,0.00743808187024221
0.00934382069429012,0.00718352539056923,0.00343111067632945,-3.38485700644046e-05,-0.00307118521420763,-0.00716031688846761,-0.00926155215574601,-0.00799724012955972,-0.00453750973241584,-0.00152906262323297,0.000884071077395656,0.00556493255555831,0.00908100433744749,0.00866102304189807,0.00535587087565052,0.00222686056880886,0.000832374280132892,-0.00314256508842688,-0.00795855922196495,-0.00940319634809716,-0.00644897002802624,-0.0025337064892092,-0.00122792009560523,0.000991210449611727,0.00586345573839577,0.00908775242186386,0.00788545338911075,0.00353382400143302,0.000758459458372284,7.94862751582107e-05,-0.00380524120419484,-0.00779306730707438,-0.00836800860914147,-0.00514991356839856,-0.00117733411412322,-8.78576387723129e-05,0.00248020858061039,0.00637270099017512,0.00804947775261245,0.00608175724499674,0.00238469548972237,0.000295156720941854,-0.00184731937025545,-0.00533835731998118,-0.00758907284903899,-0.00654882304683072,-0.00324160909042209,-0.000769406360043885,0.00115456058743847,0.00456441370613873,0.00726635556531935,0.00701477282407632,0.00404199696516536,0.0010982923971881,-0.000313961990520008,-0.00365667789878904,-0.0068273215908475,-0.00751286871840468,-0.0050795667290209,-0.00174197615122389,-0.000192395790699823,0.00276789624881482,0.00605236557338657,0.00764516738363216
0.00906110449658926,0.0070567571418201,0.00338556911865735,-0.000130722624125477,-0.00313113422945382,-0.00712673626339829,-0.00902247988229793,-0.00772776046812431,-0.00444822029549169,-0.0014253546511993,0.00098713316613126,0.00557452368836563,0.00898085686660363,0.008414748576929,0.0051155030838732,0.00214434623340705,0.000679987234513807,-0.00323917985559923,-0.00791253535427247,-0.00924309993649183,-0.00621152828252948,-0.00233603080716227,-0.00108285228251633,0.00117981007952138,0.00594187360710491,0.0089848776500481,0.00767592492761631,0.00332125072314893,0.000613860621190879,-0.000120846763497928,-0.00401556410083695,-0.00784341449363699,-0.00821125648629731,-0.00490457346388647,-0.00100445486795044,2.779929790184e-06,0.00272469298807306,0.00658938192182719,0.00806464388676176,0.00587823268199733,0.00211930455101925,0.000172771049290537,-0.00197346854799878,-0.00561278087218107,-0.00779701557914275,-0.00652507141600773,-0.00300210470275968,-0.000500708836943808,0.00124113777210949,0.00472928490291191,0.00755439914841414,0.00720028280222146,0.00397931976173017,0.000836574600134118,-0.000569445898039173,-0.00370608760813571,-0.00702151947071941,-0.00779726263674102,-0.00523137011944924,-0.0016441621501067,7.57189446554019e-05,0.00299501757638974,0.00612773861591327,0.00785637197643814
0.00878280232952524,0.0069460606990356,0.00330420152150458,-0.000233831309319213,-0.00316299788385419,-0.0070530470965249,-0.00878052969520472,-0.00747204203014476,-0.0043763528824783,-0.00129032868128101,0.00109015770996701,0.00555328619127798,0.00884379100274227,0.00817449420652554,0.0048971467227365,0.00202504482742998,0.000502602896247822,-0.00332977305504178,-0.00783508006314225,-0.00905153239915983,-0.0059890642355767,-0.00216698021216499,-0.00090488120490713,0.00138577890585989,0.00600912351451257,0.00885225068802323,0.00744224372191106,0.00313202651013152,0.000502449791747448,-0.0003480076388913,-0.00423490952508309,-0.00787875847352073,-0.00802868050833585,-0.00464375213416628,-0.000861937096335947,0.000106525399077979,0.00298812376002962,0.00680665099823208,0.00806264512933168,0.00565485711808088,0.00184784800414522,6.69662529733671e-05,-0.00211865709720972,-0.00589698175636574,-0.00799764685215642,-0.00648388718262117,-0.00275040337232829,-0.000235451209351571,0.00131200258796568,0.00490815682449332,0.00784237535748988,0.0073716810011193,0.00390089356181211,0.00057149565709362,-0.000812548533043485,-0.00375527555547049,-0.00722309970101017,-0.00807173321848629,-0.0053638287669626,-0.0015341271193312,0.000337772529645016,0.00320198172967019,0.00624152404427731,0.0080672183657766
0.00851451220901113,0.00685357634384167,0.00318904408139021,-0.000340245537737007,-0.00316548294355788,-0.00694077722880712,-0.00854072050406224,-0.00723516892626033,-0.00428365938411349,-0.00112712489735337,0.00119026303442466,0.00550107667937016,0.00867265765339584,0.00794532675985576,0.00470505698903568,0.00187113254540335,0.000304209002504388,-0.00341180187286992,-0.00772728527342835,-0.00883247405263123,-0.00578633902983099,-0.00202972817942532,-0.000697439894587153,0.00160459109062572,0.00606325927932857,0.00869219146987856,0.00718924935186418,0.00297026592576481,0.000416495200322526,-0.000597505257456321,-0.00445855254926022,-0.00789795284582829,-0.0078237277363965,-0.00437282230893425,-0.000738510213050774,0.000230640983124976,0.00326522668661464,0.0070199262543731,0.0080432657950422,0.00541601560358971,0.00157587319145755,-2.45766674552888e-05,-0.0022800806838467,-0.00618523470179973,-0.00818684725444924,-0.00642603327028736,-0.00249156378002202,2.10089033056834e-05,0.00136573811489022,0.00509738809551704,0.00812447308528024,0.00752558374010322,0.00380842025761579,0.000308466966731322,-0.00103844541292423,-0.00384229250279967,-0.00742782100785647,-0.00833075527490598,-0.00547450113387393,-0.00141438694200504,0.000588355650032098,0.00338479550061408,0.00639153003474695,0.00827316001005251
0.00826160064014464,0.00677680430405458,0.00304281230314428,-0.000446996727569752,-0.00313792095712208,-0.00679224133496325,-0.00830809019548063,-0.00702180840271002,-0.00415511292681512,-0.000939434424091108,0.00128467908007081,0.00541842450169869,0.0084709976609015,0.00773213801949814,0.00454291802283482,0.00168551374124883,8.91829508674198e-05,-0.00348297205858829,-0.00759091418056809,-0.00859045343700758,-0.00560774908928363,-0.0019267656284785,-0.000464585121706731,0.0018315127776403,0.00610269422895204,0.00850763890475816,0.00692215386169248,0.00283089194547634,0.000314453986826535,-0.000864373021820322,-0.00468174838230321,-0.00790028603054995,-0.00760036359256254,-0.00409733188770969,-0.000627472780527098,0.000372811115257384,0.00355043402080629,0.00722478638989132,0.00800675800395688,0.00516646887044684,0.00130889796308602,-9.9955252509706e-05,-0.00245450755739034,-0.00647172399100837,-0.00836081760869394,-0.00635272785052541,-0.00223084508460593,0.000263540842575778,0.00142552329392374,0.00529303428637275,0.0083950008254007,0.00765905473668146,0.00370399947964037,5.29048665706326e-05,-0.00124271536840862,-0.00396697728063413,-0.00763129533282384,-0.00856912547702269,-0.00556147904319273,-0.00128775705745131,0.000822256073444392,0.00354001206112778,0.00657481691780472,0.00847005355918258
0.00802909239154413,0.00667454845253063,0.00286883800114186,-0.000551152501030761,-0.00308029282742054,-0.00661049216564819,-0.00808758791930842,-0.00683611620583689,-0.00399306042655539,-0.000731416027606019,0.00137081775650698,0.00530653006876609,0.00824296703414376,0.00753953826946204,0.00441377035670326,0.0014717643327467,-0.000137805288185687,-0.00354129650302745,-0.00742837191535388,-0.00833045171651684,-0.0054531394141265,-0.0018450502085755,-0.000210915680898768,0.00206170559214572,0.00612624262070258,0.00830209510717813,0.00664643203772649,0.00270191664482575,0.000192978353268597,-0.00114327043609852,-0.00489983459311832,-0.00788550162631401,-0.00736299275087599,-0.00382288771822798,-0.000531186408474135,0.000530253747281691,0.00383799929077144,0.00741706431325631,0.00795383887666392,0.00491125582812866,0.00105229596631789,-0.00015778712204824,-0.00263834498892293,-0.00675066380349638,-0.00851615727535581,-0.00626561825085958,-0.00197359745565262,0.000487346320946347,0.00152373513418217,0.00549093173246336,0.00864850444519668,0.00776966293394136,0.0035900810863557,-0.000189883348976246,-0.00142142965930869,-0.00412694214497116,-0.00782908310954552,-0.00878206963399926,-0.00562342152399177,-0.00115728726131844,0.00103456922318517,0.00366479801211129,0.00678775622279435,0.00866899893362844
0.0078215678721819,0.00653744860892329,0.00267099372876897,-0.00064989088703093,-0.00299323919730498,-0.00639925640589717,-0.00788396723519457,-0.00668165317538519,-0.0038005584218866,-0.000507603597744921,0.00144633854278479,0.0051672481590699,0.00799324886180013,0.0073705409476857,0.00431995201988907,0.00123406074293675,-0.000371895566875043,-0.00358514593109224,-0.00724266178948228,-0.00805779789913078,-0.00530811993074288,-0.00174531643104418,5.85210472884226e-05,0.00229033127815635,0.00613315095448001,0.00807955677395969,0.00636770662704074,0.00258585126015193,5.43687442022268e-05,-0.00142859285565317,-0.00510833035594964,-0.00785380735190254,-0.00711636976163214,-0.00355503873082811,-0.000451601987098081,0.000699776418158951,0.00412211607611067,0.0075929339591074,0.00788567603292677,0.00465558922305589,0.000811185671780705,-0.000228794681158137,-0.00282771489204671,-0.00701641803980866,-0.00864993262222064,-0.00616674394316457,-0.00172514980123625,0.000688057062228269,0.0016587762792633,0.0056867874499507,0.00887987997794008,0.00785552825799536,0.00346940851023322,-0.000414811875768156,-0.00157122992714694,-0.00431906787605601,-0.00802675494400019,-0.00896534087486255,-0.00565957537117372,-0.00102619000000265,0.00122080281016457,0.0037613475109088,0.0070261052646394,0.00887373609914447
0.00764307027145717,0.00636801145589412,0.00245360634832522,-0.000740571231174588,-0.00287805626029664,-0.00616285652140995,-0.00770164943724547,-0.00656131478508673,-0.00358131352502436,-0.000272806296835571,0.00150920741837624,0.00500305596437657,0.00772695533447847,0.00721170620499531,0.00424200540473356,0.000977095843059367,-0.000608143002710113,-0.00361329047622212,-0.00703732794403948,-0.00777805711803483,-0.00517377164564757,-0.00162702357192415,0.000338332314512311,0.00251265518438115,0.00612311840054073,0.00784443509227072,0.00609163094864819,0.00248511171100687,-9.86237824647278e-05,-0.00171458707442646,-0.0053030305740981,-0.00780587232105911,-0.0068655012671709,-0.00329916091054813,-0.000389175556117377,0.000877842591758783,0.00439703823715767,0.00774898853462252,0.00780386169444861,0.00440474666699724,0.00059032547711185,-0.000337708113153399,-0.00301853700737774,-0.00726361709170159,-0.00875973424757834,-0.00605848944370219,-0.00149069708798406,0.000861822636617235,0.00182807175334782,0.00588127767126435,0.00908447905281749,0.00791535441579385,0.00334495425799061,-0.000617124894784887,-0.00168939339287628,-0.00453956644468914,-0.00823386465804675,-0.00911530666961212,-0.00566978210705784,-0.000897763898419006,0.00137697313874926,0.00387066735758518,0.00728509370524146,0.00907980413773634
0.00749702439184002,0.00616943367097663,0.00222136167397966,-0.00082080010287888,-0.00273667693226544,-0.00590612026141152,-0.00753149160394928,-0.0064772750645788,-0.00333960862163101,-3.20039139230051e-05,0.00155774724726188,0.00481700797237247,0.0074495206882497,0.00706094231440339,0.00414515000873033,0.000705983632647288,-0.000841624156121291,-0.00362493112512552,-0.00681638553203596,-0.00749691435950108,-0.00505294207521099,-0.00149244832355289,0.000622890843363089,0.00272414635581598,0.00609630582890966,0.00760146582675635,0.0058237713921032,0.0024016925938867,-0.00026285369226547,-0.00199547031562494,-0.00548009286970552,-0.00774281268152518,-0.0066155418648606,-0.00306034654054767,-0.000307209343107876,0.00106064685750069,0.00465719905949764,0.00788230855749749,0.00771037596827963,0.00416395935498014,0.000394017086670472,-0.000482523262932924,-0.00320835218667614,-0.00748726909014847,-0.00884372180707872,-0.00594352820285432,-0.00127518967484827,0.00100538667887596,0.00202833280557763,0.0060875580948954,0.00925820473848882,0.00794844814380833,0.00321984905866061,-0.000792498765141423,-0.00178189008381615,-0.00478405786442315,-0.00844597232452862,-0.00922902286575979,-0.00565447142243271,-0.000775314426180955,0.00149969218157028,0.00400168967080997,0.00755952152942171,0.00928279151494937
0.00738616884648319,0.00594553963199929,0.00197920230145729,-0.000888490616453358,-0.00257163764489664,-0.00563427974785763,-0.00736648462572407,-0.00640255999021741,-0.00308021665537846,0.000209759824231814,0.00159067994126751,0.00461267725918788,0.00716658768565994,0.00692148668982494,0.00403054408976385,0.000426154640714367,-0.00106754163655277,-0.00361972026693852,-0.00658423985017205,-0.00722005611129615,-0.00494809708630577,-0.001344303118771,0.000906450956811333,0.00292057208055717,0.00605333320216447,0.0073556114621753,0.0055694922965992,0.00233401809324463,-0.000434847085344487,-0.00226555011404176,-0.00563611560221876,-0.00766616593042927,-0.0063716858264358,-0.00284330004866389,-0.000188163011593317,0.00124435454810227,0.0048973267915318,0.00799051828974695,0.00760754015041159,0.00393830086028826,0.00022601917707058,-0.000660487189425133,-0.00341058057355966,-0.00768286327853033,-0.00890065558239169,-0.00582475878458852,-0.00108322705402606,0.00111614993809284,0.00225562275884051,0.00630260276322221,0.00939759578119829,0.00795472462896448,0.0030973063145977,-0.000937135692859933,-0.00189047176168418,-0.00504765963194998,-0.00865851001088767,-0.0093042932738241,-0.0056146415213302,-0.0006620723798023,0.00158624150504272,0.00415200091571345,0.00784386620862511,0.00947843177792035
0.00731201819892044,0.00570070544287326,0.00173222086932864,-0.000941913747018483,-0.002386031348465,-0.00535286230004819,-0.00721020697906818,-0.00630908042201556,-0.00280830423252778,0.000447485201461897,0.00160715810992719,0.00439408468926563,0.00688389006437585,0.00679624391754949,0.00390043251888302,0.000143244237159053,-0.00128132488030871,-0.00359777084467593,-0.00634559609079061,-0.00695305244686513,-0.00486126938359241,-0.00118568005042643,0.00118326755062317,0.00309808488098266,0.0059952653744512,0.0071119574666038,0.00533384564159051,0.00224162433980243,-0.000610876367987155,-0.00251934255068259,-0.00576820529250178,-0.00757785449249273,-0.00613905698920447,-0.00265224263745975,-3.42253390335535e-05,0.00143931120396083,0.00511255412778044,0.00807182944244965,0.00749796113303174,0.00373257840495371,8.94731283042717e-05,-0.000868152199581333,-0.00362537570698354,-0.00784646332540347,-0.00892991423522449,-0.0057052348279068,-0.000918958306932175,0.00120496675612862,0.00250543666845467,0.00652175679183192,0.00949989746689778,0.00793469913948992,0.00298054363376189,-0.00104784682544178,-0.0020197305518235,-0.0053250868862912,-0.00886697711776705,-0.00933971368565146,-0.00555182578224846,-0.000561114123307809,0.00163463266691469,0.0043187012689454,0.00813239672711517,0.00966269480394875
0.0072404396146408,0.00543977087291933,0.00148555109179269,-0.000979740419332167,-0.00218344762377861,-0.00506757513816154,-0.00706596128445905,-0.00619858593556753,-0.00252932551106825,0.000676322101753816,0.00160678577321621,0.0041656174783563,0.0066071334506987,0.006687724072284,0.00375748212915895,-0.000137023798356046,-0.00147872494552628,-0.00355965388247134,-0.00610536160526281,-0.00670124203838011,-0.00478774582470604,-0.00101998509567743,0.00144771539243107,0.00325330012132659,0.00592358661999539,0.00687560488456652,0.00512146786651238,0.00211306055286099,-0.000795698124416168,-0.002751686335762,-0.00587403207835147,-0.00748013940853558,-0.00592259918796418,-0.00249082767799317,0.000151683157872337,0.0016506118485719,0.00529851931846422,0.00812507132040315,0.00738446821795896,0.00355122896555799,-1.3157670893029e-05,-0.00110144470948904,-0.00384806715339951,-0.00797478860586709,-0.00893149850479553,-0.00558809044030963,-0.000785991452719776,0.00131212655857105,0.0027727931383567,0.00674035085210332,0.00956311762319443,0.00788946521272729,0.00287270330362243,-0.00112212294017492,-0.0021672542892369,-0.00561076126404612,-0.00906703747720931,-0.00933469823437495,-0.00546804865814456,-0.00047528425513246,0.00164365255412069,0.0044984622937888,0.00841929204871979,0.00983187162085639
0.0071507862347172,0.0051679409781627,0.00124425901329407,-0.00100107330998057,-0.00196790090234231,-0.0047841867417443,-0.00693670393731558,-0.00607328277572888,-0.00224890987979503,0.000891671306705709,0.00158962765885103,0.00393193881023106,0.00634187725928679,0.00659799106848263,0.00360472580653599,-0.000408955992441564,-0.00165590131788332,-0.00350638444314475,-0.00586854274998503,-0.00646962252450614,-0.00468550654153625,-0.000846773654602721,0.00169440622290318,0.00338336262650993,0.00584016448745024,0.00665156156563616,0.00493648597786022,0.00195069039164047,-0.00100027962539989,-0.0029578503196981,-0.00595187210468077,-0.0073755652232921,-0.00572696960448829,-0.00236206860906383,0.0003659674381533,0.00187364316673723,0.00545145676262636,0.00814970688612388,0.00727004382774034,0.00339822248539123,-9.8717963062172e-05,-0.00135574751979671,-0.00407388583264729,-0.00806528173741229,-0.00890602092598732,-0.00547646279300712,-0.00068731368572748,0.00143898953318435,0.00305233637879961,0.00695380209554952,0.00958606659498582,0.00782066004993683,0.00277677360775805,-0.00115819115520342,-0.00233016206174299,-0.00589892629098931,-0.00925461065038491,-0.0092894896068155,-0.00536577072108085,-0.000407122725354381,0.00161344620865487,0.00468759524333818,0.00869876161125428,0.00998265105357191
0.00704477655865828,0.00489067924601707,0.00101323644357753,-0.00100546759335031,-0.00174374854197133,-0.00450840774509919,-0.00682498273862086,-0.00593578652921779,-0.00197274545671579,0.00108927935807419,0.00155620686904457,0.00369789040983869,0.00609342007642531,0.00651808911556386,0.00344428220795651,-0.000667007667893948,-0.00180949891202427,-0.00343939635046896,-0.00564013852159666,-0.0062627485343313,-0.00454808668414586,-0.000652073404439322,0.00191830117136797,0.00348600096235986,0.00574720383572792,0.00644463438300965,0.00478243489206685,0.00175759096404475,-0.00122041168954336,-0.0031336321485343,-0.00600063605155028,-0.00726689737785286,-0.00555643736104648,-0.0022682808058072,0.000604429621532299,0.00210360783930142,0.00556827516519568,0.00814583454269759,0.00715774976021444,0.00327697432163082,-0.000203827436107348,-0.00162599380140091,-0.00429806749919257,-0.00811616094926618,-0.00885468195995937,-0.0053734137656628,-0.000625224273380798,0.00158315493244083,0.00333844636630067,0.00715771197943073,0.00956838036232779,0.00773041803770253,0.00269551285380337,-0.00115505648227435,-0.00250516245960285,-0.00618376566577746,-0.00942595740986746,-0.00921511559534924,-0.00524782431703549,-0.000358798192420226,0.00158015124395593,0.00488212847184714,0.00896516517585323,0.0101121864460346
0.00692457216407738,0.00461359500571894,0.00079709953768265,-0.000992940498088992,-0.00151560128568637,-0.00424577263243227,-0.0067328851481178,-0.00578903336152671,-0.00170646080362828,0.00126532499836527,0.00150749098284468,0.00346839014702131,0.00586669094019664,0.00640665202801025,0.0032625194014568,-0.00090589868979726,-0.00193671368373011,-0.00336050628253373,-0.00542503327576244,-0.00608463949711706,-0.00437801431784237,-0.000438081072171391,0.00211481609558159,0.00355956831157723,0.00564719214636332,0.00625932478679945,0.004662187713863,0.00153749260615805,-0.00145134129273276,-0.00327544596671487,-0.00601988331716528,-0.00715705359798858,-0.00541478958494766,-0.00218552586443457,0.000862353674769237,0.00233562897973237,0.00564662160273851,0.00811417575436779,0.00705065074805256,0.00319026886877626,-0.000327722902240138,-0.00190677083198276,-0.00451595494388139,-0.00812645618818328,-0.00877923323175785,-0.0052818525271617,-0.000601281632144609,0.00174176972920565,0.00362535476657335,0.00734795886097499,0.00951553082791083,0.00762131362633164,0.0026313779550794,-0.00111473430629146,-0.00268862100465235,-0.00645952391859155,-0.0095777563761535,-0.00912723958770159,-0.0051173416201083,-0.000332049389446776,0.00156560561553687,0.00507789231002908,0.00921312956177839,0.0102181511685452
0.00679273258240418,0.0043423272747086,0.000600094127199234,-0.000963969584026532,-0.00128822588351541,-0.00400152577413484,-0.00664610864894181,-0.00562308158474933,-0.00145550746561122,0.00141649546370118,0.00144486701610159,0.00324832689594003,0.00566614880153544,0.00626109417164609,0.00305786058863381,-0.00112072400736001,-0.00203534553140053,-0.00327186810041169,-0.00522789085905251,-0.00593869915134834,-0.00417851151035267,-0.000209432807923619,0.00227991760212632,0.0036030691866167,0.00554283742128906,0.00609972998414864,0.00457772502789312,0.00129470456722439,-0.0016881500615491,-0.00338039730170464,-0.00600982169962295,-0.00704903092072986,-0.00530524702371072,-0.0020830600648356,0.00113460134722561,0.00256485517048803,0.00568493014275201,0.00805604894266252,0.00695173716027981,0.00314019606815266,-0.000468024134564542,-0.00219243131776404,-0.00472309670839083,-0.00809776257500437,-0.0086819288747666,-0.00520446093806263,-0.000616265775142738,0.00191158670312687,0.00390726426347883,0.00752078346624075,0.00944622841382827,0.00749629491975795,0.00258645912430757,-0.00107819136709386,-0.00287663748185013,-0.00672062574762699,-0.00970717040898522,-0.00902804640457182,-0.00497767675440936,-0.000328135881158051,0.00156971511003667,0.0052706095993797,0.00943765980264254,0.0102987817796616
0.0066447199389371,0.00408242725823801,0.000426009287722336,-0.000919478594695616,-0.00106644357478586,-0.00378051377758113,-0.00652614966052491,-0.00543082761641499,-0.00122504595059092,0.00154005068432094,0.00137010563710477,0.00304245495374957,0.00549569235990345,0.00608409669614362,0.00283475356584665,-0.0013070566339886,-0.00210383745551593,-0.00317591851382644,-0.00505305247484031,-0.00582764840793419,-0.00395343129326069,2.89841435043873e-05,0.0024102076991782,0.00361617153880355,0.0054370001580749,0.00596945193024813,0.00449744133235937,0.00103402812147448,-0.00192586055067038,-0.0034463435368158,-0.00597129274271264,-0.00694583011459026,-0.00523039109555675,-0.00196266103005525,0.00141571735690033,0.0027865638078305,0.00568261116369252,0.00797333038943919,0.00686384869852238,0.00312810222186912,-0.000621914296082798,-0.00247720996113046,-0.00491534015915348,-0.00804840750908888,-0.00856546613005658,-0.00514362351039034,-0.000665197423093136,0.00208903247654437,0.00417846867323388,0.00767286529092201,0.00936363609051098,0.00735860939826828,0.00256242348511375,-0.0010609804694185,-0.00306513016894533,-0.00696179159126346,-0.00981190139864867,-0.00891995926603377,-0.00483232385441365,-0.000347799495327534,0.00159190664704059,0.00545598988650426,0.00963424236876878,0.0103529080119734
0.00646779912607697,0.00383924155074782,0.000278102516288675,-0.000860812437155774,-0.00085502626310763,-0.00358708660882379,-0.0063731930003741,-0.00521646200360795,-0.0010198371512665,0.00163387465897916,0.00128531561785893,0.00285528999878941,0.00535858181181838,0.00587901438292608,0.00259798167489714,-0.00146104080107651,-0.00214130023887587,-0.00307531539691654,-0.00490444053456442,-0.00575212654635594,-0.00370718092140053,0.000272137333165153,0.00250299527305427,0.00359920415181397,0.0053326210428287,0.00587151615823561,0.00439814746953722,0.000760658904081642,-0.00215954270778056,-0.0034719386848233,-0.00590574323098404,-0.00685037932093962,-0.00519210402902437,-0.00182668004597904,0.00170004160355344,0.00299626050016804,0.00565418792241503,0.00786840318218285,0.00678960098477583,0.00315455633122381,-0.000786197940149547,-0.00275534274456016,-0.00508891691764853,-0.0079841945507893,-0.00843291678910943,-0.00510136378831076,-0.000704504556349569,0.00227028399343983,0.00443347132913345,0.00780138833584991,0.00926978283854041,0.00721172483328696,0.00256046705744295,-0.00106302256715735,-0.00324992530739059,-0.00717814707920617,-0.00989023238519574,-0.00880567804528952,-0.00468483301460829,-0.000391237458855486,0.00163114865159418,0.00562982519147173,0.00979893827726839,0.0103799690585169
0.00626529195011498,0.00361780007195229,0.000159036763061211,-0.00078970158339735,-0.000658592609079086,-0.00342500947520447,-0.00619006109835507,-0.00498459226458611,-0.00084414189494991,0.0016965127277848,0.00119288985671191,0.00269100944847525,0.00525737447232339,0.00564980980025894,0.00235255974116338,-0.00157947344537777,-0.00214752220192743,-0.00297287015910389,-0.00478547060005533,-0.00567475279832928,-0.00344463300036595,0.000514957102965133,0.0025563528587939,0.00355313953549282,0.00523264611004185,0.00580830227523299,0.00428170244976578,0.000480080501607948,-0.00238441822684563,-0.00346531778829229,-0.00581518364625853,-0.00676545879107381,-0.00519152347066586,-0.00167789048611209,0.00198182611104227,0.00318977247958832,0.00560977205703264,0.00774409554146372,0.00673131683367856,0.00321052266669439,-0.000957368719369527,-0.00302118654702207,-0.00524051894696875,-0.00790671918361956,-0.00828765109807988,-0.00507928865200548,-0.000723833416356158,0.00245135184894349,0.00466709917711344,0.00790409471701017,0.00916702874268152,0.00705924524588757,0.00258127759088494,-0.00108375174799445,-0.0034268499095355,-0.007365324047567,-0.00994105620775223,-0.00868811438392579,-0.00453872610305777,-0.000458088000049249,0.00168598254135784,0.00578808520763073,0.0099284641276033,0.0103800159500555
0.00604156051005047,0.00342270985212844,7.08309066138538e-05,-0.000708216763846475,-0.000481506322295603,-0.00329738729833791,-0.00598022861497049,-0.00474014263898887,-0.000701630680838497,0.00172719405937319,0.00109544401295973,0.00255335906442702,0.00519025863616869,0.00540097445092534,0.00210362620711971,-0.00165987229560112,-0.00212296433440045,-0.00287147609473366,-0.00469897340359501,-0.00557910720919364,-0.0031710262688175,0.000752444349178596,0.00257324789601558,0.00347956285079225,0.00513995117857016,0.00578148769193795,0.00415042121462853,0.000197951512444556,-0.00259596054120712,-0.00344174754870916,-0.00570213458517814,-0.00669362846826021,-0.00522901255194973,-0.00151942986385777,0.00225535418882904,0.00336333393736581,0.00555049308545775,0.00760360991941707,0.00669096383795545,0.00325204970323515,-0.00113168528110565,-0.0032693364673045,-0.00536736363526548,-0.00781795342032043,-0.00813325592996686,-0.00507854196543791,-0.000723256267483184,0.0026281685384726,0.00487461003285072,0.00797932627615171,0.00905800774986349,0.00690482513751782,0.00262500907246148,-0.00112213605801302,-0.00359182583182224,-0.00751955098119254,-0.00996389019491145,-0.00857032091724971,-0.00439741439823555,-0.000524636786363704,0.0017545644914509,0.00592700978423481,0.0100202593586375,0.0103537001284772
0.00580136620055258,0.00325805728029976,1.48246362402501e-05,-0.000618715070994053,-0.000327778907981728,-0.0032066033326944,-0.00574775436526333,-0.00448824791681582,-0.000595305543706436,0.00172583903910949,0.000995749338430225,0.00244556795083562,0.00511628607729226,0.00513743814514075,0.00185633359871133,-0.00170174369134721,-0.00206874049253875,-0.00277403421877385,-0.00464712899414281,-0.00546701829615148,-0.00289185821614356,0.00097977578175071,0.002571163269793,0.00338062772340259,0.0050572674225872,0.00579200594464291,0.00400702737005871,-8.00114568473061e-05,-0.00278998826209579,-0.00340214259755762,-0.00556956254572475,-0.00663716031996047,-0.00529038951823241,-0.00135473257787905,0.00251505925273539,0.00351366153281933,0.00547789376340012,0.00745044466731228,0.00667009990266352,0.00327289533092822,-0.00130525368658895,-0.00349473838400217,-0.00546724658061011,-0.00772019789431588,-0.00797344916628888,-0.00509976877464644,-0.000703341098527668,0.00279667954500697,0.00505179191738308,0.0080260513996719,0.00894556335803913,0.00675208382606923,0.00269124864032661,-0.00117670951618572,-0.00374096299725137,-0.00763773097157176,-0.00995887672612437,-0.00845541628335889,-0.004274083956348,-0.000555337500606124,0.00183471639848178,0.00604319658575468,0.0100725383178787,0.0103022486349363
0.00554976688734782,0.00312732093461378,-8.34162880379109e-06,-0.000523778798880941,-0.000200979038664614,-0.00314728722370132,-0.00549720036527677,-0.00423414366348667,-0.000527402714769969,0.00169305154706019,0.00089666134608879,0.00237027388567916,0.00502470608385713,0.00486446856157988,0.00161573964129105,-0.00172138245695212,-0.00198658360163613,-0.00268337832777961,-0.00463141399666937,-0.00534075826618984,-0.00261277187770748,0.0011924041130138,0.00255232167829347,0.00325900017970229,0.00498711004140342,0.00584002062611929,0.00385459553437889,-0.000348152523764131,-0.00296275022154181,-0.00334758305912764,-0.00542080664854266,-0.00659797704223068,-0.00533355006724757,-0.00118745472342907,0.00275564084637044,0.00363801854124594,0.00539389213719337,0.00728831011182219,0.00666982808853874,0.00327313425622296,-0.00147411453544703,-0.00369279436482225,-0.00553858104375395,-0.00761602539975544,-0.00781199229304608,-0.00514309109611932,-0.00066513048329409,0.00295293641017431,0.00519505035213881,0.00804387785300917,0.00883267859138802,0.00660952628795509,0.00274871336233052,-0.00124561446182538,-0.00387064964665822,-0.00771750554475065,-0.00992676981034113,-0.00834650770084316,-0.00418549762851086,-0.000549623470814516,0.00192398475007048,0.00613368190743856,0.0100843260583785,0.0102274266277894
0.00529200856760845,0.00303329688076061,1.26851177938113e-06,-0.000426148520309215,-0.00010415059505695,-0.00307713366339602,-0.00523353966094463,-0.00398305521640922,-0.00048620974386169,0.0016300964455175,0.000801046053244526,0.00232946068353752,0.0049173100900445,0.00458756307799405,0.00138670139225902,-0.00172400638484311,-0.00187879868865452,-0.00260220125271716,-0.00465256351825445,-0.00520299571210399,-0.00233943874061638,0.00138615154371977,0.0025173159027657,0.00311779162057067,0.0049317113408486,0.00590511778004388,0.00369648465192147,-0.000600994339539551,-0.00311100023974195,-0.00327956204314374,-0.0052594980014598,-0.00657759866653009,-0.00535527522034667,-0.00102139265005112,0.00297217537676352,0.00373426633853655,0.00530073398016144,0.00712104100791452,0.00669076193820406,0.00325334627693924,-0.00163433284403109,-0.00385945868417822,-0.00558042333994152,-0.00750821722288355,-0.00765433765509345,-0.0052073167552006,-0.000610108166446807,0.00309318766553808,0.00530148301455098,0.00803305133504393,0.00872240186453844,0.00649787759087724,0.00276923387559273,-0.00132665313688977,-0.00397763754650127,-0.00775730301509165,-0.00986890814355898,-0.0082466129682748,-0.00413385619526285,-0.000508046791634099,0.00201970592233023,0.00619601276391726,0.010055477126559,0.0101314882271823
0.00503341386518195,0.00297059782097459,4.28979784868474e-05,-0.000328652044150261,-3.97412457846885e-05,-0.00298995959336373,-0.00496205485527001,-0.00374008786026203,-0.000461821255844697,0.00153886290172327,0.00071170560280805,0.00232440907101018,0.00479632198125862,0.00431233522951622,0.00117377473384558,-0.001709704966668,-0.00174820390948423,-0.00253298412819104,-0.00471054868790405,-0.0050567383088235,-0.00207744069850665,0.00155729427975557,0.00246717978321902,0.00296048310220026,0.00489296032805917,0.00594926727429488,0.00353626337895403,-0.000833352627820701,-0.00323206005082244,-0.00319994784443355,-0.00508947358924343,-0.00657709843172025,-0.00535565189393719,-0.00086039708523362,0.00316021920732047,0.00380090222200988,0.00520093675075778,0.00695266457455063,0.00673300221823044,0.00321459412975925,-0.0017820886436614,-0.00399132240571729,-0.00559248375962791,-0.00739969386502495,-0.00752170923786618,-0.00525473602204603,-0.000540156281129443,0.0032139667967518,0.00536894000304635,0.00799443987896228,0.00861777051179467,0.00642125177975278,0.00275278958239322,-0.00141734719105245,-0.00405912017651455,-0.00775637035092072,-0.0097871754065871,-0.00815858376525259,-0.00412051497436659,-0.000431898754109067,0.00211907628095635,0.00622830854561826,0.00998667696752727,0.010017116938715
0.00477926976774109,0.00292457230947521,0.000115121650015722,-0.000234131014474121,-9.54324012447685e-06,-0.00288751393027177,-0.00468822945029865,-0.0035101204943576,-0.000454657917394791,0.00142181458945839,0.000631305163438968,0.00235566228221609,0.00466435110362963,0.00404439808176847,0.000981121213229822,-0.00167902667053736,-0.00159806107796187,-0.0024779304165453,-0.00477764012737739,-0.00490526661555068,-0.0018321533806948,0.00170263637072336,0.00240336113545444,0.0027908423410443,0.00487235028756634,0.00597118435710998,0.00337762969658661,-0.00104044503681799,-0.00332386949358761,-0.00311093677158629,-0.00491468670176559,-0.00659706897317399,-0.00533528204981901,-0.000708284750280928,0.00331590190958504,0.00383708287648086,0.00509722641856278,0.00680143339799992,0.00679348724177751,0.00315838997423418,-0.00191376623141846,-0.00408568472815553,-0.00557512301050365,-0.00729344193943114,-0.00742178079668776,-0.00526455915094508,-0.000457503059204321,0.00331217503726585,0.00539606836852661,0.00792950460671068,0.00852173382505509,0.00638154425806955,0.00270012548976897,-0.00151500361378549,-0.00411280205933072,-0.00771478788995923,-0.00968394884494432,-0.00808503211870466,-0.00414604605715426,-0.000323175266343584,0.00221922534938393,0.00622931075583322,0.00987942594536527,0.00988735713385874
0.00453471699050331,0.00289560249306449,0.000215886012223435,-0.000145366901615099,-1.46477248185889e-05,-0.00277196806926679,-0.00441763422532717,-0.0032977050432574,-0.000464673931938417,0.00128192787830183,0.000562302775087755,0.00242269631388298,0.00452433532641215,0.00378924702400298,0.000812424257301683,-0.00163296307888742,-0.00143199727990582,-0.00243890629592585,-0.00482210757526494,-0.0047520604650936,-0.00160863335843412,0.00181957137941068,0.00232768421342965,0.00261283543319329,0.00487093552315426,0.0059709787118311,0.00322432634605052,-0.00121799164111581,-0.00338502242606937,-0.00301499750986113,-0.00474777250742872,-0.0066376001044111,-0.00529525964582777,-0.00056874940900854,0.00343600775835594,0.00384263314522869,0.00499246868186498,0.00668021713211241,0.00683030595436698,0.00308665141648406,-0.00202604001223289,-0.00414060965200297,-0.00552933453886168,-0.00719243781506047,-0.0073569499017599,-0.00523695900713515,-0.000364662533549952,0.00338515698834661,0.00538233997079949,0.00784025764620768,0.00843707746450257,0.00637989916476078,0.00261272961548497,-0.00161678545339589,-0.00413695757684037,-0.00763346660832755,-0.00956203742793274,-0.00802826183213721,-0.00419844394254412,-0.000184527570041419,0.00231729024122994,0.00619841959437397,0.00973600634640779,0.00974553825462875
0.00430464341526569,0.00288415319911331,0.000342562052456123,-6.5008232245785e-05,-5.54137940860758e-05,-0.00264586915213794,-0.00415581118302291,-0.00310697381364981,-0.000491361309110452,0.00112261955575557,0.00050688396159382,0.0024903198772206,0.00437947546799626,0.00355214449831666,0.000670816487055711,-0.00157292189765996,-0.00125391943481722,-0.00241738892247062,-0.00484351116459753,-0.00460071959571308,-0.00141151163956217,0.00190613065414563,0.00224230263843592,0.00243462575604114,0.00488929845074837,0.00594928555560378,0.0030800539632359,-0.00136230527044532,-0.00341478804880276,-0.00291480827578343,-0.00460759752745855,-0.00669267180628473,-0.00523713629658071,-0.000445274779123813,0.00351804350817885,0.00381804009166931,0.00488959633491274,0.00659187011663655,0.00682896541628556,0.00300164821662164,-0.00211595501183833,-0.00415496687687137,-0.00545671209008879,-0.00709957186520348,-0.00732890459726439,-0.00517287995142818,-0.000264367813006068,0.00343076727336498,0.00532806207381863,0.00772920830105019,0.00836635108471827,0.00641667974078677,0.00249279480633956,-0.0017197855752384,-0.00413047783884576,-0.00751412801891374,-0.00942461110760905,-0.00799020657270469,-0.00423476382051162,-1.91994293200597e-05,0.00241048953261891,0.00613571643635923,0.00955943309564304,0.00959519356031948
0.0040935837417414,0.00289021843057633,0.000492009989642752,4.49909190804441e-06,-0.000129765398677628,-0.00251208361621571,-0.00390815743982164,-0.00294155664918642,-0.000533765690205931,0.000947665798472782,0.000466902725647457,0.00253439389717448,0.00423316253268141,0.00333800911499999,0.000558819601525946,-0.00150068951854282,-0.00106913872431895,-0.00241442388215194,-0.00484199415173715,-0.00445488032692269,-0.0012448957328867,0.00196101728064818,0.00214964394740145,0.00227807776673943,0.00492752792586298,0.00590724153326897,0.0029483839480213,-0.00147036963213877,-0.00341311729010392,-0.00281318849934575,-0.00449769508543013,-0.0067183983430397,-0.00516287613905459,-0.000341050774639208,0.00356029110295259,0.00376443231252228,0.00479153421339536,0.00653858803723981,0.00678983920613156,0.00290594102217925,-0.00218100026408858,-0.00412845486455384,-0.00535940539489428,-0.00701757391531764,-0.00733858187001138,-0.00507401156788186,-0.000159499588967049,0.00344742661990569,0.00523437046153911,0.0075992988164891,0.00831180095630969,0.00647404608635757,0.00234316590062232,-0.00182110164618509,-0.00409290442486292,-0.00735926714498072,-0.00927512288600553,-0.00797237616639477,-0.00425088117797576,0.000159083740382834,0.0024961947638081,0.00604197156070589,0.00935338926226238,0.00943997534410686
0.00390562750390721,0.00291332560173328,0.000660654387454222,6.09767294845192e-05,-0.00019717272355468,-0.00237373228173128,-0.00367981155330764,-0.00280450961067371,-0.000590513321141024,0.000761147286939411,0.000443830401952423,0.00255454514356822,0.00408889940606238,0.0031513115295818,0.000478298020836885,-0.00141838406586128,-0.000899040093133987,-0.00243059293408209,-0.00481823605552494,-0.00431813018899615,-0.00111228238704586,0.00198362511139919,0.00205234711625593,0.00214888298965638,0.00497555709639234,0.00584644905564368,0.0028326730864047,-0.0015399035446731,-0.00338063424275356,-0.00271302662069906,-0.00442072403691426,-0.00670549713167097,-0.00507480143789073,-0.00025889532932019,0.00356184440817476,0.00368354568846081,0.00470112389704956,0.00652185513152635,0.00671407655132115,0.0028023133883875,-0.00221917207540988,-0.00406160749738607,-0.00524006382900155,-0.00694894188005572,-0.00738614181374852,-0.0049427468102723,-5.30116372970311e-05,0.00343416598691197,0.00510320522873575,0.00745383130720207,0.00827530925282992,0.0065122846843562,0.00217227796390891,-0.00191791050793909,-0.0040244491034151,-0.00717209937503768,-0.0091172255460074,-0.00797581246631726,-0.00424696076327091,0.000332324968390456,0.00257199782373736,0.00591863680584733,0.00912214775259537,0.0092835686052868
0.00374433737747836,0.00295255140027929,0.000844567870585178,0.000102572453793293,-0.000240110566720492,-0.00223411845051452,-0.00347554472532824,-0.00269825662548654,-0.000659848480702632,0.0005804902199018,0.00043871366561817,0.00255096177528467,0.00395021880114577,0.00299597932138021,0.00043042717075022,-0.00132840008937566,-0.000753102410897908,-0.00246599290661276,-0.00477342732510688,-0.00419392248161915,-0.00101648288574043,0.00197404260206931,0.00195319458566692,0.00205011249028499,0.00498975233385284,0.00576893004220973,0.00273598192653284,-0.00156940989445121,-0.00331861299511077,-0.00261720576184084,-0.00437868080699684,-0.00665454827598636,-0.00497553021869317,-0.000201183664124155,0.00352262889520748,0.00357767611577342,0.00462104997994126,0.00654240639173941,0.00660357205569201,0.00269369994737797,-0.00222902800023268,-0.00395578321714075,-0.0051017696161717,-0.00689587531976595,-0.00744682476053489,-0.00478385989964751,5.21448585308288e-05,0.00339065761072208,0.00493726977020857,0.00729638759682551,0.00825834152747712,0.00652960212117848,0.00200149229245524,-0.002007540127399,-0.00392599893890966,-0.00695649234745004,-0.00895468500371095,-0.00800105594547191,-0.00422366256564528,0.00049642231037329,0.00263577257384811,0.00576782316164433,0.00887048088025728,0.00912960518483262
0.00361267944359785,0.00300654883286494,0.00103212126707739,0.000127810860567868,-0.000258249879259841,-0.00209665065907437,-0.00329965922145379,-0.00262454525454779,-0.000739680420885431,0.000420582262005286,0.00045214277847972,0.00252437911624059,0.00382059935114998,0.00287531292740817,0.00041567696137473,-0.00123334626560927,-0.00063475155436907,-0.00250542234227045,-0.00470923235449355,-0.00408549275746299,-0.000959562517348824,0.00193304152158016,0.00185504045148057,0.00198423211622006,0.00496495201121145,0.00567707026627527,0.00266099883706694,-0.00155820825182645,-0.00322894051978529,-0.00252852908815567,-0.00437285037566943,-0.00656691034900384,-0.00486790748500915,-0.000169786671475479,0.00344340393367825,0.00344962046528974,0.00455376949357324,0.00660012680667857,0.00646107806560939,0.00258311081989553,-0.00220972835693806,-0.00381313680474941,-0.00494796252939699,-0.00686021593522714,-0.007486373735959,-0.00461860196142586,0.00015309639547145,0.00331723215249227,0.00473997385082247,0.00713074386351687,0.00826190371925354,0.00652617023107524,0.0018362510113528,-0.00208753737434384,-0.0037991065177859,-0.0067168843306209,-0.0087912923031618,-0.00804812392054133,-0.00418211806808325,0.000647494937348057,0.00268572920951295,0.00559226364291199,0.00860355975805274,0.00898158034091739
0.00351296681582508,0.00307358474820846,0.0012030430084705,0.000135634948222246,-0.000251835356578786,-0.00196476186863388,-0.00315589620089213,-0.00258441741198395,-0.00082763864791957,0.000285141654580841,0.00048423091518292,0.00247605292259645,0.00370338180385276,0.00279191445500652,0.000433810677229155,-0.00113597763986572,-0.000546872732829319,-0.00250772532273873,-0.00462774183440547,-0.00399577919676084,-0.000942795537645177,0.00186205093486081,0.00176073657791899,0.00195304325456006,0.0049019479872752,0.00557355571255218,0.00260997156622464,-0.00150645042957528,-0.00311406658591585,-0.00244964669310309,-0.00440377210218954,-0.00644468653711786,-0.00475493171909412,-0.000166019929236135,0.00332574763099335,0.0033026071496743,0.00450144617009743,0.0066624907426829,0.00630426590391266,0.00247355504072247,-0.00216106471032528,-0.00363657437473512,-0.00478235733125753,-0.00684339605591418,-0.00750423639165479,-0.00445537946026404,0.000247119608776024,0.0032148814341031,0.00451536207124931,0.00696078212787725,0.00828650981813609,0.0065026655766153,0.00168043963069378,-0.00215572998305573,-0.00364596535406948,-0.00645819085001148,-0.00863077628142233,-0.00811214009254245,-0.00412389534477985,0.000781877615929286,0.00272046003502542,0.00539526211620917,0.00832684566855108,0.00884277366684122
0.00344681773629864,0.00315158688170306,0.00135284310482948,0.000125437505031556,-0.000221669768299161,-0.00184182697297051,-0.00304735495734973,-0.00257819553939675,-0.000921135172526708,0.000177416759851656,0.000513555747134032,0.0024077209015722,0.00360168728822494,0.0027476309261591,0.000483899156254517,-0.00103912407396739,-0.000491742145619537,-0.00247076887138923,-0.00453141567263719,-0.00392734877172976,-0.00096663661606949,0.00176311717765382,0.00167305844760944,0.00195763735415188,0.00480231151837702,0.00546130253389353,0.00258464796447235,-0.00141511863007636,-0.00297694194023313,-0.00238298580611127,-0.00447017762041307,-0.0062993315645483,-0.00463967846903808,-0.000190604629383593,0.00317202445133881,0.00314021784162,0.00446589237447861,0.00670268678964556,0.0061461305583163,0.00236796478344619,-0.00208347456860688,-0.00342969275104864,-0.00460885627029054,-0.00684639656739836,-0.00750060170185225,-0.00429801143110654,0.000331709453483508,0.00308524621630368,0.00426802892591741,0.00679040057547469,0.0083321611554683,0.00646024496366831,0.00153780974735516,-0.00221028119899921,-0.0034693708676155,-0.00618570156064828,-0.00847671889997979,-0.00814959203408623,-0.00405095393513426,0.000896207273867113,0.00273897553703986,0.0051806290708191,0.00804597573533244,0.00871617613650877
0.00341512892517507,0.00323819923839023,0.0014779716001621,9.70814790019088e-05,-0.00016908565041356,-0.0017310805622229,-0.00297642533364166,-0.0026054843957809,-0.00101743219071206,0.000100109884738819,0.000503662842883432,0.00232155350541941,0.00351833959538222,0.00274351320186328,0.000564349801054094,-0.000945616657309615,-0.00047097114122857,-0.00239556045167403,-0.00442301792194395,-0.00388233098104314,-0.00103070940581246,0.00163885084626059,0.00159463256756939,0.00199836531238745,0.00467244594251097,0.00534338233215655,0.00258622733939221,-0.0012860061985187,-0.00282094625137947,-0.00233068605005323,-0.00453335878560872,-0.00614922777555578,-0.00452522287754046,-0.000243641526103374,0.00298533617352715,0.00296630337711548,0.00444851815645165,0.00672039228887723,0.00599035544358059,0.00226912214828995,-0.0019780417846869,-0.00319670443851792,-0.00443145858655178,-0.00686971547064592,-0.00747617334765718,-0.00415026411658476,0.000404641690798084,0.00293058970569716,0.00400302261670325,0.00662342456335343,0.00839033145889304,0.00640050962115571,0.00141189094075797,-0.00224973570295562,-0.00327266761858488,-0.00590496956411139,-0.00833247515851464,-0.00814925731213436,-0.00396559066246349,0.000987503913292059,0.00274072987682565,0.00495260562237338,0.00776664533985784,0.00860442491579138
0.00341806463077897,0.00333084443214349,0.00157535524989309,7.92946213129709e-05,-9.59051573503252e-05,-0.00163553688900143,-0.00294473479636909,-0.00266518828194779,-0.00111371352628392,5.53121760602518e-05,0.000454353444100546,0.00222009526523855,0.00345579333651483,0.0027797915027208,0.000672949643749593,-0.00085821388949423,-0.000485464205688152,-0.00228510103640886,-0.0043055453303491,-0.00386236077696832,-0.00113381251342841,0.00149236210281669,0.00152786722408432,0.00207171403576792,0.00453313000547563,0.00522294458319435,0.00261532368173918,-0.00112168137051665,-0.00264980752610187,-0.00229454136267442,-0.00457351029329272,-0.00599813146853311,-0.00441456310252781,-0.000324598762441628,0.00276945841216207,0.00278489379088655,0.00445028997425451,0.00671582409043909,0.00584065041051522,0.0021795902724245,-0.00184648249248338,-0.00294234978520424,-0.00425416909374198,-0.00691334787511442,-0.00743214420672354,-0.00401576276314058,0.000464027904261425,0.00275375685865674,0.00372573964570399,0.00646352082978662,0.00841691784899363,0.00632545898779797,0.00130590620998194,-0.00227305598930417,-0.00305968383608675,-0.00562169543452725,-0.00820109933132415,-0.00811151011829467,-0.00387037776640147,0.00105324398413675,0.00271567119306454,0.00471577732687562,0.0074944897892935,0.00850974735570438
0.00345506148300411,0.00342679143426681,0.00164247064521106,0.000101609154898143,-4.38913434961215e-06,-0.00155791394880536,-0.00295311134761193,-0.00275554318235215,-0.00120715807430884,4.44511181668406e-05,0.000366886510893145,0.00210619813685243,0.00341606972319572,0.00285586808922825,0.000806921383420903,-0.000779529455300327,-0.000535391814647842,-0.00215910649110748,-0.00418215126447681,-0.0038685321112323,-0.00127394277265155,0.00132718584361535,0.00147488830176483,0.00213501902911232,0.00438966823157025,0.0051031380851228,0.00267194174182425,-0.000925434765525731,-0.00246751488050683,-0.00227595004293031,-0.00459033670073731,-0.00584962669636492,-0.00431054658734298,-0.000432312816094916,0.00252876203118347,0.0026001058054349,0.0044716999977639,0.00668972409467192,0.00570066513105823,0.00210165040987889,-0.00169111673524989,-0.0026717982027419,-0.00408090791425876,-0.00696403015638582,-0.00737015950982329,-0.00389790541349176,0.000508361818919018,0.00255812029424614,0.00344181228151322,0.00631411645224024,0.00840521893987839,0.00623743563976702,0.00122269350365375,-0.00227464359746422,-0.00283465482616514,-0.00534160876755898,-0.00808527923486104,-0.00803749360646248,-0.00376809482199019,0.00109142446360544,0.00265036917117419,0.0044749795088226,0.00723496766354443,0.00843391532882245
0.00352484890768388,0.00352322705585525,0.00167740613244206,0.000163386002025256,0.000102823290045808,-0.00150056350932833,-0.00300156311496461,-0.00287416298490267,-0.00129501343775339,6.82518985544127e-05,0.000256463736833324,0.00198294850418934,0.00340070155422371,0.00297032729969219,0.000962991038730167,-0.000711963370988382,-0.000613906807829956,-0.00202606521861964,-0.00405606685352424,-0.00390136329500082,-0.00144833535758858,0.00114719848876848,0.00143748176493821,0.00217439987834402,0.00424545208916013,0.00498703331460756,0.00275546665259662,-0.000701211724573977,-0.00227822667824086,-0.00227587419481032,-0.00458409389563251,-0.00570731680173284,-0.00421579974948126,-0.000565004716384325,0.00226812236560689,0.00241604971252402,0.00451274675455848,0.00664333261481283,0.00557390264654391,0.00203724647768578,-0.00151482626331618,-0.00239054054323723,-0.00391542339992024,-0.00697929606064738,-0.00729226964895685,-0.00379978070352312,0.000534821479132641,0.00234751389480779,0.00315699135587245,0.00617832444833039,0.00835581242008523,0.00613906244888923,0.00116463489052073,-0.00223693930982157,-0.00260213629876583,-0.00507034937408493,-0.00798728015918617,-0.00792908985427642,-0.00366165641966596,0.00110061609625441,0.00254607915220782,0.00423519626188636,0.00699324845103257,0.0083493153367972
0.00362548452234796,0.0036173294003447,0.00167891105497057,0.000255738900701034,0.000222783084336598,-0.00146540879898129,-0.00308927510659713,-0.00301809863770778,-0.00137466794332645,0.000126713611714114,0.000136395454560573,0.00185358961907545,0.00341068879451873,0.00312096277317072,0.00113746561399238,-0.000657638208231586,-0.00067661681061306,-0.00188911348445985,-0.00393052124689984,-0.00396077510764754,-0.00165351991049433,0.000956528321144523,0.00141704424587659,0.00218959951598026,0.00410396803650398,0.0048775475428829,0.00286466749166002,-0.000453530914531398,-0.00208617613645664,-0.00229480970085042,-0.0045555737365312,-0.00557473859669626,-0.0041326647662873,-0.000720310074297844,0.00199281800559515,0.00223673768377717,0.00455434345386002,0.00657835031461919,0.00546363508996343,0.00198809555667045,-0.00132099929476898,-0.00210427491771581,-0.00376121017903916,-0.00695587499361837,-0.00720087385338639,-0.00372409159529909,0.000525129685590044,0.00212615546178767,0.00287702689873245,0.00605887766110294,0.00827004822109342,0.00603317357500094,0.00113359501178184,-0.00215918321718369,-0.0023669098599664,-0.00481335074762593,-0.00790834553570231,-0.0077888740938239,-0.00355403715028677,0.00108000423567449,0.00240494778683746,0.00400145517143099,0.00677410684123779,0.0082285224314496
0.00375440361138648,0.00370634147700989,0.00164643111337159,0.000360534262399445,0.000352305989652381,-0.00145389140222523,-0.00321462325200722,-0.0031839088273126,-0.00144371925952533,0.000208567935481446,9.50517111242855e-06,0.00172144134649491,0.00344646589969076,0.00330482131737339,0.00132631896979085,-0.000618341981867484,-0.000714482999676837,-0.00175155424565037,-0.00380866289023738,-0.0040460823059008,-0.00188539151670569,0.000759461430840219,0.00141454299469679,0.00218092412604062,0.00396871535876716,0.00477737448589822,0.00299771486225347,-0.000187390914425595,-0.00189557661309599,-0.00233276765115807,-0.004506075389401,-0.00545527791668485,-0.00406314369553467,-0.000895322575392589,0.00170842122066587,0.0020659955594358,0.00455788615946615,0.00649688973417789,0.00537282356467484,0.00196977267773618,-0.00111346332649724,-0.00181878836699454,-0.00362143411720669,-0.00689455350498713,-0.00709865614338245,-0.00367308687192918,0.000474808963088169,0.00189855995045742,0.00260754904549888,0.00595807227928363,0.00815001441067003,0.00592274104812203,0.00113087045881616,-0.00204294699272058,-0.00213388247355383,-0.00457572829170927,-0.00781404086662427,-0.00762005464238357,-0.00344819559475052,0.00102941672085832,0.00222987212818819,0.00377871980153544,0.0065818255143977,0.00807371628210193
0.00390848147817394,0.0037876431607591,0.00158012893614446,0.000474767133320489,0.000488051681254649,-0.0014669287092472,-0.00337520547965628,-0.00336774052173049,-0.00150003792057579,0.000269924527779024,-0.000121150793354093,0.00158981913635826,0.00350788178033752,0.00351826252499703,0.0015252839235655,-0.000595479131455796,-0.000727298165536471,-0.00161677942600581,-0.00369348368452847,-0.00415599888527008,-0.00213929504144225,0.000560345395693507,0.00143048622587744,0.0021492261637048,0.00384312255985131,0.00468892014394722,0.00315221225575968,9.18331656258805e-05,-0.00171052881647719,-0.00236375386488571,-0.00443736617492009,-0.00535208727529359,-0.0040175076710218,-0.00108665017495967,0.00142068234510122,0.00190738006956663,0.00452244258194342,0.00640141766816621,0.00530404410196788,0.00199216267858474,-0.000896407357860901,-0.00153983690781073,-0.00349886587721025,-0.00679689184321793,-0.00698851524768583,-0.0036485021148432,0.00038483600255758,0.00166944518579094,0.0023539518634404,0.0058755153035251,0.00799848779564759,0.00581079877165992,0.00115715131060201,-0.00189058864655218,-0.0019079821222577,-0.00436217467894077,-0.0076845193552261,-0.00742639992386552,-0.00334699942725925,0.000949337669647405,0.00202443888442975,0.00357178278628136,0.0064201089652236,0.00788779623401473
0.00408410719966639,0.00385881972681272,0.00149677880176158,0.000595686300051029,0.000626605517999606,-0.00150488303328514,-0.00356788921775795,-0.00356541751875349,-0.00154182418021053,0.00030550136197835,-0.000252355168221094,0.00146195414042034,0.00359419301485276,0.00375703290427337,0.00172994848748808,-0.00059003083586919,-0.000715430481997043,-0.00148818901799204,-0.00358774781155322,-0.00428865713273034,-0.00241012105697492,0.000363492863077915,0.00146472931374594,0.00209587494893531,0.00373046426333196,0.00461833673930996,0.00332524056438364,0.000378500729564092,-0.00153493080636048,-0.0023552497322744,-0.00435163171112767,-0.0052680077313989,-0.00401189955615378,-0.00129048285832271,0.00113541059528331,0.00176410331493715,0.00444901271577986,0.00629468981800041,0.00525942140830244,0.00205489476832419,-0.000674295226505431,-0.00127302653508991,-0.00339582446771907,-0.00666518605808707,-0.00687349007610692,-0.00365151149421566,0.000256999312583699,0.00144363206580678,0.00212128248660971,0.00577215754090997,0.00781887029616818,0.00570036574552392,0.00121249582255099,-0.00170520350848732,-0.001694051900482,-0.00417686451025801,-0.00752212334473325,-0.00721215419523428,-0.00325315335610594,0.00084090678073009,0.00179284925463215,0.00338516147458827,0.00629200992602801,0.00767432530103656
0.00427726707121833,0.00391772526943469,0.00143753905715065,0.000720313029704981,0.000764560941201463,-0.001567543251038,-0.00378887435203318,-0.00377253497952817,-0.00156765677760112,0.000315152994411291,-0.000380806401565627,0.00134091635338893,0.00370407062308596,0.00401635297788822,0.00193585407295238,-0.000602525679163475,-0.000679805001229947,-0.00136910890118676,-0.00349514182531046,-0.00444164019642862,-0.00269241134032744,0.000173087179535241,0.0014838143897917,0.00202271565513452,0.00363378058565737,0.00458507160330259,0.00351341477170976,0.000666823253912609,-0.00137239476286792,-0.00230756661645863,-0.00425141677796931,-0.00520549689409049,-0.0040468305642781,-0.00150267062149559,0.00085835375878789,0.00163896604496046,0.00433936992300267,0.0061796793250873,0.00524057208450805,0.00215677159246174,-0.000451771750251356,-0.00102369757681133,-0.00330917236189406,-0.00650241482005291,-0.00675668264420729,-0.00368269169029012,9.38626754444521e-05,0.0012259413588188,0.00191413788155986,0.00563462928184007,0.00761511256231639,0.00559437038566133,0.00129631899956716,-0.00149055980536492,-0.00149674483919923,-0.00402337025819598,-0.00732989593456319,-0.00698194386496003,-0.00316913163937046,0.000705904016995843,0.00153983101429536,0.00321303450264774,0.00619986984536622,0.00743745970492817
0.00448363583070404,0.00396253943707191,0.00140502121832089,0.000845512072421013,0.000898600581254418,-0.00165411953752683,-0.00403377034191761,-0.00398455781112198,-0.00157653239002193,0.000299321489130607,-0.000503198345029452,0.00122957558833858,0.00383562040334099,0.00429101552567697,0.00213859347158255,-0.000631675056627186,-0.000621872603270328,-0.00126270931586141,-0.00343498063858043,-0.0046120275872802,-0.00298047171660198,-6.9078505675574e-06,0.00146300168268444,0.00193201778270102,0.00355580083949646,0.00459204719416929,0.00371295289174393,0.000950983866176387,-0.00122617110095094,-0.00222192106460288,-0.00413955854379292,-0.00516656489455567,-0.00412170690321968,-0.00171881002591501,0.000595079388232013,0.00153430127852355,0.00419601919043691,0.00605950103202974,0.00524855874880899,0.00229579283275254,-0.000233563767646664,-0.000796814929573583,-0.00319745328514518,-0.00631217220033761,-0.00664118031251517,-0.00374199888852528,-0.00010128763672472,0.00102108934810294,0.0017365714137637,0.00546542421602194,0.00739162654911325,0.00549557776235283,0.00140739546702376,-0.00125102020036512,-0.00131541728420904,-0.00390459123082317,-0.00711152206331343,-0.00674067648151846,-0.00309711679630641,0.000546719855326474,0.00127053972448405,0.00304527438165464,0.00612900264340563,0.00718186548956658
0.00469867359658756,0.00399181607643689,0.00139929712101151,0.000968067321986411,0.00102557417918839,-0.00176325146955215,-0.0042976858917402,-0.00419692070009385,-0.00156789476867107,0.000259016209076879,-0.000616301078054434,0.00114366968486183,0.00398641652432463,0.00457549290667304,0.00233390644577062,-0.000638464845827836,-0.000543567256213597,-0.00117192592508351,-0.00341427416690208,-0.00479645271670198,-0.00326848984792084,-0.000172832086244713,0.00140292556136917,0.00182641434711906,0.00349887324711094,0.00463927644369724,0.0039197536277688,0.0012252575939136,-0.00109908175099942,-0.00210030095612541,-0.00401911369124006,-0.00515271976409613,-0.00423511483619473,-0.00193433742200472,0.000350859993712187,0.0014431193491637,0.00402214021069801,0.00593733322855079,0.00528385619681997,0.00246919564204092,-2.43782052533776e-05,-0.000596866458650391,-0.00305267019931487,-0.00609858791408301,-0.00652997920833026,-0.00382875952007884,-0.000324510774710187,0.00083185026534541,0.00159201115979411,0.00526771676874146,0.00715318899297749,0.00540652150069902,0.00154387673610665,-0.000991450960157541,-0.00113661791509546,-0.00382269700821198,-0.00687125561609779,-0.00649343461636976,-0.00303894598013804,0.00036631161067649,0.000990451167944745,0.00288543734728451,0.0060409093603669,0.00691262392841545
0.00491772634707219,0.00400452257194426,0.00141983913837386,0.00108476035359337,0.00113513127808171,-0.00189302946614524,-0.00457532930243055,-0.00440512757688684,-0.00154526971351203,0.000195780945690382,-0.000717040955774715,0.00109595837417448,0.00415354775773196,0.00486405120316574,0.00251777084192174,-0.000605161844439051,-0.000447252685136237,-0.00109938533920088,-0.00343363583958489,-0.00499117132106424,-0.00355065553210789,-0.000321405324192065,0.00130502130429326,0.00170883312098046,0.00346490356744909,0.00472594636838064,0.00412948249494599,0.00148412970922938,-0.000993463968710147,-0.00194541983457241,-0.00389328126139288,-0.0051649236727724,-0.0043848482500395,-0.00214462690746645,0.000130564621651757,0.00132376492687421,0.00382151659214028,0.0058163387946146,0.00534633053112314,0.00267351108574713,0.000171357786287799,-0.000427771688755931,-0.00287745628808573,-0.00586623680279405,-0.00642591066283825,-0.003941675115715,-0.000571292920707271,0.000644791034113222,0.00148319165400208,0.00504530057192809,0.00690483791787943,0.0053294419663081,0.00170332263576975,-0.000717120678346555,-0.000962755506462903,-0.0037562943786429,-0.00661383403958837,-0.00624536696047142,-0.00299606628861142,0.000168146659040974,0.000705247299364167,0.00273691746152127,0.00593540975195517,0.00663512769148206
0.0051361277041404,0.00400006888992583,0.00146554226998467,0.00119244997661432,0.00120875190602702,-0.00204102922688222,-0.0048611173983002,-0.00460484832540993,-0.00155100582439872,0.00011164928777096,-0.000802577953158421,0.00108764019651616,0.00433367546438793,0.00515086879571033,0.00268648725062019,-0.000532621751963948,-0.000335659871857735,-0.00104733699949819,-0.0034928581360797,-0.00519213938864425,-0.00382128094066394,-0.000449794082011098,0.0011714912612911,0.00158242293838445,0.00345530222948338,0.00485043241150342,0.00433766433756389,0.00172240951833043,-0.000897369136695877,-0.00176065624461186,-0.00376532310062291,-0.0052035611583285,-0.00456795288189012,-0.00234509086971675,-6.1440887156571e-05,0.00117250639784118,0.00359845278082642,0.00569958762692387,0.00543523188748452,0.00290463540991301,0.000363719604247419,-0.000292802688257117,-0.00267510461697551,-0.0056200395541492,-0.00633157241342051,-0.00407884132328213,-0.000836640867465264,0.000459417456615549,0.00141208053426204,0.00480251335501957,0.00665176443487795,0.00526623220107399,0.00188274636257143,-0.000433590704699427,-0.000797560058096633,-0.00367191169393728,-0.00634438222296796,-0.00600157899674929,-0.00296950006948138,-4.38663159116658e-05,0.000420698132117128,0.00260277771514654,0.00581458735456752,0.00635496994155866
0.00534929978132559,0.00398531153827305,0.0015347590022942,0.00128815090072855,0.00124413121718491,-0.00220435852019299,-0.00514929072541782,-0.0047920106124503,-0.0015969185894275,9.08939870714758e-06,-0.000870378451336191,0.00111910862056398,0.00452310206514857,0.00543015677784507,0.00283675533281629,-0.000422499597557775,-0.000211816872793393,-0.00101759297285675,-0.00359091367958507,-0.00539509882212595,-0.00407491828648514,-0.000555667645326868,0.00100525605411101,0.00145047474905912,0.0034709424867995,0.00501032990476144,0.00453978016596114,0.00193533721152194,-0.000771150251322714,-0.00154997941360231,-0.00363848380341824,-0.00526842021321079,-0.00478078629199921,-0.0025399371714664,-0.000221382870319844,0.000992104090752135,0.00335768053070577,0.00558998219332881,0.00554920108308873,0.0031579146388283,0.000557860536381846,-0.000194518784607727,-0.00244950419417421,-0.00536515683431451,-0.00624926619755698,-0.00423778082097528,-0.00111518558799099,0.00027973923235275,0.00134953817420009,0.00454414978556254,0.00639920218918183,0.00521839288171975,0.00207867228869737,-0.000146599604665949,-0.000644489083818756,-0.00357077812438226,-0.0060683076443495,-0.00576702560710902,-0.00295982103437341,-0.000265456650733275,0.000142542067017951,0.00248568549102614,0.00568094606253123,0.00607782869224614
0.00555285089512185,0.00400371172846212,0.00162534601582237,0.00136910964722871,0.00124028889801695,-0.00237971538665444,-0.00543403261634583,-0.00496288492166895,-0.00168192916056874,-0.000109060493534676,-0.000918281741817036,0.00118993995437362,0.00471784865098475,0.00569627879522216,0.00296574033539602,-0.000277212143314451,-7.89726534725192e-05,-0.00101147721018046,-0.00372597358270514,-0.0055956691609676,-0.00430647261744318,-0.000657038781158546,0.000809889903893061,0.00131634058987186,0.00351213054405969,0.00520250197037678,0.00473545661434006,0.00211868152922192,-0.000614231448169469,-0.00131786292249529,-0.00351591205729213,-0.00535868681340725,-0.00501909233537598,-0.00273990798046799,-0.000346156190910353,0.000785956644082077,0.00310425697353087,0.00549018797295644,0.00568629019548497,0.00342824072034101,0.000749552630660554,-0.000133937093351325,-0.00220506285860906,-0.00510687913983363,-0.0061809432033018,-0.0044154895407447,-0.00140129360359495,0.00010955947190395,0.00126926787766434,0.00427536405664965,0.00615231684386944,0.00518699735207353,0.0022872053746382,0.000138055902763336,-0.00050665390204158,-0.00345493475630458,-0.00579118897730069,-0.00554640791195422,-0.00296714173191441,-0.00049207995493745,-0.000123632806440246,0.00238785804568844,0.00553735716543523,0.00580934886933916
0.00574266803948127,0.00406226014934851,0.00173472150113996,0.00143287578374816,0.00119704809010341,-0.00256345663037519,-0.00570958963595056,-0.00511416093559475,-0.00180416294597125,-0.00023966416657287,-0.000944558483965879,0.00129889846591163,0.00491374006020084,0.0059438677108891,0.00307112833103862,-9.98844875819806e-05,5.94831745263925e-05,-0.00102978557699788,-0.00389544277459317,-0.00579065840229171,-0.004511306145793,-0.000789339949972609,0.000589542778005157,0.00118335223948588,0.00357858842100059,0.0054231428831253,0.00493816145689863,0.00226882619462689,-0.000429487328029655,-0.00106918826098554,-0.00340058524607497,-0.00547295317223118,-0.00527808857427093,-0.00294089768575298,-0.000433386375351724,0.00055803486681177,0.00284345651041147,0.00540257041250505,0.00584399676541704,0.00371015719041472,0.000934702376448943,-7.52953986676764e-05,-0.00194661856685143,-0.00485051475083744,-0.00612815864600044,-0.00460849531064623,-0.00168918379334469,-4.76070911855165e-05,0.00117282185260975,0.00400156424793708,0.0059160979715776,0.00517266753411969,0.00250411076252208,0.000414641008574786,-0.000386754854458478,-0.00332683178653266,-0.00551866050189416,-0.00534407653233399,-0.00299111265588217,-0.000719013426425754,-0.000372503928452537,0.00230377859078302,0.00537703288759056,0.00555502457292857
0.00591500205451898,0.00415965461356164,0.00185993165091325,0.00147736681410564,0.00111504347904787,-0.00275167501347087,-0.00597039076086441,-0.00524301363353393,-0.00196099115881903,-0.0003793653648115,-0.000947959738376558,0.00144395859571412,0.00510652856431232,0.00616793663044069,0.00317809931399406,0.000105717968732334,0.000200102815538026,-0.00107275778291883,-0.00409601172149232,-0.00599292274809211,-0.0046853339279284,-0.000951102453382384,0.000348850897601834,0.00105474140967458,0.00366945009927008,0.00566785557985383,0.00514551816828059,0.0023828433060019,-0.000220408658325586,-0.000809140370068962,-0.00329523907791137,-0.00560923969033416,-0.00555256479588823,-0.00313858318092123,-0.000484114770694612,0.000312802844020178,0.0025806588655777,0.00532913986417994,0.00601931100436878,0.00399797212501994,0.00110943933597919,5.40998168503612e-07,-0.00167934091227916,-0.00460127819687541,-0.00609203651639528,-0.00481292773683533,-0.00197304717163402,-0.000188608240929145,0.00106219350775837,0.00372830067595172,0.00569525565912258,0.00517556125855622,0.0027249018855831,0.000677601337353947,-0.000287026828259266,-0.00318427137225133,-0.00525629476515892,-0.00516394330930907,-0.00303093298287429,-0.000941456193781795,-0.000599123578657091,0.00219152413385967,0.005189580678885,0.00532008404644486
0.00606654382400406,0.00429380255725042,0.00199772478178568,0.00150092511238068,0.00099571229898251,-0.00294028357996601,-0.00621116285768081,-0.00534746861881123,-0.00214908803891567,-0.000524669777863554,-0.000927755296435109,0.00162234387074138,0.00530512192074962,0.00636398194909282,0.00331566735865695,0.00033527069901146,0.000339462922222544,-0.00114006211824674,-0.00432372229508828,-0.00620357860377148,-0.00482510763021546,-0.00113935035254392,9.28374916585076e-05,0.00093356334387024,0.00378327119550606,0.00593174169996982,0.00535303958844463,0.00245855216239814,8.96575183029198e-06,-0.000543097436821087,-0.00320230387309865,-0.00576503025972704,-0.00583699056150094,-0.00332879270111958,-0.000538516985142113,5.51278971070136e-05,0.00232123571769809,0.00527150577209391,0.00620877508695543,0.00428587599169137,0.00127019857780242,9.20625448277445e-05,-0.00140862492840405,-0.00436418162095524,-0.00607324529688158,-0.00502459788213829,-0.00224716710200687,-0.000310719181593677,0.000938041034459796,0.00346115058764191,0.00549412401195838,0.00519537127913892,0.00294493522419384,0.00092167743205549,-0.000197418942986206,-0.00301293155388389,-0.00500948598394738,-0.0050094033160613,-0.00308537265326952,-0.00115463252152284,-0.000799019982689887,0.0020458290176364,0.00497899901658118,0.00510937980372302
0.00619448984110306,0.00446186655912955,0.00214463122300695,0.00150236542423962,0.000841268366267648,-0.0031325454965858,-0.00642703999446804,-0.0054600411523288,-0.00236450247926812,-0.000672029084914377,-0.000883760281509612,0.00183058174820553,0.00551589062647491,0.0065280762460768,0.0034814317274977,0.00058398252214966,0.000474245340048786,-0.00123079230935505,-0.00457404844144367,-0.00641804352816668,-0.00492788579347685,-0.00135051409582801,-0.000173194049576261,0.000822625598440461,0.00391805209617546,0.00620950227065899,0.00555631290543867,0.00250015889512716,0.000254129508046818,-0.00027651732098679,-0.00312384897810499,-0.00593732027180791,-0.00612562951931208,-0.00350759533245448,-0.000609662493631324,-0.00020981873779416,0.00207043833727187,0.00523084114638099,0.00640855332610757,0.00456806191208261,0.00141379513097638,0.000197484589095397,-0.00113997940704702,-0.00414393134905181,-0.00607198517631726,-0.00523908606480355,-0.00250603740851795,-0.000411696836887336,0.000785469671345554,0.00320560164068347,0.00531657358070176,0.00523133595302242,0.00315950967411875,0.00114201278848833,-7.72023331803934e-05,-0.00281505356955917,-0.00478333667247516,-0.00488326876052267,-0.00315280523565935,-0.00135389563278853,-0.000968288101137311,0.00186935700939642,0.00474982157501359,0.00492728626417393
0.00629828345195154,0.00466032532826544,0.00229704709080971,0.00148101172496962,0.000654659635547242,-0.00334020253495419,-0.00661366427225943,-0.00560205841145735,-0.00260274249690032,-0.000817925090490963,-0.000816349266117197,0.00206457327486931,0.00573422830741892,0.00665694906881893,0.00367232839062002,0.000846697243868667,0.000601315277054606,-0.00134347872857677,-0.00484198871941335,-0.00663172840863079,-0.00499168919632418,-0.0015805004134011,-0.00044377231526342,0.000724423646738147,0.00407127417976845,0.00649554692110159,0.00575109489294405,0.00255004060610161,0.00051019977168908,-1.48230487037315e-05,-0.00306153656982223,-0.00612267638386382,-0.00641265806841647,-0.00367138397400269,-0.000696088548934194,-0.000476668438553402,0.00183328862422099,0.00520785811319768,0.00661451177178586,0.00483884579076842,0.0015374888753941,0.000328910804421406,-0.000878912091217397,-0.00394483184541779,-0.00608798701575288,-0.00545183590358966,-0.00274447588989076,-0.000507231427299728,0.000603210716975772,0.00296693665042792,0.00516593452391634,0.00528226128826064,0.00336396837194216,0.00133425317009301,7.53048242925378e-05,-0.00259490674830779,-0.00458254992148518,-0.00478771610351987,-0.00323125075490325,-0.00153482986940276,-0.00110366821223659,0.00166543623656853,0.00450692273461012,0.0047776070918877
0.00641567445804549,0.00488504877982969,0.00245131996491741,0.00143672244628094,0.000439510117843544,-0.00355924265687379,-0.00676727604388716,-0.00577098973741839,-0.00285887071739633,-0.00095895199397158,-0.000726457432457569,0.0023196761273349,0.00595543821687258,0.00674805382984776,0.003884722189915,0.00111800346510561,0.000717793086316227,-0.00147611260176419,-0.00512216894178995,-0.0068401369753527,-0.00502499250053217,-0.00182477411573053,-0.00071337290054799,0.000641084773075501,0.00423994844838694,0.00678410932588296,0.00593340218165534,0.00261630004041018,0.000772017196106257,0.000236710179421166,-0.00301658588319085,-0.00631730682214591,-0.00669228586643935,-0.00381694997225896,-0.000804564047393559,-0.000739966690505482,0.00161447585295228,0.00520279506016108,0.00682230554770632,0.00509278377478078,0.00163903851453193,0.000492862981460134,-0.00063081418307499,-0.00377069906018096,-0.00612052303428627,-0.00565825257845427,-0.00295773084681316,-0.0006346504921854,0.000395203941508162,0.00275012206943916,0.00504493207593812,0.00534655378621186,0.00355380074946995,0.00149463512499971,0.000257306462516682,-0.0023571826872147,-0.00441132964032344,-0.00472424742094327,-0.00331842742362584,-0.00169334893233847,-0.00120261066576218,0.00143799435377221,0.00425541236564531,0.00466349425151908
0.00656130429230306,0.00513138569257088,0.00260383440076377,0.00136990326734473,0.000200047311061842,-0.00378493249631898,-0.00688479161343334,-0.00596369640425581,-0.00312760881301133,-0.00109189489388354,-0.000615568600823942,0.00259079930905152,0.00617483541079958,0.00679961929619286,0.00411447901362163,0.00139234818442038,0.000821119275238725,-0.00162618297649499,-0.00540895283118908,-0.00703896205529382,-0.00507016016514098,-0.00207845011612683,-0.000976533855302879,0.000574321517619249,0.00442067560032213,0.00706936644157765,0.00609959461558486,0.00270161487364186,0.00103425256523316,0.00047306406567363,-0.00298974864128174,-0.00651714074881314,-0.0069588756362684,-0.00394154785134436,-0.000947770844967912,-0.000994287181846226,0.00141826129503423,0.00521541561694262,0.00702747205055796,0.00532478456478426,0.00174087686791748,0.000685791163663489,-0.000400846632303714,-0.00362478495883921,-0.00616842890261948,-0.00585380316379785,-0.00314157838380099,-0.000793162401748421,0.000165888670312409,0.00255970259111729,0.00495563560873996,0.00542226324723094,0.0037247425661605,0.00162006186213171,0.000465363705205149,-0.00210689382742352,-0.00427329091090144,-0.00469366671748541,-0.00341181100198465,-0.00182578800896192,-0.00126513949791857,0.00119148050996511,0.00400052647471836,0.00458738085204999
0.00673255946284211,0.00539426214446249,0.00275109567777927,0.00128150727185284,-5.8983378922274e-05,-0.00401246680649966,-0.00696386682176373,-0.00617649189377,-0.00340344864914245,-0.00121380273245818,-0.00048569025384336,0.00287250744801892,0.00638784726914601,0.00682548979361998,0.00435704841663164,0.00166415301367537,0.000909111107016397,-0.00179072581396768,-0.00569655836255178,-0.00722417647775118,-0.00513264241258949,-0.0023363937643317,-0.00122796909880187,0.00052539569870436,0.00460971630458954,0.00734555902138986,0.00624644991647633,0.00282193136694898,0.00129151788373043,0.000689580075072862,-0.00298129619574869,-0.00671791500065282,-0.00720705974043759,-0.00404302717573599,-0.00112287811235553,-0.00123434607134339,0.00124839270658781,0.00524501942628456,0.00722552798697589,0.00553021421068034,0.00187472472086723,0.00090357410145968,-0.000193830642334951,-0.00350971476829117,-0.00623013665841622,-0.00603411682516444,-0.00329240844687681,-0.000979851552189027,-7.9892292727559e-05,0.00239970414909664,0.00489942227093131,0.00550713446881068,0.00387287168988402,0.00170816491722748,0.000695461977062193,-0.00184926597747996,-0.00417138239252725,-0.00469607156682241,-0.0035087003259558,-0.0019289877126342,-0.00132990963898123,0.000930775727249624,0.00374751641127063,0.00454096391165781
0.00692623983239182,0.00566828820995764,0.00288980930439214,0.00117302217322582,-0.000332415140034896,-0.00423707212100781,-0.00700294511179989,-0.00640521478123575,-0.00368076782723443,-0.00132205405061942,-0.000339316066208363,0.00315913238950268,0.00659011136481372,0.00686583527625299,0.00460755623814602,0.00192793036276776,0.000980009470778315,-0.00196638421598903,-0.0059791773397818,-0.00739211668089442,-0.00522827120742416,-0.00259332738417499,-0.00146267739723849,0.000495093781810892,0.00480307019387227,0.00760711085881208,0.00637122808988348,0.00297672326462431,0.00153847955840107,0.000882053920966608,-0.00299101860367336,-0.0069152663246906,-0.0074318510614134,-0.00415142924163712,-0.00132614398993878,-0.00145511397914041,0.00110803044244445,0.00529046437831527,0.00741206811837872,0.00570499118715088,0.00203842863091263,0.00114160850601683,-1.41447549373517e-05,-0.00342743818979137,-0.0063037175986383,-0.00619508265330005,-0.00340729780262462,-0.00119118170139143,-0.000336996631679125,0.0022735474118622,0.00487695586350629,0.00559866655187058,0.00399469747677173,0.00176171130040405,0.000943090895010253,-0.00158962712023729,-0.00410281797743754,-0.00473086011480136,-0.00360628739458592,-0.00200036792414818,-0.00141199537385673,0.000661093864156496,0.00350153769433431,0.0045112927411569
0.00713862040765727,0.00594787098787344,0.00301695477864705,0.00104644458305913,-0.000614765731823127,-0.00445410869344479,-0.00702233829010376,-0.0066453123672459,-0.00395394698193218,-0.00141441420741527,-0.000179376874602051,0.0034448908905625,0.00677756655274509,0.00693532352501338,0.00486090511673693,0.00217839705789141,0.00103251500138523,-0.00214947853340414,-0.00625109567837339,-0.00753955724831271,-0.00536055776460923,-0.00284394075957776,-0.00167604460873572,0.000483714090525111,0.00499656187964564,0.00784874424082617,0.00647276786965087,0.00316268390599977,0.00176997124917731,0.00104681971356141,-0.00301823558083549,-0.00710482709397356,-0.00762874584858914,-0.00429090069867062,-0.00155327137183065,-0.00165192328946344,0.000999686694660068,0.00535019970732266,0.00758286352722522,0.00584566975429581,0.00222896635140774,0.00139490794034511,0.000134369259693321,-0.00337919551468864,-0.00638693406574169,-0.00633294294602134,-0.00348406844603726,-0.00142306514270024,-0.00060009211459681,0.00218223931112101,0.00488818127352881,0.00569417834819225,0.00408724172227935,0.00182237892310584,0.00120333530713419,-0.00133329490132163,-0.00405161392661132,-0.00479675315044668,-0.00370173030691689,-0.00203798983164552,-0.00150977272677305,0.000387873896269822,0.00326754251945243,0.00449882236553138
