0.000147655699466073,-3.23675522329018e-05,-0.000117844204050726,-7.00517123892283e-05,-0.000165505686918251,-0.00031478379095583,-0.000295108955010445,-0.000112164112818059,9.28060939608076e-05,0.00015438444464885,0.000116382955301815,0.000226283092172848,0.000362161531291366,0.000298722922275201,7.07717000372953e-05,-0.000144273281101386,-0.000174733132707744,-0.00017587455422749,-0.000288440762507688,-0.000393687510644889,-0.000287217754851284,-2.72874070400958e-05,0.000182934267458519,0.000198946943142039,0.000244826276397987,0.00034754882611718,0.000407431088553731,0.000262462471156354,-1.412159634134e-05,-0.000205684542673962,-0.000236221937641441,-0.000318678070945237,-0.000399361116766131,-0.000402506407120981,-0.000227094494079579,4.9603422337855e-05,0.000210761066593281,0.000284422640305613,0.000392788046946934,0.00044061790343409,0.000379903125079684,0.000184851077545305,-7.5349566531879e-05,-0.000208358602303743,-0.000340062594771819,-0.000462078974217656,-0.000468557835295069,-0.000345057422680761,-0.000139462350376633,8.87426304275168e-05,0.000218858361887137,0.000399459803801777,0.000522338894140399,0.000482075956342008,0.000302425443137011,9.53620445519457e-05,-8.75394189781193e-05,-0.000241052709049393,-0.000457932851882922,-0.000569431510004774,-0.000480686304066303,-0.000255301381023759,-5.62192830667044e-05,7.48187183800969e-05
0.000131993153078276,-6.69123307076123e-05,-0.000143496840063252,-9.70556999782992e-05,-0.000198730095101404,-0.000344655451262411,-0.000303386797274966,-9.34396586293226e-05,0.000122366651542076,0.000170870979360647,0.000151130058842144,0.000261487114904053,0.000383264086081982,0.00029864864284777,5.09139221259598e-05,-0.000166669538866943,-0.000189262933586337,-0.000216343681463416,-0.000323137424612288,-0.00040473843256151,-0.000279501007030732,-8.37969975865189e-06,0.000196441659060404,0.000220247009068299,0.000288596849679985,0.000379408190297877,0.000407837821390094,0.000248390214742247,-2.99896859463401e-05,-0.000209139620927978,-0.000263110818562621,-0.000363070240293199,-0.000426352076010905,-0.000392398393056029,-0.000208384685820294,6.05434209319746e-05,0.000205887611876585,0.000315213748717959,0.000435088198252366,0.000461191507649148,0.000363082604562657,0.000163541987453775,-7.97979601166024e-05,-0.000209641859991302,-0.000372642535782967,-0.000499688251616979,-0.000481709420122556,-0.000324242844819349,-0.000117695471557642,8.56438937760308e-05,0.000226228781453025,0.000431488008633522,0.000552999055190693,0.000487448025001067,0.000279425606894612,7.52392529563807e-05,-7.64160259507801e-05,-0.000253427929200705,-0.000486991617711931,-0.000591360048728509,-0.000478559575731003,-0.000232199784478746,-3.96163525594377e-05,6.85689445643011e-05
0.000114900709663029,-9.85327130977973e-05,-0.000164095058959913,-0.000128648170389867,-0.000233851209575777,-0.000369551228755425,-0.000307059875908807,-7.42279134624286e-05,0.000147778253367307,0.000182909130144368,0.000189362112974004,0.000297217133702697,0.000398584322452991,0.000294193120269435,3.16130395083304e-05,-0.000183925056396134,-0.000207145460808615,-0.000258950258305619,-0.00035703238528498,-0.000409569448373466,-0.000267946445793083,8.91522921200757e-06,0.000204123837305216,0.000244284447635054,0.000333001435032639,0.000409274682198274,0.000401981723308585,0.000231285398805989,-4.3272748703147e-05,-0.000206448820500579,-0.000291838756854454,-0.000406541080386738,-0.000450380994169968,-0.000378466010460199,-0.000187635612406418,6.8098015525177e-05,0.000203684296854711,0.000346724092382018,0.000474965742326211,0.00047812020385912,0.000344454771568944,0.000141286063409765,-8.0308402967725e-05,-0.000213885997192966,-0.000404681634261976,-0.00053353078126933,-0.000490861262226182,-0.00030252129563483,-9.60793317705399e-05,7.83587165478378e-05,0.00023610638578232,0.000461668047934803,0.000578795730616249,0.000488807183789722,0.000256574193639466,5.62755289004584e-05,-6.605420596649e-05,-0.00026760294065881,-0.000512948269237368,-0.000607649630366317,-0.000472736363306218,-0.000210370000429914,-2.5007282761081e-05,6.75282377920765e-05
9.68212177754502e-05,-0.000126537050510817,-0.000179258948870743,-0.00016420714552557,-0.000270109808512236,-0.000388961689415257,-0.000306138901184753,-5.50301411112476e-05,0.000168473915171792,0.000197227981519839,0.000230312391242533,0.00033271396327902,0.000407814641067761,0.000285546388144217,1.33813929409146e-05,-0.00019564115383773,-0.000228043691217197,-0.000302831382409533,-0.000389420296602972,-0.000408094205575027,-0.000252897634595455,2.41230684936518e-05,0.000205782643208442,0.000270572546139898,0.000377136604399114,0.000436544781130106,0.000391238659498326,0.000211609123195813,-5.35815022708254e-05,-0.000200800507731651,-0.00032180064817621,-0.000448205373943221,-0.000470984882190307,-0.000362375477268384,-0.000165380647443115,7.20039240280632e-05,0.000204592757263471,0.000378272174575252,0.000511611276143534,0.000491108109050008,0.00032445987508457,0.000118639327907352,-7.67754677160941e-05,-0.000220931447874646,-0.000435471962882275,-0.000562925668184208,-0.000495897691674528,-0.000280416673008174,-7.5143021202083e-05,6.70834073148676e-05,0.000248195025716546,0.000489318845486167,0.000599219655263185,0.000486216019054991,0.000234433670114654,3.89266595313022e-05,-6.09792968114846e-05,-0.000283176964804102,-0.000535201858589879,-0.000617993787106485,-0.000463441581886039,-0.000190363621904158,-1.27890555032316e-05,7.16387669195906e-05
7.82283781642315e-05,-0.00015030324979712,-0.000190556716243863,-0.000203025199630884,-0.000306732033824489,-0.000402490230192415,-0.000300735390356669,-3.6354614443707e-05,0.00018398081104892,0.000214768532396204,0.00027315495171871,0.000367233743740781,0.000410773108830821,0.000272988460972377,-3.28689354964358e-06,-0.000201531963425157,-0.000251543783343821,-0.0003470954172161,-0.000419638373071066,-0.000400940428094887,-0.000234771065022236,3.68122990411968e-05,0.000201344066017599,0.00029856384661759,0.000420102990187805,0.000460680870257501,0.000378009612698688,0.000189872822953507,-6.05911725659089e-05,-0.000198205130484648,-0.000352352749650578,-0.00048721479669339,-0.000487783883870312,-0.000344507012957459,-0.000142178271070254,7.20793331218409e-05,0.000208530643411726,0.000409164171143292,0.000544282582357161,0.000499952398591129,0.000303580102812326,9.61567264376675e-05,-6.91859230784072e-05,-0.000230547665571295,-0.000464321906121625,-0.000587284931362085,-0.000496798260204369,-0.000258472037277362,-5.53896252886613e-05,5.78670994461915e-05,0.000262142271940136,0.000513804424488858,0.000613873847690082,0.000479826796096432,0.000213560150102141,2.36008089869755e-05,-6.12225717656747e-05,-0.00029971278977544,-0.000553223221694827,-0.000622209996899416,-0.00045097721093141,-0.00017269971163326,-5.45348376663717e-06,8.07335785427011e-05
5.96150503474206e-05,-0.000169292637052241,-0.000204574442377752,-0.000244323923331995,-0.000342946138549431,-0.000409861371616106,-0.000291057745064015,-1.87039964628469e-05,0.000193931018284246,0.000235194900248419,0.000317021737581305,0.000400063847875814,0.000407580774092189,0.000256881803127949,-1.79282259968118e-05,-0.000201431126574675,-0.000277163490219885,-0.000390840455316278,-0.000447080412272453,-0.000390820488073216,-0.000214045420472876,4.66051670116741e-05,0.000195169285631575,0.000327661821880636,0.000461024146231754,0.000481222248293504,0.000362646722403001,0.000166625744303549,-6.40502198942151e-05,-0.000198798538242487,-0.000382826681389798,-0.000522775604944204,-0.000500488512869001,-0.000325292117537593,-0.000118598611052492,6.82294504488705e-05,0.000215339217233546,0.000438709284141586,0.000572320038528769,0.000504546475591144,0.000282328235988956,7.43789422912272e-05,-5.80426354594951e-05,-0.000242439428533686,-0.000490571693692942,-0.000606125581497992,-0.000493636753598977,-0.000237236686540658,-3.72844121434616e-05,5.40615513400699e-05,0.00027754859381172,0.000534548425233031,0.000622481563638534,0.000469876572547319,0.000194489987295103,1.20724927275153e-05,-6.67021074921105e-05,-0.000316747953290201,-0.000566567320234605,-0.000620243005024056,-0.000435714056997148,-0.000157852055990951,-4.33787261249873e-06,9.45415222421455e-05
4.14810097044301e-05,-0.000183062131359954,-0.000221692984560848,-0.000287269947548769,-0.000377999026599416,-0.000410931212491259,-0.000277405191747539,-2.5627080644935e-06,0.000198070163274009,0.000258096811773969,0.00036102070201099,0.000430537965255448,0.000400771610229379,0.000237661807602402,-3.01215424030849e-05,-0.000195346008098051,-0.000304362282257312,-0.000433173197508613,-0.000471209841502587,-0.000378272490731003,-0.000191249591601642,5.31877143894666e-05,0.000192263977154029,0.000357233807699567,0.000499064865810042,0.000497794210298594,0.000345522245784081,0.000142441657058893,-6.37874560331781e-05,-0.000202499221020218,-0.000412544159023237,-0.000554165175889252,-0.000508904783264616,-0.00030520340864936,-9.52098726688893e-05,6.04500871879714e-05,0.000224788015182089,0.000466235210356912,0.000595160275416245,0.000504880929732296,0.000261235449874586,5.38196967303205e-05,-5.00742708066555e-05,-0.000256254705674715,-0.000513608401696988,-0.000619079467204601,-0.0004865780666607,-0.000217252938628468,-2.19589716001606e-05,5.56739417649214e-05,0.000293977679521244,0.000551047462646918,0.000624891694806846,0.000456680415100427,0.000177726676092706,6.5996049410043e-06,-7.72258164634427e-05,-0.000333806549661229,-0.000574883864968058,-0.000612165449298489,-0.000418082007707016,-0.000146237321515861,-7.60249872074927e-06,0.000112694384128039
2.43204496388872e-05,-0.000191274443619956,-0.000241578848234603,-0.000330992134521379,-0.000411172135457996,-0.00040756664952425,-0.000260159697694719,1.16153552075927e-05,0.000196263556554285,0.000282997899611657,0.000404254177255708,0.000458049749601718,0.000391306942032514,0.000215825818990994,-3.94991705931051e-05,-0.000188834628939029,-0.000332552804790636,-0.000473228106304887,-0.000491570111820655,-0.00036360247711998,-0.000166949798869725,5.6318298566667e-05,0.000192632817949043,0.000386624886978215,0.00053344863174002,0.000510115111993152,0.000327059019783223,0.000117905163351885,-5.97173469798433e-05,-0.000209148330264634,-0.000440832130458677,-0.000580747049326838,-0.000512937139904556,-0.000284743365394911,-7.25649738572494e-05,4.97246213003627e-05,0.000236581235180818,0.000491103377648073,0.000612347795538678,0.000501042286427504,0.000240838544476791,3.52015916653699e-05,-4.7632139777888e-05,-0.000271593887448405,-0.000532880082006437,-0.000625900684314834,-0.000475873034048941,-0.000199042930135361,-1.22608634270592e-05,6.25969058383065e-05,0.000310967644718288,0.000562883017277385,0.000621081504366698,0.00044062289474293,0.000163728370750798,7.3352249366858e-06,-9.24968377230623e-05,-0.00035041137377945,-0.000577925972050904,-0.000598175784525275,-0.000398559018038115,-0.00013820439887441,-8.45607266064957e-06,0.000134736062892857
8.60962783541779e-06,-0.000193705986665724,-0.000263826029071864,-0.000374599686636721,-0.000441796607398303,-0.000401390397985049,-0.000239776433763509,2.34182500052537e-05,0.000188769776672233,0.0003093657978646,0.000445837685462894,0.000482065318921832,0.00037942052467797,0.00019192101151912,-4.57563293199843e-05,-0.000185691632067614,-0.000361114267094101,-0.000510185155040452,-0.000507793605575248,-0.000347175294654148,-0.000141736028712891,5.58344838079094e-05,0.000196193677428915,0.000415172454974605,0.0005634738421872,0.00051800128314893,0.000307720369021524,9.3597922310064e-05,-5.18433597086753e-05,-0.000218514427171684,-0.000467037978506293,-0.000601984151571632,-0.000512589145072633,-0.000264432241785878,-5.12111492092823e-05,4.31046174711952e-05,0.000250365685220665,0.000512723605196188,0.000623544307145895,0.000493209597160915,0.00022166690524565,2.14688759431804e-05,-5.06979620096412e-05,-0.00028802015374567,-0.00054790869696899,-0.000626470395325888,-0.000461851356022528,-0.000183095745282164,-8.63742737318422e-06,7.46120569774515e-05,0.000328042855941062,0.000569731583469257,0.000611156648019655,0.000422148073774507,0.000152896321675239,1.15053167937641e-05,-0.000112121148139843,-0.000366096106864883,-0.00057555664564619,-0.000578593559723519,-0.000377659097505446,-0.000134025193839538,-6.31602970633992e-06,0.000160133568159112
-5.20539196376209e-06,-0.000190252713243027,-0.000287964711235743,-0.000417200898427577,-0.000469267193492575,-0.000392559306250623,-0.000216772410880001,3.24868019813685e-05,0.000182004892118755,0.000336623737902686,0.000484918484593578,0.000502133947547106,0.000365411762778043,0.000166531393943446,-4.86594103229202e-05,-0.000185915734258149,-0.000389405831834432,-0.000543286989099608,-0.000519608492824415,-0.000329405850303933,-0.000116208091984604,5.16581277923069e-05,0.000202786040030984,0.000442221140666894,0.000588528466659899,0.000521369701641484,0.000287998941858964,7.00851103652616e-05,-4.18036283502914e-05,-0.000230299960700335,-0.000490544446906041,-0.000617449921343618,-0.00050796192876639,-0.000244795433844575,-3.36952802009952e-05,4.21143435876409e-05,0.000265740094650114,0.00053056785309251,0.000628535577879279,0.000481648970242917,0.000204229502188517,1.36006805651059e-05,-5.91377144569075e-05,-0.000305070724245598,-0.000558301560550825,-0.000620798961768588,-0.000444912800412756,-0.000169855181546346,-1.11949897904679e-05,9.13958732855162e-05,0.000344726080335349,0.000571372835123198,0.000595348487740633,0.00040174823092691,0.000145564508362836,1.28338742749907e-05,-0.000135617208465866,-0.000380417246804169,-0.000567752926592517,-0.000553852158347515,-0.00035591958796683,-0.000133887093527019,-1.28235772001046e-06,0.000188289503819375
-1.67202415808133e-05,-0.000181599383901977,-0.000313471257379329,-0.000457921709774372,-0.000493054478774101,-0.000381301221843675,-0.00019171392169006,3.85241479640608e-05,0.00017871019375094,0.000364163261722703,0.000520693453837046,0.000517896806434096,0.000349638659435181,0.000140263990692198,-4.80532463686646e-05,-0.000189423030733523,-0.000416780983645774,-0.000571854800320188,-0.000526843391484064,-0.000310749074103353,-9.09616288562676e-05,4.37985264279958e-05,0.000212175867925192,0.000467137748396225,0.000608102820146882,0.000520238390829407,0.00026840473708895,4.9139037797034e-05,-3.66162957292529e-05,-0.000244149309896336,-0.000510783949938902,-0.000626837102441787,-0.000499250460622167,-0.000226350598998958,-2.17640703914932e-05,4.67086368956929e-05,0.000282265557478824,0.000544182744711956,0.000627235665753682,0.000466706187495692,0.000189002236259584,1.17956129540494e-05,-7.2705657907601e-05,-0.000322268716130935,-0.000563761018003565,-0.000609025350015661,-0.000425516900234251,-0.000159708446231274,-1.60508487714434e-05,0.000112527800842562,0.00036055066613222,0.000567695611590237,0.000574008763427674,0.00037995159808106,0.000141990722974796,1.11086961086671e-05,-0.000162427415138895,-0.000392965492816006,-0.00055460759720403,-0.000524489165802245,-0.000333888035874178,-0.000137887299314317,6.47051555534716e-06,0.000218502261511397
-2.55827326085012e-05,-0.000174664096014602,-0.000339779664606297,-0.000495924041527144,-0.000512715405484738,-0.000367909413145096,-0.000165203047105867,4.13038580573614e-05,0.000178882528410425,0.000391357829745581,0.000552425967506268,0.000529093767778717,0.000332509131675834,0.000113734065671508,-4.38656396356952e-05,-0.000196050096176385,-0.000442602221412997,-0.000595302562718945,-0.000529429749055289,-0.00029168882965097,-6.7158726836165e-05,3.47221651087435e-05,0.000224062199751857,0.000489325880522533,0.00062180018359363,0.000514724553957122,0.000249452604252743,3.3389823108008e-05,-3.71527341625435e-05,-0.000259658188752253,-0.000527251937665026,-0.000629964018081485,-0.000486737749860276,-0.000209594833655903,-1.57043321354937e-05,5.67256359210222e-05,0.000299476850773189,0.000553200570264296,0.000619688441454733,0.000448797594564595,0.000176415936414571,1.61148191928782e-05,-9.105073267737e-05,-0.000339135320261325,-0.000564092133254106,-0.000591413829525652,-0.000404171398945115,-0.000152976058737909,-1.77996375927016e-05,0.000137500378853607,0.000375072457686923,0.000558701573093144,0.000547601744208612,0.000357309402922343,0.000142349326879154,6.42744190762644e-06,-0.000191931090650003,-0.000403376306405803,-0.000536328385314604,-0.000491134578964435,-0.000312108970759125,-0.000146029254851943,1.66983195333411e-05,0.000247875877680049
-3.15022255757643e-05,-0.00017130801642111,-0.000366294168534105,-0.000530423423615352,-0.00052790179998117,-0.000352735351390534,-0.000137863520255279,4.0676439257083e-05,0.000182434756233355,0.000417577018273316,0.000579461575384239,0.000535567814732804,0.000314470442702438,8.77248321067728e-05,-3.61103080788209e-05,-0.000205558975012914,-0.000466255728675965,-0.000613149325649998,-0.000527401915487415,-0.000272726034342873,-4.78856977186173e-05,3.10571733326866e-05,0.000238085316172717,0.000508239906758511,0.000629345045024726,0.000505040510288615,0.000231649514534918,2.32462071399588e-05,-4.33397969767867e-05,-0.000276384180288271,-0.000539519006978489,-0.000626778195805797,-0.000470787125757168,-0.00019499221611678,-1.56823637160372e-05,7.18913314913245e-05,0.000316894351075542,0.000557348511557347,0.000606066374104166,0.000428399490395038,0.000166845297452164,2.14309282599279e-05,-0.000113725166172472,-0.000355201999126069,-0.000559208195724292,-0.000568348040486559,-0.000381419722176677,-0.00014990320720728,-1.64244264235185e-05,0.000165731148673222,0.000387881154846325,0.000544506425530625,0.000516694034918034,0.000334382525791658,0.000146725865724156,-1.03714692166392e-06,-0.000222035283910336,-0.000411339390003973,-0.000513234665288345,-0.000454497118028187,-0.000291110979471593,-0.000157523638749484,2.90942309962444e-05,0.000274578146240711
-3.4257585749525e-05,-0.000171524760943971,-0.000392402698996375,-0.000560705535235503,-0.000538366734091197,-0.000336180024974167,-0.000110330992064846,3.6574052353286e-05,0.000189199007991007,0.000442201164593991,0.000601241824840763,0.000537266524945344,0.000295998541235395,6.52825602268069e-05,-2.8255734207869e-05,-0.000217643915250882,-0.000487165687272454,-0.000625029301930674,-0.000520894928553512,-0.000254366272044623,-3.38861958151739e-05,3.31962673138832e-05,0.000253836266879779,0.000523397957098494,0.000630588786605293,0.000491487546546411,0.000215481906554263,1.89632426002489e-05,-5.49868365850825e-05,-0.00029385814076497,-0.000547241474346877,-0.000617357268699837,-0.000451832793325883,-0.000182962014547479,-2.15727642555552e-05,9.18264857439632e-05,0.000334036258221228,0.00055645586570944,0.000586666611332396,0.000406036273832241,0.000160599028660524,2.3526877506815e-05,-0.000140195087708311,-0.000370022410148668,-0.000549133905268207,-0.000540322564018992,-0.000357827774682154,-0.000150652776037677,-1.20214962062334e-05,0.000195861144653285,0.000398610840073796,0.000525338667514197,0.000481942263087976,0.000311728085086639,0.000155113686745956,-1.10421825547872e-05,-0.000250064896193149,-0.000416606850192032,-0.00048575170869066,-0.000415349019377017,-0.000271394497407764,-0.000165388985678119,4.32966656237542e-05,0.00029798982321829
-3.37035246778134e-05,-0.000175222533201198,-0.000417490884074887,-0.000586141302514334,-0.000543968600734326,-0.000318683993557637,-8.51148487617723e-05,2.90133149026253e-05,0.000198932009510813,0.000464635797014302,0.000617315473303632,0.000534242157287305,0.000277586281313898,4.77196542698774e-05,-2.61839816546816e-05,-0.000231939672998858,-0.000504807904295281,-0.000630699535567888,-0.000510140083962955,-0.000237107194175346,-2.54988442180651e-05,4.10371480834429e-05,0.000270867522313879,0.000534393635043366,0.000625512697685983,0.00047444784322161,0.000201403410492483,2.06753875389883e-05,-7.17907926565956e-05,-0.000311596194730708,-0.000550170158313382,-0.000601907137009364,-0.000430368896362051,-0.000173867846222156,-2.72560957207472e-05,0.000116055751792862,0.000350430829597022,0.000550459088478989,0.000561904442436079,0.00038226763154543,0.000157911456995899,2.24187113353957e-05,-0.000169605140127598,-0.00038318376479944,-0.000534006144346256,-0.000507932181307027,-0.000333970374549911,-0.00015530022380372,-4.76305129148805e-06,0.000224710350384916,0.000406949416492517,0.000501535866844578,0.00044407891661688,0.00028988626561849,0.000166131683163216,-2.32812606993507e-05,-0.00027536024621837,-0.000418999843474264,-0.000454402669984631,-0.000374509759960926,-0.000253419409698197,-0.000167800471267253,5.88986296391302e-05,0.000317554234843617
-2.97751636512783e-05,-0.000182227541674675,-0.00044095628392269,-0.000606200229397163,-0.000544672835518566,-0.000300716420097575,-6.43286129120025e-05,2.26380226373692e-05,0.000211322003363129,0.000484325063244955,0.000627348391011999,0.000526649081324999,0.000259731137140163,3.54517447425745e-05,-2.99838801256635e-05,-0.00024803117884864,-0.000518722435806617,-0.000630044985474199,-0.000495458411581456,-0.00022142601142363,-2.29473742326327e-05,5.43594817980835e-05,0.000288704488110187,0.000540906174127986,0.000614228251203674,0.000454374677452792,0.000189823247636071,2.78955326393646e-05,-9.33436458309828e-05,-0.000329112029204004,-0.000548157157920004,-0.000580757432925836,-0.000406937351969655,-0.000168008053751417,-2.96325501505512e-05,0.000143996325981292,0.000365628327965566,0.000539404525103012,0.00053230428933025,0.00035767507142864,0.000158935796293755,1.82026451864728e-05,-0.000198768696760848,-0.000394317347446433,-0.000514072299332778,-0.000471859057097293,-0.000310417642930598,-0.000163830449407593,5.10779113673165e-06,0.000251401353150071,0.000412646725915966,0.00047353852818636,0.000403896641129502,0.000269367696037688,0.000172696710591949,-3.73926178129218e-05,-0.000297325310066537,-0.000418413616987821,-0.000419798583424255,-0.000332827875613356,-0.000237594758891843,-0.000164779498634344,7.54582330722679e-05,0.00033279026069546
-2.2568268457019e-05,-0.000192289317845455,-0.000462222528275313,-0.00062046167488383,-0.000540551268344426,-0.000282763343937518,-4.84570779887809e-05,2.22287861052209e-05,0.000225996634955407,0.000500765385467138,0.000631130659614134,0.000514738962082689,0.000242922721019966,2.87868208620116e-05,-3.95230905510114e-05,-0.000265464326240748,-0.000528524910486454,-0.000623080916854983,-0.000477252225046092,-0.000207767378262489,-2.63350488589775e-05,7.28305383930583e-05,0.000306857600835115,0.000542708793577495,0.000596974639467528,0.000431781141440485,0.000181095587821343,3.38678446384107e-05,-0.000119142059466001,-0.000345929188134732,-0.000541160456352834,-0.000554354388977757,-0.000382114746495189,-0.000165607537028121,-2.87179969266996e-05,0.000172953414643951,0.000379212393382115,0.000523448747019012,0.000498488422716689,0.000332848117790264,0.000163739256474695,1.10517907702986e-05,-0.000226360071214692,-0.000403107938193513,-0.00048968614678587,-0.000432858126886305,-0.000287721665529382,-0.000174097082151405,1.72837100421446e-05,0.000275309794150963,0.000415521147319443,0.000441881666979164,0.000362231338067208,0.000250641666543514,0.000173700491838283,-5.29686124127744e-05,-0.000315427946919399,-0.000414820934987419,-0.00038262538183132,-0.000291163277828674,-0.000224269541891395,-0.00015646189423088,9.25100293960367e-05,0.000343303759280171
-1.78419593134477e-05,-0.00020508789443738,-0.000480753047768394,-0.000628623833354694,-0.000531779141887072,-0.000265315298220101,-3.78858267679178e-05,2.77454637528652e-05,0.000242533143019615,0.000513517741294445,0.000628581046576897,0.000498853842351397,0.000227630405189679,2.79178071897107e-05,-5.45509094645884e-05,-0.000283757616506003,-0.000533916283416911,-0.000609952549579009,-0.000455994953928267,-0.000196531963890188,-3.46380974742732e-05,9.60131870930273e-05,0.000324834710592088,0.000539675047491366,0.000574113624072389,0.000407227646964431,0.000175510126615124,3.64363425827524e-05,-0.00014736237614776,-0.000361593069790148,-0.000529246226376087,-0.000523251265914081,-0.000356498601388584,-0.000166811247382401,-2.46096213474692e-05,0.00020092337889629,0.00039081056407013,0.000502856465488762,0.000461163649241094,0.000308370489944596,0.000172300125419267,1.21104353639145e-06,-0.000251737707547336,-0.000409301910181335,-0.000461301374572417,-0.000391741004860587,-0.000266403733769028,-0.000179271837312241,3.14014178351026e-05,0.000295862683242714,0.000415464512336621,0.000407184256176804,0.000319944429091284,0.000234125456447027,0.000169190589575111,-6.95663748621008e-05,-0.000329212733883222,-0.000408272615510692,-0.00034363023537129,-0.000250369237566488,-0.000213725043486858,-0.000143093899160184,0.000109576827140099,0.000348797166113779
-1.91523671169286e-05,-0.000220242536492452,-0.000496064289263013,-0.000630510376570603,-0.000518629748917837,-0.000248854898808814,-3.28926868500282e-05,3.90248494271827e-05,0.000260469321704104,0.000522218612804433,0.000619748771755334,0.000479417297627819,0.000214291346707896,3.29175560904722e-05,-7.47044685192268e-05,-0.000302414376634097,-0.000534690783454107,-0.000590931971565352,-0.000432219504462349,-0.000188065988743364,-4.08201841426262e-05,0.000122791716723696,0.000342153451288183,0.000531783005360812,0.000546121812172717,0.000381308511765051,0.000173284116608878,3.56181664303219e-05,-0.000175211098364816,-0.000375682337353101,-0.000512588764469269,-0.000488096547980414,-0.000330693329955433,-0.000171679512568011,-1.74825469652869e-05,0.000227259216560173,0.000400103691785123,0.0004779960467222,0.000421106258357503,0.000284806583954015,0.000181533434389672,-1.10097336150515e-05,-0.000274298526849901,-0.000412713803539818,-0.000429462860365317,-0.000349358760484997,-0.000246942457710374,-0.000178788769348245,4.70512202244986e-05,0.000312551829007115,0.000412445214394596,0.000370136760014067,0.000277904668501498,0.000220175004499525,0.000159329908288564,-8.67195347409387e-05,-0.000338311332172398,-0.000398897263097854,-0.000303606296591578,-0.000211274548804283,-0.000206080177575049,-0.00012502556111585,0.00012618208512666,0.000349077347593949
-2.64279267951528e-05,-0.000237321311712184,-0.000507737186650808,-0.000626074061643277,-0.000501467284001091,-0.000233845373275278,-3.36405794514353e-05,5.57852845633933e-05,0.000279315318157666,0.000526589353851689,0.000604812527339418,0.000456923880474753,0.000203299207052666,4.20510962589255e-05,-9.93437173416808e-05,-0.000320935253651061,-0.000530741856473554,-0.000566412383757835,-0.000406505425935556,-0.000182651984490341,-4.34951744699755e-05,0.0001500130152148,0.000358353299938796,0.000519117149179058,0.000513580526372069,0.000354637942327414,0.000174556054749422,3.1513050985168e-05,-0.000202007745344346,-0.000387819467638448,-0.00049146803289317,-0.000449620160949326,-0.000305296209996473,-0.000180185319675242,-7.58461068531548e-06,0.000251339272715298,0.000406834023895663,0.00044933270641904,0.000379145554234981,0.000262688567504464,0.000185222349283656,-2.52440566866489e-05,-0.000293491989164558,-0.000413231214587383,-0.000394795880314027,-0.000306583934799502,-0.000229763020434055,-0.000172722779766514,6.37876591160919e-05,0.00032494596393404,0.000406509396027035,0.000331486948142288,0.000236969797004961,0.00020907696614306,0.000144391722334189,-0.000103949454362088,-0.000342451887444329,-0.000385475125547612,-0.000263375960731147,-0.000174666079660706,-0.000195747636471252,-0.000102702072967073,0.000141862014523954,0.000344060929299865
-3.94739278608274e-05,-0.00025585246587292,-0.00051542765230709,-0.000615397516937666,-0.000480737672070643,-0.000220718092246311,-4.01731892151614e-05,7.76284630849376e-05,0.000298565866248345,0.000526443718010046,0.000584076771241769,0.000431927107650483,0.000194993842589548,4.83578347784967e-05,-0.00012545311594967,-0.000338830683596899,-0.000522065950351064,-0.000536899800345837,-0.000379465184468821,-0.000180501007879325,-4.26826895375099e-05,0.000176754949531238,0.000373007035134468,0.000501867922714136,0.000477163486841869,0.000327835737949981,0.000179381189934065,2.4299815499291e-05,-0.000227123267713402,-0.000397680184002346,-0.000466264842242547,-0.000408618010148938,-0.000280883694253379,-0.000188131604622236,4.77057194671195e-06,0.000272581671142057,0.000410811756472952,0.000417419513949421,0.000336146327503356,0.00024250438139265,0.000183169002345095,-4.10784878672078e-05,-0.000308833142693749,-0.000410817879328574,-0.000357993474316068,-0.000264292204152057,-0.000215227860819353,-0.000161265133584243,8.1140878393615e-05,0.000332701214151062,0.000397065271118861,0.000292024442984276,0.000197968680607324,0.000200689492479629,0.00012475365632386,-0.000120777560146658,-0.000341466168896343,-0.000366308620686027,-0.000223773666040523,-0.000141272627603271,-0.000179477703306732,-7.66532229987059e-05,0.000156177377970531,0.000333777356689537
-5.79773759352357e-05,-0.000275336231347,-0.00051887564969321,-0.000598692455750826,-0.000456957433347907,-0.000209861255634709,-4.98702457162319e-05,0.000102172677880299,0.000317712900134225,0.00052169318126203,0.000557965189163323,0.000405026214911096,0.000189652216885287,5.10474442614076e-05,-0.000151637869810859,-0.000355633035775915,-0.000508764034876353,-0.000503002382291005,-0.000351729863170037,-0.000181746505635036,-3.84862870450134e-05,0.000202392745794921,0.000385731320005563,0.000480328920423857,0.000437622570866326,0.000301513045244587,0.000187700919406609,1.42309950298358e-05,-0.000249955354502003,-0.000405001546632365,-0.000437453759417305,-0.000365935171138312,-0.000257998370382358,-0.000190268733187285,1.92120742277393e-05,0.000290458022514713,0.000411919899356195,0.000382886385452932,0.000292990643516369,0.000224686916184528,0.000175476939339515,-5.80634144119014e-05,-0.000319914414144103,-0.000405267202211975,-0.000319802322138038,-0.000223344123610062,-0.000203628924203975,-0.00014471823751363,9.86288088263678e-05,0.000335570057696383,0.000381821561532726,0.000252564278032188,0.000161683872469944,0.000188689419599332,0.000100888153122137,-0.000136737692467089,-0.000335294606312657,-0.000341797998098029,-0.000185628257198684,-0.000111750017874297,-0.000157575642080774,-4.74810536885281e-05,0.000168724712374348,0.000318369531588657
-8.04512639913745e-05,-0.000295257324037818,-0.00051791296633501,-0.000576295003546806,-0.000430701332451102,-0.000201609897682946,-5.62031799746896e-05,0.000127319531657623,0.00033625853134845,0.000512350833717396,0.000527011985890362,0.000376851929390794,0.00018748053295617,5.01434286734946e-05,-0.000177288707389639,-0.000370908141481192,-0.00049104079999478,-0.000465417632755449,-0.000323934618729013,-0.000186439989919359,-3.10898053629736e-05,0.000226315274706484,0.000396196156661537,0.000454891756493229,0.000395771955810978,0.000276258488193316,0.000194117676201214,1.62575529840689e-06,-0.000269942557829251,-0.000409588505855294,-0.000405593877575535,-0.000322448093902678,-0.000237136864710432,-0.000186591927165045,3.53214462128389e-05,0.00030450608672386,0.000410094862688509,0.000346427250847691,0.000250559266304629,0.00020960450628061,0.00016236648032023,-7.57246773241581e-05,-0.000326415738192403,-0.000394177788310123,-0.000281007028913279,-0.000184566976185687,-0.000194387927164844,-0.000123488036451177,0.000115769439382809,0.000333407961459544,0.000360891013036977,0.000213929326092116,0.000128836135248954,0.000170866811617585,7.33512895583657e-05,-0.000151387956285386,-0.000323988903517333,-0.000312465774978316,-0.000149745316509634,-8.66678446093237e-05,-0.000130464642119609,-1.58460760247094e-05,0.000179146668101258,0.000298091975957395
-0.000104096258231876,-0.000315098299076423,-0.000512468049366072,-0.000548658745993447,-0.000402588835899853,-0.000196236940250484,-5.8803210970924e-05,0.000152486159134708,0.000353727043406423,0.000498532405906822,0.000491850938692774,0.000348052375717945,0.000188608582987953,4.57544631761998e-05,-0.000201797343580897,-0.000384266085127764,-0.000469201569838383,-0.000424917729026592,-0.000296704226508868,-0.000194333220719821,-2.07518377312087e-05,0.000247939326901092,0.00040413298665686,0.000426038706453034,0.000352470985650704,0.000252624987548041,0.000194620633093615,-1.31387277391023e-05,-0.000286577662213105,-0.000411318761111013,-0.000371317633786348,-0.000279046210464837,-0.000218738985837103,-0.000177234198845009,5.2643494806768e-05,0.00031434099591011,0.000403310173772321,0.000308785703232978,0.000209713304364869,0.000197553304650489,0.000144169237290418,-9.35754544580435e-05,-0.000328112693268991,-0.000377127952809481,-0.000242413673447315,-0.000148737719441589,-0.000180799700253576,-9.80744529129064e-05,0.000132092978290574,0.000326177768642982,0.000334718322197974,0.000176933515812167,0.000100069420593886,0.000147555424468709,4.27699736205286e-05,-0.000164321948367894,-0.000307712234003555,-0.000278931763260314,-0.000116889870202116,-6.64981376290902e-05,-9.86773868554455e-05,1.75476470226603e-05,0.000187141212473874,0.000273306542801078
-0.000128288244911778,-0.00033435190614054,-0.000502569054040809,-0.000516345314331306,-0.000373269735947117,-0.000193945697294733,-5.76994374498024e-05,0.000177077880096477,0.00036967649032015,0.000480455060541578,0.000453201909406505,0.000319278064721647,0.000193085623446697,3.8071009253133e-05,-0.000224570204061833,-0.000395370629232241,-0.000443647104937534,-0.000382333518075135,-0.000270639120083293,-0.000199133539871628,-7.79848248415248e-06,0.000266723426999691,0.000409341244873456,0.000394333264228547,0.000308606127862128,0.000231117565038426,0.000189251480799142,-2.96372217695169e-05,-0.000299420021565172,-0.000408909263961152,-0.000335318000614501,-0.000236613425024482,-0.000203178369961513,-0.000162445902433585,7.06980544638328e-05,0.000319665160181914,0.000390364832096987,0.000270739671919843,0.000171276433529945,0.00018734171606992,0.000121320031501561,-0.000111128698729537,-0.000324882869957173,-0.000354478685502068,-0.000204832767639102,-0.000116567023431104,-0.000161517798778651,-6.90597995412238e-05,0.000147153648424551,0.000313951592860317,0.000303855159671252,0.000142364088728807,7.59378031490248e-05,0.00011920449627555,9.82773210559195e-06,-0.000175179092767983,-0.000286736993117426,-0.000241899758342468,-8.77698456942719e-05,-5.16061867319795e-05,-6.28452805007576e-05,5.19682115038173e-05,0.000192469472575879,0.000244475748354869
-0.00015245736298002,-0.000352533431254099,-0.000488344681242569,-0.000480012694276902,-0.000343409270602442,-0.000194864020139822,-5.30077711248315e-05,0.000200502013888599,0.000383709395411735,0.000458433968459036,0.000411855765545213,0.000291167184349368,0.000200299248036931,2.73593563956371e-05,-0.000245042515712515,-0.000403947012619639,-0.000414865515105732,-0.000338536839892977,-0.000246302214919947,-0.000197945936573106,7.38532017502133e-06,0.000282180836145396,0.000411108860608678,0.00036040878334679,0.000265072360876417,0.000212182324540028,0.000178173559500166,-4.74075460991044e-05,-0.000308106554481626,-0.00040025452948193,-0.000298333989352552,-0.000196009479806744,-0.000190754491189576,-0.000142588306985825,8.89922789968607e-05,0.000320276135203395,0.000371530690864677,0.000233084899091911,0.000136017762568851,0.000172236599802931,9.43466856173618e-05,-0.000127909435073473,-0.000316709938788587,-0.0003267054819073,-0.000169061932049898,-8.86847778344928e-05,-0.000136902906053002,-3.70956002929095e-05,0.000160540656154911,0.000296911316854384,0.000268948041823009,0.000110964532865458,5.68944713856514e-05,8.63698166837408e-05,-2.47505898730632e-05,-0.000183653833537571,-0.000261440135132864,-0.000202142503745659,-6.30206411696383e-05,-3.8596969676478e-05,-2.36855559273655e-05,8.66720268077023e-05,0.000194962024764558,0.000212153852714699
-0.000176023212027752,-0.000369192399816341,-0.000470022748833798,-0.000440401506559282,-0.000313673078853377,-0.000199040235055166,-4.49269125562212e-05,0.000222181819365921,0.000395482289924214,0.000432876646699117,0.00036865782147683,0.000264331391673994,0.00020341761946307,1.39541620003473e-05,-0.000262691921308238,-0.000409615188702302,-0.000383422819340143,-0.000294422127052641,-0.000224206159632287,-0.000190842857444616,2.43658294330848e-05,0.000293891168531102,0.000406844084028113,0.000324955338507994,0.000222754452494737,0.000196197077051797,0.000161667689461019,-6.5962168469968e-05,-0.000312360856749004,-0.000385493891680859,-0.000261135095114222,-0.000158052144035301,-0.000179485724219212,-0.000118125134270804,0.000107032988406416,0.000316072411046244,0.000347200507734773,0.000196617975988858,0.000104636027748019,0.000151578634802724,6.38579402071183e-05,-0.000143466688422375,-0.000303685404437175,-0.000294388182898782,-0.000135868707251658,-6.56273917394838e-05,-0.000107428605139474,-2.88823799763847e-06,0.000171889258879901,0.000275345651556207,0.000230724471472267,8.34183974597161e-05,4.32797448816733e-05,4.97025066419925e-05,-6.02148748595396e-05,-0.000189503461059978,-0.000232296177012717,-0.000160485257255757,-4.17677172218079e-05,-2.21522152361744e-05,1.80134668887713e-05,0.000120920055237359,0.000194523475278712,0.000176975866164641
-0.000198408474721331,-0.000383923352086455,-0.00044792650615535,-0.000398319550624661,-0.000284712330199718,-0.000205323230207317,-3.37324331732025e-05,0.000241570237195894,0.000404709151018131,0.000404275163864059,0.000324490152560799,0.000239342382403983,0.000200487285268656,-1.75053775525737e-06,-0.000277051205794086,-0.00040978572166003,-0.000349951616790256,-0.00025088799103003,-0.000204802689120759,-0.000178018956844299,4.2672085267924e-05,0.000301511559819995,0.000396331608256888,0.000288705386896847,0.00018250849337904,0.000183463603992747,0.00014012535130651,-8.48006007886415e-05,-0.000312000779754678,-0.000364931607458652,-0.000224505039054848,-0.000123500356885966,-0.000162964450422574,-8.96118722224069e-05,0.000124339028856999,0.000307057061134214,0.000317879595143308,0.000162119217833334,7.77453527290982e-05,0.00012575420610428,3.05297354330271e-05,-0.000157384769067268,-0.000286007987927836,-0.000258198638471923,-0.000105973876084516,-4.78272273220776e-05,-7.3672257458563e-05,3.28174402979417e-05,0.000180889653965533,0.000249645051647537,0.000189977479438641,5.96193516409833e-05,3.04662160072134e-05,9.93574099632614e-06,-9.58061674938428e-05,-0.000192554381123202,-0.000199868003192358,-0.000117788313237696,-2.24893596601156e-05,-2.51450486917447e-06,6.14086621814648e-05,0.000153993779112646,0.000191135217027253,0.000139644705619372
-0.000219052633219716,-0.000396375438777568,-0.000422468752053092,-0.000354624940196545,-0.000257149361242701,-0.000206697996067633,-1.97691188529813e-05,0.000258163114098309,0.000409291729523521,0.000373196357786661,0.000280253133309193,0.000216719483248524,0.000191611876667123,-1.93117344160658e-05,-0.000287719985278795,-0.000403646490401417,-0.000315137981271992,-0.000208818328253548,-0.000188472993156424,-0.00015978608741491,6.18078015839441e-05,0.000304785537571838,0.000379783289465479,0.000252418715212511,0.000145144363371495,0.000171033968967338,0.000114039267290839,-0.000103422129517123,-0.000306943926602894,-0.000338991204711416,-0.000189224974892416,-9.30386430547703e-05,-0.000141041183330944,-5.76832054866103e-05,0.000140453263490053,0.00029333909760084,0.000284175112421994,0.000130335742091444,5.58628702099498e-05,9.52596844764385e-05,-4.90983317502916e-06,-0.000169293643815921,-0.000263980628194019,-0.000218886461927084,-7.97879775554841e-05,-3.54798046677085e-05,-3.63026465114064e-05,6.92541834466318e-05,0.000187294726420864,0.000220294410598097,0.000147548834238955,3.75985091014931e-05,1.42902344802226e-05,-3.21303088426318e-05,-0.000130773134612503,-0.000192706673107356,-0.00016479565491872,-7.49288569743678e-05,-5.58834130257829e-06,1.99356671586231e-05,0.00010561957609657,0.000185210546774565,0.000184856291105944,0.000100916767517783
-0.000237425459961101,-0.000405197721877116,-0.000394143866955824,-0.000310208189457553,-0.000231564140752494,-0.000201978634163881,-3.44180516846426e-06,0.000271511532917141,0.000407579815725556,0.000340270179228107,0.000236846570794663,0.000196918632675962,0.000177017501746675,-3.82486258116096e-05,-0.000294374698426929,-0.000391314160972235,-0.000279706948610445,-0.000169063910768209,-0.000175520062473392,-0.000136566021989796,8.12637277088674e-05,0.000303549959156682,0.000357535388299066,0.000216865987852668,0.000111409058018664,0.000153179841046005,8.39926359678871e-05,-0.000121338208815921,-0.000297211126945748,-0.00030820678275658,-0.000156056672393464,-6.72631764077566e-05,-0.000114126157064064,-2.30388510210404e-05,0.000154953906427908,0.000275132480449488,0.000246783230265378,0.000101942666381081,3.93984613450095e-05,6.06915824288168e-05,-4.1696548977513e-05,-0.000178878143801382,-0.000238005147359136,-0.00017726325972528,-5.53733707695032e-05,-2.2904632335404e-05,3.93334532618832e-06,0.000105648959719871,0.000190926299718322,0.000187863610274898,0.000104311281097258,1.76208833878431e-05,-4.94782183353857e-06,-7.5644995879402e-05,-0.00016438819060401,-0.000189936824570124,-0.000127783333527302,-3.2782540130126e-05,8.58369929877373e-06,4.47451834182125e-05,0.000149746730933836,0.000213937965221524,0.000175822326801977,6.15862199856514e-05
-0.000253039971818347,-0.000407897855487033,-0.000363517963277697,-0.000265973709294349,-0.000208481959071751,-0.000191301074415666,1.47950853375265e-05,0.000281233110766752,0.000399593653828488,0.000306176806528241,0.000195151174106107,0.000180323132228407,0.000157047335540326,-5.80547750546999e-05,-0.000296777259641331,-0.000373033205160421,-0.000244407217893517,-0.000132424810365919,-0.000161854077632048,-0.000108880804070509,0.000100530322340301,0.000297740073388822,0.000330041569314858,0.000182812088514535,8.19711996047331e-05,0.000130084517642491,5.06459897297066e-05,-0.000138084211393108,-0.000282926929767079,-0.000273211528425106,-0.000125726021202553,-4.66700102574331e-05,-8.27367409225705e-05,1.35718561191694e-05,0.000167464928848424,0.000252752780228173,0.000206474443393218,7.5510324858652e-05,2.82246614572787e-05,2.27345352250292e-05,-7.9046743623698e-05,-0.000185885788072825,-0.00020857475527181,-0.000134185794588235,-3.26076779474534e-05,-7.08995760614238e-06,4.62260020629932e-05,0.000141239610519269,0.000191679672334425,0.000152996115034765,6.1150191567998e-05,1.10182381171856e-07,-2.68695921692636e-05,-0.000119724833847438,-0.000195962937431356,-0.000184298573121195,-8.95848880215527e-05,7.79482850709566e-06,1.97473941384182e-05,7.13976824427832e-05,0.00019289036800194,0.000239607030806354,0.000164242579752861,2.24683470768102e-05
-0.000265464633199277,-0.000404322244765831,-0.000331217289642522,-0.000222820881059911,-0.000188362234367771,-0.000174923593340785,3.44493244743687e-05,0.000287022022709777,0.000385483094925262,0.000271632252688005,0.000156010151902362,0.000167186159817713,0.000132153587673253,-7.82108013914713e-05,-0.000294781814612242,-0.000349170926102665,-0.000209995072053033,-9.96338782766309e-05,-0.000142778937008329,-7.73410156784315e-05,0.000119110328991344,0.000287392417283833,0.000297863429243024,0.000150999465284326,5.74074092519868e-05,0.000102180686528309,1.47224840891861e-05,-0.000153231069480778,-0.000264318456914616,-0.00023472426275257,-9.76699478679926e-05,-3.16448383447735e-05,-4.74871932174428e-05,5.13661084088594e-05,0.00017766510566345,0.000226611487075591,0.000164077343227972,5.02790010247146e-05,1.59610972550093e-05,-1.78526445850206e-05,-0.000116174234408361,-0.000190133114111965,-0.000176264657654307,-9.05372518669645e-05,-1.19802513045399e-05,1.16652659802042e-05,8.97194927515791e-05,0.000175291105099808,0.000189526329830219,0.000116395844742876,1.89450162860581e-05,-1.45764136168474e-05,-5.10263925206e-05,-0.000163471875428426,-0.00022486258658295,-0.000175921831759018,-5.09880925300493e-05,4.59850872757725e-05,2.95856753738914e-05,9.9324518520923e-05,0.000234169230562077,0.000261723719822641,0.00015039513345493,-1.56176992900058e-05
-0.000274334118016972,-0.000394524651056091,-0.000297914937786886,-0.000181625217400267,-0.00017158911097548,-0.00015322079188423,5.50031209196821e-05,0.000288657133454511,0.000365524621822239,0.000237373020359103,0.000120211711979002,0.000152249497866962,0.000102887287999421,-9.81972088152971e-05,-0.000288339450654504,-0.000320209885063825,-0.000177217963375672,-7.13416919007122e-05,-0.000118632921229936,-4.26322401550077e-05,0.000136530949993604,0.000272645460538341,0.000261658755392526,0.000121547460123789,3.81906747313957e-05,7.00049220919876e-05,-2.3007942144893e-05,-0.000166395741491364,-0.000241711822225379,-0.00019353452566521,-7.0358821733063e-05,-2.15600990057978e-05,-9.07589653445793e-06,8.95450622713916e-05,0.000185296008698113,0.000197208012074892,0.000120460969373055,2.67963735290514e-05,5.72186752405502e-07,-6.02525481940909e-05,-0.000152307238234083,-0.000191510482833813,-0.000141719766059322,-4.72090216915923e-05,6.07881255148042e-06,3.29861898945882e-05,0.00013352962486431,0.000207111044788321,0.000184514765968845,7.88126008925782e-05,-2.14490635969452e-05,-2.61557105034722e-05,-7.69086112100489e-05,-0.000205992442601125,-0.000250519055268566,-0.000165009719739059,-1.27980478981467e-05,8.10246430060031e-05,4.46853634010599e-05,0.00012791706594255,0.000272738987697943,0.000279878797196611,0.000134620373402825,-5.18663689809984e-05
-0.000279358889094396,-0.000378687491395173,-0.00026431664885147,-0.000143220252738519,-0.000158193922210585,-0.000126675106514011,7.59259291351496e-05,0.000286008383520425,0.000340115769776075,0.000204140174061323,8.84727762400979e-05,0.000132052840925576,6.98860361661687e-05,-0.000117507096547674,-0.000277500758623494,-0.000286737897303222,-0.000146624561367554,-4.81032846224262e-05,-8.98691542991705e-05,-5.50002112761597e-06,0.000152355330084515,0.000253737960389473,0.000222167764376928,9.25657517400907e-05,2.46809547002855e-05,3.41870398369954e-05,-6.17452842707979e-05,-0.000177250484289454,-0.000215526241018576,-0.000150486012737644,-4.43509548321586e-05,-9.68892808755558e-06,3.17286252270485e-05,0.000127310859100779,0.00019016850454575,0.000165120325492381,7.65169163497257e-05,5.55931988023976e-06,-1.7645798952958e-05,-0.00010360629153445,-0.000186705056374461,-0.000189984053430541,-0.000105641775858694,-5.08213331058462e-06,2.12078141801686e-05,5.64297654687749e-05,0.000176762256756857,0.000236064084176289,0.000176769391623986,4.10263538685822e-05,-5.92188959175757e-05,-3.72095712957317e-05,-0.000103956639996853,-0.000246415811016603,-0.00027244246085315,-0.000151833766475537,2.41799368347728e-05,0.000112220152279869,6.53800677312562e-05,0.000157963528067168,0.000307809906332374,0.000293755643029363,0.000117312884751452,-8.55030267587721e-05
-0.00028033315548392,-0.000357118350333636,-0.000231145628547331,-0.000108380254507302,-0.000142086539561006,-9.58660528620096e-05,9.6687439521299e-05,0.000279041165796952,0.000309766988879016,0.000172658421822004,6.14242374369889e-05,0.00010696170295901,3.38599883424984e-05,-0.000135658449713317,-0.00026241616588498,-0.000249435808629379,-0.000116439749192362,-3.0366935737515e-05,-5.70413942238424e-05,3.32663502306188e-05,0.00016619307824816,0.00023100504096333,0.00018019761450269,6.43943763084336e-05,1.55738385769602e-05,-4.56260089539458e-06,-0.000100676700367327,-0.00018553071519673,-0.000186265996904485,-0.00010645889758634,-2.02031953925732e-05,5.20442208193021e-06,7.41034887706975e-05,0.000163883537336999,0.00019216706749446,0.000130993047114501,3.31407375201907e-05,-1.29963311333467e-05,-3.83225554676094e-05,-0.000147031560973727,-0.000218673105832845,-0.000185597104679991,-6.87747087161691e-05,3.49910858316463e-05,3.31208898429386e-05,8.14941357386706e-05,0.000218531977973092,0.0002615849630285,0.000166487556009129,3.83072664424168e-06,-9.36101516323349e-05,-5.3776444463785e-05,-0.000132288029920431,-0.000283912450057626,-0.000290230775138244,-0.000136727399881278,5.91576136072179e-05,0.000138962633058669,9.12802455725833e-05,0.000190788115430365,0.000338663394657277,0.00030313594243954,9.89119625492993e-05,-0.000115800732730035
-0.000277140945184466,-0.000330243823300182,-0.000199126795316066,-7.78042122916885e-05,-0.000120882556364865,-6.14574716208611e-05,0.000116770430145722,0.000267818570199136,0.000275091118576813,0.000141743744639209,3.95980676669662e-05,7.74480672936638e-05,-4.4236088844244e-06,-0.000152205719914675,-0.000243334010073837,-0.000209063311831244,-8.65330014904604e-05,-1.84652525952185e-05,-2.07930366766099e-05,7.28508638357313e-05,0.000177709580488703,0.000204872062836602,0.000136605521980781,3.76417626110011e-05,4.14999484145356e-06,-4.54675834780347e-05,-0.000138993875292211,-0.000191041279278893,-0.000154510424720826,-6.2351417082232e-05,1.58039879934528e-06,2.28269493664818e-05,0.000117188472245705,0.000198517484543518,0.00019125246865589,9.55241144762631e-05,-8.78689186767343e-06,-2.85052703840415e-05,-6.10218179897274e-05,-0.000189639973023851,-0.000247577116372179,-0.000178468742173237,-3.18893705856829e-05,7.2204442883012e-05,4.54747982835205e-05,0.000107877256866002,0.000257980659806217,0.000283189875514734,0.000153934749982795,-3.19839698414941e-05,-0.000123942799464266,-7.57892943484115e-05,-0.00016376991249828,-0.000317711429814203,-0.000303577442748583,-0.000120077871890747,9.13808402560884e-05,0.000160739712578168,0.000121885913533443,0.000225683821331816,0.000364667063994607,0.000307903133079504,7.98909573974119e-05,-0.000142096122677253
-0.000269760178669077,-0.000298600839023107,-0.000167907922107501,-5.21014430274803e-05,-9.49673875317758e-05,-2.41830589958607e-05,0.000135683176733903,0.000252501422947316,0.000236790696129649,0.000110543228178852,2.34165482923031e-05,4.40812139138225e-05,-4.41569975111786e-05,-0.00016675042376773,-0.000220596374012996,-0.000166443104171217,-5.75547514117973e-05,-1.02400866883704e-05,1.81558690449574e-05,0.000112428263595512,0.000186633885946419,0.000175846398744401,9.22808407754229e-05,1.28733231660308e-05,-1.02027146553444e-05,-8.77014071695051e-05,-0.000175910144217841,-0.00019366097604159,-0.000120902114102082,-1.90611114855713e-05,2.05592833677178e-05,4.28135001357568e-05,0.00016010390721472,0.000230517000459067,0.000187462568746136,5.94501774953931e-05,-4.84185728024497e-05,-4.06929437012079e-05,-8.52725615680969e-05,-0.00023055620541913,-0.00027285631756676,-0.000168790759910625,4.233536971527e-06,0.000105814914259786,6.3406073994491e-05,0.000137512442149769,0.000294295297256912,0.000300485883046233,0.000139438101481702,-6.56477820181353e-05,-0.000149624936480293,-0.000102833900783016,-0.000197924827513934,-0.000347116623107745,-0.000312276814562415,-0.000102316811716071,0.0001201460281122,0.000177145758682546,0.000156596602575883,0.000261894877213212,0.000385287987552667,0.000308043555374186,6.0745708042393e-05,-0.000163804038681137
-0.00025826462893355,-0.000262825641731202,-0.000135895867037153,-3.17791151292473e-05,-6.4829849770625e-05,1.51695002526038e-05,0.000152971129935487,0.000233346097076758,0.000195643367393403,7.97394365923264e-05,1.31838448608446e-05,7.51639334051496e-06,-8.45092379225676e-05,-0.000178950512063088,-0.000194632753264725,-0.000122443722647361,-3.01233179145736e-05,6.66730208454955e-07,5.90233230847949e-05,0.000151181585951983,0.000192764983510535,0.00014450727943551,4.81264877976783e-05,-9.40069178666804e-06,-2.71955328914256e-05,-0.00013040461100291,-0.000210677007119489,-0.00019334524159994,-8.61335796321943e-05,2.25338807388012e-05,3.63655616179947e-05,6.47344922716387e-05,0.000201969062285981,0.000259250639955466,0.000180911197815557,2.35309115090367e-05,-8.49580199267075e-05,-5.4429216807482e-05,-0.000112597500149521,-0.000268936450607287,-0.000294034710312973,-0.00015682301746916,3.88199707384021e-05,0.000135157865826777,8.66245138911319e-05,0.000170404777616631,0.000326725282063011,0.000313178121662118,0.000123378088651215,-9.64279683390268e-05,-0.000170164703838779,-0.000134388575735086,-0.00023401069768608,-0.000371521356110272,-0.000316227297024178,-8.39096307625987e-05,0.000144815630771174,0.000188587441009016,0.000194723488655325,0.000298646965838918,0.000400103872961867,0.000303645302713144,4.19823352284299e-05,-0.00018043058571986
-0.000242823701073708,-0.000223640664267425,-0.000103716456192502,-1.72319528045799e-05,-3.10526387951329e-05,5.5775450506552e-05,0.00016822758779596,0.000210700121211507,0.000152485709092644,4.99946470559052e-05,5.7121954748933e-06,-3.15184213391225e-05,-0.000124643912903186,-0.000188528292523793,-0.000165951677403455,-7.79614220218358e-05,-4.8115268520084e-06,1.44205396035933e-05,0.000100981490008183,0.000188319385435214,0.000195976325019141,0.000111493918427546,5.04010904975363e-06,-2.87359357749748e-05,-4.64691909750779e-05,-0.000172702686285245,-0.000242599681292151,-0.000190126926695685,-5.09326797485653e-05,6.1593076410614e-05,4.88783157786184e-05,8.9341871516204e-05,0.000241920626646188,0.000284164033761569,0.000171785072731463,-1.14675324748917e-05,-0.000117675770157227,-7.36338669509945e-05,-0.000143736328351664,-0.000303986193392404,-0.000310730324718586,-0.000142886939891866,7.1119322402334e-05,0.000159660450154929,0.000114692953113426,0.000205837453867647,0.000354598484070103,0.000321075451484324,0.000106179466488714,-0.000123645169984288,-0.000185180252445357,-0.000169834694329617,-0.000271253241221971,-0.000390421194369673,-0.00031543216943421,-6.53440312893748e-05,0.000164832330937008,0.000201688363051064,0.000235503447676341,0.000335164004569868,0.000408811910028505,0.000294894819945087,2.41046874957202e-05,-0.000191584322407744
-0.000223700013817975,-0.000181839568721918,-7.20658046807025e-05,-8.73433462670345e-06,5.6992870108623e-06,9.67905656856539e-05,0.000181103116575759,0.000184995663955412,0.000108195805890187,2.19364362998157e-05,-4.64128826055655e-06,-7.2237429425528e-05,-0.000163736822856985,-0.000195276724420692,-0.000135130453364044,-3.39014809487316e-05,1.78654786809677e-05,3.07378014688637e-05,0.000143173886266525,0.000223092277986125,0.000196218493347378,7.74921646749934e-05,-3.61046132107822e-05,-4.4763073017655e-05,-6.81859718717431e-05,-0.000213724397020274,-0.000271051362243255,-0.000184115156575822,-1.60470967149438e-05,9.73310621707858e-05,6.3929789729741e-05,0.00011824270111079,0.00027913089896272,0.000304790841675766,0.000160338709720368,-4.47883903070323e-05,-0.000145924443606049,-9.79584875094825e-05,-0.000178008622788749,-0.000334977001035503,-0.000322662335995483,-0.00012735747657117,0.00010042086893927,0.000178853128339151,0.000147069866012679,0.00024304785182391,0.000377335258924828,0.000324093070359729,8.83007839960422e-05,-0.000146688045454044,-0.000195687612021552,-0.000208469118086228,-0.000308863007682352,-0.000403424803595633,-0.000309998152239066,-4.71179021471018e-05,0.000179731608699164,0.000217946163814264,0.000278114741119579,0.000370684806027327,0.000411235105239292,0.000282071356068724,7.60176279330717e-06,-0.000196985285376698
-0.000201244815650573,-0.000138270770707074,-4.16171064498378e-05,-1.89321217449013e-06,4.46921788059061e-05,0.000137369051686377,0.00019131350392174,0.000156741020164967,6.3674952232949e-05,-3.85578297725182e-06,-1.77715397709433e-05,-0.000113813232811165,-0.000200993292071938,-0.000199063942740147,-0.000102803243017826,8.84066659962652e-06,3.74609755376761e-05,4.94394652096343e-05,0.000184733276127245,0.000254808449738783,0.00019351995818023,4.32199671710309e-05,-7.44761151419668e-05,-5.76924156410027e-05,-9.4409940904143e-05,-0.000252620117748507,-0.000295485893664777,-0.000175492304645294,1.77717866504212e-05,0.00012903370178876,8.4296205011505e-05,0.000150842952020295,0.000312825213176999,0.00032076149552097,0.000146888646544468,-7.57011246169422e-05,-0.000169151983884683,-0.000126944608063367,-0.000214674940180033,-0.000361261965183643,-0.000329655901530177,-0.000110653712619063,0.000126069506191634,0.000192378955933841,0.000183120142432579,0.000281244153619531,0.000394460743367524,0.000322252934216053,7.02228088780676e-05,-0.000165027246766465,-0.000208434052440168,-0.000249518215956968,-0.000346051886596075,-0.000410261974311411,-0.000300131757094863,-2.97271195726388e-05,0.000189152284842928,0.000237048088785792,0.00032169403471921,0.000404479313869442,0.000408749491459561,0.000265539507491657,-7.06455825840435e-06,-0.000196471716383774
-0.000175891317903456,-9.38197962086956e-05,-1.30061032720537e-05,7.86541012659679e-06,8.51385455726262e-05,0.000176681365472103,0.000198646064174334,0.000126510271744831,1.98288678489908e-05,-2.68629832515069e-05,-3.34053456824126e-05,-0.000155394059007136,-0.000235664716050574,-0.00019983591224597,-6.96477264487991e-05,4.93980733046609e-05,5.36057170926747e-05,7.25676741048521e-05,0.000224799895078003,0.000282847803564973,0.000187985908003485,9.41196436130896e-06,-0.000109302183119019,-7.3965398187684e-05,-0.000124863021084959,-0.000288579795718758,-0.000315448583900169,-0.000164509156887732,4.97852616821107e-05,0.000156072794564861,0.000109606765202427,0.000186437634854035,0.000342298107753739,0.000331810748697396,0.000131805104916543,-0.000103517618834036,-0.00018691277011659,-0.000160032619461555,-0.000252952950758748,-0.000382289463218756,-0.000331644633298018,-9.32283587520732e-05,0.000147480416054729,0.000202040101038666,0.000222127916055068,0.000319622441585556,0.000405614962500132,0.000315681864629774,5.2436494582178e-05,-0.000178227508089293,-0.000224226516154835,-0.000292154004428281,-0.000382050101327785,-0.000411504114575216,-0.000286132818965678,-1.36525941476057e-05,0.00019284513746108,0.000258607209147458,0.000365354203525851,0.000435863869570951,0.000403409978941433,0.000245739639746473,-1.94715260529775e-05,-0.000190004512799096
-0.000148146075433408,-4.93908452821617e-05,1.31824422091952e-05,2.03427099156063e-05,0.000126213462859337,0.000213931568812966,0.00020296415544121,9.49313383927116e-05,-2.24511737446251e-05,-4.66372387492452e-05,-5.30826742765862e-05,-0.000196121611364932,-0.000267063998566033,-0.000197617156633229,-3.63706363295305e-05,8.69502982339826e-05,6.70186502387659e-05,0.000100411392809692,0.000262539610689158,0.000306674447365425,0.000179795192756588,-2.31964667142112e-05,-0.000139885898164181,-9.5390905438831e-05,-0.000158885564464104,-0.000320850151732116,-0.00033058494879823,-0.000151478387256227,7.92835603027982e-05,0.000177918877077475,0.000139383479862589,0.000224265179100624,0.000366929080817047,0.000337781874596375,0.000115502547271484,-0.000127607534456616,-0.000198876437412266,-0.000196572914921468,-0.000292034365200394,-0.000397614942014617,-0.000328670673013836,-7.555637293582e-05,0.000164152338432442,0.000214353862149321,0.000263311179083488,0.000357383912360864,0.00041080829371663,0.000304607368197922,3.54306390254567e-05,-0.000185957758291381,-0.000242755292646502,-0.000335511191185274,-0.000416122426746819,-0.000409626571272319,-0.000268386741989628,6.51865316056467e-07,0.000190679316204609,0.000282170717079453,0.000408202767214497,0.000464215054663921,0.000395366426968917,0.000223176852497776,-2.9246402901692e-05,-0.000182292094274594
-0.000118578591107556,-5.88795363287862e-06,3.64269773156076e-05,3.63297429094449e-05,0.000167071797232377,0.000248373846936175,0.000204209811047022,6.26726719281205e-05,-6.23069034325082e-05,-6.28107114537385e-05,-7.79088479841146e-05,-0.000235149165598648,-0.00029457955322574,-0.000192509553982805,-3.69247653358446e-06,0.000120740422322854,8.43972055179899e-05,0.000132366484317814,0.000297161631415409,0.000325847265969979,0.000169195456602356,-5.38853520012477e-05,-0.000165619956829954,-0.000121577417661935,-0.00019574890936487,-0.000348750748913428,-0.00034064720744112,-0.000136766504558943,0.000105601652538318,0.000194151822541448,0.000173050211816828,0.000263524657980605,0.000386195578595115,0.00033862869460155,9.8429188175519e-05,-0.000147412554224718,-0.000207807702989612,-0.000235839019299326,-0.000331102285066161,-0.000406932922845857,-0.000320882390455529,-5.81229883176595e-05,0.000175679147684941,0.000229613273106517,0.000305837893609204,0.000393751869088535,0.00041245029435448,0.000289351379940449,1.96796164908281e-05,-0.000187999025011776,-0.000263638499487247,-0.000378705267002631,-0.000447583742266446,-0.000404901018530397,-0.000247354959015235,1.27709470003953e-05,0.000182734343213936,0.000307229525335973,0.000449360895491108,0.000488983011474825,0.000384827260360422,0.000198408657180406,-3.60765277169212e-05,-0.000178054203107315
-8.78093622429071e-05,3.58038474910932e-05,5.62798334502624e-05,5.77616879429808e-05,0.000206865979961425,0.000279327842274019,0.000202404433071041,3.04288805808867e-05,-9.89309069188697e-05,-7.67880042891715e-05,-0.000107344498743855,-0.000271659524863905,-0.000317687577441236,-0.000184689235813835,2.76682409797752e-05,0.000150090699379846,0.000106759821088028,0.000167747745111026,0.000327935381261855,0.000340028361990288,0.000156496583330843,-8.19660957964945e-05,-0.000185999067748325,-0.000152029375999465,-0.000234671190997496,-0.000371688581820336,-0.000345498407824605,-0.000120784467858632,0.000128134143974685,0.000204468899724947,0.000209944882674384,0.000303392716319385,0.000399684187952118,0.000334415244008961,8.1055648114187e-05,-0.000162459190097375,-0.000219639970156626,-0.000277042434379534,-0.000369348598980732,-0.000412101474396337,-0.000308529754717643,-4.14113890406522e-05,0.000181759549455422,0.000247512960426447,0.000348843323310379,0.000427988099634532,0.000411174910441202,0.000270321751752766,5.63107794248216e-06,-0.000184250274966973,-0.000286430297126304,-0.000420851055907463,-0.000475813150361151,-0.000397458530595255,-0.000223563481959201,2.23387266541221e-05,0.00017484078919319,0.000333229343376636,0.000487981644657212,0.000509702224733975,0.000372068086082221,0.000172032100123564,-3.97173502306686e-05,-0.000177310083641773
-5.64966244087409e-05,7.48369726602634e-05,7.23761199705783e-05,8.4250284820372e-05,0.000244763949503443,0.00030619248103929,0.000197647541855843,-1.09440387914443e-06,-0.000131583388867967,-9.51691122881073e-05,-0.000140758115295749,-0.000304882446292934,-0.000335962346123183,-0.000174401672118769,5.70108934138832e-05,0.000174416512095355,0.000133696129260968,0.000205803788120471,0.000354206175124486,0.000348989198996559,0.000142062617024225,-0.000106796934656208,-0.000200630164902711,-0.000186156866780552,-0.000274834181529559,-0.000389170869123919,-0.00034511411241797,-0.000103977277763886,0.000146348819134133,0.000212773351824337,0.000249332573951583,0.000343041085608079,0.000408336229959902,0.000325313038549744,6.38630264443828e-05,-0.000172369851642246,-0.000234328885831553,-0.000319348830069847,-0.000405990955003555,-0.000414357752185967,-0.000291957468554884,-2.58904081306993e-05,0.000182204433838245,0.000267677128488914,0.000391447829800934,0.000459408025447258,0.000407032680089583,0.000248002039681251,-6.30552077206493e-06,-0.000175084572616414,-0.000310630434378819,-0.000461081187932015,-0.00050026653513192,-0.000387502320105205,-0.000197590242834753,2.90483495222442e-05,0.000170532763468003,0.000359582993963102,0.000523267771174155,0.000526000520388978,0.000357424747326237,0.000144669472259378,-3.9999430143325e-05,-0.000179993982858622
-2.53220797310126e-05,0.000110418933353633,8.69829808549422e-05,0.000115227180340053,0.000279966876710336,0.000328458004582906,0.000190113621533849,-3.11960836756554e-05,-0.000159607495706666,-0.000118359159931262,-0.000177439763512153,-0.000334111162462127,-0.000349084316706278,-0.000161955067799923,8.36684254716498e-05,0.000193238339299281,0.000164694875686876,0.000245733244112128,0.000375409354131547,0.000352614331404459,0.000126302356831518,-0.000127797522839722,-0.000209268280005353,-0.00022328740242714,-0.000315400792983576,-0.000401400115175644,-0.000339581706030876,-8.68129159287906e-05,0.000159799713744374,0.000224061202379692,0.000290420509909096,0.00038165415819355,0.000414117138482768,0.000311596096637219,4.73307816253396e-05,-0.000176871845190077,-0.000251573600739395,-0.000361895375287893,-0.00044028925524334,-0.000413669925569238,-0.000271596393794203,-1.20027245244015e-05,0.00017694184159944,0.000289667592239909,0.000432775352962161,0.000487394863424927,0.000400149761795751,0.000222939835255158,-1.57695427172336e-05,-0.000167098944614123,-0.000335695297665988,-0.000498564342868033,-0.000520487379138571,-0.000375302610796344,-0.000170051433193788,3.26603578196559e-05,0.000169826088590434,0.00038568365189128,0.000554488543103816,0.000537605971360484,0.000341285012816663,0.000116953851453307,-3.68337075926713e-05,-0.000185958146690675
5.02407771741257e-06,0.000141828823824561,0.000106249686101825,0.000150034271488699,0.000311726290020514,0.00034571595838711,0.000180047146699848,-5.91952324246281e-05,-0.000182442873188386,-0.000145930742957119,-0.000216616397590881,-0.00035871763888102,-0.000356845886425876,-0.000147712235904172,0.000107022456997644,0.000206191483760724,0.000199153940133504,0.000286701928157818,0.000391256135049155,0.000350902659160401,0.000109658856192127,-0.000144462319061329,-0.000217046389716181,-0.000262679557418927,-0.000355532863290049,-0.000410653514712163,-0.000329097471247966,-6.97696841462722e-05,0.000168137458386485,0.000238127810434982,0.000332374535607621,0.000418446225119928,0.000416952235737827,0.000293633645965465,3.19243510478541e-05,-0.000175804490017425,-0.000271004599751245,-0.000403808911263298,-0.000471561040576209,-0.000410083678132098,-0.000247952871796707,-1.53346640739074e-07,0.000166813164418727,0.000312993443947706,0.000471971853546982,0.000511412101857124,0.000390724585915872,0.000195733745294475,-2.2458712748458e-05,-0.000162815222250544,-0.000361050120675299,-0.000532522793028536,-0.000536115569181223,-0.000361189840370761,-0.000141587151571955,3.30094546407589e-05,0.000172650347727094,0.000410918706670121,0.000580995188639747,0.000544351537126134,0.000324078950047801,9.09380254818271e-05,-3.02147931697341e-05,-0.000194977505260461
3.38585082764147e-05,0.000168432291912557,0.000130145493980737,0.000187937899687459,0.00033936022837125,0.000357666936973579,0.000167755918308911,-8.44464627059582e-05,-0.00019963717294832,-0.000177358811646037,-0.000257468428185073,-0.000378170951223958,-0.000359154694736541,-0.000132081149043512,0.00012651747885452,0.000213248779638176,0.00023639239213259,0.000327860598245426,0.00040385277955757,0.00034396619986392,9.25980828711433e-05,-0.000156372464999317,-0.000227753822778827,-0.000303538139259493,-0.00039440885387827,-0.000417034418634113,-0.000313960242206701,-5.33242444371783e-05,0.000171117800281136,0.000254678156057005,0.000374336283791224,0.000452677633751955,0.000416805080433396,0.000271880754788205,1.80832128276853e-05,-0.000169123597238733,-0.00029219162386909,-0.000444224171883727,-0.000499195372182609,-0.000403720666721102,-0.000221596566090837,9.30094243043941e-06,0.000158825803508714,0.000337122032548622,0.000508223337706089,0.000531014114222091,0.000379022714787957,0.000167019391140153,-2.61373053762274e-05,-0.000162244642344063,-0.00038610207659676,-0.000562248868727489,-0.000546894015789153,-0.000345546357608466,-0.000113561616282755,3.00095307273006e-05,0.000178851813528447,0.000434683934145505,0.00060223464972947,0.000546177355545784,0.00030626821290633,6.92052700115072e-05,-2.28258040048355e-05,-0.000206756148582711
6.05201025415286e-05,0.000189694677544342,0.000158227796605886,0.000228144578604303,0.000362268069317254,0.000364125932982694,0.000153602876703572,-0.000106354678064773,-0.000210855266528623,-0.000212030992191925,-0.000299147187767442,-0.000393925301404377,-0.000356034417991306,-0.000115504401557526,0.000141673813335773,0.000220469567365882,0.000275664333753773,0.000368362930111749,0.000413724804811056,0.000332026473081879,7.55970969684442e-05,-0.000163205782297758,-0.000241173839667847,-0.000345030680583874,-0.000431241365419233,-0.000420423763700821,-0.000294564209482592,-3.79397296810408e-05,0.00016860780548238,0.000273349745934641,0.000415441162208501,0.000483670126698634,0.000413717213123151,0.00024686740156055,6.20961846357083e-06,-0.000158313095364211,-0.000314653223931269,-0.000482302026763637,-0.000522665125681164,-0.000394775146992556,-0.000193147064645036,1.60610131690953e-05,0.000154662850711376,0.000361491064035176,0.000540773104216653,0.000545854704966525,0.000365370038697941,0.000137702514004748,-2.66427719236525e-05,-0.000165310670876762,-0.000410253956104565,-0.000587119992348135,-0.000552672960844047,-0.000328796814022763,-8.91075892979199e-05,2.36568206179265e-05,0.000188198310567743,0.000456397652120187,0.000617761344577885,0.000543130658264422,0.000288334500630957,5.22738477412836e-05,-2.11188173929224e-05,-0.000220935428050174
8.43850410209614e-05,0.000205192041074152,0.000189959642509393,0.000269817913946777,0.000381006598559337,0.000365025191687956,0.000137996595448686,-0.000124388873870812,-0.000216464680871265,-0.000249259880619343,-0.0003407929160625,-0.000407174115804642,-0.000347623056464544,-9.84478279856811e-05,0.000152099072317483,0.000230561576474616,0.000316174335373718,0.000407383412164611,0.000420671827208744,0.000315408519825893,5.91317964802757e-05,-0.000164745032702234,-0.000257017422982143,-0.000386305287676288,-0.000465292914706824,-0.000420780827668048,-0.000271389240110154,-2.40537848048441e-05,0.000160589980046583,0.000293720692950855,0.000454836605635271,0.000510820685808893,0.000407806634799828,0.00021918592690102,-3.3418666162332e-06,-0.000150434201192505,-0.000337867660106861,-0.000517247256388189,-0.000541537369651506,-0.000383508808613133,-0.000163281986378159,1.98934629122035e-05,0.000154329434389444,0.000385521548920302,0.000568937843153454,0.000555693418135279,0.000350144473534577,0.000110967628617631,-2.38906374115881e-05,-0.000171852115058402,-0.000432918118217813,-0.000606611956839658,-0.000553411899557315,-0.000311397481856682,-6.90037810837604e-05,1.76778357073961e-05,0.000200385880115312,0.000475514532883306,0.000627246685071061,0.000535363333834636,0.000270767465505046,4.0551946008617e-05,-2.53692544833167e-05,-0.000237103479240794
0.000104881195582559,0.000214619848995806,0.00022472033381331,0.000312096349259378,0.000397449187761042,0.000360414527077877,0.00012138069055287,-0.000138094670367822,-0.000223097180361302,-0.000288297036559243,-0.000381552835891752,-0.000417637948643274,-0.00033416867163479,-8.13884817252506e-05,0.000157497841710155,0.000243313656244738,0.000357093829336295,0.000444134377824987,0.000424570310193409,0.000294532529526991,4.36646604554959e-05,-0.000160883868652142,-0.0002749297822016,-0.000426507711009788,-0.00049589129838272,-0.000418143589848176,-0.00024498937202811,-1.20672836722146e-05,0.000149364903563755,0.000315319231483475,0.000491700122070101,0.000533613623996375,0.000399264398374786,0.000189477254248314,-1.02736968147299e-05,-0.000146504932842101,-0.000361284888136631,-0.000548325474969621,-0.00055548161817248,-0.000370243948684025,-0.000134739382588561,2.06371316630629e-05,0.000157741320561292,0.00040863130095096,0.000592122238380351,0.000560399489812513,0.000333766361859535,8.8085862966597e-05,-1.78807269330206e-05,-0.000181628183309182,-0.000453530392643724,-0.000620310161481329,-0.000549179096149953,-0.000293824756255211,-5.3726615073303e-05,1.76871306237963e-05,0.000215047074723985,0.000491538750947292,0.000630486142958262,0.000523127214690777,0.000254052360733948,3.43417492186976e-05,-3.54408216922267e-05,-0.000254805929081392
0.000121501543409131,0.000218916887616426,0.000261817931839854,0.000354111356095002,0.000411319630504878,0.000350459138506156,0.000104222458615903,-0.000147105198691919,-0.000232553965506565,-0.000328348335584493,-0.000420598982256322,-0.000425111247458962,-0.000316023048151659,-6.48026644969603e-05,0.000157679061580023,0.000258443111383275,0.000397578394758106,0.000477882344883899,0.00042537591936565,0.000269903776611915,2.96329271419445e-05,-0.000151630564086816,-0.000294497566614459,-0.000464799686590368,-0.000522443309860021,-0.000412627159749757,-0.000215979846921858,-2.33393638106065e-06,0.000141691165244383,0.000337634535852492,0.000525256793744867,0.000551630699688377,0.00038834940896078,0.000159652805690507,-1.4353323474837e-05,-0.000146522623358866,-0.000384339359002739,-0.000574878835587322,-0.000564275795283124,-0.000355355151587651,-0.000109513618299136,1.82078941374194e-05,0.000164728236876918,0.000430248676187655,0.000609831757445495,0.000559953378272681,0.000316687810242821,6.95929954588244e-05,-1.35467136080067e-05,-0.000194325357205949,-0.000471563610235031,-0.000627918561024098,-0.000540148725932957,-0.000276563119460889,-4.36552339098674e-05,2.36985798962073e-05,0.000231760673560864,0.00050403615635602,0.000627403710944797,0.000506767214096745,0.000238657727188103,3.3832045021671e-05,-5.10773831484489e-05,-0.000273557524303217
0.000133816299025117,0.000224933074822062,0.000300503479249274,0.000395005776163743,0.000422333074483329,0.000335435009919332,8.70009170838987e-05,-0.000151150359928095,-0.000244629449767246,-0.000368590731708939,-0.000457145628479446,-0.000429466631983145,-0.000293633035070699,-4.91537161552476e-05,0.000152561505711924,0.000275602097085048,0.000436785633082863,0.000507963097573726,0.000423123863975055,0.000242100631908341,1.74370955002726e-05,-0.000140275974153475,-0.000315258622107652,-0.000500376819110499,-0.00054444659431891,-0.000404420319117846,-0.000185607287873773,4.84897407074703e-06,0.000138095764142606,0.000360128595405085,0.000554795854672106,0.000564559049372944,0.000375381563856393,0.00013254205304436,-1.54196160512223e-05,-0.000150393650404992,-0.000406463337665818,-0.000596340177258592,-0.000567809800088002,-0.000339259679068252,-8.8190096279898e-05,1.27262989949906e-05,0.000175039158804732,0.000449826233155548,0.000621683350622325,0.000554445859320025,0.000299381221337065,5.59374857759369e-05,-1.53198527101304e-05,-0.000209565898237776,-0.000486540444256325,-0.000629266132930996,-0.000526595728699385,-0.000260092858118108,-3.9062421845688e-05,3.5544317058674e-05,0.000250062577381187,0.000512645184025708,0.000618053660545717,0.000486712486010147,0.000225023417158492,3.90932148268444e-05,-7.19091804733789e-05,-0.00029285439778085
0.000141483543300656,0.000233739091136522,0.000339986473570607,0.000433951583988427,0.000430279791636209,0.00031572167933876,7.01944121408996e-05,-0.000150064026048812,-0.000259047531899848,-0.000408189469156035,-0.000490465403919291,-0.000430657027763736,-0.000267529835608548,-3.48801583497695e-05,0.000142176823266943,0.000294385559632596,0.000473893044745897,0.000533795142079178,0.000417927196616477,0.000211934465779735,7.43130998455122e-06,-0.0001329196005982,-0.000336712789740994,-0.00053248577896967,-0.00056149946357374,-0.000393780268715208,-0.000157105577417988,9.24849705682353e-06,0.000138566632566595,0.000382248873190811,0.000579685985317678,0.000572196782891773,0.00036073340254324,0.000108808855718963,-1.3387564508563e-05,-0.000157936992597865,-0.000427100432123905,-0.000612245306079877,-0.000566086614729137,-0.000322406805122883,-7.12779276170551e-05,1.01510883022319e-05,0.000188349416341218,0.000466853994754843,0.000627413825111372,0.000544074728040188,0.000282327298625361,4.74698866103971e-05,-2.3124533360654e-05,-0.000226917775395566,-0.000498045258648554,-0.000624310720341889,-0.000508888508314363,-0.000244877831443723,-4.01077513172335e-05,5.29367067554264e-05,0.000269457616046636,0.000517086236017805,0.000602619556422256,0.000463465823487814,0.000213549247251469,4.89162437756688e-05,-9.60379978830656e-05,-0.00031218667618186
0.000144257707747029,0.000245135350152594,0.000379451257408768,0.000470167037024214,0.000435029348359063,0.000291793152008469,5.42685526940294e-05,-0.000143788863362221,-0.000275467824419914,-0.000446315728224913,-0.000519904163717751,-0.000428715930571119,-0.00023832135079413,-2.23844867265022e-05,0.000130978964169676,0.000314340641215015,0.00050811559624127,0.000554891220304374,0.000409973023077054,0.000182544827659619,-8.61458398429209e-08,-0.000129771594688326,-0.000358333666445773,-0.000560440507019527,-0.000573308473405987,-0.000381025713706876,-0.000131425660795275,1.07023647463732e-05,0.000142999136544779,0.000403441454896234,0.000599388991263269,0.000574456138099276,0.000344820472335218,8.90134218300907e-05,-8.67330137816576e-06,-0.000168889762322779,-0.000445719017197979,-0.00062224314181353,-0.00055922095170755,-0.00030526635547675,-5.91980258376734e-05,1.37304074989836e-05,0.000204269438872234,0.000480871998860618,0.000626885709851919,0.000529139200648756,0.000266002815009848,4.4434286499401e-05,-3.67608153907594e-05,-0.0002459057682671,-0.000505734679555417,-0.000613140164442083,-0.000487479660036526,-0.000231353587719416,-4.6833118963661e-05,7.47602146465235e-05,0.000289431981806506,0.000517169306349612,0.00058141054571229,0.000437591548749536,0.000204584557909035,5.62302664888901e-05,-0.000120922914795989,-0.000331051125101827
0.000141996304646729,0.000258852361115503,0.000418074328269729,0.00050293285006501,0.000436532823125325,0.00026420678372866,3.96643821435456e-05,-0.000132428625136401,-0.000293493556158885,-0.000482164294392779,-0.000544894209539334,-0.000423755713506331,-0.000208554620042494,-1.20228522078081e-05,0.000124051971571646,0.000334977335129018,0.000538722518730803,0.000570867527092032,0.000399517913333675,0.00015540012784756,-4.88076141257993e-06,-0.000130808836252654,-0.000379581121720955,-0.000583637074235875,-0.000579693615700192,-0.000366528460773477,-0.000109168516089244,9.12362753192581e-06,0.000151199894268792,0.000423164381152603,0.00061347156638824,0.000571364145479538,0.00032809064576495,7.36385496650312e-05,-7.90515760827187e-06,-0.000182914567698621,-0.000461825236695253,-0.000626103506445963,-0.000547435491047405,-0.000288316730538978,-5.22730123400913e-05,2.33562166470624e-05,0.000222354918922567,0.000491481838498506,0.00062009047991991,0.000510032160174794,0.000250868442222396,4.6961986597198e-05,-5.56615412316477e-05,-0.000266023474323914,-0.000509346633394022,-0.000595970697905876,-0.00046289494939962,-0.000219916118680014,-5.72764224831341e-05,9.80213966844681e-05,0.000309465988447195,0.00051279965613747,0.000554854999295318,0.000409702179665929,0.000198418936968587,5.97983994739183e-05,-0.000145974857478057,-0.000348963529316568
0.000134664406656403,0.000274557003285818,0.000455041854650965,0.000531606882151462,0.000434823004779003,0.000234653344583745,2.67871731021941e-05,-0.000121623847088813,-0.000312680919088893,-0.000514970844712844,-0.0005649655800048,-0.000415964029137339,-0.000180445376396369,-4.09588311851148e-06,0.000121463266675786,0.000355780065886401,0.000565052853535084,0.000581451637323593,0.000386880622675472,0.00013113116073008,-6.78808981553319e-06,-0.000135914043253506,-0.000399914278434253,-0.000601566871218799,-0.000580591030697683,-0.000350703735169887,-9.08694006616483e-05,5.39890847461984e-06,0.000162892584065425,0.000440900849504171,0.000621614881381161,0.000563060808120689,0.000311012650622576,6.30781889283712e-05,-1.33220741427922e-05,-0.00019960851577963,-0.000474975275608712,-0.000623722381340063,-0.000531054810360804,-0.000272032702848968,-5.07191698742449e-05,3.87736694311449e-05,0.000242118144474446,0.000498356913571295,0.000607149065949785,0.000487230436263378,0.000237356937110741,5.50675665274722e-05,-7.68760803214997e-05,-0.000286745930008878,-0.00050870762777534,-0.000573142629759146,-0.000435720803508938,-0.000210911527264751,-6.45343303763713e-05,0.000121968363362127,0.000329046851222101,0.000503981389733032,0.000523491638730989,0.000380444182426884,0.000195274337986498,5.9627428122045e-05,-0.000170603253588138,-0.000365470513180926
0.000122606804525245,0.00029186039900826,0.000489567117792005,0.000555637096195527,0.000430012618467696,0.000206090730148661,1.59961205927942e-05,-0.000115236571070056,-0.000332549642762115,-0.000544028475839735,-0.000579755179953191,-0.00040559840429495,-0.000154643064023513,1.15912724982381e-06,0.000123176781350259,0.000376219805017955,0.000586530595319974,0.000586486975516283,0.000372433557785954,0.000110315405786944,-5.71832591421293e-06,-0.000144879871557872,-0.000418804653003986,-0.00061382783720825,-0.00057605319928184,-0.000333999456051027,-7.69852772320685e-05,6.47053263012599e-06,0.000177725588524945,0.000456171973919706,0.000623621784419846,0.000549794856803097,0.000294064092113469,5.76278343695756e-05,-2.47831205215702e-05,-0.000218513632573609,-0.000484786608366515,-0.000615124513568259,-0.000510497160829636,-0.000256873285985754,-5.46406372889007e-05,5.75692153056921e-05,0.000263040224290567,0.000501251143556097,0.000588309632188019,0.000461283351402263,0.000225861973082736,6.58620041039706e-05,-9.9257238960491e-05,-0.000307542542759597,-0.000503738089921886,-0.000545113410087897,-0.000406590606594152,-0.000204626863107824,-6.79243221184753e-05,0.000146038410774773,0.000347681182984287,0.00049081882884935,0.000487958336543082,0.000350483138391676,0.000195298791889136,5.58119397518643e-05,-0.000194216057356067,-0.000380160520865501
0.000112311037771001,0.000310327347190776,0.000520907534923201,0.00057457252307578,0.000422290635186978,0.000179253432065349,7.59518393254191e-06,-0.000113316165780519,-0.000352594549477045,-0.000568703112607895,-0.000589013565834332,-0.000392979167574558,-0.000131756687179387,3.57439701014796e-06,0.000129060387023512,0.000395767628485304,0.000602677088098803,0.000585935000960899,0.000356593031495978,9.34635530028639e-05,-3.20342819624477e-06,-0.000157415017167055,-0.000435749144668947,-0.000620133479509278,-0.000566246630409818,-0.000316884732855197,-6.78838331921871e-05,1.37427475762442e-05,0.000195281280571921,0.000468548796962292,0.000619421451644076,0.000531917192681342,0.000277719259230366,5.74769793567869e-05,-4.07866487983699e-05,-0.000239128444456413,-0.000490947950502525,-0.000600463308677507,-0.000486264288380991,-0.000243269970495615,-6.40259907005555e-05,7.79674285758933e-05,0.000284583911680988,0.000500005924041419,0.000563942665400894,0.000432799802462161,0.00021672789026022,7.29659384925618e-05,-0.000122280442118427,-0.000327890025302274,-0.00049445562021955,-0.00051244821925189,-0.000376170115870715,-0.000201282353268867,-6.74600765982933e-05,0.000169654950090598,0.00036490691071158,0.000473515631181552,0.00044897882741521,0.000320488662736572,0.000198561873591138,4.8530782333141e-05,-0.000216233654239286,-0.000392673678376489
0.000106573595829731,0.000329486812798252,0.000548381053110695,0.00058807220065262,0.000411916831238618,0.000154770675072148,1.82529993336317e-06,-0.000115812199774472,-0.000372297818735781,-0.000588447458440298,-0.000592609256289409,-0.000378480888562955,-0.000112340750108896,3.05592389836466e-06,0.000138891034743112,0.000413907384889935,0.00061312165179207,0.000579874910702571,0.000339808480383971,8.10073600949051e-05,-6.14411751728645e-06,-0.000173152161482808,-0.000450282564218287,-0.000620319480968608,-0.000551447113359979,-0.00029983786361401,-6.38343509990316e-05,2.64571173921687e-05,0.000215086721252046,0.000477663265239287,0.00060907137949004,0.000509872179972034,0.000262437011457399,6.27038130776799e-05,-5.88135417305616e-05,-0.000260920440574108,-0.000493227668994615,-0.00058001800527705,-0.000458929540890083,-0.000231615613452081,-7.48859716686597e-05,9.94913652563195e-05,0.000306206720557217,0.000494555148587541,0.000534533474643123,0.000402434176762344,0.000210240616552016,7.60770574948639e-05,-0.000145395453179276,-0.000347285026094019,-0.000480976064854707,-0.000475808279423213,-0.000345142330540784,-0.000201025223255847,-6.32446282237266e-05,0.000192241017730561,0.00038030433185011,0.000452371650532374,0.000407347612636211,0.000291119416041345,0.000204761802380987,3.80415932973061e-05,-0.000236102629540481,-0.000402709983017205
0.000105429432370189,0.00034884302019879,0.000571380648524266,0.000595911332024999,0.0003992147719001,0.000133230105747858,-1.14173400272996e-06,-0.000122577012231038,-0.000391141671230927,-0.000602813178880673,-0.00059053049133205,-0.000362522620996001,-9.68824482015301e-05,1.95556857068265e-06,0.000152360882003406,0.000430148425222586,0.000617610033230476,0.000568500818962052,0.000322550909696894,7.32891247224655e-05,-1.51113680268326e-05,-0.000191657559275496,-0.000461989401967713,-0.000614347744431087,-0.000532032657174407,-0.000283334127380325,-6.50006482993602e-05,4.17763450745239e-05,0.000236625508407115,0.000483217900728656,0.000592756667879705,0.000484186997108522,0.000248649040914398,7.32597566424349e-05,-7.84039069877603e-05,-0.000283339117853719,-0.000491480440203414,-0.000554188185193925,-0.000429124538204184,-0.000222254253353288,-8.17215141895489e-05,0.00012162745446105,0.000327374023093081,0.000484928160311459,0.000500672257589151,0.000370871425470342,0.00020661998457728,7.52175590456764e-05,-0.000168039249882377,-0.000365256158401791,-0.000463512360369794,-0.000435937135203878,-0.000314192156945022,-0.00020392526627656,-5.54666088365099e-05,0.000213232958866059,0.000393506051654825,0.000427777586615867,0.000363913378809871,0.000263008544690986,0.000207460936717785,2.46735631554462e-05,-0.000253308756428739,-0.000408613517326212
0.000108811941989885,0.000367887852766422,0.000589387959645164,0.000597984907363597,0.000384562649506556,0.00011516365437972,-1.20771872498705e-06,-0.00013337021508826,-0.00040862100814447,-0.000611460998540008,-0.000582884496740766,-0.000345557310112261,-8.5789217317469e-05,6.7722806003243e-06,0.00016908549906124,0.000444037921543305,0.000616010423629533,0.000552116492569777,0.000305300847924886,7.0553021062506e-05,-2.74416374283131e-05,-0.000212442033152026,-0.000470514550039331,-0.000602307777823757,-0.000508474289390182,-0.00026783366833931,-7.14362621080473e-05,5.90455609392437e-05,0.000259350491084388,0.000484993928909481,0.000570786601425324,0.000455459295988457,0.000236748796016395,8.39201188391701e-05,-9.90905375581749e-05,-0.00030582929842288,-0.000485651983237904,-0.000523485730242444,-0.00039752471143039,-0.00021547210029961,-8.44363091020731e-05,0.000143837502253614,0.000347571820392071,0.000471250544296331,0.000463041941521627,0.000338811633365435,0.000206013636754563,7.05005493577437e-05,-0.00018964935470764,-0.000381375146483402,-0.000442371153561235,-0.000393645193720221,-0.000283991213798807,-0.000209274525136683,-4.43945459750275e-05,0.00023209396535074,0.000403490643776561,0.000400207523183687,0.000319561283583117,0.000236749873482599,0.000204043577357967,8.81892510395853e-06,-0.000267390253802936,-0.000408252748908091
0.00011655589717997,0.000386113416653756,0.000601985027290278,0.000594309155257461,0.000368383563638564,0.000101034809929891,-1.71907535178772e-06,-0.000147865924585066,-0.000424256125487341,-0.000614168457103352,-0.000569894185340607,-0.000328059348306087,-7.93789329840808e-05,1.58806642473145e-05,0.000188613780912303,0.00045517241115148,0.000608316902576177,0.000531127774755963,0.000288536104523687,7.29385105410443e-05,-4.2049618126399e-05,-0.000234973108036969,-0.000475572716395793,-0.000584415380484214,-0.000481324931791365,-0.000253769765829861,-8.29150239779735e-05,7.78527013797203e-05,0.000282697046433193,0.000482857658471731,0.000543588593952957,0.000424343454333389,0.000227081336953321,9.03844397419309e-05,-0.000120370583879881,-0.000327844405369467,-0.000475781739241437,-0.000488524391656362,-0.000364834040344976,-0.000211489923752441,-8.30628169544954e-05,0.000165571418156202,0.00036631888758541,0.000453742720299625,0.00042240405501964,0.000306954431908326,0.000208492673582106,6.21260381309667e-05,-0.000209677309537936,-0.000395019066428007,-0.000417947250646448,-0.000349792851995743,-0.000255183115833065,-0.000210187363750727,-3.03693684551811e-05,0.000248327150308308,0.000407530517971682,0.000370209477078857,0.000275194435495844,0.000212885089567616,0.000194618166824176,-9.07799146832088e-06,-0.000277949294823319,-0.000401605686217386
