0.00927903308524491,0.0850913558647905,0.141286859614156,0.165159843796016,0.15161404177838,0.104289599629151,0.0345940021998678,-0.0411018402797732,-0.105398166056287,-0.143965801948702,-0.148824213309728,-0.120032245726473,-0.0654280704602041,0.00146318962271824,0.0647955064566189,0.110193690060769,0.128052083808293,0.115577983649992,0.0771511656007873,0.0229898484817607,-0.0334882043521741,-0.0789353123704746,-0.103186355065064,-0.101499693207323,-0.0754456361286614,-0.0322938055565081,0.0168987307664636,0.0600086748684375,0.0867239642069084,0.0909158974344782,0.0719833644843368,0.0348938699698567,-0.0110577579940649,-0.054471407518553,-0.0845343691780778,-0.0935775710064347,-0.0789197973682959,-0.0435773185185889,0.00433892270198399,0.0534280436744975,0.0916223348056666,0.109047138148365,0.100460487950007,0.0666866736883261,0.0146674481219382,-0.0439385420689943,-0.0953397744812805,-0.126819468203608,-0.129832016756657,-0.102242584333535,-0.0491302947482024,0.0181088442299758,0.0842234096894321,0.133605687405806,0.154019381873906,0.139652982249662,0.0927257837910552,0.0232042363001265,-0.0533601220531772,-0.119395681628168,-0.159445334043906,-0.163877199613403,-0.13126017668593,-0.0688028548408543
0.0103907510659564,0.0850469862141518,0.140035107895594,0.162923351999922,0.148847591911973,0.101583747103942,0.0325452157107135,-0.0420254706971066,-0.104965110478401,-0.142238033901458,-0.146149021724896,-0.116969685710616,-0.0626296278888581,0.00339768755162697,0.0654504171780018,0.109429456108053,0.126035735325794,0.112745537408198,0.0741106860414461,0.0203872208244486,-0.0351105892885057,-0.0792554525766078,-0.10216932340037,-0.0993997766250325,-0.0727442310908804,-0.0295879233719483,0.0190313819870633,0.061137012945812,0.0866544587376624,0.0897272183930662,0.0699982880817501,0.0325966175034246,-0.0131381756958939,-0.0558839409618576,-0.0850061810238025,-0.0930691324829558,-0.0776232626990222,-0.0418602033177843,0.00602983527050509,0.0546784833436142,0.0921506545839563,0.108768749308986,0.0995017076593965,0.0653456431505128,0.0133327509527668,-0.0448906850420238,-0.0956437792376072,-0.126389465590924,-0.128784412027791,-0.100866394465015,-0.0478126161231248,0.0189836192830828,0.0843753397693969,0.132936289981913,0.15264412669585,0.13788028677815,0.0909865613353743,0.0219482184058268,-0.0537766302108018,-0.118803273352485,-0.157912685103101,-0.161706051320591,-0.128923465389293,-0.0668391380674735
0.0114122461062702,0.0846809284963726,0.138300455664923,0.160145676715358,0.145594662070715,0.0985447584088667,0.030380156826649,-0.0428327539067623,-0.104217003379668,-0.140071096007962,-0.143008152501857,-0.113513436131162,-0.0595873143379696,0.00538519675068849,0.0659704437834761,0.108386383107948,0.123669308620196,0.109575064210259,0.0708183598400589,0.0176672925438299,-0.0367028207481193,-0.079421303144542,-0.10092541790883,-0.0970656946630743,-0.0698631778377871,-0.0267996229670688,0.0211357560793225,0.0621444405152053,0.0864150082817038,0.0883761196070139,0.0679119966994587,0.0302951626699191,-0.0151181059028932,-0.0571145849737506,-0.0852635344731044,-0.0923756249077404,-0.0762297719318691,-0.040173564305768,0.0075547193856212,0.0556546613878476,0.092354568374096,0.108191937866967,0.0983467374393469,0.0639681489809921,0.0121447934424248,-0.0455312315874419,-0.0955296767894845,-0.125521773732908,-0.127376349708469,-0.099291816462802,-0.0465114702096167,0.0196194904469636,0.0841074296467365,0.131748899688924,0.150759758719743,0.135715671136167,0.0890584516873235,0.0207504982343011,-0.0538955238008356,-0.117732864306955,-0.15581948101615,-0.159007740447516,-0.12620216538833,-0.0647123364890893
0.0123337198632135,0.0839967551542209,0.136099657289837,0.156853609558336,0.141886608374939,0.0952019203802716,0.0281196961593574,-0.0435158878792113,-0.103161014797314,-0.13748582295485,-0.139431829183319,-0.109696770016885,-0.0563304232592843,0.00740658439665147,0.066350594048653,0.107074538206244,0.120975613602862,0.106097108623018,0.0673058957416601,0.0148562564802486,-0.038249562119362,-0.0794312569183888,-0.099466603793046,-0.0945199133775733,-0.0668302160636935,-0.0239557557263055,0.023191588278943,0.0630212617872959,0.0860079310110669,0.0868756281587509,0.0657445971898675,0.028011682367936,-0.0169784688897147,-0.0581514738845202,-0.0853039334424462,-0.0915037058748883,-0.074752721373123,-0.038533619264662,0.00889891672579742,0.0563472056400743,0.0922321428266061,0.107322290267853,0.0970067329689838,0.0625674925518746,0.0111150558381585,-0.0458539691630431,-0.0949985204808114,-0.124224704882592,-0.12562134890983,-0.0975339737666492,-0.0452393435924794,0.0200103844533009,0.0834223147589906,0.130055006470024,0.148384474364956,0.13318002422753,0.086960064433556,0.0196226562528771,-0.0537156043978498,-0.116194705988733,-0.153185827605593,-0.155808210333769,-0.123122450186624,-0.0624428995614785
0.0131463270428352,0.0830010923936909,0.133453945610057,0.153078883773784,0.137759156871076,0.0915874331877086,0.0257856112904461,-0.0440682770337315,-0.10180729054469,-0.134507089617716,-0.135454481108783,-0.105556443608237,-0.0528903260758474,0.00944238093276223,0.0665872129970843,0.10550656716114,0.117980601925601,0.102345166455566,0.0636071131043371,0.0119811742497084,-0.0397359229125299,-0.0792852158838524,-0.0978069235996313,-0.0917869449403824,-0.0636745551273738,-0.0210837141898786,0.0251790756707261,0.063759033155288,0.0854371537730811,0.0852402045437976,0.0635169729938089,0.0257681766931422,-0.0187013398219795,-0.0589846117737932,-0.085126975656596,-0.0904617557601793,-0.073206315981698,-0.0369561391409524,0.0100495068480237,0.0567494728119172,0.0917845835005636,0.106168208104089,0.095494626798677,0.061157194162247,0.0102534916213696,-0.0458557487899574,-0.0940553842404855,-0.122510712436815,-0.123536277195254,-0.0956097618143495,-0.044008449235787,0.0201525823973118,0.0823266431380261,0.127870971063596,0.145541188694193,0.130297798073379,0.0847116394750926,0.0185755917125153,-0.0532385589018966,-0.114203562977317,-0.150037045794503,-0.152138243289456,-0.119713957370405,-0.0600526618274857
0.0138422594706895,0.0817035549388006,0.13038882599515,0.148857867518804,0.133252058876086,0.0877360999669222,0.0234003767297806,-0.0444845963964262,-0.100168855421316,-0.13116357237547,-0.131114412325748,-0.101132342387747,-0.0493001698358688,0.0114729676668795,0.066678017866094,0.10369757209751,0.114713116671776,0.0983553621303417,0.0597576164920534,0.00906971601761879,-0.0411476019530135,-0.0789845921949381,-0.0959623622366289,-0.0888931117692127,-0.0604265927392543,-0.0182111680740291,0.0270790680600812,0.0643506444860448,0.0847081740240197,0.0834856030261995,0.0612505826296593,0.0235862567220729,-0.0202701217097216,-0.0596059691253623,-0.0847343570304511,-0.0892597976545205,-0.0716054333302638,-0.0354562970319571,0.0109954306613823,0.0568576114618818,0.0910162222337176,0.104740826188136,0.0938250027428265,0.0597508616308417,0.00956843024573099,-0.0455365169484806,-0.0927093153085473,-0.120396272466802,-0.121141189445179,-0.0935376866186786,-0.042830610337624,0.020044753799753,0.0808310094643459,0.12521786561033,0.142257313200343,0.127096771082451,0.0823348509037582,0.0176194162403401,-0.0524689450536599,-0.111778572616087,-0.146403429389209,-0.148033165332735,-0.116009504018413,-0.0575646334598829
0.0144148206095102,0.0801166524394016,0.126933829725472,0.14423121302238,0.128408708085114,0.0836849918907228,0.0209869476275156,-0.0447608430810981,-0.098261488249818,-0.127487473342779,-0.126453432700358,-0.0964670965046346,-0.0455945573340064,0.013478766204354,0.0666221202444734,0.101664965999593,0.111204614601482,0.0941661011245947,0.0557944534263433,0.00614989472892835,-0.0424710245986095,-0.0785322943551276,-0.0939506929808993,-0.0858662929346832,-0.0571176219469703,-0.0153657973973892,0.0288732527689645,0.0647903877863799,0.0838280068640916,0.081628719753387,0.0589672528331846,0.0214869361977132,-0.0216697054299764,-0.0600095603841985,-0.0841298556548512,-0.0879094012764369,-0.0699654809085481,-0.0340485227868662,0.0117275960974161,0.0566705982179048,0.0899344745945709,0.103053904535326,0.0920139546071612,0.058362058250969,0.00906649568566796,-0.044899317491597,-0.0909732484773802,-0.117901726221032,-0.118459135697581,-0.0913376875128048,-0.0417171476570546,0.0196879679227715,0.0789498513911347,0.122121269230311,0.138564490700615,0.123607779722984,0.0798525974798594,0.0167633553899121,-0.0514141489423741,-0.108943062186927,-0.142319954512538,-0.143532506663862,-0.112044770984845,-0.0550027790114284
0.0148584898325361,0.078255668471664,0.123122229109325,0.139243465023203,0.123275723132344,0.0794730918939184,0.0185685393168828,-0.0448943745895608,-0.0961035699250493,-0.123514210160942,-0.121516454780124,-0.091605669314853,-0.0418092128058291,0.0154404278723405,0.0664200351629468,0.0994283053459807,0.107488863624978,0.0898177008163339,0.0517557585682015,0.00324979732690919,-0.0436934726791505,-0.0779326986945201,-0.0917913059604036,-0.0827356552901304,-0.0537795292514745,-0.0125750252989622,0.0305443315623805,0.065074012575842,0.0828051176846831,0.0796874300994626,0.0566889683480845,0.0194904291302672,-0.0228866152703195,-0.0601915016599564,-0.0833192955283678,-0.0864235717720595,-0.0683022481206755,-0.0327463645947206,0.01223896499171,0.0561902469388644,0.0885497678580847,0.101123695326775,0.0900789306426945,0.0570041714175901,0.00875254162706347,-0.0439502635040373,-0.088863882621181,-0.115051085071968,-0.115515939777091,-0.0890309457340116,-0.040678771352664,0.0190856822881688,0.0767013091996491,0.118611020595934,0.134498289934039,0.119864421211395,0.0772887817592361,0.0160156591384575,-0.0500843148618769,-0.105724325281847,-0.137825943440592,-0.138679621119344,-0.107857959083255,-0.0523917864894088
0.0151689758418779,0.0761385133166941,0.118990717098336,0.133942632258828,0.117902499607303,0.0751409204549683,0.0161684047872853,-0.0448839335721317,-0.0937159059384742,-0.119282074337962,-0.116351060309807,-0.0865949230340444,-0.0379806364558044,0.0173390212777081,0.0660736770293164,0.0970091024859415,0.103601618401766,0.085352003262579,0.0476803877196224,0.000397315510720937,-0.0448032059374853,-0.0771916064373202,-0.089505020776693,-0.0795313719281272,-0.0504444867807852,-0.00986575314419912,0.0320761879798169,0.0651987674172857,0.0816493410685595,0.0776804168009872,0.0544376603919048,0.0176159552633076,-0.0239091385903688,-0.060150048018973,-0.082310490379863,-0.0848166244649693,-0.0666317543872918,-0.0315623588709686,0.0125246203661029,0.0554211907534966,0.0868754402220135,0.0989687861536074,0.0880385652456161,0.0556902832205849,0.00862960396341074,-0.0426984793328069,-0.0864015206605732,-0.11187179975269,-0.112339950821071,-0.0866396806657185,-0.0397254783411379,0.0182437085541584,0.0741070501875893,0.114720929925237,0.130097862829085,0.115902730094053,0.0746680800100883,0.0153835222182092,-0.0484922481523478,-0.102153359485848,-0.132964686054503,-0.133521268265218,-0.10348942048984,-0.0497568289837411
0.0153432587078039,0.0737855519363445,0.114579054484796,0.128379726114538,0.112340735803335,0.0707301469918392,0.0138096121904244,-0.0447296588362947,-0.0911215251045763,-0.114831861450042,-0.111007040611719,-0.0814831657373408,-0.0341457512007765,0.0191562161453952,0.0655863424130334,0.0944306195365201,0.0995802771586118,0.0808119735984563,0.0436075451211674,-0.00238012142333727,-0.0457895738423063,-0.0763161868033447,-0.0871138850967469,-0.0762843307001392,-0.0471446415144155,-0.00726410050076131,0.0334540434316842,0.0651634271823583,0.0803717867076686,0.0756269905294464,0.0522349958271616,0.0158815552734634,-0.0247274383570344,-0.059885610009925,-0.0811131681262629,-0.0831040467622579,-0.0649700948090801,-0.0305079096817163,0.012581813482747,0.0543708371686245,0.084927612248437,0.0966099210612685,0.0859124995340862,0.054433044268871,0.00869887108411556,-0.0411560133127627,-0.0836098744734645,-0.108394496087387,-0.108961770087004,-0.0841869356913028,-0.038866456145031,0.0171701561109643,0.0711920595166898,0.110488453194055,0.125405567749231,0.111760831831398,0.0720157051311187,0.0148730150574494,-0.0466532919427882,-0.0982645678767075,-0.127783022547153,-0.128107162168966,-0.0989812689428854,-0.0471233211678402
0.0153796200967326,0.071219408785163,0.109929688056713,0.122608270836583,0.106643936709612,0.0662831905518848,0.0115148244666613,-0.0444330825397986,-0.0883454564624625,-0.110206476805453,-0.105535915309929,-0.0763196841336537,-0.0303415450978392,0.0208744616083816,0.0649626797980521,0.0917176457440482,0.0954635229871799,0.0762412878724798,0.0395764075772333,-0.00505580913986222,-0.0466431167441307,-0.0753149067310751,-0.0846409611885703,-0.0730258356408993,-0.0439118045875625,-0.00479515252462972,0.0346646005234129,0.0649683057598192,0.0789847332203922,0.073546904609263,0.0501021690534471,0.014303917471987,-0.0253336474798804,-0.0594007492747126,-0.079738876704269,-0.0813023485555473,-0.0633332848803454,-0.029593178860854,0.0124099902283536,0.0530492966894926,0.0827250317725839,0.0940698011153563,0.0837211925284803,0.0532445519677514,0.00895967225931788,-0.039337722004761,-0.0805158366140908,-0.104652679757065,-0.105413955678909,-0.0816963557282705,-0.0381099941509765,0.0158753539551794,0.0679843995523987,0.105954331711323,0.120466562333314,0.107478576696899,0.0693571648325411,0.0144890259874777,-0.0445851789787871,-0.0940954272155175,-0.122330891418555,-0.122489491230499,-0.0943769725379722,-0.0445166730583432
0.0152776613528408,0.0684647513022154,0.1050873433467,0.116683789969794,0.100866900951467,0.0618428135648824,0.00930608314532508,-0.0439971136517185,-0.0854144865518817,-0.105450520424272,-0.0999904341008862,-0.071154266690662,-0.0266047129764736,0.0224771571646356,0.0642086465375963,0.0888962604008496,0.0912909530195415,0.0716839142253979,0.0356257489642081,-0.00760402375462006,-0.047355655454605,-0.074197447946463,-0.0821101024998831,-0.0697873042155592,-0.040777143709607,-0.00248271723041935,0.0356961721885583,0.064615254049349,0.0775015108597264,0.0714601656391954,0.0480596986033464,0.01289821766013,-0.0257219440534942,-0.0587001533035694,-0.0782008722014681,-0.0794289025748584,-0.0617371057589905,-0.0288269878804252,0.0120107965778969,0.0514692856412215,0.0802888937664661,0.0913728663964606,0.0814857247406543,0.0521362344175308,0.0094094842396403,-0.0372611270508384,-0.0771492210357435,-0.100682412954939,-0.101730708058215,-0.0791919586062031,-0.037463403142997,0.0143717515963449,0.0645149400148566,0.101162200517199,0.115328369822073,0.103097157475552,0.0667180173705668,0.0142352152463955,-0.0423078599782889,-0.0896861260422689,-0.116660847147807,-0.11672241375016,-0.0897209331030606,-0.0419620434621134
0.0150383092002332,0.0655480541149305,0.10009859583779,0.110663273892242,0.0950651955346841,0.057451712484309,0.00720459832204623,-0.0434260079092944,-0.082356899465812,-0.100609855400747,-0.0944240664481174,-0.0660367217882657,-0.0229713008089536,0.0239488145803633,0.0633314533592029,0.0859935835369454,0.0871026989869074,0.0671836913767938,0.0317935686684445,-0.0100002678613807,-0.0479203684449341,-0.0729746122295752,-0.0795457224822612,-0.0665999633543981,-0.0377708817060963,-0.000349095027556017,0.0365387953460971,0.0641076432210934,0.0759363742051621,0.0693868418080185,0.0461272303737914,0.0116779736585894,-0.0258886068022999,-0.057790589599613,-0.0765139903894054,-0.0775017762576649,-0.0601969516019285,-0.0282167324294871,0.0113880630802667,0.0496460041199172,0.077642636876164,0.0885450614997548,0.0792275960399106,0.0511187410360263,0.0100439560019131,-0.034946246027606,-0.0735424753252003,-0.09652196607109,-0.0979475394037896,-0.0766979025251527,-0.0369329439102686,0.0126737999354534,0.0608170615243327,0.0961581693461761,0.110040423000517,0.0986587145868845,0.0641236271344515,0.0141139811811282,-0.0398433102017558,-0.0850791761995836,-0.110827552240259,-0.110861534161963,-0.085058056281283,-0.0394840955556996
0.0146638089391705,0.0624973461579928,0.0950114246812422,0.104604633488152,0.0892946233567401,0.0531521091644045,0.00523054674930875,-0.0427253246378223,-0.0792022022590785,-0.0957311638864852,-0.0888904842037914,-0.0610163956315063,-0.0194763563299441,0.0252752091022772,0.0623394968823347,0.0830375167166549,0.0829390427427645,0.0627839084049114,0.0281167274612431,-0.0122215047915862,-0.0483318559803715,-0.0716582158487895,-0.0769725579429594,-0.0634945472561642,-0.0349220041372177,0.00158513721285983,0.0371843279448902,0.0634503333604786,0.0743043660232117,0.0673468707124586,0.0443233493557114,0.0106549158858269,-0.0258320502178038,-0.0566808397208625,-0.0746945029267085,-0.0755395567839179,-0.0587276804624365,-0.0277683105420045,0.0105477685023184,0.0475969902328382,0.0748117185669947,0.0856135867642387,0.0769685197084045,0.0502018409321519,0.0108569513854439,-0.0324153989423394,-0.0697303672448306,-0.0922114477999309,-0.0941009300542023,-0.0742382518815171,-0.0365237656547559,0.0107978132328322,0.0569263353639431,0.0909903801449118,0.10465359008608,0.094205932364942,0.0615989223735635,0.0141264389173743,-0.0372153161492681,-0.0803190015811232,-0.104887248611861,-0.104963365060514,-0.0804333165503028,-0.0371067570329098
0.0141577051203661,0.0593419430625796,0.0898747531372376,0.0985661451235985,0.0836106885112537,0.048985346809626,0.00340287989420427,-0.0419018709337998,-0.0759808384420168,-0.0908614950601219,-0.0834430422334902,-0.0561416946581441,-0.0161535893560209,0.0264435184437698,0.0612422807230989,0.0800564763603781,0.0788400303757558,0.0585268897909238,0.0246305942472475,-0.0142463789147417,-0.048586190633089,-0.0702609742383316,-0.0744154292623926,-0.0605009999266373,-0.0322579788592536,0.0033013254360623,0.0376265284186581,0.0626496277575694,0.0726211735638723,0.0653598684864853,0.0426654016393739,0.00983887520236593,-0.0255528390768089,-0.0553816138650342,-0.07275995965247,-0.0735611709991589,-0.0573434702179995,-0.0274860649908318,0.00949798296091484,0.0453419520073308,0.0718233710085213,0.082606637585546,0.0747302146266556,0.0493943299734288,0.01184060918003,-0.0296929922631264,-0.0657496486384169,-0.0877924172837855,-0.0902279754006751,-0.071836743774933,-0.0362398548417476,0.0087618134510024,0.0528801824962008,0.0857085453454091,0.0992196870534635,0.0897816303020044,0.059168157320837,0.0142724116349845,-0.0344492445029313,-0.075451508135933,-0.0988972134855461,-0.0990847802975808,-0.0758913214639786,-0.0348529872200512
0.0135248097951673,0.0561121673039005,0.0847379800679659,0.092605892166824,0.0780680644306374,0.0449914942889981,0.0017391437207836,-0.040963633836396,-0.0727238924082139,-0.0860478095311501,-0.0781342621415836,-0.0514596171311194,-0.0130350451591077,0.0274424481298458,0.0600503258702192,0.0770791220818386,0.0748450885498591,0.0544535896492781,0.0213687070214753,-0.0160554199176854,-0.0486809537442034,-0.0687963780883878,-0.0718989998462123,-0.0576481853737861,-0.029804490279434,0.00478291906463196,0.0378611167462076,0.0617132132391209,0.0709029786321399,0.0634449420363674,0.0411693283715959,0.00923768906988281,-0.0250536822296445,-0.0539054468521449,-0.0707290185271846,-0.0715857020011649,-0.0560576809538356,-0.0273727405334854,0.00824879106331267,0.0429025785561964,0.0687063400098465,0.0795531342741897,0.0725341975407168,0.0487039473982424,0.0129854200488583,-0.026805282602022,-0.0616386999859488,-0.0833074820888498,-0.0863660266997896,-0.0695165575117153,-0.0360839950458339,0.00658535841554073,0.0487175150562488,0.0803634712669722,0.0937909810076664,0.0854283531035418,0.056854680919093,0.0145504344553711,-0.0315717956159123,-0.0705236393531805,-0.0929152051343321,-0.0932824645173596,-0.071475879413978,-0.0327445534957158
0.0127711585556919,0.0528390587071323,0.079650506893203,0.0867812083258392,0.0727200698861429,0.0412089625310274,0.000255311844392063,-0.0399197012278018,-0.0694627877344897,-0.0813365246611164,-0.0730153241629132,-0.0470152985125042,-0.0101507941156114,0.0282623419222252,0.0587750711223341,0.0741340825800765,0.0709926466896344,0.0506031989812539,0.0183624512394782,-0.0176312291487234,-0.0486152575361212,-0.0672785620969663,-0.0694475371867731,-0.0549636083053639,-0.0275851909101391,0.00601563126374555,0.0378858164923393,0.0606500870781404,0.0691663028343413,0.0616205061456113,0.0398495132251123,0.00885712689671565,-0.0243394057479254,-0.0522665765401903,-0.0686212648991396,-0.069632204200207,-0.0548827251687663,-0.0274294564572288,0.00681219576304194,0.0403023322810081,0.0654906094734281,0.0764824450072356,0.0704015773565562,0.0481373027251407,0.0142803194987838,-0.0237801223758478,-0.0574371590883488,-0.0787998859539229,-0.0825523293396131,-0.0673000893974862,-0.0360577382467517,0.00428935538266698,0.0444783637022394,0.0750065711538294,0.0884196892961935,0.0811879634090113,0.0546807142888342,0.0149577708195586,-0.0286107440072989,-0.0655829216010522,-0.0869989039106152,-0.0876123645369687,-0.0672295751756107,-0.0308018192632087
0.0119039546967045,0.0495540780025867,0.0746612644605462,0.0811481280600258,0.067618157794281,0.0376741366058902,-0.00103436641711155,-0.0387801723080127,-0.0662289823485899,-0.0767730652740825,-0.0681355722023981,-0.0428515750743725,-0.00752864068687237,0.0288952761976296,0.0574287644778243,0.0712496816529971,0.0673197685766386,0.0470127696701508,0.015640758645861,-0.0189586462768273,-0.048389752707621,-0.0657221676984294,-0.0670846778895304,-0.0524731480697447,-0.0256214726570426,0.00698757723362846,0.0377003773929703,0.0594704711488168,0.0674278494479097,0.059904107168317,0.0387186448109586,0.00870083525706927,-0.0234169057198241,-0.0504808058781466,-0.0664570218770703,-0.0677195186785395,-0.053829947096814,-0.0276556947271285,0.00520200381968753,0.0375662240730166,0.0622071139714357,0.0734241044850386,0.068352853384588,0.0476998136076457,0.0157127959492098,-0.0206466899506922,-0.0531855375230589,-0.0743130903557823,-0.078823662120601,-0.0652087350638752,-0.0361613879244263,0.00189586173521238,0.0402034943311494,0.06968937244859,0.083157479089218,0.0771012410066826,0.0526671389910433,0.0154904411118952,-0.0255946684528877,-0.0606770037971955,-0.0812053540496459,-0.082129147960011,-0.0631933574238096,-0.0290435456096308
0.0109315019490647,0.0462888061895161,0.0698182442856232,0.0757608492599572,0.0628114216644838,0.034421026961266,-0.00211750170437494,-0.0375560585832324,-0.0630536635850736,-0.0724014241702979,-0.0635420368687296,-0.0390085700149676,-0.00519385458838255,0.0293351373171771,0.0560243464635117,0.0684536669048767,0.0638617968398852,0.0437168587844393,0.0132298294198098,-0.0200248946954369,-0.0480066214752167,-0.0641422011347626,-0.0648331989758847,-0.0502008084474027,-0.0239322600793722,0.0076893891703846,0.0373065782415325,0.0581857141226701,0.0657043433997547,0.058312254968999,0.0377875953229795,0.00877030348144144,-0.0222950811754019,-0.0485653499566447,-0.0642571536740973,-0.0658660906709652,-0.052909512350508,-0.0280493038924405,0.00343369392512159,0.0347205736321348,0.0588874421612897,0.0704075309453333,0.066407719418385,0.0473956551751164,0.0172690128007106,-0.017435206931283,-0.0489248286338121,-0.0698903539968105,-0.0752159811030384,-0.0632626815018731,-0.0363939941912802,-0.000572125352184354,0.035934017765458,0.0644630229541023,0.0780549721524155,0.0732074923110057,0.0508332980371139,0.0161432631665592,-0.0225526743644816,-0.0558531959447929,-0.0755904117268084,-0.0768856743365166,-0.0594061422827599,-0.0274867086474511
0.00986312635165743,0.0430746425136212,0.0651680385817278,0.0706712132808742,0.0583461243655803,0.0314809431074317,-0.00298368274356766,-0.0362591763887131,-0.0599674461425326,-0.0682637367532218,-0.0592789811631386,-0.0355233061178634,-0.00316892677744155,0.029577681201015,0.0545753264765098,0.0657729437036023,0.0606520137089542,0.0407471965708854,0.0111528802837732,-0.020819704293548,-0.0474695561544117,-0.0625538882719274,-0.0627147977058278,-0.0481684857401966,-0.0225338276411278,0.00811430676871057,0.0367082100305489,0.0568081826232942,0.064012370862038,0.0568602646919974,0.0370653165507971,0.00906484992241018,-0.0209847478133883,-0.0465386695584421,-0.0620428638527222,-0.0640897909653433,-0.0521303089911767,-0.0286065187553085,0.00152426872420517,0.0317927571666233,0.0555635338454487,0.0674617442042901,0.0645848754768248,0.0472277212892847,0.0189339432672736,-0.0141766453834871,-0.0446961109014038,-0.0655743143397488,-0.0717640715260064,-0.0614807108782647,-0.0367533610834327,-0.00309088833332604,0.0317109960818221,0.0593778005474408,0.0731612594912392,0.0695441737785751,0.0491968114811814,0.0169099041829598,-0.0195141112232384,-0.0511580110775226,-0.0702082047831889,-0.0719324840530187,-0.0559044368076131,-0.0261463343737204
0.00870908794346221,0.0399425038854395,0.0607553934235586,0.0659282072609531,0.0542652536892279,0.0288821928471572,-0.00362457584746753,-0.0349020320360645,-0.0570000759159948,-0.0643998739317322,-0.0553874732515652,-0.0324293487202593,-0.00147335263424701,0.0296205745076743,0.0530956532929916,0.0632333169043637,0.0577213212537712,0.0381323813044473,0.00942992098459555,-0.0213354104222862,-0.0467837235025991,-0.0609725275850656,-0.0607498820724166,-0.0463957574203692,-0.0214396427322464,0.00825824238392642,0.0359110395002766,0.0553511423706895,0.0623682199845418,0.0555621098547968,0.0365587542350913,0.00958162900465203,-0.0194985333821983,-0.0444202928370111,-0.0598354904454519,-0.062407742980009,-0.0514998610185311,-0.0293219956527433,-0.000507907886767713,0.0288109448581973,0.0522673735438973,0.0646150873878903,0.0629018489687332,0.0471975980332755,0.0206915166130014,-0.0109024278759115,-0.0405401505859635,-0.0614065752911203,-0.0685012112194267,-0.0598800180925848,-0.0372360660119265,-0.00563621576199103,0.0275750492866178,0.0544826310795385,0.0685234304578869,0.0661465328141476,0.0477734082987022,0.0177829434728821,-0.0165082878754082,-0.0466367151182547,-0.0651106094128403,-0.0673173099535661,-0.0527219860910283,-0.0250353527007864
0.00748048306830138,0.036922528564812,0.0566227792763906,0.0615774934566362,0.0506081089481866,0.0266498099178699,-0.00403400486177347,-0.033497700731665,-0.0541801426079248,-0.0608470572684695,-0.0519049904712111,-0.0297564824473433,-0.000123444432908152,0.0294634170097828,0.0515995809674394,0.0608592427949715,0.0550979441610892,0.0358976039171973,0.00807756129698719,-0.0215670281015679,-0.0459557151707739,-0.0594133427430426,-0.0589573740068261,-0.0448996933930441,-0.020660235980993,0.00811982022360212,0.0349227534432366,0.053828630450544,0.0607877242795478,0.0544302881575032,0.0362727815682522,0.0103156589726428,-0.017850755740323,-0.0422306268610958,-0.0576562999501866,-0.0608361572148475,-0.0510242551477863,-0.030188863049715,-0.00264328665706866,0.0258038305781394,0.0490306834854258,0.0618949549870769,0.0613748269540401,0.0473055496362184,0.022524774326501,-0.00764412329394747,-0.0364970075347326,-0.0574273050692724,-0.0654588488117045,-0.0584760438915934,-0.0378374912518726,-0.00818363370831446,0.0235659660445832,0.0498246190225337,0.0641861207836639,0.0630472695622622,0.0465767761100739,0.0187539453674956,-0.0135641885112023,-0.0423328890709584,-0.0603467489296207,-0.0630846164583354,-0.0498894474434622,-0.0241644721127271
0.00618913819029711,0.0340437869101079,0.0528099829706751,0.0576609700851943,0.0474099225678875,0.0248053126589823,-0.00420801079869463,-0.032059700456813,-0.0515348039208846,-0.0576395001141975,-0.0488650584037292,-0.0275304248264537,0.000867825100149173,0.0291077449543245,0.0501015314048659,0.0586735936340187,0.0528071578954838,0.0340644050564805,0.0071088504192058,-0.0215123007371351,-0.0449934847331483,-0.0578913362152046,-0.0573545271990175,-0.0436946916973855,-0.0202031001061285,0.00770038919805392,0.033752884307103,0.0522553199376022,0.0592861101579575,0.0534757012861248,0.0362101524657661,0.0112598700556244,-0.0160572847830228,-0.0399907608551021,-0.0555262822038198,-0.0593901746949831,-0.0507080816088076,-0.0311987869895293,-0.00486132041678277,0.0228003564185719,0.0458846189351775,0.0593275298166517,0.0600185010761406,0.0475505169229116,0.0244160346749456,-0.00443314141604898,-0.0326056480127685,-0.0536748481860357,-0.0626662998822944,-0.0572823251980138,-0.0385518672228353,-0.0107086399587205,0.0197223221356164,0.0454485953146273,0.0601910838306937,0.0602762227938088,0.045618430150339,0.0198135415266864,-0.0107101921297446,-0.0382880078341098,-0.0559625195036656,-0.0592751706640413,-0.0474340948171562,-0.0235420761861936
0.00484749621654594,0.0313340019395305,0.0493537250135927,0.0542163678809801,0.0447015203130596,0.023366496037929,-0.00414489057759951,-0.0306018620318473,-0.0490895240062001,-0.0548080781996867,-0.0462969284909572,-0.0257725795215503,0.0014909466589207,0.0285570153940719,0.0486159549354045,0.0566974370469919,0.0508710448635821,0.0326504669250128,0.0065331503323692,-0.0211717228515495,-0.043906271881479,-0.0564211453017773,-0.0559567612866171,-0.0427923402251113,-0.020072618272668,0.00700400932129166,0.0324127178266201,0.0506463781842434,0.0578778500841395,0.0527075498609539,0.0363714750505617,0.0124051725787601,-0.0141353895721356,-0.0377222630390006,-0.0534659481217647,-0.0580837209317282,-0.0505543895597989,-0.0323420507990725,-0.00714066127727973,0.0198294346584107,0.0428594687607326,0.0569375313810671,0.0588459266272348,0.0479301282652554,0.0263470640056274,-0.00130042924736895,-0.0289035683379193,-0.0501853553240385,-0.0601504640230673,-0.0563103641321662,-0.0393723271894056,-0.0131869388014759,0.0160811102510443,0.0413966866998201,0.0565767891490858,0.0578600828816265,0.044907602716545,0.0209515218169414,-0.00797379824566555,-0.0345410397486457,-0.0520001474802256,-0.0559256495829232,-0.0453795563330374,-0.0231741429856988
0.00346849641340864,0.0288192823754858,0.0462873059045921,0.0512768862484892,0.0425090234395216,0.0223472590662764,-0.00384521447605753,-0.0291381966059963,-0.0468678286878174,-0.0523800328542298,-0.0442252972792765,-0.0244998315295774,0.00173996450954398,0.0278165716746643,0.0471571902545586,0.0549498324176089,0.0493082809459082,0.031669441934964,0.00635604438028773,-0.020548536571852,-0.0427045144837361,-0.0550169019547245,-0.0547775139953552,-0.0422013057734995,-0.020270022621423,0.00603741181676041,0.0309151835958317,0.0490173201544673,0.0565765227716386,0.052133244544152,0.0367552056054425,0.0137405443635545,-0.0121035721425459,-0.0354469730265656,-0.0514951322557777,-0.0569293718157865,-0.0505646575595257,-0.033607648302661,-0.00945936572389217,0.0169196698149448,0.0399843640970617,0.0547479780504793,0.0578683970826396,0.0484407229011285,0.0282992531061997,0.00172382791969274,-0.0254264329868848,-0.0469924347065961,-0.0579355655569105,-0.0555695170113464,-0.0402909728883564,-0.0155946741822585,0.0126773846445862,0.0377079106682807,0.0533780521801236,0.055822134616292,0.0444511541441707,0.0221569328573829,-0.00538136151691107,-0.0311280707764668,-0.0484977825701082,-0.0530682873086388,-0.0437455874309921,-0.0230641881044798
0.00206544908256018,0.0265238707417058,0.0436402848628563,0.0488708725346932,0.0408535956772113,0.0217574693144294,-0.00331182208288046,-0.0276827618226535,-0.0448910798010914,-0.0503787096871021,-0.0426700699598531,-0.0237243862601572,0.00161253210767108,0.0268935904565785,0.045739325112361,0.053447646262757,0.048133954483,0.0311308198667859,0.00657928199863095,-0.0196487018596683,-0.0413997493139954,-0.053692097708858,-0.0538281126304389,-0.0419272514763616,-0.0207933833432019,0.00480993334259695,0.0292747296629074,0.0473838582386662,0.0553946817825291,0.0517583341735913,0.0373576630591883,0.0152531365811333,-0.00998138958135479,-0.0331867917769637,-0.049632802068129,-0.0559382327340983,-0.0507387793886918,-0.0349833896607464,-0.0117951056448291,0.0140990834389073,0.0372869979021044,0.052779965328278,0.0570953353022327,0.0490773863777319,0.0302537968959488,0.00461049780438364,-0.0222077306877278,-0.0441268283360941,-0.0560429204191764,-0.0550669044047447,-0.0412989504696934,-0.0179086590160451,0.00954392402521574,0.0344177998735466,0.0506256986644868,0.0541820323443566,0.0442535061742514,0.0234181832765679,-0.00295783787007261,-0.0280819569494202,-0.0454891308351622,-0.050730565492231,-0.042547881801221,-0.0232132318759293
0.000651906231090139,0.024469908956828,0.0414381940826478,0.047021547547831,0.0397512375370588,0.0216028658923805,-0.00254979673660277,-0.0262495279066963,-0.0431782707849588,-0.0488233352090113,-0.0416461704289075,-0.0234536539833622,0.00110993271272011,0.0257970108405624,0.0443760591400196,0.0522053884102993,0.0473594195034435,0.0310398348644202,0.0072007601833684,-0.0184808407146032,-0.0400045023614543,-0.0524594549844241,-0.0531176661217288,-0.0419727833736981,-0.0216376283667529,0.00333342500633212,0.0275071823893401,0.0457617500250521,0.0543437338200922,0.0515864516341761,0.0381730638814481,0.0169283970503434,-0.00778926608308439,-0.0309634711118529,-0.0478968757477024,-0.0551198320656773,-0.0510750653546865,-0.0364560188202165,-0.0141253832754961,0.011394844292948,0.0347933580997964,0.0510524623475313,0.0565342024482097,0.0498339977708289,0.0321918756993393,0.00733178196758521,-0.0192784518277258,-0.0416161162225566,-0.0544907314403172,-0.0548073431039233,-0.042386536024996,-0.020106598463635,0.00671091591983014,0.0315580596368217,0.0483462669989696,0.0529556096182631,0.044316598374589,0.02472315467522,-0.00072654457068677,-0.0254320084367687,-0.0430031309884415,-0.0489349500741656,-0.0417979218718933,-0.0236197910303046
-0.000758470474849876,0.0226772237179269,0.0397022913096557,0.0457467800229648,0.0392126299946904,0.0218850019072919,-0.00156641862696523,-0.0248522449070061,-0.0417458454453895,-0.0477288334889791,-0.041163399629672,-0.0236901806818262,0.000237064876732489,0.0245374463467039,0.0430805701927723,0.0512350706108022,0.0469921846635423,0.0313974132245607,0.00821454194165069,-0.0170561558267455,-0.0385321697206005,-0.0513308059531897,-0.0526529786188266,-0.0423374265919908,-0.0227945934284612,0.0016221370863263,0.0256295929615076,0.0441666455287394,0.0534338279180396,0.0516192780144651,0.0391935770717276,0.018750209810277,-0.00554829677553144,-0.028798404808327,-0.0463040503039885,-0.0544820300649618,-0.0515702590563066,-0.0380113414430484,-0.0164277479915568,0.00883300651045109,0.0325274768866197,0.0495821285693533,0.0561904255092002,0.0507032882293492,0.0340948363495249,0.0098614834579621,-0.016666790286275,-0.0394844514396631,-0.053293913979465,-0.0547933006430516,-0.0435432298693365,-0.0221673050236024,0.00420566554396466,0.0291562618482019,0.0465617514379287,0.0521547252321625,0.0446398680729744,0.0260593172519525,0.00129106346657997,-0.0232037082549593,-0.0410636770915643,-0.0476986767542287,-0.0415028702304819,-0.0242798948200708
-0.00215204314225616,0.0211631337938156,0.0384493531801447,0.0450589122795436,0.0392430291417885,0.0226012270393736,-0.000371096932017934,-0.0235043123041797,-0.0406075415709389,-0.0471056845424564,-0.0412263434608378,-0.0244316258879246,-0.000997606969688253,0.0231270806690919,0.041865385562325,0.0505460890082647,0.0470358390340917,0.032200162552079,0.00961091161669647,-0.0153883243968714,-0.0369968901511239,-0.0503169800812021,-0.0524384854175138,-0.0430176313154215,-0.0242531019946084,-0.000307419385828849,0.0236600720739682,0.0426139353888242,0.0526737566302673,0.0518565254267059,0.0404093987401655,0.0207010496450764,-0.00328004518547374,-0.026712423257504,-0.0448696415693129,-0.0540309439853269,-0.052219569428091,-0.0396343620710856,-0.0186800128580093,0.00643825826371555,0.0305111986319608,0.0483831524722581,0.0560673441525795,0.0516769102970343,0.0359443713830869,0.0121752586993089,-0.01439787255332,-0.0377523285341531,-0.0524639535522033,-0.0550248727719803,-0.0447578586443739,-0.024070903353602,0.00205233199992496,0.0272355782418994,0.0452893886594279,0.0517871471832013,0.045220254049003,0.0274138490199891,0.00307559900697002,-0.0214184682909012,-0.0396893902663086,-0.0470335871950337,-0.0416655029474611,-0.0251871253878489
-0.00351533111272511,0.019942281151807,0.0376915113876069,0.0449646388367138,0.0398422129151694,0.0237447104986613,0.00102471844204006,-0.0222186521612388,-0.0397742608304391,-0.0469598257331927,-0.0418343310501152,-0.0256707876289107,-0.0025821362724543,0.02157954828807,0.0407422593713242,0.0501451316727994,0.0474900155220195,0.0334404024599841,0.0113764666250322,-0.0134933680812697,-0.0354134104744943,-0.0494277013738678,-0.0524762117787205,-0.0440068084367884,-0.0259990742166971,-0.00243663280357331,0.0216176144190257,0.0411186015370897,0.0520708702138355,0.0522959386937879,0.0418088455939752,0.0227621500990216,-0.00100633627079161,-0.0247255936396999,-0.0436074376192841,-0.0537708901322661,-0.0530167177293997,-0.0413094291880739,-0.020860468835829,0.00423368337795888,0.0287639686327494,0.0474671138194785,0.0561661774507464,0.0527455173697049,0.0377226946173779,0.0142508512087926,-0.0124935167174167,-0.0364363874798898,-0.0520087967748119,-0.0554997840515702,-0.046018684221446,-0.0257990228187416,0.000271694375085624,0.0258145556599974,0.0445414898137103,0.0518564757462026,0.0460522240152976,0.0287737575225645,0.00460992753617554,-0.0200934249330981,-0.0388934415488771,-0.0469460174523208,-0.0422841853559805,-0.0263326819064432
-0.00483514308632878,0.0190264876243641,0.0374361333417688,0.0454649392522731,0.0410044805185191,0.0253045042402662,0.0026076447588065,-0.0210075869546123,-0.0392539661212369,-0.047292597048867,-0.0429814437010545,-0.0273956741473429,-0.00450121155747609,0.0199098011687154,0.0397220574059761,0.0500361121617624,0.0483503923565429,0.0351062365939908,0.0134942447929247,-0.0113895002497533,-0.0337969450435353,-0.0486714962538048,-0.0527657549776982,-0.0452953944885127,-0.028015663819844,-0.00474497133681594,0.0195219147148875,0.0396950718191759,0.0516310046754475,0.0529333159285837,0.0433784664649771,0.0249136833931172,0.0012509530147083,-0.0228570275105127,-0.0425295669877377,-0.0537043433671932,-0.0539539989930991,-0.0430203867570465,-0.0229480945627165,0.00224053821096536,0.0273026447903028,0.0468428708725748,0.0564860108445017,0.0538988525587987,0.0394127114477519,0.0160683049230675,-0.0109720236072331,-0.0355492550135894,-0.051932776615456,-0.0562134115072293,-0.047313518306,-0.0273349758689418,-0.00111904995953176,0.0249069355297751,0.0443253197465116,0.0523621064838616,0.0471278257003392,0.0301260029427362,0.00587933029448328,-0.0192412762081346,-0.0386834275088369,-0.0474367396115307,-0.0433528904241304,-0.0277054677836074
-0.00609870654718663,0.0184246385852978,0.0376857485655855,0.046555065935408,0.0427187046467615,0.0272656459280225,0.00436249303940351,-0.0198827231744219,-0.0390516072667516,-0.0481007306831347,-0.0446565743314302,-0.0295896216153455,-0.00673630587113012,0.0181339629059379,0.0388146505715952,0.0502201298271509,0.0496087327042803,0.0371816653626797,0.0159438861324691,-0.00909695196807807,-0.0321630305811412,-0.0480556129000349,-0.0533042896965715,-0.0468709451717577,-0.0302834215562918,-0.00721018167694935,0.0173931770842296,0.038357080010358,0.0513584244192066,0.0537625478512697,0.0451031708421592,0.0271349505417923,0.00347010363565586,-0.0211246976184327,-0.0416463829068449,-0.05383191441066,-0.0550223573043717,-0.0447507307427419,-0.0249227596603312,0.000478045978296532,0.0261413340635468,0.0465164736862153,0.0570238035188909,0.0551258461495451,0.0409981822628043,0.0176101551168591,-0.00984800204942568,-0.0350994248192205,-0.0522365726037317,-0.0571588310460003,-0.0486298415797136,-0.0286639204713789,-0.00210645284690111,0.024521519366402,0.0446430246454278,0.0532992336377342,0.048436761125345,0.0314576214994161,0.00687164381052875,-0.0188701619076163,-0.0390612997359336,-0.0485009570906453,-0.0448612594418116,-0.0292921999976452
-0.00729379315259659,0.018142594850813,0.0384380216409251,0.0482245871564051,0.0449684361130028,0.029609300749937,0.00627241220908676,-0.0188548417277336,-0.0391690756872862,-0.0493763849288525,-0.0468435367370703,-0.0322314566234652,-0.009265856942328,0.0162691717923126,0.0380288180702192,0.0506954573285024,0.0512529621088848,0.0396467383582406,0.0187018275600171,-0.00663777832734397,-0.030527377733804,-0.0475859527694768,-0.0540865966501482,-0.0487182565280579,-0.0327804836032128,-0.00980850422251831,0.0152519196554879,0.037117532613877,0.0512557800921148,0.0547756755101397,0.0469663732102205,0.0294045798708963,0.00562976287676996,-0.0195452656846017,-0.0409663646470768,-0.0541523451198611,-0.0562114741433323,-0.046483769075886,-0.0267654195769999,-0.00103678945811215,0.0252912553196192,0.0464911043727685,0.0577744161755069,0.0564147207659748,0.0424638774505408,0.0188615951241425,-0.00913222986792244,-0.0350911776463002,-0.0529172063072777,-0.0583268861173416,-0.0499549261651848,-0.0297730049675133,-0.0026809469526078,0.024662081679283,0.0454916088979562,0.0546588939607501,0.0499664834485564,0.0327558480251989,0.00757737467603083,-0.0189835877671675,-0.0400233487721788,-0.0501283535492942,-0.0467947043361836,-0.0310775394159865
-0.00840883878658893,0.0181831337509919,0.0396857720670091,0.0504574849433562,0.0477320599678586,0.0323129408072977,0.00831904949644002,-0.017933796116473,-0.0396051883906993,-0.0511072219629776,-0.0495212235406047,-0.0352957018021349,-0.0120654762643614,0.0143334143835204,0.0373721613003826,0.0514575555445577,0.0532672830818788,0.0424777450638511,0.0217415287339395,-0.00403564694074082,-0.0289057207242006,-0.0472670149092877,-0.0551051141148736,-0.0508195125355428,-0.0354827830485074,-0.0125149025995933,0.0131187763002569,0.035988383760672,0.0513240820750163,0.0559629658928727,0.0489501518421362,0.0317007320568437,0.0077091492541592,-0.0181339227699735,-0.0404960368669287,-0.0546625217413613,-0.0575098688972682,-0.0482027834795392,-0.028458300051945,-0.00228934850309625,0.0247606299523173,0.0467670449684867,0.0587306589919079,0.0577531032854005,0.0437957225561028,0.0198106173129307,-0.00883155189831003,-0.0355245420577166,-0.0539680720413592,-0.0597062778803475,-0.0512759601608941,-0.0306514938858617,-0.00283694013644543,0.0253273312103655,0.0468629614791164,0.0564280506632542,0.0517023155338473,0.0340082366327503,0.00798978854709329,-0.0195803943289324,-0.0415602425391572,-0.0523031948287554,-0.0491345505321334,-0.0330442407496319
-0.00943305703379772,0.0185459200347501,0.0414170409415409,0.0532323070216881,0.0509830016958574,0.0353505604267043,0.0104827256128962,-0.0171284192935951,-0.040355701352339,-0.053276528686988,-0.0526638112245753,-0.0387528225297858,-0.0151081850281732,0.0123453512174134,0.0368510293678749,0.0524991158063161,0.0556323258061667,0.0456474420658744,0.0250337268785808,-0.00131561060996793,-0.0273136665140796,-0.0471018535522946,-0.0563500118160863,-0.0531544576632161,-0.0383642823923172,-0.0153033052794489,0.0110142974416085,0.0349805194461779,0.0515626899120149,0.0573130047399602,0.0510354205524162,0.0340013097423088,0.00968825199080195,-0.0169042437353805,-0.0402399077103083,-0.0553575059677556,-0.0589050105307351,-0.0498911915578159,-0.0299850693840073,-0.00326753781049525,0.0245546013732027,0.0473416732679415,0.0598833593652601,0.0591281424825244,0.0449809322511999,0.0204481270183223,-0.00894881592991659,-0.0363952961092463,-0.055379002437826,-0.0612836759327803,-0.0525801729718328,-0.0312908734203065,-0.00257287159233318,0.0265109209703625,0.0487439317091287,0.0585897167553962,0.0536275891887903,0.0352027783948738,0.00810497260814881,-0.0206547706865896,-0.0436571187865945,-0.0550044828416558,-0.05185821889089,-0.0351733206136148
-0.0103565448999363,0.0192275069786945,0.0436152039173055,0.0565223714225045,0.0546899815787434,0.0386929253846215,0.0127426230857559,-0.016446440027254,-0.0414133520790187,-0.05586337938142,-0.0562410102067863,-0.0425695122999045,-0.0183646745942068,0.0103241364058859,0.0364704569741831,0.0538101291016768,0.0583253335560142,0.0491253146262398,0.0285467181700557,0.00149613367232387,-0.0257665449034954,-0.0470920493683958,-0.0578092864211236,-0.0557005926839789,-0.0413972247973143,-0.018146856947279,0.00895875186995461,0.0341036522435855,0.0519693178124506,0.0588128057018326,0.0532021117893675,0.0362841697370033,0.0115480231605717,-0.0158680571669982,-0.0402004262118715,-0.0562305834580675,-0.0603834392955798,-0.0515327075443702,-0.031330996803822,-0.00396190792147031,0.0246751842019092,0.0482094867225297,0.0612214488453735,0.0605266313284482,0.0460081318855848,0.020768028402171,-0.0094828471209632,-0.0376950098694796,-0.0571363681669443,-0.0630438484619402,-0.0538549601540517,-0.0316849354778173,-0.00189122912810153,0.02820150706844,0.0511164537420973,0.0611231166829063,0.0557238038123572,0.0363280149887329,0.00792187098888661,-0.0221963128814031,-0.0462937305728814,-0.0582061598385919,-0.054939444894209,-0.0374442419989206
-0.0111703796899669,0.0202213677706635,0.0462591294314993,0.0602960218656736,0.0588173148361138,0.0423078536913379,0.015076985976658,-0.0158944095234638,-0.0427679308821119,-0.0588428385428084,-0.0602183574964712,-0.0467090139629589,-0.021803588969323,0.00828923286376111,0.0362341153179174,0.0553779816306035,0.0613203810909138,0.0528778701265334,0.0322466629905426,0.00437249707368307,-0.0242792609945364,-0.0472376946232293,-0.0594688776870279,-0.0584333918321304,-0.0445524016490679,-0.0210181771901545,0.00697193148554173,0.0333662275247739,0.0525400561980387,0.0604479348179742,0.0554293693306781,0.0385273357833213,0.013270560672287,-0.0150353319945757,-0.0403779593889581,-0.0572733293176466,-0.0619308972692009,-0.053111500122163,-0.0324830953823887,-0.00436574538091651,0.0251212436940093,0.0493621542249538,0.0627320684738796,0.0619351328230918,0.0468674655106148,0.0207672814788652,-0.0104284610624347,-0.0394111282991714,-0.0592232107823795,-0.0649698104958578,-0.0550880064994525,-0.0318298394071812,-0.000798527332328885,0.0303828558570135,0.0539577186697971,0.0640038847748692,0.0579708029964871,0.0373731472869498,0.00744229288014601,-0.0241901262933951,-0.0494446432862248,-0.0618773610059393,-0.0583485328966025,-0.0398351133158281
-0.011866706053064,0.0215179569352804,0.0493233807558992,0.064516931518861,0.0633252546951544,0.0461605252593394,0.0174633290915078,-0.0154776389733746,-0.0444063801222034,-0.0621862018992237,-0.0645575490762925,-0.051131473730932,-0.0253918265599724,0.00626022496592216,0.0361442765055714,0.0571875758227346,0.0645886239495147,0.0568689605742788,0.0360979121140306,0.00728576019402402,-0.0228661514366344,-0.0475373923723819,-0.0613128041231906,-0.0613265391956425,-0.0477994338402501,-0.023889624010741,0.00507296085024151,0.0327753421013465,0.0532694091055817,0.0622026491417637,0.0576957487483076,0.0407092098564596,0.0148392803491466,-0.0144140818738433,-0.0407707892147081,-0.0584756898755568,-0.0635324664287851,-0.0546123457570022,-0.0334302480596587,-0.00447513840206739,0.0258885056495312,0.0507885953273935,0.0644006915633462,0.0633401082013893,0.0475506893930076,0.0204459298226087,-0.0117765152976249,-0.0415270936267268,-0.0616194073489689,-0.0670429887671025,-0.0562674061102315,-0.0317241507396554,0.000694753243198192,0.0330339984406121,0.0572403926553619,0.0672042986550596,0.0603469674410633,0.0383281379173823,0.00667089334949998,-0.0266169709571891,-0.0530794812309186,-0.0659827128988856,-0.0620526429466589,-0.042322900043329
-0.0124388123132509,0.023104801264957,0.0527784599780637,0.0691444522497294,0.068170375108356,0.0502138174838829,0.019878654679035,-0.0152001486020624,-0.0463129204341704,-0.0658612732497459,-0.0692168087905338,-0.0557943245347029,-0.0290948583041147,0.00425663043322566,0.0362017918233378,0.0592214756696563,0.068098576257396,0.0610601310672599,0.0400633506709627,0.0102078407275548,-0.0215408458459748,-0.0479882696957176,-0.0633233168526338,-0.0643521820590998,-0.0511070640701724,-0.0267335596357068,0.00328011337666221,0.032336676070278,0.0541503470945997,0.0640600481906921,0.0599794237271592,0.0428087799772649,0.0162390754589151,-0.0140102882390089,-0.0413751294819995,-0.0598260799472587,-0.0651727129024815,-0.0560207760347623,-0.0341633155426236,-0.00428901540807845,0.0269695967458897,0.0524750861694537,0.066211262774621,0.0647280463246632,0.0480512501721727,0.0198070987496791,-0.0135139987400602,-0.0440225059850333,-0.0643018652175383,-0.06924340155193,-0.057381778250014,-0.0313688565010757,0.00257426537353759,0.0361294311311301,0.0609328790548726,0.070693545416742,0.0628294223706206,0.0391838068592734,0.00561512710895644,-0.0294534483310944,-0.05716322134106,-0.070482674789958,-0.0660161073830815,-0.0448836469147588
-0.0128811953244973,0.024966619418953,0.0565910916018749,0.074134006030684,0.0733059894359468,0.0544286634945643,0.0222996745251427,-0.0150646287018936,-0.0484692026989074,-0.0698326744463254,-0.0741512901869045,-0.0606526950598741,-0.032877059143253,0.00229771323984927,0.0364060840733369,0.0614600749747309,0.0718164143724796,0.0654109908469437,0.0441047565544928,0.0131105649094912,-0.0203161347532477,-0.0485860048527887,-0.0654810701920529,-0.0674811987610748,-0.0544434573549417,-0.0295226160742795,0.00161063591059661,0.0320544385131661,0.0551743751511765,0.0660022367696701,0.0622583962583677,0.0448058225436815,0.0174564621655878,-0.0138278427576142,-0.0421851623835628,-0.061311494628972,-0.0668358359859129,-0.057323217555435,-0.0346752250017107,-0.00380915604602013,0.0283541149386949,0.0544053911258321,0.0681463521846278,0.0660855930492782,0.0483643469558567,0.0188569640468967,-0.015624158075967,-0.0468733207174081,-0.0672447450333145,-0.0715498517156068,-0.0584203778102072,-0.0307673568904164,0.00482193203009424,0.0396393599761065,0.0649996220454407,0.0744380180285348,0.0653942574855694,0.0399319191962223,0.00428517573387647,-0.0326722276639552,-0.0616565311477738,-0.0753339196194307,-0.0702007741437938,-0.0474927084863946
-0.0131896132173112,0.0270854690588518,0.0607245430546597,0.0794375147289891,0.0786826010429985,0.058764429599263,0.0247030352805843,-0.015072413035329,-0.0508544842978194,-0.074062185536007,-0.079313507460657,-0.0656598405567106,-0.0367020496831264,0.000402299310303595,0.0367551540275198,0.0638817868874,0.0757063034277003,0.0698796033402033,0.0481831697794408,0.0159659400949944,-0.0192038453818937,-0.049324868117498,-0.0677653073213443,-0.0706834785009085,-0.057776506873941,-0.0322299578928543,8.05833744449841e-05,0.0319313275565946,0.0563316149261362,0.0680104975969507,0.0645107086831614,0.0466810972332116,0.0184797095030769,-0.0138685097396618,-0.0431930944514936,-0.0629176345385181,-0.0685058204743136,-0.0585071230154152,-0.0349610386851571,-0.00304017454053472,0.03002872927582,0.0565609189258709,0.0701873228821412,0.0673996793555436,0.0484869767951608,0.0176046915925466,-0.0180866598917416,-0.0500520804200612,-0.0704197098066626,-0.0739401310813188,-0.05937319929453,-0.0299254333594316,0.00741611956148408,0.0435299870468323,0.0694014488612337,0.0784016391298233,0.0680167573429576,0.0405652642060637,0.00269384907200453,-0.0362423097402957,-0.0665161477191593,-0.0804897508730237,-0.0745663734891596,-0.0501249858736599
-0.0133611255385193,0.0294409201046956,0.0651389790124653,0.0850038641247203,0.0842483814340752,0.0631793082390238,0.0270655448116083,-0.0152234648897608,-0.0534458279702448,-0.0785091118096173,-0.0846537913873612,-0.070767591326189,-0.0405330448075641,-0.00141140326582245,0.0372456009026922,0.0664632528691337,0.0797307435953096,0.0744228913924217,0.0522592691884281,0.0187464257972051,-0.0182147264932101,-0.0501977759289603,-0.0701540592791113,-0.073928210425212,-0.061074142235673,-0.034829539705507,-0.00129533496434933,0.0319685051553429,0.0576109004991572,0.0700654720592163,0.0667146555378585,0.048416532594064,0.0192989526147084,-0.014131908867337,-0.0443892313208631,-0.0646290432966403,-0.0701665908369994,-0.0595610922016777,-0.0350180017713869,-0.0019894755285391,0.0319773081774248,0.0589209017506401,0.0723145104876449,0.0686576470213136,0.0484179631301963,0.0160623484859326,-0.0208777869349207,-0.0535281794679575,-0.0737961976388663,-0.076391234145686,-0.060231073300954,-0.0288511933690712,0.0103318455529348,0.0477638357539199,0.0740959473486713,0.0825462090919664,0.0706716399437912,0.0410777250343101,0.000856461812725572,-0.0401293254431892,-0.0716952939179206,-0.0859005513869524,-0.0790709046345479,-0.052755167398587
-0.0133941204250199,0.0320102524254877,0.0697918461092203,0.0907793976494065,0.0899496712648158,0.0676307226068571,0.0293643973381583,-0.0155163759609649,-0.0562183213934888,-0.0831306742616304,-0.0901207659065461,-0.0759268146279922,-0.0443332059550092,-0.00312597782831478,0.0378726566125362,0.0691795690373415,0.0838509326937147,0.078997053737058,0.0562937528196553,0.0214252005182698,-0.0173583434554468,-0.0511963578766246,-0.0726243554024556,-0.0771841792444976,-0.0643046372303363,-0.0372963559371222,-0.00250389615338592,0.03216558681179,0.0589998867223466,0.0721473473359429,0.0688489931451832,0.0499954005262591,0.0199062881578283,-0.0146155184223681,-0.0457620706086206,-0.0664292559336015,-0.0718021657517196,-0.0604749817265778,-0.0348455689870511,-0.000667182789848626,0.0341810749505374,0.0614625955807112,0.074507412867007,0.0698473706372132,0.0481579669506613,0.0142447865644164,-0.0239706666016785,-0.0572681584728604,-0.077341715483175,-0.0788795790888848,-0.0609857545671313,-0.0275549923379801,0.0135410193810419,0.0523001120641695,0.0790378751931965,0.0868317749695829,0.0733333012075116,0.0414643382713158,-0.00120931359225073,-0.0442958662586243,-0.0771441279828041,-0.0915142597929781,-0.0836710386143793,-0.0553579708720355
-0.01328832859379,0.0347686760241626,0.0746382842835765,0.0967084350334825,0.0957314993333816,0.0720757389573171,0.0315773951228137,-0.015948378132419,-0.0591453154214586,-0.0878824197566869,-0.0956618408340108,-0.0810878856385945,-0.0480659937413516,-0.00472496494578922,0.0386302334090953,0.0720045276540743,0.0880271415885269,0.0835579886288582,0.0602477182084763,0.0239764217421014,-0.0166429846017888,-0.0523110359219547,-0.0751524432279545,-0.0804200645755984,-0.0674369141476909,-0.0396066804948314,-0.00353348982764115,0.0325206462955658,0.0604851690687511,0.0742360480644032,0.0708931449120619,0.0514024779553117,0.0202958509393247,-0.0153146989966741,-0.0472984120318839,-0.0683009568089931,-0.0733968115214672,-0.0612400024486039,-0.0344454097310179,0.000913958441503267,0.0366187890344078,0.0641614998520091,0.0767448881990531,0.0709573747842009,0.0477094805704012,0.0121694994401212,-0.0273355294474162,-0.0612360258489408,-0.0810221511338175,-0.0813812339718925,-0.0616300007414132,-0.0260493335336932,0.0170127131487272,0.0570950981286096,0.0841795968467802,0.0912170167476752,0.0759760629409671,0.041721342833712,-0.00348361625606235,-0.0487018435572248,-0.0828102221390211,-0.0972768700686586,-0.0883225335603552,-0.0579083852343493
-0.0130448240723313,0.0376895715435763,0.0796315607429624,0.102733810794472,0.101538114468187,0.0764714825487911,0.0336831644964456,-0.0165153681055784,-0.0621986787521151,-0.0927186470225297,-0.101223716037159,-0.0862011630090552,-0.0516955176158443,-0.00619301889767417,0.0395109843887272,0.0749108713704133,0.0922190987066048,0.0880617204916017,0.064083038890999,0.0263754765201692,-0.0160755798375519,-0.0535311151471349,-0.0777140157867508,-0.083604741176153,-0.0704408417764586,-0.0417382940836286,-0.00437422891917236,0.0330302352789222,0.062052413794783,0.0763114306665477,0.0728274003295018,0.0526241941194683,0.0204638710239628,-0.016222737480044,-0.0489834837303216,-0.0702261455487594,-0.0749351929151715,-0.061848803651073,-0.0338213916598577,0.00273870463710842,0.0392669512151712,0.066991594280566,0.0790053594656821,0.0719769452294918,0.0470768040705185,0.00985645443049894,-0.0309399952418875,-0.0653936034147166,-0.0848021004743592,-0.0838721459773662,-0.0621576411452674,-0.0243487468852484,0.0207134603755102,0.0621025745016818,0.0894715439014519,0.0956596471080028,0.0785744218604761,0.0418462176378114,-0.00594458683437451,-0.0533048732310075,-0.0886390656819071,-0.10313294945215,-0.0929806584715044,-0.0603819092980551
-0.0126660117341107,0.040744748709495,0.0847235222910926,0.108797427293242,0.107313525094045,0.0807755531179489,0.0356613640537027,-0.0172119447218517,-0.0653490666471851,-0.0975928444480913,-0.106752892306141,-0.0912174645331918,-0.055186879268743,-0.00751605340977704,0.0405063762076628,0.0778705577069565,0.0963863798869648,0.0924648253975994,0.0677627334126209,0.0285992201713932,-0.0156616323408447,-0.0548448852142178,-0.0802844441606577,-0.0867075772334542,-0.073287524265164,-0.0436706970223257,-0.0050180437804406,0.0336894176570419,0.0636864971219255,0.0783534784282363,0.0746331057259456,0.0536487620258838,0.0204087107415939,-0.0173309109278308,-0.0508010836069577,-0.0721863094329632,-0.076402520005857,-0.0622955431859734,-0.0329795429058664,0.00478946140309652,0.0421000308082665,0.0699255905419571,0.0812670233612454,0.0728962330437754,0.0462660046207791,0.00732790098585183,-0.0347493838386191,-0.0697008927420576,-0.0886452068826572,-0.0863283715339693,-0.0625636349027422,-0.022469647914067,0.024607579534349,0.0672742668395466,0.0948626944130607,0.100116820794334,0.0811032972023929,0.0418377076463639,-0.00856857637368719,-0.0580606820362032,-0.0945745877589602,-0.109026169818019,-0.0976006214834241,-0.0627547853751392
-0.0121556018405484,0.0439047201415466,0.089865061575723,0.114840816935189,0.113002041178496,0.0849464357864496,0.0374928829227747,-0.0180314587011976,-0.0685662012007636,-0.102458135560045,-0.112196184094537,-0.0960885384376188,-0.0585065065694699,-0.00868137531878278,0.0416067732315259,0.0808550311473238,0.100488799736698,0.0967248512056128,0.0712513232174253,0.0306262007333955,-0.0154051640744271,-0.0562397316167408,-0.082839013118562,-0.0896987278912481,-0.0759495781132251,-0.0453853055551958,-0.00545875885685606,0.0344918181800627,0.0653716520535158,0.0803424954103848,0.0762928449012883,0.0544662927804451,0.0201308812099136,-0.0186285697236758,-0.0527337343615732,-0.0741626006112164,-0.0777846896247442,-0.0625759429323171,-0.0319279933120206,0.00704645373426219,0.0450907125872017,0.0729351963397233,0.0835080615665879,0.0737063506011587,0.0452848590428813,0.00460815743094493,-0.0387270479020593,-0.0741164587751407,-0.0925145095835591,-0.088726305166239,-0.0628441179270226,-0.0204301781854054,0.0286575192717032,0.07256031271485,0.100301066484069,0.104545549552874,0.0835382744606935,0.0416958379699,-0.0113303720830905,-0.062923531799522,-0.100559694899584,-0.114899847491633,-0.10213799860889,-0.0650042256285803
-0.01151857192303,0.0471389878059064,0.0950065926701218,0.12080570799873,0.118548813234685,0.0889439033439232,0.039160027108874,-0.0189660744058569,-0.0718191605474873,-0.107267727982007,-0.117501229287139,-0.100767525845621,-0.0616224749019815,-0.00967780495505149,0.042801532232749,0.0838355001462957,0.104486800644176,0.100800728236415,0.0745151759049875,0.0324368669437509,-0.0153086756907604,-0.0577022557110149,-0.0853531576235186,-0.0925494212443168,-0.0784013946743572,-0.0468656298114331,-0.00569215121021284,0.0354296848864,0.0670916213678496,0.0822592972807744,0.0777906078639479,0.0550688916588793,0.0196330381847798,-0.0201032392687986,-0.0547628507621414,-0.0761360164802953,-0.0790684201067104,-0.062687329065832,-0.0306768952771229,0.00948791742261939,0.0482101610400904,0.0759913892709707,0.0857068523032497,0.0743994584931313,0.0441427801305598,0.00172337803545971,-0.0428347243365923,-0.0785978270859111,-0.0963727976629745,-0.0910429049329036,-0.062996438371517,-0.0182500288729512,0.0328242219251542,0.0779097439790064,0.105734221266837,0.108903118562725,0.0858558428198589,0.0414219158094373,-0.0142034379312759,-0.0678466574858865,-0.106536818210486,-0.120697486405486,-0.106549158921882,-0.0671086290623269
-0.0107611164637372,0.0504163392559815,0.100098531306276,0.126634588536012,0.123900363086984,0.0927294059380243,0.0406466920286395,-0.020006843121731,-0.0750766743166851,-0.111975361648238,-0.122616991179192,-0.105209410046667,-0.0645048128788954,-0.0104957821558149,0.0440791066508453,0.0867832163078724,0.10834183562605,0.104653166460321,0.0775228304881614,0.0340137576949559,-0.0153731212686948,-0.0592184024269694,-0.0878026979910299,-0.095232234101425,-0.0806193856909208,-0.0480974317374812,-0.005715990365929,0.0364939646962802,0.0688298152700721,0.0840853971845494,0.0791119460071629,0.0554507349618136,0.0189199572483636,-0.0217407392520501,-0.0568689175835224,-0.0780875815305216,-0.0802413780707795,-0.0626286567879524,-0.0292383250064908,0.0120903097399508,0.0514282993630655,0.0790646977980491,0.0878421800754209,0.0749688424687496,0.0428507273894031,-0.00129869739224682,-0.0470329010907956,-0.0831018910089279,-0.100182966408466,-0.0932559123553922,-0.0630191802717785,-0.0159502492019173,0.0370675017655581,0.083270979943584,0.111109770451395,0.113147500252523,0.0880336239077573,0.04101852013789,-0.01716016783688,-0.0727827150016444,-0.112448465068632,-0.126363319471811,-0.11079168219184,-0.0690477871548808
-0.00989058495146898,0.053705150710987,0.105091775031411,0.132271262810968,0.129005101190397,0.0962664443310103,0.0419385194919442,-0.0211437872354472,-0.0783074225770584,-0.116535752048391,-0.127494247921005,-0.109371448321985,-0.067125789556947,-0.0111274569513359,0.0454271593438088,0.0896697529716131,0.112016741248552,0.108245035307607,0.0802453014671974,0.0353416710937687,-0.0155978981704667,-0.0607735944795622,-0.0901640714882413,-0.0977213549118502,-0.0825822095365038,-0.0490688615148489,-0.00553005913192866,0.0376743914014343,0.0705694721428482,0.0858031848205227,0.0802441121919876,0.0556081268819447,0.017998488544702,-0.0235253193854175,-0.0590316765400152,-0.0799985289541678,-0.0812922960580695,-0.0624005193152041,-0.0276261651567124,0.0148285373238097,0.05471410045407,0.0821254865639062,0.0898934415215986,0.0754089796046321,0.0414211030025865,-0.00442900903316117,-0.0512811958693712,-0.0875853248083362,-0.103908372622263,-0.095344064794518,-0.0629121752234723,-0.0135530416892213,0.0413464342405209,0.0885923265416342,0.116375883255266,0.11723776142386,0.0900505895759382,0.0404894791323017,-0.0201721491047291,-0.0776842345194187,-0.118237770103428,-0.13184284306212,-0.114824765044329,-0.0708030762481943
-0.00891540899693413,0.0569736939580785,0.109938178562473,0.137661394817268,0.133813825433453,0.0995209230513028,0.0430230375468159,-0.0223659945734498,-0.0814803354776677,-0.120905024321662,-0.132086064793741,-0.113213582233194,-0.0694601804425135,-0.0115667641038379,0.0468326826851547,0.0924672804580794,0.115476096966614,0.111541722389235,0.0826563587499944,0.0364078114622241,-0.0159808521533783,-0.0623528718322879,-0.0924145581922141,-0.0999928313684771,-0.0842709760234577,-0.049770571176629,-0.00513615521410172,0.0389595851726818,0.0722938208099631,0.0873960969588055,0.081176184351978,0.0555395358056128,0.0168774914706365,-0.0254398103296193,-0.0612303204503067,-0.0818504803105631,-0.0822110799380617,-0.0620051410836316,-0.0258559700452002,0.0176761990278572,0.0580358870531909,0.0851442432461763,0.0918408453344989,0.0757155930095583,0.0398676339663306,-0.0076374552125439,-0.0555387431751341,-0.0920049989737938,-0.10751318556268,-0.0972872983062998,-0.0626765020591878,-0.0110815462312605,0.0456197523847604,0.0938224765691142,0.121481787938163,0.121134459669378,0.0918872665229754,0.0398398354870399,-0.0232104336641567,-0.0825040750596942,-0.123849040265779,-0.137083339545789,-0.118609611827585,-0.0723576349247752
-0.00784501929033155,0.0601904440321806,0.11459101966569,0.142753033552558,0.138280196545246,0.102461479975815,0.0438897817804405,-0.0236617220618611,-0.0845648907758834,-0.125041134097418,-0.136348244835659,-0.116698822474456,-0.0714855097661062,-0.0118094808221113,0.0482821248006715,0.0951488352656979,0.118686567365032,0.114511467629665,0.0847327806929549,0.0372019128416246,-0.0165182977135248,-0.0639410351051751,-0.0945324989730179,-0.102024800340421,-0.0856694278307986,-0.050195804347888,-0.00453807363108469,0.0403371626025596,0.0739862427178811,0.0888487777221977,0.0818991713968004,0.0552456096719327,0.0155677499256746,-0.0274657883854346,-0.0634436928007766,-0.0836256215587253,-0.0829889050912944,-0.0614463552753154,-0.0239448147646453,0.020605841352117,0.0613616380878153,0.0880918641317448,0.0936656042663089,0.0758856944785837,0.0382052414696491,-0.0108931805685873,-0.059764586025169,-0.0963183937209385,-0.110962730209234,-0.0990669390969011,-0.0623144746019537,-0.00855961519894528,0.0498462464919105,0.098911006096598,0.126378262921158,0.124800025182935,0.0935259257091085,0.0390757998582043,-0.0262458145891236,-0.0871958760503731,-0.129228288833669,-0.142034382946098,-0.122109806501118,-0.0736965247408109
-0.00668975327172751,0.0633243846289233,0.119005450989445,0.147497114913861,0.142361185468092,0.105059789121936,0.0445303968623495,-0.0250185077637798,-0.087531406451952,-0.128904271094653,-0.140239753532084,-0.119793604617653,-0.0731822667176214,-0.0118532671227565,0.0497615206920243,0.0976885805811133,0.121617223962576,0.117125669563261,0.0864545778089688,0.0377163377995439,-0.0172050534811285,-0.0655227915717398,-0.0964975035339396,-0.103797697949288,-0.0867640968242462,-0.0503404612566553,-0.00374157010818265,0.0417938562059838,0.075630432447775,0.0901472270582099,0.0824061003672543,0.0547291702181667,0.0140818689150341,-0.029583752390015,-0.0656504908168105,-0.0853068737991895,-0.083618300481744,-0.0607295659237974,-0.0219111296973319,0.0235892239481463,0.064659298223309,0.0909399356094847,0.0953501173162013,0.0759176146295769,0.0364498987156802,-0.0141648715259428,-0.0639180686394637,-0.100484006785652,-0.114223819614954,-0.100665881800963,-0.0618296176847515,-0.00601158178492727,0.0539851631123067,0.103808862182354,0.131018112697573,0.128199124209551,0.0949507546659212,0.0382046928104268,-0.0292491053241664,-0.0917145016090648,-0.134323753301764,-0.146648322922516,-0.125291662031529,-0.0748068728308302
-0.00546075446132392,0.0663453082398242,0.123138933427121,0.151847935319971,0.146017488345083,0.107290833704008,0.0449387173224712,-0.0264232902555738,-0.0903513256433041,-0.132457241643746,-0.143723113515652,-0.122468112343087,-0.0745340935682895,-0.0116976884611434,0.0512566269609127,0.100062055562005,0.124239843450482,0.11935916082799,0.0878051849853728,0.0379461505905743,-0.0180344923303721,-0.0670829023535245,-0.0982906465263698,-0.105294447784271,-0.0875444337724368,-0.050203138391594,-0.00275430580519746,0.0433156422187998,0.0772105549942873,0.0912789359493121,0.0826920839806134,0.0539951861481069,0.0124341534840414,-0.0317733111350937,-0.0678294701124707,-0.0868780571120996,-0.0840932198443387,-0.0598616950009818,-0.0197745220631197,0.0265975925993905,0.0678970875931047,0.0936610088238112,0.0968781402972783,0.0758110201797418,0.0346184784954264,-0.0174210562931271,-0.0679592263874425,-0.104461751649957,-0.117265073206162,-0.102068752926381,-0.0612266317321894,-0.0034620239085709,0.0579965994524944,0.108468837109027,0.135356623880081,0.131299000572174,0.0961480109813076,0.037234875757556,-0.0321914190059629,-0.0960164733537968,-0.139086392245584,-0.150880742481522,-0.128124543981031,-0.0756779950589914
-0.00416986446195344,0.0692241080642508,0.126951646780349,0.155763592456968,0.149213905103151,0.109133146814552,0.0451108267741302,-0.0278625342170661,-0.0929974911898753,-0.135665826480187,-0.146764765494282,-0.124696565043318,-0.0755279438590669,-0.0113442204104631,0.0527530588273403,0.102246410973952,0.126529179478501,0.121190450201473,0.0887716203719322,0.0378891639813011,-0.0189986057130614,-0.0686063293978374,-0.0998946498604648,-0.106500625451002,-0.088002910209663,-0.0497851424177199,-0.00158577390436783,0.044887875462475,0.0787113982867879,0.0922330070445746,0.0827543679007226,0.0530507254686797,0.0106404711372274,-0.0340133795170856,-0.0699596489671461,-0.0883240459383456,-0.0844090993313367,-0.0588511150284982,-0.0175555862564744,0.0296019570089461,0.0710438086861412,0.0962288648049867,0.0982349430995682,0.0755669181496475,0.0327285919278797,-0.0206304065549796,-0.0718491692981384,-0.108213342420657,-0.120057218014601,-0.103262057941007,-0.0605113463020136,-0.000935526019763092,0.061841889304333,0.112846024506435,0.139351996933269,0.134069791938412,0.0971061554353841,0.0361756715069021,-0.035044445258163,-0.100060387645901,-0.143470356438069,-0.154690885053616,-0.130581165204482,-0.0763014985625496
-0.0028295086999818,0.0719330588485698,0.130406873729767,0.159206388879405,0.151919677983159,0.110569017421728,0.0450450950175601,-0.0293223610337379,-0.0954444071645914,-0.138499110379956,-0.149335391930917,-0.126457467012832,-0.0761542091068775,-0.0107962353248205,0.0542364281283293,0.104220628909517,0.128463205371822,0.122601928861517,0.0893446094333806,0.0375459593157983,-0.0200880815769168,-0.0700783808148011,-0.101294049453942,-0.107404597865854,-0.0881350914538499,-0.0490904782008119,-0.000247208751235376,0.0464954299834837,0.0801185194834375,0.0930002595446921,0.0825923572698185,0.0519048874465735,0.00871809906001061,-0.0362823815388239,-0.0720205102741214,-0.0896309145242646,-0.0845629010847866,-0.057707567890428,-0.0152757048311842,0.0325733706860894,0.0740691474042672,0.0986187674927434,0.099407452102934,0.0751876469160675,0.0307984198721184,-0.0237620380084368,-0.07555045549328,-0.111702661699344,-0.122573369978541,-0.104234310621971,-0.0596906630796407,0.00154355884693564,0.0654839767238341,0.116898252910642,0.142965749390885,0.13648481775039,0.0978159634748526,0.0350372751311528,-0.0377807218476592,-0.103807313303584,-0.14743342972674,-0.15804204684978,-0.132637848829478,-0.0766713627134282
-0.00145257701337237,0.0744460839276855,0.133471353396972,0.162143194577966,0.154108786774686,0.111584659727632,0.0447421926901741,-0.0307886831435826,-0.0976684848706373,-0.140929780458711,-0.151410200339162,-0.127733815788777,-0.076406812767652,-0.0100589710812348,0.0556924809886227,0.10596572448627,0.130023325457488,0.123580038912061,0.089518673009093,0.0369198796667859,-0.0212923950876788,-0.0714848531543445,-0.102475344799623,-0.107997635939635,-0.0879396800567849,-0.048125811032469,0.00124852159826828,0.0481228441283874,0.0814183836371023,0.0935733173326886,0.0822076222463238,0.0505687148392085,0.00668555761298105,-0.0385584582101947,-0.0739921992206823,-0.0907860710377505,-0.0845531423300429,-0.0564420706506112,-0.0129568420755183,0.0354832102094375,0.0769439653668841,0.10080770219646,0.100384376347094,0.0746768541709343,0.0288465385958947,-0.0267858068923789,-0.0790274509891478,-0.114896107933411,-0.124789292627369,-0.104976143445372,-0.0587724889078931,0.00395134443074387,0.0688877738109622,0.120586492542152,0.146163086649008,0.138520836031778,0.0982706139389865,0.0338306560011182,-0.0403738986240708,-0.107221165995421,-0.150937435451562,-0.160901930724597,-0.134274756979573,-0.0767839977130496
-5.23002272417991e-05,0.0767390058959714,0.136115601094442,0.164545765040321,0.155760197949888,0.112170344302847,0.0442050833628339,-0.0322473408083308,-0.0996482709188358,-0.142934390240148,-0.15296916342997,-0.128513267585422,-0.0762832704963693,-0.00913948215471017,0.0571072338719309,0.10746492760881,0.131194552995941,0.124115402592144,0.0892921785802175,0.0360169961864496,-0.0225999112412821,-0.0728121692227241,-0.103427129886718,-0.108273999540457,-0.0874185292396438,-0.0469004033890907,0.00288703841811963,0.0497544686803677,0.0825984934140817,0.0939466795125246,0.081603882502624,0.0490550872506214,0.00456243170682405,-0.0408196783411694,-0.0758557147925617,-0.0917783790640279,-0.0843799097164026,-0.0550668092955156,-0.0106213321849956,0.0383034511583516,0.0796405806338131,0.102774597186231,0.101156316233527,0.0740394619802747,0.0268917413504053,-0.0296725996904999,-0.0822466724322344,-0.11776291892132,-0.126683630666967,-0.105480397962022,-0.0577656595162391,0.0062646417173642,0.0720204991097814,0.123875231360981,0.148913236757062,0.140158266604225,0.0984657541870417,0.0325674519144467,-0.04279899122119,-0.110269055728715,-0.153948604495096,-0.163242958123328,-0.13547608301091,-0.0766382802325739
0.00135787612180011,0.0787897785112386,0.138314191205979,0.166391011780451,0.156858065353023,0.112320489797018,0.0434389932137693,-0.0336842399495798,-0.101364655153838,-0.144493586910815,-0.153997213743521,-0.128788258164101,-0.0757847160569106,-0.00804657343918806,0.0584671067494096,0.108703843085532,0.131965653048524,0.12420291097585,0.088667354308187,0.0348460480368448,-0.0239979983297621,-0.0740475100717634,-0.104140204180261,-0.108230993883075,-0.0865766261482824,-0.0454260267973422,0.00465258978899473,0.0513746166600738,0.0836475086406056,0.0941167726953967,0.0807869708467541,0.0473785966506926,0.00236918178827973,-0.0430442501864616,-0.0775930932472246,-0.0925982653021984,-0.0840448587644225,-0.0535950214320079,-0.00829166408427102,0.0410069380447523,0.0821330341388615,0.104500526282819,0.101715853713794,0.0732816192723978,0.0249528575513474,-0.032394613240187,-0.0851771094848523,-0.120275468360277,-0.128238116209613,-0.105742194282677,-0.0566798546888137,0.00846118228964807,0.074851993351351,0.126732816770189,0.15118974599397,0.141381378587201,0.0983995410215614,0.0312598563487605,-0.0450326220796006,-0.112921604087121,-0.156437901405531,-0.165042536073835,-0.13623020536532,-0.0762355657142471
0.00276441974040211,0.0805786976344124,0.140046000514628,0.167661222788031,0.15739188058497,0.112033714418648,0.0424513586408126,-0.035085489665896,-0.102801056376019,-0.145592299516972,-0.154484390824334,-0.128556077898026,-0.0749158925559462,-0.00679071738410922,0.0597590521605537,0.109670587611494,0.132329248961252,0.123841771370991,0.0876502657741089,0.0334183565399133,-0.0254731511137997,-0.0751789398422798,-0.104607662546351,-0.107868996759022,-0.085422045047175,-0.0437168496138376,0.00652820122593707,0.052967713383081,0.0845553545569195,0.0940819845567149,0.0797647763396967,0.0455554062735636,0.000126946272844235,-0.0452107318868247,-0.0791875817704761,-0.0932378124082111,-0.0835511984144097,-0.0520408690675786,-0.00599026497378691,0.0435676456441685,0.0843973392742857,0.105968890508595,0.102057623108583,0.0724106422171103,0.0230485713010996,-0.0349256225601913,-0.0877905237589126,-0.122409532569215,-0.129437745640516,-0.105758978982608,-0.0555255056781709,0.010519832404163,0.0773550094970733,0.129131759688492,0.152970732412668,0.142178440416557,0.0980726570516948,0.029920499950714,-0.0470532464535539,-0.115153228143579,-0.158381305416939,-0.16628327659843,-0.136529801495667,-0.0755796771583969
0.00415384003895727,0.0820885892263949,0.141294409693663,0.168344230848014,0.157356571719849,0.111312846775666,0.0412517523955123,-0.0364375380379871,-0.103943584005882,-0.146219886221177,-0.154425939442789,-0.127818900223863,-0.0736851090025527,-0.00538395517033987,0.0609706789897625,0.110355902361597,0.132281891505258,0.123035513029333,0.086250755712304,0.0317477144387321,-0.0270111224571839,-0.076195522205975,-0.10482496320649,-0.107191456296198,-0.0839658708557709,-0.0417893017557485,0.00849583804746891,0.0545184453678954,0.0853133177732243,0.0938426783735065,0.0785471674833737,0.0436030942761481,-0.00214266265304579,-0.0472982386582341,-0.0806238006187767,-0.0936908360652731,-0.0829036608059829,-0.0504193026880104,-0.00373928468086436,0.0459609292166031,0.0864117122384834,0.107165577073839,0.102178361899319,0.0714349430856387,0.0211972410051473,-0.0372412338151483,-0.0900617214079395,-0.124144524792799,-0.130270925381662,-0.105530550929256,-0.0543136957320077,0.0124207957466092,0.0795054743048539,0.131048998092745,0.154239094958054,0.142541830993858,0.0974883023922726,0.0285623274438452,-0.048841361192165,-0.11694238827654,-0.159760043606857,-0.166953166362332,-0.136371920689316,-0.0746768704333268
0.00551281593226828,0.0833049726594225,0.142047461094619,0.168433528196164,0.156752549498555,0.110164896067125,0.0398517890369346,-0.0377273048361268,-0.104781174058046,-0.14637023911914,-0.153822357828855,-0.1265837631155,-0.0721041625258975,-0.00383978279912906,0.0620903698386958,0.11075324018081,0.131824090081114,0.121791951187313,0.0844823473895478,0.0298502514021119,-0.0285970620950835,-0.0770874272270119,-0.104789973010678,-0.106204859215763,-0.0822220937138553,-0.0396619176397229,0.0105365779648865,0.0560119067021249,0.0859141290444638,0.0934011884402958,0.0771458962512003,0.04154048368855,-0.0044177678698552,-0.049286644707002,-0.0818878921548663,-0.0939529455078771,-0.0821084565534807,-0.0487459179236042,-0.00156038287908769,0.0481637612234507,0.0881567809537687,0.108079094200744,0.102076941037095,0.0703639483025589,0.0194167218370651,-0.0393191199652515,-0.091968796727481,-0.12546369479088,-0.130729585100342,-0.105059064736699,-0.0530560546529734,0.0141458029431886,0.081282718931244,0.132466117538047,0.1549826762066,0.142468110966468,0.0966521618449491,0.0271984711964713,-0.0503796942345455,-0.118271797447607,-0.160560773875633,-0.167045684840624,-0.135758014999857,-0.0735357763604382
0.00682832183111411,0.084216197850227,0.142297971399831,0.167928326503211,0.15558570065624,0.108600982011798,0.0382650107062007,-0.0389423097674299,-0.105305698030731,-0.146041845517876,-0.152679395359822,-0.124862503666003,-0.070188226914072,-0.00217302311226131,0.0631073909394166,0.110858826607756,0.130960305763866,0.12012310985928,0.0823621126308466,0.0277442771317487,-0.0302156611397426,-0.07784602755501,-0.104502989534363,-0.104918669835772,-0.0802074755406115,-0.0373551587968126,0.0126307922716723,0.0574337414999271,0.086352032110601,0.0927617964493247,0.0755744839211933,0.0393874603233539,-0.00667643876466966,-0.0511567778961724,-0.0829676553060356,-0.0940215868794558,-0.0811732159153311,-0.0470368061594607,0.000525478795357539,0.0501549522847859,0.0896157705757535,0.108700680528574,0.101754374519746,0.069208006514805,0.0177241927900028,-0.0411392368038325,-0.093493344380638,-0.126354291740243,-0.130809257212324,-0.104349011755354,-0.0517646483571473,0.0156782860465571,0.0826696763962495,0.133369526592468,0.155194377235407,0.141958053533206,0.0955723479543334,0.0258421227351532,-0.0516533729297867,-0.119128589854442,-0.160775715901365,-0.166559869770733,-0.134693927892565,-0.0721673200426915
0.00808775069965229,0.0848135549836126,0.142043598150887,0.16683356171331,0.153867328552425,0.106636225287196,0.036506754412925,-0.0400707949403648,-0.105512043572295,-0.145237804990618,-0.151007999628751,-0.122671646317023,-0.0679557084648196,-0.000399684899291106,0.0640119936254541,0.110671694221935,0.129698906334547,0.118045104201435,0.0799105058295121,0.0254501036426618,-0.0318513008746889,-0.0784639829644495,-0.103966739726713,-0.10334524035231,-0.0779413898228511,-0.0348912178290115,0.0147583339281374,0.0587702811208563,0.0866228379842404,0.091930689106367,0.0738480898491295,0.0371647804287278,-0.00889690320764788,-0.0528906052560189,-0.0838526641116456,-0.0938960689649042,-0.0801069163862562,-0.0453084004975968,0.00249823775567678,0.0519153542802319,0.0907746638482955,0.109024388095042,0.101213808194634,0.0679782876072724,0.0161359900184435,-0.0426840172632432,-0.0946206381563806,-0.126807688818777,-0.130509121845518,-0.103407178713136,-0.050451864434853,0.0170035363720016,0.0836530440701198,0.133750585570122,0.154872223599519,0.141016634567946,0.0942593205719062,0.0245064035185494,-0.0526500694846658,-0.119504447251348,-0.16040272871458,-0.165500329157987,-0.133189840611893,-0.0705846181192426
