-1.35663459923396e-16,0.0112244784022904,0.00572083226778143,-0.00706994176421774,-0.0069543029742001,0.00572321052920869,0.00951264330030978,-0.00471504195253404,-0.0169229145373708,-0.00625832125422176,0.0172944641186152,0.023225868142822,0.000921265714467189,-0.0245875194075637,-0.0242949808552983,0.00117028218944344,0.0248410980243354,0.023755241960099,0.00183301537013022,-0.0195153789622232,-0.023425966791962,-0.00750729535845689,0.0147337072609981,0.0237331826786083,0.0116514556756275,-0.0102400823834742,-0.0206482460157966,-0.0101147071417907,0.00729373776793742,0.0125579301730329,0.00472899814055995,-0.00204673705662257,4.38830006442545e-17,0.00204673705662265,-0.00472899814055974,-0.0125579301730328,-0.00729373776793774,0.0101147071417904,0.0206482460157967,0.0102400823834746,-0.0116514556756271,-0.0237331826786084,-0.0147337072609986,0.00750729535845652,0.0234259667919621,0.0195153789622236,-0.00183301537012983,-0.0237552419600989,-0.0248410980243356,-0.00117028218944381,0.0242949808552983,0.024587519407564,-0.000921265714466958,-0.0232258681428219,-0.0172944641186154,0.0062583212542216,0.0169229145373709,0.00471504195253411,-0.00951264330030985,-0.00572321052920886,0.00695430297420008,0.00706994176421796,-0.00572083226778127,-0.0112244784022906
0.00185613417614734,0.00875573478652898,0.000351500308716746,-0.00688423755296264,0.000781297389149535,0.0118764593836527,0.00647246842774987,-0.0121892154129906,-0.0189937825326782,-0.00244214571176946,0.0185089131857268,0.0190969623977169,-6.60481802189397e-05,-0.0161057826196036,-0.0147052054001927,-0.00259181705086842,0.00764762175599568,0.0111971859658372,0.0095123674368065,0.00220599527288682,-0.00981586205285115,-0.0161210193343345,-0.00735102010169806,0.0094313027979889,0.0172911947730063,0.00849729753228065,-0.00616268619639746,-0.0113190076338927,-0.00638350938314528,-0.000911773566123941,0.00161847018022855,0.00518855859679947,0.0100544444742856,0.00816499053909352,-0.00439723924071611,-0.0171276970437875,-0.0154297040210639,0.00201881934382003,0.019412014523295,0.0196509925329428,0.00206423563442265,-0.0185297277336479,-0.0240663547028744,-0.00778952813295113,0.0166171981075039,0.0259685160909085,0.0100540584335877,-0.0163423169955379,-0.0250557433807982,-0.00672266478765836,0.0161097991638529,0.0174058403557745,-0.000705567481699925,-0.012714868027287,-0.0044162460257538,0.00831740127204822,0.00504771160998231,-0.00853081718507498,-0.0102606999508046,0.00464860282322849,0.0151302345968621,0.00562666107013777,-0.010640340629724,-0.0116751035088562
0.00188608151637283,0.00453263424329238,-0.00243711786120188,-0.00364624320524844,0.00506610583056043,0.00946398086053372,0.000195478052370573,-0.0111410464134911,-0.00831033302757546,0.00444846542911206,0.00889218238641374,0.000624305983277703,-0.00519078605828408,0.00155791058091119,0.00857527308948083,0.000539274106437593,-0.0143939630060069,-0.0139317465292073,0.00650099112987754,0.0237850512343264,0.0150411593412649,-0.011212948212457,-0.0256033628027961,-0.0138543434723094,0.0101080955058733,0.0222803145062886,0.0138484658533555,-0.00378818669173514,-0.0154823158871884,-0.0145139035429044,-0.00337612036591496,0.00919957027013344,0.014310621719658,0.00872264453680274,-0.0026032477460146,-0.0109268815717553,-0.0116008803572733,-0.00524490458347175,0.00468149091842006,0.0126970817380788,0.0124257456670002,0.000719146284359754,-0.0144964152209581,-0.0172638941237175,-0.00288853203880223,0.0139130706772449,0.015489502904711,0.00181454995550029,-0.00951648297184468,-0.00703825520593991,0.000114700638884439,7.47158597331439e-05,-0.00304621392334474,0.00177036596478702,0.0116927698013985,0.0102976380098723,-0.00653687079662675,-0.0192166932756973,-0.00993797244914132,0.0113793857026737,0.0184678374140913,0.00409733159228431,-0.0111972889624607,-0.00944366964146886
-0.00024260945252,-0.00118802495689186,-0.00232883732499717,0.00219072865164521,0.0060451881266554,0.000593564433049802,-0.00773136635972641,-0.00468165608391577,0.00849692797729987,0.0121300301337253,-0.00387222371080013,-0.0203851595248934,-0.0118331632245364,0.0164380167622494,0.0297628813531469,0.00782330068961235,-0.026326133556916,-0.0329517318083773,-0.00334172491795142,0.0303139295401117,0.0321245205290988,0.00234341284651881,-0.0268616909904747,-0.0284797243061662,-0.00425988160060933,0.0212737041424666,0.0253790322312224,0.00729318475392134,-0.0144059418797642,-0.0201563352892867,-0.00712503471781422,0.0089014247234196,0.0120700780294908,0.00371802611855083,-0.00265087493881978,-0.00086334183800726,0.00070512763670794,-0.00503701103613897,-0.0104936666479954,-0.00391443334712233,0.0113663423089509,0.0172457360846548,0.00422518998380876,-0.013907601879345,-0.0174961826584148,-0.0046676301776155,0.00991251286001258,0.0136897208979112,0.00770469941474192,-0.000779298934681077,-0.00878722433061524,-0.01314154872834,-0.00734157391032871,0.00778867508525786,0.018545884091661,0.0111784604471401,-0.00861062466267981,-0.0187513286473983,-0.00832234528033684,0.00886079007141436,0.0128758443388878,0.00286687423783392,-0.00543783303454485,-0.00401165627139058
-0.00313348521832839,-0.00739575041355227,-0.00132639865433028,0.00788019142988741,0.00543348849410209,-0.00815278489508626,-0.0131410150619416,0.00204500813623293,0.0203181377412706,0.015241470587234,-0.0121739626455652,-0.0296513899035538,-0.0132062596981702,0.0207053625557455,0.0335411681492203,0.0106702986072529,-0.0223064159335804,-0.0311073281730267,-0.00961090940908361,0.0188196749183722,0.0279516273433203,0.0126031957303541,-0.0114184611478652,-0.0239967991256889,-0.0151203578895197,0.00711421379249153,0.021628787759232,0.0147046720812633,-0.00523566116666967,-0.0163686456908034,-0.00832124173517354,0.00576043677095994,0.00766095426558394,-0.00147470720008184,-0.00496659273328498,0.00358679078236904,0.0102452101479289,0.00174955637762393,-0.0133480523850141,-0.014915126316995,0.00142097096172686,0.0173379205973464,0.0147048357986052,-0.00227991430980876,-0.0148549288010145,-0.0126166765236902,-0.000827316724679734,0.0092610828974038,0.0113304315684499,0.00595596667774698,-0.00345320268206894,-0.0106217003556452,-0.00870539627077969,0.00109763917599556,0.00922998734443705,0.00796962522727809,0.000161396585792724,-0.00498613791102071,-0.00428410050505858,-0.00203668941475644,-0.000895238742862634,0.00136437369865294,0.00483088952679996,0.00387122142456067
-0.0047850954614335,-0.0121447641078821,-0.00159519234315361,0.0100909325517428,0.00453158479652383,-0.0108955934242791,-0.0122808065813151,0.0057353695446012,0.0200050085630973,0.00999569817351296,-0.0134886252277791,-0.0216274163464452,-0.00516220650756404,0.0152622910879255,0.0173971520639929,0.00337542456379244,-0.00857711642502547,-0.00959661754955644,-0.0052897028859609,-0.000564799389870848,0.00564760753191844,0.0114178271548493,0.00865997806383718,-0.00477071666957257,-0.0155943871447832,-0.00963231985262281,0.00719786039739869,0.0149510486590758,0.00547001901938439,-0.00766294413787034,-0.00818527659364007,0.00125945155021923,0.00527309337826223,-0.000914045834561829,-0.00590015180612466,-0.000711266013823649,0.00779524254980145,0.00726675727230039,-0.00252318035742824,-0.00983979993056078,-0.00683762187808557,0.00191781461693078,0.00723937125767627,0.00615910735908341,0.00194731040234634,-0.00268994219813777,-0.00632187491354597,-0.00656027012040503,-0.0018645059224528,0.00573299206380062,0.0101491070239882,0.00644670097863693,-0.0032440040387377,-0.0115339972329123,-0.0110987714193303,-0.000322680829570408,0.0126688726872637,0.0150398114807321,0.00211829092715173,-0.0144682289574756,-0.0165245818387987,-0.000808782221535064,0.0146708157356253,0.0116010915446691
-0.0041000279017742,-0.0133670773726916,-0.00345020710057839,0.00756377603615358,0.00366745848317824,-0.00662181719459905,-0.00550390757000071,0.00580321467160018,0.00935027312571651,-0.00103465753138344,-0.00977855173740302,-0.00344044690686794,0.00809159702327125,0.00650438976356685,-0.00620044002049608,-0.00972911672747819,0.00378545165997024,0.0155199650888037,0.00629002801572209,-0.0138252302502074,-0.0177871121741514,0.00126644465995353,0.0198831091902421,0.0146354005968422,-0.00719040786042115,-0.0182460024029098,-0.00724647315353033,0.00944654222208885,0.0119339296833815,0.000795829716902586,-0.00764605481573317,-0.00397096638577322,0.00424537782517587,0.00528134580146415,-0.00157516478655424,-0.00737815039939617,-0.00470634915716324,0.00446288782712533,0.0108304094584851,0.00703541659699377,-0.00508832083600254,-0.0146945800115059,-0.011160013458152,0.00420509118352386,0.0177900550685914,0.0156357500527022,-0.00200713899837915,-0.0191405626902797,-0.0196894958125262,-0.00208723127762738,0.0190359403418782,0.0240824507689093,0.00673700995694507,-0.0185375692294874,-0.0278554597253349,-0.00990717434869654,0.0190787085834675,0.0288628533703788,0.00829605287989189,-0.0203414321904066,-0.0254458964638017,-0.00308662370601787,0.0187597508747368,0.0156150234919975
-0.00160192665770014,-0.0102381708899405,-0.00522069530093148,0.00237181531960732,0.00302567537702559,0.000795434299229268,0.00199610641479569,0.0026658562585289,-0.00318840755446233,-0.00923889685186156,-0.00342341627604226,0.0113464358108339,0.015568201217866,-0.000708106439687124,-0.0199146987858227,-0.0166256002149775,0.00849142021869528,0.026111581485463,0.0139512830101832,-0.0142271334638466,-0.02556336880406,-0.00805310711050431,0.0169130146706263,0.0214390766682972,0.00318318432740392,-0.0149929335596019,-0.0140481442223115,0.00120127391774628,0.011848317324006,0.00731779127251461,-0.00466699461359125,-0.00853342762818849,3.62595407909e-05,0.00946037047099541,0.00680430805507994,-0.00655087066092287,-0.0146451169021941,-0.00525237566658861,0.0131893962423653,0.0196176420142996,0.00440646052393849,-0.0177155584451725,-0.0225547945734744,-0.00414404822536834,0.0191318428136779,0.0241198007769379,0.00600439310252071,-0.0173809806213932,-0.0245963377532392,-0.00960497273881909,0.01473203662394,0.0262195853160243,0.0131184816650265,-0.0132533219244345,-0.0275251846760937,-0.0141337176352725,0.0139888344762147,0.0266237909929012,0.0103777781661456,-0.0155871559670904,-0.0220829337068284,-0.0042538437173444,0.0145057583967818,0.0134388352954807
0.00108686633008014,-0.00403341327107377,-0.00499137770610198,-0.00160296169986474,0.00333498592832738,0.00625398276283947,0.00386241825172536,-0.00364371494883072,-0.00971418550868223,-0.00648950339467412,0.00514607632291154,0.0136179874778531,0.00834569615114386,-0.00662210578685853,-0.0153976765046337,-0.00830173542569682,0.0075078384403004,0.0159850306393256,0.00898424501560594,-0.00579764319975376,-0.0141203212960503,-0.00901811424936477,0.00443248160966454,0.0138503395273333,0.0100099223012916,-0.00361522714699272,-0.0130956033263505,-0.00827249644650897,0.00578078692706511,0.0128858382489208,0.00418402307495909,-0.00914007773078014,-0.0097694815375989,0.00299932813261257,0.0122964366989707,0.00511345016415147,-0.00975747269269783,-0.0124722727305807,0.00103781978082557,0.0142015375718118,0.0108346007628488,-0.00487562101012864,-0.014219660635144,-0.00785673958649728,0.00559485994865875,0.0120995226240171,0.00682829909084534,-0.00310448041553504,-0.00893862574374157,-0.00742091790006384,0.000123338294785826,0.00779925668839799,0.00860414575990413,0.00115488243535332,-0.00788183171241814,-0.0088175189536468,-0.000222560796377989,0.00791479729553007,0.00637339336485351,-0.00226536667181997,-0.00737219478435006,-0.00352525431906805,0.00352190239561122,0.00544120422688913
0.00251240998272948,0.00243943735409136,-0.00249547548930849,-0.00185861490510586,0.00518783177838661,0.00739397478573745,-0.0018950216788885,-0.0123923022354591,-0.00867271285470237,0.00717943186858201,0.0155867902307728,0.00524994149315817,-0.0112965944769831,-0.0133518941626888,0.000882309664644753,0.0118432401149647,0.00648532884993704,-0.00493629478370258,-0.00593481483471557,0.00269973895405588,0.00553119305611041,-0.00288787885961214,-0.00842904900871199,0.000548344169317901,0.0128610516099826,0.00910120541233249,-0.00897359618476017,-0.0181529361572744,-0.00411164375372663,0.0172900140415967,0.0184695937701408,-0.00291511150230563,-0.020762879096314,-0.0141156081203283,0.0083171916486586,0.0200996155687838,0.00958168051783852,-0.00885119793786924,-0.0157587151938015,-0.00715065516138903,0.00600486725412624,0.0122684336233357,0.0090953271472613,-0.000466835561473298,-0.0105337568127588,-0.0130242074431154,-0.00368535772382097,0.0115130733247572,0.0177112309884056,0.00584147681270755,-0.0137387269448011,-0.0203933844226214,-0.00592242047851115,0.0151678423456372,0.020120889707178,0.00371832785193201,-0.015689381778905,-0.0175617418889036,-0.00162147335613053,0.013263663692532,0.011695655341348,-0.00137361658092958,-0.00935863547512921,-0.0050267880630047
0.00243447756091688,0.00662611948024048,0.000668566617404932,0.000599744814932826,0.00754056312410246,0.00552460320529697,-0.0103059076943468,-0.019914961293571,-0.00443405200848375,0.0216849727334202,0.0241158930773415,-0.00395148838390797,-0.0291237757660828,-0.0192154264600391,0.0141819112084009,0.0286869432209301,0.00750991469227304,-0.0194879576085825,-0.0180340756816397,0.00612310442546865,0.0179197717795813,0.00254017764063137,-0.0151570069590474,-0.00796769027698613,0.0139018390809574,0.0175588626542731,-0.00513515677109726,-0.0251264576411726,-0.0140592935206027,0.0173234327596908,0.0304973129163146,0.00827010536815899,-0.0240491784189857,-0.030142403373722,-0.00368841967721674,0.0260749013177313,0.0284885363074716,0.00354122596225239,-0.0229540953234675,-0.0267575709446641,-0.00614542910909878,0.0194668253912551,0.0281233143469968,0.0120201912242089,-0.0160815321961231,-0.0310967230972253,-0.0172219213682693,0.0153875439931518,0.035677762077365,0.0205919992795653,-0.0174820996549878,-0.0395233378729742,-0.0205941447864316,0.0208031432735941,0.0399146713003061,0.0155499203666678,-0.0246549311147414,-0.0361145100583231,-0.00854966197564016,0.0240924752986663,0.0259740881318895,0.000699654562206794,-0.0186691308357962,-0.0132594831384556
0.0018559506570893,0.00782563635714785,0.00262701492460839,0.00211463454560244,0.00724495146795492,0.00308011718648411,-0.0127728827976447,-0.0197583239712713,-0.00186060010723255,0.0235648746476765,0.0232014849133295,-0.00578950422534179,-0.0290041078795035,-0.0177858282835084,0.0140371087804931,0.0266536743753946,0.00665273205343315,-0.017371732448044,-0.0155077947647753,0.00571839343408834,0.0153737671626534,0.00127484588379204,-0.0145043922702411,-0.00785140506897885,0.0130246844466391,0.0185757629579784,-0.0012421572628456,-0.0229924626903365,-0.0185397257725642,0.00966790207737383,0.0290967079608295,0.0165179995549263,-0.0143876769609907,-0.0299108180915209,-0.0133413446815071,0.017119762692855,0.0293191568109116,0.0123492112046079,-0.0151620787387879,-0.0263260658425159,-0.0120176156716191,0.0127096693381984,0.0254871443627604,0.0155007986498462,-0.00895091035527415,-0.026437119617091,-0.0196680037954703,0.00801062024738301,0.0310712085303594,0.0235522601133567,-0.0109257038072268,-0.0370237914762417,-0.0240012332118467,0.0168789517651013,0.0403793774860169,0.0186400613811236,-0.0239046830515451,-0.0384345415245844,-0.0100620031923031,0.0259016788326257,0.0289389247217725,0.00128023632120606,-0.02082769438548,-0.0156167226537117
0.0019669202532873,0.00725077307031159,0.00297679405714818,-0.000338099858035941,0.00094213995809841,0.000510475557971022,-0.00426235543754886,-0.00687346829777553,-0.00133867249254685,0.00686887258445892,0.00694297748634043,-0.000781293602182096,-0.00624439860234642,-0.00367983366310255,0.00225918500583517,0.00308875043894929,-0.00095734131652358,-0.00232017043999503,0.00157183631888645,0.00519092112732812,0.00260230206183521,-0.00456851850708688,-0.00831012281250437,-0.00312571270637456,0.00685121199348713,0.0111076894911817,0.00441797740412219,-0.00760555110015412,-0.0128165954026946,-0.00431007261374176,0.00936472400891513,0.0133119642558588,0.00363200226979043,-0.00874632666517391,-0.0100694784959069,-0.000282615350316698,0.00791518407661924,0.00635534894747946,-0.000590458565954772,-0.00400260135181869,-0.00179580110490629,0.000993723083130988,0.00178512652062658,0.00192082918517997,0.0011712371099232,-0.00195619813589871,-0.00485268460663826,-0.00140427963605262,0.0073994794548095,0.00977770370763922,-0.00172486765326445,-0.0157163663537157,-0.0126741070640088,0.00805080322639324,0.0224813615327168,0.0107628017105069,-0.0152132542209299,-0.0243267579736105,-0.00551290689012092,0.0182453544977306,0.0196108167583087,3.59059332306697e-05,-0.0154252619053607,-0.0113475968972304
0.00291002692417142,0.00653979851237343,0.00302873337205472,-0.00612297129651542,-0.0114456701284258,-0.00398069701059995,0.0116337548887644,0.0167851995710501,0.00105908391118456,-0.0204253146002313,-0.0214256130352544,0.00355244109188596,0.027039986683354,0.020060209697134,-0.00985793713693831,-0.0277022047941621,-0.0138391256811474,0.0127991481306355,0.0204803256613266,0.00533292995391986,-0.00904057560975678,-0.00688236278713852,0.00120388022616734,-0.000139266696645263,-0.00655784155943741,-0.00291545880366373,0.0111114780977705,0.0166469149351472,0.00215400379485481,-0.0174775794177422,-0.0197365916592918,-0.00155270519435712,0.0182874501433168,0.0206493624892984,0.00554189802806215,-0.0127264792962747,-0.0203087815720378,-0.0115476520814388,0.0076536158553042,0.0223820072635819,0.0184207114667571,-0.00365531111348223,-0.0233783575248686,-0.0198542412844407,0.0037902445685386,0.022533946088551,0.0172809301270746,-0.00381585510912625,-0.0170781229806972,-0.0113300442366979,0.00276449789495921,0.00932300327092185,0.00568966130445952,-0.000192930630571331,-0.00273596868528827,-0.00292010114323436,-0.00284866290339607,-0.00134203961902956,0.00209952012112386,0.0042461225314423,0.00236492527791994,-0.0022242737413589,-0.0050656375463309,-0.00282637754192483
0.00354182364903955,0.00610938519336334,0.0043330385224087,-0.0108495065407482,-0.0246210972462166,-0.0113966900359932,0.024386279975963,0.0403758623070749,0.00833553192569992,-0.0407337352014268,-0.0476236500628341,0.00096995777270985,0.0494289176610469,0.0404301094439459,-0.0122856438857278,-0.0444405403929793,-0.0230247385414614,0.0172984359993153,0.0261025778945753,0.00322161719159019,-0.0115648144944682,-0.000292764288487232,0.0113008717049442,-0.00148123722490105,-0.0221934754189292,-0.0169730893198418,0.0152005565402549,0.0359989914061558,0.0171420600906953,-0.0219131827277642,-0.0386701960293087,-0.0164005801065226,0.0206342332216464,0.0362221911770334,0.0191669876839258,-0.0125372063830246,-0.0319570319383777,-0.0235681033131389,0.00522971037218286,0.029985213935307,0.0284871516232782,0.000516946232374989,-0.0279428379812868,-0.0286204942989037,-0.000946799363643922,0.0268063014623813,0.0267328523857126,0.000321976655836826,-0.0243980503600869,-0.0226252336845429,0.00210285012775949,0.0227407065324485,0.0182035352386006,-0.00554806771586477,-0.0223822079891882,-0.0140790468115854,0.0088818279704208,0.020374091097412,0.00880857511605132,-0.0106429978754789,-0.0155536796244985,-0.00430953864657457,0.00593604769072,0.00583459679946961
0.00241683520388844,0.00482089039258663,0.00678785598497881,-0.00969519989203578,-0.0300053942062309,-0.0188831153448196,0.0241696713156467,0.049093542734809,0.017385140782615,-0.039682366250306,-0.0541251185034217,-0.00682158691613218,0.0454105040896222,0.0421036757001345,-0.00507407778715309,-0.0352886608674373,-0.0193431939504939,0.0105251930741728,0.0137031491471486,-0.00306614466752902,-0.00570265743033378,0.0111496289734543,0.0171601144206891,-0.00465262340150936,-0.0287684813655088,-0.0212344606245095,0.0134865588594643,0.0354496522658774,0.0192240197001823,-0.0156455740595771,-0.0317045963476536,-0.0157294174624609,0.0123284533699383,0.0246643355531694,0.0140969102895893,-0.0054007221371736,-0.0166296968165813,-0.0122292780561806,0.00145860286572757,0.0117921901559766,0.0114474657068599,0.00208626176668789,-0.00767486081284262,-0.0092972278937818,-0.00191687639178571,0.0077991707701016,0.0105108322340569,0.00173435073293508,-0.0114777256120188,-0.0137233970464393,0.00169721622620616,0.0197378997792019,0.0171090733229037,-0.00862003805247137,-0.0294496377709167,-0.0175504186018707,0.0164065535376732,0.0329655940566429,0.0123307183374239,-0.020464619174013,-0.0271257455165884,-0.00534349982658573,0.0133847223290488,0.0109128686042232
-0.000900704314781698,0.00120109877253801,0.00810994629628973,-0.00171161080626145,-0.0215316361224093,-0.0203410436944292,0.00972586606298799,0.0339647157767056,0.019735665114768,-0.0172701574499772,-0.0328650068398776,-0.0112263257032148,0.0171307241980316,0.0197403974182437,0.00287395689605252,-0.00698666493742512,-0.00251378040014641,0.000469004130707348,-0.0065768405561967,-0.00985780633685772,0.00189052582608577,0.0161760545345027,0.0129919217745894,-0.00550505318909494,-0.0169725772520536,-0.00916020019305371,0.00629145424531551,0.0109537164325418,0.00283467062401109,-0.00400391116968023,-0.00124076171309013,0.00449526551600877,0.003381126088939,-0.0052112999436444,-0.0110476611388952,-0.00423505386221393,0.0114567973134197,0.020407755793294,0.00967062224353214,-0.0147133167613414,-0.0273341735423782,-0.0113929926946205,0.01844461615481,0.0303384048510611,0.0111220051108302,-0.0168799999459121,-0.0233147870388629,-0.00704101110874257,0.00823216430412623,0.0091037568598529,0.00565478867992473,0.00759362231379497,0.00585422824504953,-0.00973305692307698,-0.0247963411725563,-0.0143098300525159,0.0169799656625261,0.0330661083830983,0.0125077096495048,-0.0211248845186486,-0.0280450250411691,-0.00483591748731247,0.0148902485926643,0.0107027292116207
-0.00529029851139204,-0.00479704178021791,0.00546106522499148,0.00860845440571448,-0.00098025889562723,-0.0110226192516885,-0.00985953998098674,-0.000182984414673173,0.00880712041318198,0.0119206970785702,0.00720603301923081,-0.00472057272594249,-0.016715672912427,-0.0153478685288886,0.00318430832669449,0.0206205376056482,0.0166273725994792,-0.00449964209647964,-0.0178848500833259,-0.00964702937542487,0.00511998417583074,0.0060779005862604,-0.00280225807178856,-0.00181574432983563,0.011179399953832,0.0144971127577461,-0.00367158177387412,-0.0245194931617372,-0.0212484472810368,0.00664243099403379,0.0310976777898126,0.0278490665934886,0.000957456800590095,-0.0269318546261526,-0.0348233807073699,-0.0141867970851761,0.0233964282825176,0.0478484227267266,0.0309697420373425,-0.0208583415969717,-0.0580322095232641,-0.0372118274767547,0.0237399166375039,0.0606180368914738,0.034018295925391,-0.023731698611064,-0.0484476961972224,-0.0216168300764945,0.0169284932346812,0.0266523339366689,0.0110123597759368,-0.00229999636907414,-0.00427983540003179,-0.00721472439045181,-0.0136855115703686,-0.00898330073278067,0.00979069958910234,0.0216577011211291,0.00980589909448014,-0.0127039307781406,-0.0181451198334757,-0.00241188773822907,0.0108295925444843,0.00596903936322318
-0.0086147802261898,-0.0109956453524813,-0.00180416212567885,0.0142226844755451,0.0217343268055098,0.00744532290097576,-0.0214569065749387,-0.0356518666556646,-0.0126344436412105,0.029578917743334,0.0442466650615371,0.0111098204720545,-0.0348463940336277,-0.0415956716984312,-0.00401471663628183,0.0297430970736858,0.0237657522627225,-0.00265295344971619,-0.0107935898367318,0.00122298799791704,0.00222240384584559,-0.0164071845598626,-0.0224914659532145,0.00659452330273997,0.0408352995502863,0.0323558984382109,-0.015505741911603,-0.0481612261031842,-0.0293942718350359,0.0162993825849712,0.0396528581794963,0.0260914144122276,4.39285248296289e-05,-0.0176700355465451,-0.0266663473317543,-0.0238966829010852,0.000762614095956456,0.0372928194840442,0.0474256137370455,0.00707728640565433,-0.0477574670486416,-0.0542417589151998,-0.00204827434097881,0.0511784042624908,0.0468251324154298,-0.00456299252143858,-0.0403571940248142,-0.0271052142574628,0.00771240576130598,0.0219318055534542,0.00962737813727382,-0.0041817493120254,-0.00417449931228991,0.000432519286909859,-0.00134516935576843,-0.00481210892495795,-0.00219954478203465,0.00330120392905519,0.0040419124530601,-0.000139561350267871,-0.0016165870678181,0.00213350540378727,0.00414895991759162,-0.00064253708207814
-0.00893321016662595,-0.0140078927374756,-0.0106976496642233,0.0108702242325631,0.0342697503843781,0.0261610858707722,-0.0178171990096273,-0.0527439990798506,-0.032278650645624,0.026853128492282,0.057355363859426,0.0250349027166651,-0.029162938404587,-0.0429009627240134,-0.0107353549633558,0.0174996541354038,0.0131984467381232,0.00162448479023958,0.00891916629106937,0.0163786785226699,-0.00525712418251174,-0.0373655712281254,-0.0306051080919052,0.0195700293775411,0.0533969631279514,0.0244726430779279,-0.0315499358646875,-0.0436918555831635,-0.00257929676519635,0.0311229670701417,0.0154849842290004,-0.0166782095960949,-0.0123029357740516,0.0207371514538683,0.0256249175582466,-0.0137161184966667,-0.0445518687139351,-0.0198658917894208,0.034976509455712,0.0515823557185851,0.00960032199424982,-0.038499296287501,-0.0403994342829834,-0.00205817396107172,0.0291977103298845,0.02481743576879,0.00226890689955958,-0.0109142663241288,-0.00983454094060319,-0.00508012298588414,-0.00324585951147474,-0.000919630710583567,0.00529708121855799,0.0107641805660219,0.00873405201331197,-0.00110276530273929,-0.0120872767357565,-0.014720499305449,-0.00489613477325774,0.00896215273940403,0.0142789879327974,0.00812546195017678,-0.00117266576855161,-0.00582822943768872
-0.00565240778794176,-0.0115514134738543,-0.016126180042998,0.000550152853698381,0.0298985215571304,0.0339283180096314,-0.00315792480487598,-0.0430997458428189,-0.0365789388431998,0.00996606089788504,0.0407853242260454,0.0249427931294477,-0.00936953500071568,-0.0208153325749482,-0.00922261125635921,-0.00309857866925368,-0.00605726746092514,0.00416337626888724,0.0251480243772397,0.0219627369694251,-0.0153709560301001,-0.0415072130226054,-0.0144691539587101,0.0360869530079863,0.0395879856995748,-0.0146522664837593,-0.0518873934519238,-0.0133979715372703,0.0539556541902925,0.05364599763682,-0.024560128850916,-0.0825554167052316,-0.0400055725000798,0.0599203442069535,0.096482855272234,0.0233158198998627,-0.0748682579709196,-0.090865024764351,-0.0120564293820545,0.0736200471562228,0.0802633511095326,0.0135890078469963,-0.05572917991715,-0.0668712730047774,-0.0188741029953221,0.0368245204578855,0.0528962132075158,0.0237235533027289,-0.0183627856450071,-0.0356675402514148,-0.0218508233033267,0.00118292081683622,0.014423094493919,0.0167592630718746,0.0138570355776076,0.00454111934004191,-0.0124993010409964,-0.0243919919454426,-0.0150324377384799,0.00884199648513245,0.022096212410104,0.0132573979706811,-0.00250001601334016,-0.00712874530283315
7.93658146180708e-05,-0.0043216856288754,-0.0144885189705574,-0.0097620259040533,0.0121609222945364,0.0251666807527574,0.0103764054793201,-0.0151823422153744,-0.0212244983634395,-0.0056733368101544,0.00796148642218953,0.00878478773034872,0.006677169416001,0.00684274784272949,0.000189621907275816,-0.0145215685912871,-0.016628544132737,0.00541998164340562,0.0242454598596309,0.00754609862518335,-0.0260537037955697,-0.0233111973601366,0.0233986730344832,0.0505301796881518,0.00586352932195166,-0.0656503163061132,-0.0662731515052839,0.0242726968037627,0.105672723716361,0.0711069872380829,-0.0506327951476413,-0.123299733331771,-0.0650067421947856,0.0654035996209094,0.130324819202832,0.0653054142415528,-0.0561548383665159,-0.117792609067476,-0.0676164358714144,0.0427686527546541,0.108387369446921,0.0740848588243251,-0.0243724167114513,-0.0942561038494726,-0.0705823495331425,0.0151861376331486,0.0744851238713093,0.0558332880330924,-0.00838288314008146,-0.046296808155622,-0.0322030312853497,-0.000416773984411658,0.0135346536834485,0.01154478447158,0.0115397959409187,0.0118549658883553,-0.00129193075396249,-0.0206838566316167,-0.0215735067092507,-0.000187938602356857,0.0179854508602334,0.0140465270973239,-0.000327215638286049,-0.0041782452804891
0.00597103154677246,0.00420006539697125,-0.00647812605179086,-0.0132515342912387,-0.00750421404168158,0.00465695441769517,0.0125762347860453,0.0122803458802268,0.00475942293233934,-0.00820967689234458,-0.0185173131911796,-0.012524125713629,0.00785133824501867,0.0198064162777187,0.00886727190700642,-0.008827396179149,-0.00727500813372061,0.00833589984601603,0.00502892554452896,-0.0230306365248605,-0.0322740916826456,0.00976229346288053,0.0622101870709049,0.0501595449157482,-0.0316468615102924,-0.0927311250647111,-0.0543928433541283,0.0491807407586475,0.106921048533509,0.0555680931147951,-0.0455878407362212,-0.0924657941299754,-0.0543928058920813,0.0247526111266039,0.0785033092298218,0.0696444074706759,0.0110894176894611,-0.0597339999835735,-0.087278931456328,-0.0348252143847412,0.0566685865367165,0.0983523574672706,0.0426078158271857,-0.0552528277100281,-0.0889029625886268,-0.0299457352610837,0.0469909910044976,0.0604601066780096,0.0129381741604076,-0.0272659497925277,-0.0231889741365748,-0.00236267040939341,0.00170881740050831,-0.00474228074484707,0.00144522329880199,0.016375289627792,0.0151331978832681,-0.00533926312893143,-0.0192671924760833,-0.0110838779481111,0.00446556428464878,0.0080438168920018,0.0020104577022664,0.00104855120447768
0.00977318845855476,0.00996048028518225,0.00324335016914297,-0.00826546538422721,-0.0177721481470559,-0.0151986613776912,0.00313883654632934,0.0238025358716169,0.0249233908252858,0.00139690156434647,-0.0237380743495294,-0.0234722275417252,-0.00250645434342025,0.0108928349879786,0.00800509438951478,0.00739163874288026,0.0168020689577033,0.0125793226588779,-0.0215351623769397,-0.0511599761509355,-0.0251465340390464,0.0436063586567034,0.0743857661667905,0.0201351760483693,-0.0600469537674606,-0.068339398156715,0.000531078955227304,0.054638951704754,0.0350900345271,-0.0151544196490849,-0.0194939015289815,0.0169774694965547,0.014459388698393,-0.0377150050576407,-0.0559812516752329,0.00800547596683728,0.0879277116739285,0.0709097889230969,-0.0412673065625605,-0.113756555761166,-0.058292463284231,0.0594124713118544,0.103581177281341,0.0336303192727738,-0.0547035956275225,-0.0673749587463154,-0.0152219486529058,0.028898446706962,0.0278495176492593,0.00932907505271707,0.00286022288142867,5.33833594413969e-05,-0.0122916926168185,-0.0225228165217502,-0.0118627245521913,0.0129664828025692,0.0247527860690235,0.0124939587954158,-0.00678445996326685,-0.0143974258236291,-0.0101458710839772,-0.0035658152732355,0.000849528645654468,0.00526292324125048
0.0102404547050135,0.0108897020746211,0.00933117350888056,0.000706908473539086,-0.0151793012201752,-0.0231075027440861,-0.00864224946867907,0.0174227070934723,0.0273308728134949,0.0112315183660449,-0.0107422381539747,-0.0166985148258813,-0.0113322452251273,-0.00895476046032652,-0.00222936666994355,0.0203327774471556,0.0370335035293576,0.0119702614616157,-0.0416056037947943,-0.0559673055565292,0.00241992167026542,0.0667741223961428,0.0455590682042718,-0.0425762703261869,-0.0762492054587086,0.00432093385781875,0.0930763694556761,0.0509426049699117,-0.0829884460799831,-0.127313621350405,0.00180722855949387,0.158504976990998,0.127475560481309,-0.0754351390490417,-0.204210611283438,-0.0989244476055223,0.124301224799849,0.205641745992285,0.0557492491109477,-0.13910536047203,-0.167348937676481,-0.0253066323647854,0.115345983184834,0.116786708402997,0.015353434604063,-0.0678043082229093,-0.0709616439300637,-0.0215286871552249,0.0232519368268922,0.0385845826225096,0.0297716265273849,0.00656611408475436,-0.0177308000625919,-0.0284970555631571,-0.019474892435236,0.0014651713744819,0.0182332821680052,0.0207931603768349,0.0104706300578398,-0.00524846959191042,-0.0163963620676102,-0.0154016186414682,-0.00477817170381093,0.00569664506503603
0.00741957180630059,0.00791469656617193,0.00951921863919199,0.00681895790221797,-0.00567157141980428,-0.0169088887307211,-0.0119593504693048,0.00435130061321308,0.0133983376453069,0.00962180064260998,0.00386316631944113,0.000773825361236569,-0.00822929535644897,-0.0202396579396503,-0.0117066552207204,0.0209357971088794,0.0358091000385247,-0.000641051803595142,-0.0478456782770491,-0.0304541251108365,0.0462865687020385,0.0748497719509044,-0.0118335162072313,-0.116312032565527,-0.0812341293127712,0.0886767348083223,0.185941342494567,0.051478093704429,-0.179789153008013,-0.222849022224699,0.00158141155093991,0.251814666560411,0.224884296763271,-0.0588664319458141,-0.270822587422868,-0.183441135553241,0.0943226858671571,0.255223735394539,0.141623036990955,-0.0891323598545558,-0.193288499038405,-0.100216320291429,0.0641744299974505,0.134742010348503,0.0760669283695495,-0.0268028085889647,-0.081220775860235,-0.0581442239704651,0.00145103260743971,0.0412666439371074,0.0388180374373097,0.010766290757633,-0.0113746021843611,-0.016016979075405,-0.0136320212101519,-0.0111710436049738,-0.00313000870048817,0.0125868717197515,0.0224378717312233,0.0121634530959299,-0.00997080726464735,-0.0206019210881544,-0.0119161598532666,0.00177552949659695
0.0023812955547507,0.00383216147314349,0.00592859167068132,0.00638325603461425,0.00102932713044717,-0.00446284450233265,-0.00362953452965709,-0.00128781889330209,-0.0036342463367839,-0.00419097756599211,0.00475302838216935,0.0132976895129051,0.00528212737308421,-0.0112909465290753,-0.00918516563602412,0.0110765082093177,0.0107263979359145,-0.0242583378918111,-0.0409010728739364,0.012234303832956,0.0866535165695647,0.0669608365463177,-0.0647239264329088,-0.158854164144338,-0.0708660369006308,0.135056849025645,0.220044626412487,0.0516890077276377,-0.192760228101695,-0.230643275419181,-0.0129130522892878,0.22813399020756,0.225849072479586,-0.00657393897824731,-0.2011245057405,-0.174236364835044,0.0154971065023306,0.166589499933204,0.142985286258811,0.00520039232854488,-0.105406827598301,-0.109080536011212,-0.0229474992012914,0.0656124532595615,0.084410016547429,0.031258778167429,-0.0373116447440056,-0.0568139255312965,-0.0221556127945914,0.0175344370542155,0.0234334322196334,0.00614450811793863,-6.04392699549117e-05,0.00831420041858004,0.00534132538883062,-0.0152690597001841,-0.0265443571887455,-0.00812777210480334,0.0210069638680923,0.026507322656433,0.00490905458790378,-0.0153730684421041,-0.0153902975795737,-0.00436362600923016
-0.00326079590279645,0.000994171719670051,0.00292171783581833,0.00153561449984705,-0.000429157628932268,0.00314880967319179,0.00927131899372954,0.00560577369605195,-0.00961723762587771,-0.0191649891509506,-0.00922939978849962,0.00977511184557242,0.0175217788588777,0.012135044063422,0.00679391463906994,-0.000278180526099534,-0.0229201080547564,-0.0457604876633856,-0.0240447918367346,0.0478171483572715,0.0956760809670734,0.0398027747388233,-0.0832677173869881,-0.132436797215344,-0.0352224970788956,0.1129675748842,0.14824281892751,0.0259074089073168,-0.110256619904779,-0.115857857005445,-0.0140232513384747,0.0805509262676458,0.0867658648294738,0.0281516088772208,-0.019875092651861,-0.0466019273648704,-0.0589141983999058,-0.0312123887216869,0.0337023035891503,0.0842251237510303,0.0579971504049961,-0.0355127503448416,-0.0950701698678608,-0.055612875630218,0.0326272954942439,0.0719534899546574,0.033448391223908,-0.0200771004241719,-0.0319138483916515,-0.0141916173197554,-0.00477263846563354,-0.00630535700263181,0.00582141922339259,0.0280409816629325,0.0267019770257745,-0.00652675835159121,-0.0359608367308079,-0.0277078446591526,0.00643157070449456,0.0270540361006712,0.017860669694048,-0.00208239193908633,-0.0115015632795397,-0.00904108121985087
-0.00785371369848867,-0.000315225784990929,0.00321999020008108,-0.00204896795315221,-0.00700908693785944,0.000634550485750459,0.0153631028453853,0.0171613074424466,-0.00105262357441565,-0.021923176309399,-0.0245587333919629,-0.00676644142439234,0.0173751119054163,0.0317361727156669,0.0249280332489226,-0.00640719949305196,-0.0439636797937446,-0.0475271739709458,0.0011747896982147,0.0583359325166849,0.0561329272449906,-0.0107762072843599,-0.0627553126505851,-0.0325733083030904,0.0322466402986547,0.0359466225431836,-0.0216242366954538,-0.0456845762695459,0.0215883414447807,0.0907878254001525,0.0271779476953125,-0.116249527708432,-0.14632737766688,0.00761568374422522,0.184578848734099,0.154373665599146,-0.0751413815389036,-0.232747925111524,-0.132764310868909,0.105357029852881,0.211670698101504,0.0813349895253113,-0.112600473050754,-0.157505996302656,-0.0434569142989372,0.0756760848230928,0.0870672982924649,0.0244610996099162,-0.0244041557205898,-0.0320173297725334,-0.0244920842500506,-0.0170299016321918,0.0017813420953502,0.0286711713611623,0.0351320572461829,0.00917336799310959,-0.02388728594428,-0.0317471750468658,-0.0118335225013999,0.0117254005648276,0.0193618811436269,0.0116773668112358,-0.00107250932367253,-0.00933967710543659
-0.0101062727941679,-0.00152832158555534,0.00556368722996169,-0.000324659721261474,-0.0104160011988245,-0.00748880119171853,0.00860830678976249,0.0197109233645283,0.0122648559919807,-0.00838648148538671,-0.0249338678141914,-0.0215050513978326,0.00417256633986123,0.0316243490811101,0.0295474716558725,-0.00842471804335406,-0.041688074590324,-0.0220511623752024,0.0332627023839222,0.0447283432590178,-0.0205474531366486,-0.0784027286421633,-0.0247203107753192,0.101305763973576,0.121709684785542,-0.0433555205979528,-0.212054289820255,-0.144937681082287,0.131033631845228,0.29917929654542,0.110759496867908,-0.248750167566322,-0.349081979551705,-0.0551725051958257,0.309909947767154,0.326085198620612,-0.0237690542468146,-0.324591940896005,-0.253159572631295,0.0691513514632521,0.271750887324324,0.165917837268598,-0.0755661757036275,-0.18047938789964,-0.0896095477054002,0.0484905195238612,0.0918361393487053,0.0442280507642508,-0.00990041134158223,-0.0267506521095004,-0.0213461490530108,-0.0153970942071851,-0.00685641526883803,0.0091684198780035,0.0219686577411862,0.0193070021457707,0.00248550714212712,-0.0155500542200848,-0.021314041495187,-0.0107284042108681,0.00761501026549578,0.0178904578669675,0.0105951171035656,-0.00497092815563994
-0.00931199688929085,-0.00393599788714845,0.00595236691590108,0.00545431435569473,-0.00456134476914482,-0.0110757593299024,-0.00630594367380005,0.00605776773639206,0.0158367626119624,0.0123381216255859,-0.00548881967814961,-0.0202851850969423,-0.0117776514527227,0.011138435602198,0.0141305547905919,-0.0117655844460985,-0.0226773469330456,0.0189628157275214,0.0652892174545322,0.0240973603691579,-0.0941776584623967,-0.13781548715145,0.00188952413395336,0.20156714746565,0.197899798671726,-0.0728074805019372,-0.317337525696004,-0.216306423490592,0.1622523346644,0.397221696013052,0.186788682853489,-0.246976549827347,-0.400205359438032,-0.108290266001019,0.291591812581298,0.35758093844157,0.0441427447362599,-0.263005172970428,-0.245968608140886,0.0121693113472872,0.203265980743913,0.153959623251761,-0.0207060777729294,-0.114647017958488,-0.072154653779796,0.0135350587233386,0.0473972304017514,0.0256741422504734,-0.00156042601039725,-0.00637716194582277,0.000937129861998219,0.000446101755727009,-0.00997224506923725,-0.0163890168212368,-0.00673289004136808,0.0145955525614765,0.0260102845966022,0.0117451848926955,-0.0155700922765282,-0.0265218722354028,-0.00989823072570848,0.0135547397925375,0.0171249713450883,0.00162437790029057
-0.00557779745489194,-0.00705299720454148,0.00132471011959642,0.00965775464441861,0.00875040938302969,-0.00328266807854977,-0.017466035485961,-0.0173969675779419,0.00315532224795707,0.0250807220540257,0.0224010328746581,-0.00180267673725021,-0.0181108600676223,-0.0147411112302709,-0.0116806226676641,-0.0179401725272972,-0.0032272966267621,0.0499564969889108,0.0822562912154014,0.0131457781455934,-0.119949356505284,-0.153827033072375,0.00283327952998887,0.208381018394448,0.20883635277596,-0.0440054391673369,-0.274646159703406,-0.203434193199933,0.105654406646062,0.312177704784022,0.179078152703545,-0.132810139206947,-0.262569227148173,-0.0994846940065262,0.14108026937563,0.203089053111249,0.0576800625465312,-0.0943833276093238,-0.104027122777483,-0.0198953492468593,0.0431824388228458,0.0406979994571608,0.0118336640256399,0.00010292469716634,-0.000513621969782092,-0.00811007932377351,-0.0177224068674298,-0.0159938057136547,-0.0027580501841007,0.0131364421813085,0.0238068274999612,0.0200536976600246,-0.00230443416997048,-0.0292603761269799,-0.032957910373951,-0.00290979061267404,0.0318578289134337,0.0329471186052645,0.000786281822399737,-0.0266072439235792,-0.0216885600453228,0.00265015957886861,0.0153727004235482,0.00696650484737993
-2.4113038015185e-16,-0.00874259517209227,-0.00739518363954965,0.00701550963195575,0.0205916277403702,0.0130033510877898,-0.0153675154919236,-0.0347855805649013,-0.0181418056820573,0.020655197351462,0.0394185872658691,0.0206101383987168,-0.0109271332983109,-0.0275937755146594,-0.0287230726737216,-0.021031808031458,0.00482678136838574,0.0491343272325507,0.0675794917752931,0.0126240322551186,-0.0804137462691283,-0.104429286025747,-0.0110248382309976,0.109869157149512,0.120807958909014,0.00334627707152796,-0.104691477947681,-0.0881166765175515,0.0074051668566215,0.069667833162274,0.0524950844497759,0.00895404054131212,2.91928994752279e-18,-0.00895404054131212,-0.0524950844497756,-0.0696678331622737,-0.00740516685662139,0.0881166765175514,0.104691477947681,-0.00334627707152805,-0.120807958909014,-0.109869157149512,0.0110248382309979,0.104429286025748,0.0804137462691282,-0.0126240322551193,-0.0675794917752933,-0.0491343272325505,-0.00482678136838543,0.0210318080314577,0.0287230726737216,0.0275937755146592,0.010927133298311,-0.0206101383987168,-0.039418587265869,-0.0206551973514618,0.0181418056820575,0.0347855805649014,0.0153675154919234,-0.01300335108779,-0.02059162774037,-0.00701550963195532,0.00739518363954937,0.00874259517209208
0.00557779745489153,-0.00696650484737941,-0.0153727004235478,-0.00265015957886854,0.0216885600453219,0.0266072439235789,-0.00078628182239971,-0.0329471186052642,-0.0318578289134337,0.00290979061267389,0.0329579103739513,0.0292603761269802,0.00230443416997093,-0.0200536976600245,-0.0238068274999621,-0.0131364421813085,0.00275805018410107,0.0159938057136553,0.01772240686743,0.00811007932377329,0.000513621969781668,-0.000102924697166069,-0.0118336640256398,-0.0406979994571603,-0.0431824388228455,0.0198953492468587,0.104027122777483,0.0943833276093236,-0.0576800625465307,-0.203089053111248,-0.141080269375629,0.0994846940065258,0.262569227148173,0.132810139206948,-0.179078152703545,-0.312177704784022,-0.105654406646062,0.203434193199932,0.274646159703406,0.0440054391673371,-0.20883635277596,-0.208381018394449,-0.00283327952998887,0.153827033072376,0.119949356505284,-0.0131457781455939,-0.0822562912154012,-0.049956496988911,0.00322729662676257,0.0179401725272977,0.0116806226676642,0.0147411112302706,0.0181108600676216,0.00180267673725071,-0.0224010328746583,-0.0250807220540253,-0.00315532224795673,0.0173969675779418,0.0174660354859604,0.00328266807854936,-0.0087504093830288,-0.0096577546444177,-0.00132471011959679,0.00705299720454058
0.00931199688929072,-0.00162437790028933,-0.0171249713450875,-0.013554739792538,0.00989823072570681,0.0265218722354023,0.0155700922765287,-0.0117451848926948,-0.0260102845966023,-0.0145955525614769,0.00673289004136793,0.0163890168212371,0.00997224506923805,-0.000446101755726702,-0.000937129861998978,0.00637716194582241,0.00156042601039722,-0.0256741422504728,-0.0473972304017513,-0.0135350587233389,0.0721546537797955,0.114647017958488,0.0207060777729299,-0.153959623251761,-0.203265980743913,-0.0121693113472879,0.245968608140886,0.263005172970428,-0.0441427447362592,-0.35758093844157,-0.291591812581298,0.108290266001018,0.400205359438032,0.246976549827348,-0.186788682853489,-0.397221696013052,-0.162252334664401,0.216306423490592,0.317337525696004,0.0728074805019383,-0.197899798671726,-0.20156714746565,-0.00188952413395397,0.13781548715145,0.0941776584623971,-0.0240973603691576,-0.0652892174545322,-0.0189628157275222,0.0226773469330457,0.0117655844460987,-0.0141305547905906,-0.0111384356021983,0.0117776514527222,0.0202851850969419,0.00548881967814953,-0.0123381216255854,-0.0158367626119618,-0.00605776773639238,0.00630594367379933,0.0110757593299021,0.00456134476914656,-0.00545431435569402,-0.00595236691590151,0.00393599788714715
0.010106272794168,0.00497092815564126,-0.0105951171035649,-0.0178904578669682,-0.00761501026549743,0.0107284042108677,0.0213140414951876,0.0155500542200854,-0.002485507142127,-0.0193070021457713,-0.0219686577411866,-0.0091684198780034,0.00685641526883875,0.0153970942071853,0.0213461490530103,0.0267506521095002,0.00990041134158212,-0.0442280507642503,-0.0918361393487053,-0.0484905195238616,0.0896095477053997,0.18047938789964,0.0755661757036281,-0.165917837268597,-0.271750887324324,-0.0691513514632532,0.253159572631295,0.324591940896006,0.0237690542468155,-0.326085198620612,-0.309909947767155,0.0551725051958249,0.349081979551704,0.248750167566323,-0.110759496867908,-0.299179296545421,-0.131033631845228,0.144937681082286,0.212054289820255,0.0433555205979537,-0.121709684785542,-0.101305763973576,0.0247203107753187,0.0784027286421631,0.020547453136649,-0.0447283432590174,-0.0332627023839224,0.0220511623752016,0.0416880745903238,0.00842471804335457,-0.0295474716558715,-0.0316243490811099,-0.00417256633986157,0.0215050513978321,0.024933867814191,0.00838648148538736,-0.0122648559919801,-0.0197109233645285,-0.00860830678976304,0.00748880119171819,0.0104160011988259,0.000324659721261934,-0.00556368722996202,0.00152832158555406
0.00785371369848898,0.00933967710543737,0.00107250932367278,-0.0116773668112365,-0.019361881143628,-0.0117254005648277,0.0118335225014005,0.0317471750468662,0.0238872859442798,-0.00917336799311,-0.0351320572461831,-0.0286711713611624,-0.00178134209534961,0.0170299016321921,0.0244920842500504,0.032017329772533,0.0244041557205898,-0.0244610996099163,-0.0870672982924646,-0.0756760848230928,0.0434569142989369,0.157505996302656,0.112600473050754,-0.0813349895253112,-0.211670698101504,-0.105357029852881,0.132764310868909,0.232747925111524,0.0751413815389038,-0.154373665599146,-0.184578848734099,-0.00761568374422534,0.14632737766688,0.116249527708432,-0.0271779476953126,-0.0907878254001531,-0.0215883414447808,0.045684576269546,0.0216242366954537,-0.0359466225431834,-0.0322466402986548,0.0325733083030907,0.0627553126505849,0.0107762072843595,-0.0561329272449906,-0.0583359325166846,-0.00117478969821443,0.0475271739709454,0.0439636797937441,0.00640719949305185,-0.0249280332489222,-0.0317361727156666,-0.0173751119054163,0.00676644142439204,0.0245587333919624,0.0219231763093993,0.00105262357441606,-0.0171613074424468,-0.0153631028453854,-0.000634550485750488,0.00700908693786006,0.00204896795315218,-0.00321999020008128,0.000315225784990231
0.00326079590279674,0.0090410812198512,0.01150156327954,0.00208239193908596,-0.017860669694048,-0.0270540361006712,-0.00643157070449442,0.0277078446591529,0.035960836730808,0.00652675835159092,-0.0267019770257747,-0.0280409816629328,-0.00582141922339265,0.00630535700263197,0.00477263846563379,0.0141916173197555,0.0319138483916514,0.0200771004241717,-0.0334483912239079,-0.071953489954657,-0.0326272954942435,0.0556128756302184,0.0950701698678606,0.0355127503448417,-0.0579971504049961,-0.0842251237510303,-0.0337023035891503,0.031212388721687,0.0589141983999054,0.0466019273648703,0.0198750926518609,-0.0281516088772203,-0.0867658648294737,-0.0805509262676461,0.0140232513384744,0.115857857005445,0.110256619904779,-0.0259074089073167,-0.148242818927509,-0.112967574884201,0.0352224970788953,0.132436797215345,0.0832677173869883,-0.0398027747388235,-0.0956760809670736,-0.0478171483572715,0.0240447918367349,0.0457604876633855,0.0229201080547558,0.000278180526099396,-0.00679391463907026,-0.0121350440634216,-0.0175217788588774,-0.00977511184557248,0.00922939978849929,0.0191649891509506,0.00961723762587768,-0.00560577369605205,-0.0092713189937292,-0.00314880967319145,0.000429157628932108,-0.00153561449984741,-0.00292171783581834,-0.000994171719670033
-0.00238129555475049,0.00436362600922989,0.0153902975795731,0.0153730684421038,-0.00490905458790311,-0.0265073226564323,-0.0210069638680925,0.00812777210480329,0.0265443571887453,0.0152690597001842,-0.00534132538883036,-0.00831420041858002,6.04392699544092e-05,-0.00614450811793884,-0.0234334322196331,-0.0175344370542154,0.0221556127945913,0.0568139255312959,0.0373116447440054,-0.0312587781674287,-0.0844100165474285,-0.0656124532595614,0.022947499201291,0.109080536011212,0.105406827598301,-0.00520039232854458,-0.142985286258811,-0.166589499933204,-0.0154971065023308,0.174236364835044,0.2011245057405,0.00657393897824781,-0.225849072479586,-0.22813399020756,0.0129130522892874,0.230643275419181,0.192760228101696,-0.0516890077276373,-0.220044626412487,-0.135056849025646,0.0708660369006305,0.158854164144338,0.0647239264329093,-0.0669608365463178,-0.0866535165695649,-0.0122343038329561,0.0409010728739365,0.0242583378918116,-0.0107263979359145,-0.0110765082093179,0.00918516563602349,0.0112909465290754,-0.0052821273730841,-0.013297689512905,-0.00475302838216906,0.00419097756599181,0.0036342463367834,0.00128781889330185,0.00362953452965733,0.00446284450233332,-0.00102932713044772,-0.00638325603461449,-0.00592859167068149,-0.00383216147314277
-0.00741957180630044,-0.00177552949659763,0.011916159853266,0.0206019210881545,0.00997080726464841,-0.0121634530959291,-0.0224378717312236,-0.0125868717197517,0.00313000870048803,0.0111710436049741,0.0136320212101522,0.0160169790754048,0.0113746021843606,-0.010766290757633,-0.0388180374373092,-0.0412666439371072,-0.00145103260743957,0.0581442239704647,0.0812207758602348,0.0268028085889649,-0.076066928369549,-0.134742010348503,-0.0641744299974507,0.100216320291429,0.193288499038405,0.0891323598545563,-0.141623036990955,-0.255223735394538,-0.0943226858671573,0.183441135553241,0.270822587422868,0.0588664319458147,-0.224884296763271,-0.251814666560411,-0.00158141155094018,0.222849022224699,0.179789153008013,-0.0514780937044289,-0.185941342494567,-0.0886767348083227,0.0812341293127711,0.116312032565528,0.0118335162072313,-0.0748497719509046,-0.0462865687020384,0.0304541251108366,0.0478456782770493,0.000641051803595441,-0.0358091000385249,-0.0209357971088797,0.0117066552207198,0.0202396579396505,0.00822929535644916,-0.000773825361236506,-0.00386316631944119,-0.00962180064261045,-0.0133983376453072,-0.00435130061321274,0.0119593504693053,0.0169088887307215,0.00567157141980347,-0.00681895790221851,-0.00951921863919155,-0.00791469656617116
-0.0102404547050134,-0.00569664506503674,0.00477817170381021,0.0154016186414686,0.0163963620676115,0.00524846959191126,-0.0104706300578404,-0.0207931603768356,-0.0182332821680054,-0.00146517137448158,0.0194748924352365,0.028497055563157,0.0177308000625917,-0.00656611408475454,-0.0297716265273846,-0.0385845826225096,-0.0232519368268918,0.0215286871552247,0.0709616439300637,0.0678043082229093,-0.0153534346040629,-0.116786708402997,-0.115345983184834,0.0253066323647855,0.167348937676481,0.139105360472031,-0.0557492491109479,-0.205641745992285,-0.124301224799849,0.0989244476055226,0.204210611283438,0.0754351390490419,-0.127475560481309,-0.158504976990998,-0.00180722855949403,0.127313621350405,0.0829884460799834,-0.0509426049699116,-0.093076369455676,-0.00432093385781906,0.0762492054587088,0.042576270326187,-0.0455590682042718,-0.0667741223961427,-0.00241992167026548,0.0559673055565292,0.0416056037947941,-0.0119702614616156,-0.0370335035293576,-0.0203327774471554,0.00222936666994297,0.00895476046032644,0.0113322452251272,0.0166985148258817,0.010742238153975,-0.0112315183660452,-0.0273308728134953,-0.0174227070934723,0.00864224946867931,0.0231075027440865,0.0151793012201744,-0.000706908473539559,-0.00933117350888046,-0.0108897020746203
-0.00977318845855465,-0.00526292324125098,-0.000849528645654681,0.00356581527323579,0.0101458710839779,0.0143974258236293,0.00678445996326666,-0.0124939587954164,-0.0247527860690236,-0.012966482802569,0.0118627245521914,0.0225228165217499,0.0122916926168182,-5.33833594414993e-05,-0.00286022288142845,-0.00932907505271724,-0.0278495176492593,-0.0288984467069618,0.0152219486529058,0.0673749587463154,0.0547035956275223,-0.0336303192727743,-0.103581177281341,-0.0594124713118542,0.058292463284231,0.113756555761166,0.0412673065625599,-0.0709097889230971,-0.087927711673928,-0.00800547596683649,0.055981251675233,0.0377150050576402,-0.0144593886983936,-0.0169774694965548,0.019493901528982,0.0151544196490851,-0.0350900345270998,-0.0546389517047544,-0.000531078955227371,0.0683393981567149,0.0600469537674612,-0.0201351760483694,-0.0743857661667907,-0.0436063586567036,0.0251465340390464,0.0511599761509354,0.0215351623769395,-0.012579322658878,-0.016802068957703,-0.00739163874287968,-0.00800509438951516,-0.010892834987979,0.00250645434341971,0.0234722275417258,0.0237380743495298,-0.00139690156434644,-0.0249233908252861,-0.023802535871617,-0.00313883654632902,0.0151986613776913,0.0177721481470554,0.00826546538422681,-0.00324335016914286,-0.00996048028518169
-0.00597103154677243,-0.00104855120447795,-0.00201045770226648,-0.00804381689200129,-0.00446556428464872,0.0110838779481111,0.0192671924760832,0.00533926312893095,-0.0151331978832681,-0.0163752896277918,-0.00144522329880203,0.00474228074484696,-0.00170881740050839,0.00236267040939337,0.0231889741365746,0.0272659497925276,-0.0129381741604074,-0.0604601066780093,-0.0469909910044971,0.0299457352610835,0.0889029625886266,0.0552528277100278,-0.0426078158271854,-0.0983523574672703,-0.0566685865367163,0.034825214384741,0.0872789314563275,0.0597339999835732,-0.0110894176894608,-0.0696444074706752,-0.0785033092298215,-0.0247526111266044,0.0543928058920807,0.0924657941299752,0.0455878407362216,-0.0555680931147947,-0.10692104853351,-0.0491807407586479,0.0543928433541279,0.0927311250647112,0.0316468615102929,-0.0501595449157482,-0.0622101870709051,-0.00976229346288038,0.0322740916826456,0.0230306365248606,-0.00502892554452927,-0.00833589984601616,0.0072750081337209,0.00882739617914948,-0.00886727190700626,-0.019806416277719,-0.00785133824501889,0.0125241257136292,0.0185173131911799,0.00820967689234469,-0.00475942293233947,-0.012280345880227,-0.0125762347860453,-0.00465695441769509,0.00750421404168161,0.0132515342912386,0.00647812605179087,-0.00420006539697112
-7.93658146181566e-05,0.00417824528048904,0.000327215638286396,-0.014046527097324,-0.0179854508602335,0.000187938602356451,0.021573506709251,0.0206838566316166,0.0012919307539627,-0.011854965888355,-0.0115397959409191,-0.0115447844715798,-0.0135346536834486,0.000416773984411707,0.0322030312853493,0.0462968081556219,0.00838288314008155,-0.0558332880330921,-0.0744851238713093,-0.015186137633149,0.0705823495331421,0.0942561038494722,0.0243724167114517,-0.0740848588243249,-0.10838736944692,-0.0427686527546543,0.0676164358714142,0.117792609067476,0.056154838366516,-0.0653054142415525,-0.130324819202832,-0.0654035996209097,0.0650067421947852,0.123299733331771,0.0506327951476414,-0.0711069872380826,-0.105672723716362,-0.0242726968037629,0.0662731515052837,0.0656503163061131,-0.00586352932195165,-0.0505301796881518,-0.023398673034483,0.0233111973601369,0.0260537037955697,-0.00754609862518351,-0.024245459859631,-0.00541998164340584,0.0166285441327371,0.0145215685912871,-0.000189621907275487,-0.00684274784272966,-0.00667716941600092,-0.00878478773034862,-0.00796148642218957,0.00567333681015446,0.0212244983634396,0.0151823422153745,-0.0103764054793201,-0.0251666807527575,-0.0121609222945363,0.00976202590405315,0.0144885189705572,0.00432168562887523
0.0056524077879415,0.00712874530283321,0.00250001601334054,-0.0132573979706807,-0.0220962124101042,-0.008841996485133,0.0150324377384799,0.0243919919454427,0.0124993010409967,-0.00454111934004197,-0.0138570355776078,-0.0167592630718746,-0.0144230944939188,-0.00118292081683599,0.0218508233033267,0.0356675402514148,0.0183627856450072,-0.0237235533027287,-0.0528962132075158,-0.0368245204578854,0.0188741029953222,0.0668712730047774,0.05572917991715,-0.0135890078469963,-0.0802633511095326,-0.0736200471562227,0.0120564293820545,0.0908650247643508,0.0748682579709195,-0.0233158198998627,-0.0964828552722339,-0.0599203442069534,0.0400055725000797,0.0825554167052315,0.0245601288509157,-0.0536459976368201,-0.0539556541902923,0.0133979715372705,0.0518873934519238,0.014652266483759,-0.0395879856995751,-0.0360869530079865,0.0144691539587104,0.0415072130226057,0.0153709560301,-0.0219627369694255,-0.0251480243772398,-0.00416337626888719,0.00605726746092533,0.00309857866925384,0.00922261125635904,0.020815332574948,0.00936953500071573,-0.0249427931294474,-0.0407853242260456,-0.00996606089788504,0.0365789388432,0.043099745842819,0.00315792480487592,-0.0339283180096316,-0.0298985215571303,-0.000550152853698111,0.0161261800429981,0.0115514134738539
0.00893321016662564,0.00582822943768889,0.00117266576855159,-0.00812546195017635,-0.0142789879327975,-0.00896215273940427,0.00489613477325755,0.0147204993054493,0.0120872767357565,0.00110276530273896,-0.00873405201331209,-0.0107641805660222,-0.00529708121855782,0.000919630710583681,0.00324585951147506,0.00508012298588416,0.00983454094060335,0.0109142663241289,-0.00226890689956009,-0.02481743576879,-0.029197710329884,0.00205817396107218,0.0403994342829833,0.0384992962875003,-0.00960032199425024,-0.0515823557185846,-0.0349765094557113,0.0198658917894211,0.044551868713935,0.0137161184966659,-0.0256249175582467,-0.0207371514538678,0.0123029357740525,0.0166782095960947,-0.0154849842290012,-0.0311229670701424,0.00257929676519675,0.0436918555831642,0.0315499358646875,-0.0244726430779281,-0.0533969631279518,-0.0195700293775412,0.0306051080919056,0.0373655712281254,0.00525712418251145,-0.0163786785226702,-0.0089191662910692,-0.0016244847902392,-0.013198446738123,-0.0174996541354043,0.0107353549633556,0.0429009627240134,0.0291629384045874,-0.0250349027166648,-0.0573553638594262,-0.0268531284922823,0.0322786506456242,0.0527439990798507,0.0178171990096272,-0.0261610858707723,-0.0342697503843781,-0.0108702242325629,0.0106976496642232,0.0140078927374753
0.00861478022618956,0.000642537082078276,-0.0041489599175915,-0.0021335054037874,0.0016165870678178,0.000139561350267596,-0.00404191245305997,-0.00330120392905468,0.00219954478203466,0.00481210892495771,0.00134516935576843,-0.000432519286909796,0.0041744993122902,0.00418174931202535,-0.00962737813727383,-0.0219318055534543,-0.00771240576130572,0.027105214257463,0.0403571940248139,0.00456299252143824,-0.0468251324154296,-0.0511784042624904,0.00204827434097895,0.0542417589151996,0.0477574670486415,-0.00707728640565418,-0.0474256137370451,-0.0372928194840441,-0.000762614095956879,0.0238966829010849,0.0266663473317544,0.0176700355465457,-4.39285248291439e-05,-0.0260914144122279,-0.0396528581794969,-0.0162993825849714,0.0293942718350364,0.0481612261031846,0.0155057419116031,-0.0323558984382115,-0.0408352995502867,-0.00659452330273983,0.0224914659532151,0.0164071845598629,-0.00222240384584597,-0.00122298799791749,0.0107935898367321,0.0026529534497165,-0.0237657522627224,-0.0297430970736862,0.0040147166362815,0.0415956716984313,0.034846394033628,-0.0111098204720545,-0.0442466650615374,-0.0295789177433342,0.0126344436412106,0.0356518666556647,0.0214569065749387,-0.00744532290097585,-0.0217343268055098,-0.0142226844755449,0.00180416212567866,0.0109956453524811
0.00529029851139192,-0.00596903936322294,-0.0108295925444846,0.00241188773822885,0.0181451198334753,0.0127039307781408,-0.00980589909447998,-0.0216577011211288,-0.00979069958910268,0.00898330073278049,0.0136855115703686,0.00721472439045228,0.00427983540003214,0.0022999963690741,-0.011012359775937,-0.0266523339366691,-0.0169284932346811,0.0216168300764947,0.0484476961972224,0.0237316986110634,-0.0340182959253911,-0.0606180368914738,-0.0237399166375037,0.0372118274767546,0.058032209523264,0.0208583415969718,-0.0309697420373425,-0.0478484227267266,-0.0233964282825177,0.0141867970851763,0.0348233807073704,0.0269318546261527,-0.00095745680059013,-0.027849066593489,-0.0310976777898128,-0.00664243099403345,0.0212484472810373,0.0245194931617371,0.00367158177387373,-0.0144971127577471,-0.0111793999538319,0.00181574432983618,0.00280225807178908,-0.0060779005862606,-0.00511998417583114,0.00964702937542455,0.0178848500833267,0.00449964209648002,-0.0166273725994792,-0.0206205376056486,-0.00318430832669513,0.0153478685288886,0.0167156729124271,0.00472057272594275,-0.0072060330192309,-0.0119206970785703,-0.00880712041318212,0.00018298441467328,0.0098595399809867,0.0110226192516884,0.000980258895627161,-0.00860845440571424,-0.00546106522499167,0.00479704178021778
0.000900704314781742,-0.0107027292116204,-0.0148902485926641,0.00483591748731242,0.0280450250411688,0.0211248845186486,-0.0125077096495049,-0.0330661083830983,-0.016979965662526,0.0143098300525157,0.0247963411725565,0.00973305692307702,-0.00585422824504929,-0.00759362231379505,-0.00565478867992472,-0.00910375685985295,-0.00823216430412621,0.00704101110874268,0.0233147870388627,0.0168799999459123,-0.0111220051108298,-0.0303384048510605,-0.01844461615481,0.0113929926946199,0.0273341735423774,0.0147133167613416,-0.00967062224353156,-0.0204077557932934,-0.0114567973134201,0.00423505386221329,0.0110476611388946,0.00521129994364477,-0.00338112608893843,-0.00449526551600832,0.00124076171308973,0.00400391116967926,-0.00283467062401133,-0.0109537164325414,-0.00629145424531487,0.00916020019305399,0.0169725772520532,0.00550505318909445,-0.0129919217745896,-0.0161760545345027,-0.00189052582608546,0.00985780633685816,0.00657684055619663,-0.00046900413070765,0.00251378040014625,0.00698666493742512,-0.00287395689605226,-0.0197403974182434,-0.0171307241980317,0.0112263257032143,0.0328650068398774,0.0172701574499772,-0.0197356651147678,-0.0339647157767055,-0.00972586606298805,0.020341043694429,0.0215316361224095,0.00171161080626158,-0.00810994629628966,-0.00120109877253814
-0.00241683520388831,-0.010912868604223,-0.0133847223290483,0.00534349982658577,0.0271257455165884,0.0204646191740129,-0.012330718337424,-0.032965594056643,-0.0164065535376729,0.0175504186018706,0.0294496377709167,0.00862003805247114,-0.0171090733229039,-0.0197378997792018,-0.00169721622620596,0.0137233970464393,0.0114777256120188,-0.0017343507329351,-0.0105108322340569,-0.00779917077010129,0.00191687639178568,0.00929722789378181,0.00767486081284257,-0.00208626176668796,-0.01144746570686,-0.0117921901559764,-0.00145860286572766,0.0122292780561808,0.0166296968165814,0.00540072213717339,-0.0140969102895892,-0.0246643355531697,-0.0123284533699381,0.0157294174624608,0.0317045963476537,0.015645574059577,-0.0192240197001823,-0.0354496522658776,-0.0134865588594642,0.02123446062451,0.0287684813655091,0.00465262340150912,-0.0171601144206894,-0.0111496289734544,0.00570265743033394,0.00306614466752954,-0.0137031491471487,-0.0105251930741729,0.0193431939504938,0.0352886608674375,0.00507407778715337,-0.0421036757001345,-0.0454105040896224,0.00682158691613192,0.054125118503422,0.0396823662503064,-0.0173851407826154,-0.0490935427348096,-0.0241696713156468,0.0188831153448198,0.0300053942062311,0.00969519989203581,-0.00678785598497925,-0.00482089039258663
-0.00354182364903944,-0.00583459679946962,-0.00593604769071998,0.00430953864657453,0.0155536796244986,0.0106429978754791,-0.00880857511605139,-0.0203740910974124,-0.00888182797042075,0.0140790468115857,0.0223822079891886,0.00554806771586472,-0.0182035352386008,-0.0227407065324485,-0.0021028501277592,0.0226252336845429,0.0243980503600872,-0.000321976655836983,-0.0267328523857126,-0.0268063014623813,0.000946799363644002,0.0286204942989039,0.027942837981287,-0.000516946232374997,-0.0284871516232783,-0.0299852139353068,-0.00522971037218299,0.0235681033131387,0.0319570319383777,0.0125372063830249,-0.019166987683926,-0.0362221911770335,-0.0206342332216464,0.0164005801065229,0.0386701960293092,0.0219131827277642,-0.0171420600906958,-0.0359989914061562,-0.0152005565402549,0.0169730893198423,0.0221934754189295,0.00148123722490089,-0.0113008717049449,0.000292764288487132,0.0115648144944688,-0.00322161719158973,-0.0261025778945753,-0.0172984359993157,0.0230247385414608,0.0444405403929796,0.0122856438857285,-0.0404301094439458,-0.0494289176610469,-0.000969957772710452,0.0476236500628339,0.0407337352014271,-0.00833553192569969,-0.0403758623070748,-0.024386279975963,0.0113966900359932,0.0246210972462168,0.010849506540748,-0.00433303852240853,-0.0061093851933634
-0.0029100269241713,0.00282637754192471,0.00506563754633081,0.00222427374135882,-0.00236492527791982,-0.00424612253144212,-0.00209952012112388,0.00134203961902927,0.00284866290339619,0.00292010114323439,0.00273596868528823,0.000192930630571285,-0.00568966130445968,-0.00932300327092195,-0.00276449789495906,0.0113300442366979,0.0170781229806971,0.0038158551091261,-0.0172809301270745,-0.0225339460885511,-0.00379024456853861,0.0198542412844406,0.0233783575248684,0.00365531111348245,-0.0184207114667567,-0.022382007263582,-0.00765361585530452,0.0115476520814386,0.0203087815720381,0.0127264792962751,-0.00554189802806197,-0.0206493624892988,-0.0182874501433172,0.00155270519435734,0.0197365916592924,0.0174775794177428,-0.00215400379485531,-0.0166469149351476,-0.0111114780977709,0.00291545880366409,0.00655784155943756,0.000139266696645456,-0.00120388022616762,0.00688236278713852,0.00904057560975667,-0.0053329299539196,-0.0204803256613266,-0.0127991481306356,0.0138391256811474,0.0277022047941624,0.00985793713693846,-0.0200602096971342,-0.0270399866833543,-0.00355244109188625,0.0214256130352546,0.0204253146002315,-0.00105908391118437,-0.0167851995710501,-0.0116337548887644,0.00398069701059995,0.011445670128426,0.00612297129651523,-0.0030287333720544,-0.0065397985123736
-0.00196692025328721,0.0113475968972303,0.0154252619053606,-3.59059332304653e-05,-0.0196108167583085,-0.0182453544977305,0.00551290689012083,0.0243267579736103,0.0152132542209297,-0.0107628017105067,-0.0224813615327166,-0.0080508032263938,0.0126741070640086,0.0157163663537158,0.00172486765326474,-0.00977770370763937,-0.00739947945480986,0.00140427963605259,0.00485268460663831,0.00195619813589924,-0.00117123710992293,-0.00192082918518022,-0.00178512652062704,-0.000993723083130915,0.00179580110490658,0.00400260135181897,0.000590458565954268,-0.00635534894748001,-0.00791518407661931,0.000282615350317182,0.0100694784959077,0.0087463266651737,-0.00363200226979093,-0.0133119642558595,-0.00936472400891485,0.00431007261374214,0.0128165954026952,0.00760555110015375,-0.00441797740412253,-0.0111076894911819,-0.00685121199348679,0.00312571270637458,0.00831012281250463,0.00456851850708688,-0.00260230206183539,-0.00519092112732856,-0.00157183631888641,0.00232017043999528,0.000957341316524065,-0.0030887504389491,-0.0022591850058357,0.00367983366310212,0.00624439860234613,0.000781293602182616,-0.00694297748633995,-0.00686887258445892,0.00133867249254642,0.00687346829777522,0.00426235543754895,-0.000510475557970656,-0.000942139958098594,0.000338099858035845,-0.00297679405714838,-0.00725077307031129
-0.00185595065708919,0.0156167226537115,0.0208276943854799,-0.00128023632120584,-0.0289389247217723,-0.0259016788326257,0.0100620031923029,0.0384345415245843,0.0239046830515451,-0.0186400613811233,-0.0403793774860166,-0.0168789517651016,0.0240012332118466,0.0370237914762417,0.010925703807227,-0.0235522601133565,-0.0310712085303596,-0.00801062024738327,0.0196680037954701,0.0264371196170913,0.00895091035527429,-0.0155007986498463,-0.0254871443627606,-0.0127096693381983,0.0120176156716194,0.0263260658425163,0.0151620787387877,-0.0123492112046081,-0.0293191568109119,-0.0171197626928553,0.0133413446815074,0.029910818091521,0.0143876769609906,-0.0165179995549264,-0.0290967079608298,-0.0096679020773737,0.0185397257725644,0.0229924626903368,0.00124215726284557,-0.0185757629579786,-0.0130246844466393,0.0078514050689785,0.0145043922702412,-0.00127484588379172,-0.0153737671626534,-0.00571839343408846,0.015507794764775,0.0173717324480441,-0.00665273205343265,-0.0266536743753944,-0.0140371087804933,0.0177858282835081,0.0290041078795033,0.00578950422534201,-0.0232014849133293,-0.0235648746476766,0.00186060010723234,0.0197583239712712,0.0127728827976448,-0.003080117186484,-0.007244951467955,-0.00211463454560238,-0.0026270149246083,-0.00782563635714773
-0.00243447756091679,0.0132594831384555,0.0186691308357961,-0.000699654562206629,-0.0259740881318894,-0.0240924752986661,0.00854966197564028,0.0361145100583231,0.0246549311147409,-0.0155499203666677,-0.0399146713003063,-0.0208031432735944,0.0205941447864314,0.0395233378729745,0.0174820996549881,-0.0205919992795651,-0.0356777620773649,-0.0153875439931519,0.0172219213682691,0.0310967230972251,0.0160815321961232,-0.012020191224209,-0.0281233143469968,-0.0194668253912553,0.00614542910909866,0.0267575709446644,0.0229540953234679,-0.00354122596225241,-0.0284885363074716,-0.0260749013177316,0.00368841967721684,0.0301424033737222,0.024049178418986,-0.00827010536815907,-0.0304973129163149,-0.017323432759691,0.0140592935206027,0.025126457641173,0.00513515677109711,-0.0175588626542734,-0.0139018390809578,0.00796769027698649,0.0151570069590478,-0.0025401776406312,-0.0179197717795815,-0.00612310442546899,0.0180340756816401,0.0194879576085825,-0.00750991469227294,-0.0286869432209306,-0.0141819112084011,0.019215426460039,0.0291237757660832,0.00395148838390834,-0.0241158930773418,-0.0216849727334205,0.00443405200848378,0.0199149612935712,0.0103059076943469,-0.00552460320529699,-0.00754056312410264,-0.000599744814932814,-0.00066856661740496,-0.00662611948024047
-0.00251240998272948,0.00502678806300473,0.00935863547512924,0.00137361658092966,-0.011695655341348,-0.0132636636925322,0.00162147335613065,0.0175617418889037,0.015689381778905,-0.00371832785193212,-0.0201208897071782,-0.0151678423456374,0.00592242047851134,0.0203933844226216,0.0137387269448012,-0.00584147681270766,-0.0177112309884057,-0.0115130733247571,0.00368535772382096,0.0130242074431155,0.010533756812759,0.000466835561473418,-0.00909532714726125,-0.0122684336233357,-0.00600486725412669,0.00715065516138892,0.0157587151938017,0.00885119793786942,-0.0095816805178387,-0.020099615568784,-0.00831719164865878,0.0141156081203285,0.0207628790963143,0.0029151115023059,-0.0184695937701409,-0.0172900140415966,0.00411164375372642,0.0181529361572745,0.00897359618476033,-0.00910120541233233,-0.0128610516099826,-0.000548344169317877,0.00842904900871194,0.00288787885961215,-0.00553119305611067,-0.00269973895405592,0.0059348148347158,0.00493629478370276,-0.00648532884993707,-0.011843240114965,-0.000882309664644922,0.0133518941626888,0.0112965944769833,-0.00524994149315804,-0.0155867902307729,-0.00717943186858222,0.00867271285470243,0.0123923022354592,0.00189502167888859,-0.00739397478573757,-0.00518783177838667,0.00185861490510589,0.00249547548930851,-0.00243943735409138
-0.00108686633008021,-0.00544120422688901,-0.003521902395611,0.00352525431906806,0.00737219478434991,0.00226536667182001,-0.00637339336485355,-0.00791479729552993,0.000222560796377939,0.00881751895364679,0.00788183171241839,-0.00115488243535318,-0.0086041457599043,-0.00779925668839824,-0.00012333829478609,0.0074209179000638,0.00893862574374179,0.00310448041553531,-0.00682829909084538,-0.0120995226240173,-0.00559485994865902,0.0078567395864971,0.0142196606351443,0.00487562101012867,-0.0108346007628489,-0.0142015375718121,-0.00103781978082547,0.0124722727305812,0.00975747269269837,-0.00511345016415182,-0.0122964366989712,-0.00299932813261296,0.00976948153759965,0.00914007773078058,-0.00418402307495909,-0.0128858382489214,-0.00578078692706529,0.00827249644650913,0.0130956033263512,0.00361522714699273,-0.0100099223012918,-0.0138503395273337,-0.00443248160966435,0.0090181142493651,0.0141203212960504,0.00579764319975353,-0.00898424501560588,-0.0159850306393255,-0.00750783844030026,0.0083017354256966,0.0153976765046336,0.00662210578685866,-0.00834569615114368,-0.0136179874778527,-0.00514607632291139,0.00648950339467403,0.00971418550868181,0.00364371494883041,-0.00386241825172539,-0.00625398276283916,-0.00333498592832754,0.00160296169986491,0.00499137770610126,0.00403341327107377
0.00160192665770003,-0.0134388352954807,-0.0145057583967818,0.00425384371734445,0.0220829337068283,0.0155871559670905,-0.0103777781661456,-0.0266237909929012,-0.0139888344762148,0.0141337176352723,0.0275251846760938,0.0132533219244345,-0.0131184816650266,-0.0262195853160243,-0.01473203662394,0.00960497273881929,0.0245963377532391,0.0173809806213932,-0.00600439310252091,-0.024119800776938,-0.0191318428136779,0.00414404822536858,0.022554794573475,0.0177155584451724,-0.00440646052393906,-0.0196176420143003,-0.0131893962423651,0.00525237566658942,0.0146451169021948,0.0065508706609226,-0.00680430805508022,-0.00946037047099579,-3.6259540790544e-05,0.00853342762818863,0.00466699461359153,-0.00731779127251464,-0.011848317324006,-0.00120127391774635,0.0140481442223117,0.0149929335596023,-0.00318318432740392,-0.0214390766682971,-0.0169130146706265,0.00805310711050422,0.0255633688040601,0.0142271334638468,-0.0139512830101829,-0.026111581485463,-0.00849142021869557,0.016625600214977,0.019914698785823,0.000708106439687206,-0.0155682012178657,-0.0113464358108342,0.00342341627604238,0.00923889685186172,0.00318840755446212,-0.00266585625852904,-0.00199610641479572,-0.000795434299228973,-0.00302567537702551,-0.00237181531960728,0.00522069530093101,0.0102381708899404
0.00410002790177419,-0.0156150234919974,-0.0187597508747369,0.00308662370601772,0.0254458964638015,0.0203414321904067,-0.00829605287989173,-0.0288628533703787,-0.0190787085834675,0.00990717434869647,0.027855459725335,0.0185375692294878,-0.00673700995694519,-0.0240824507689095,-0.0190359403418785,0.00208723127762731,0.0196894958125262,0.0191405626902798,0.00200713899837916,-0.0156357500527023,-0.0177900550685916,-0.00420509118352381,0.0111600134581524,0.0146945800115058,0.00508832083600229,-0.00703541659699412,-0.010830409458485,-0.00446288782712499,0.00470634915716332,0.0073781503993959,0.0015751647865537,-0.00528134580146415,-0.0042453778251755,0.00397096638577372,0.00764605481573307,-0.000795829716903156,-0.0119339296833819,-0.00944654222208869,0.00724647315353096,0.0182460024029099,0.00719040786042097,-0.0146354005968426,-0.0198831091902422,-0.0012664446599534,0.0177871121741517,0.0138252302502075,-0.00629002801572203,-0.0155199650888038,-0.00378545165997037,0.00972911672747833,0.00620044002049613,-0.00650438976356656,-0.00809159702327139,0.00344044690686793,0.00977855173740287,0.00103465753138358,-0.00935027312571651,-0.00580321467160009,0.00550390757000058,0.00662181719459894,-0.00366745848317822,-0.00756377603615361,0.00345020710057836,0.0133670773726916
0.00478509546143359,-0.011601091544669,-0.0146708157356254,0.000808782221534985,0.0165245818387987,0.0144682289574757,-0.00211829092715175,-0.0150398114807322,-0.0126688726872637,0.000322680829570326,0.0110987714193303,0.0115339972329122,0.0032440040387379,-0.0064467009786369,-0.010149107023988,-0.00573299206380065,0.00186450592245288,0.00656027012040506,0.0063218749135458,0.00268994219813738,-0.00194731040234643,-0.00615910735908304,-0.00723937125767571,-0.00191781461693083,0.00683762187808502,0.00983979993056039,0.00252318035742841,-0.00726675727230003,-0.00779524254980115,0.000711266013823321,0.00590015180612386,0.000914045834561459,-0.00527309337826227,-0.00125945155021874,0.00818527659364035,0.00766294413787028,-0.0054700190193843,-0.0149510486590762,-0.00719786039739869,0.00963231985262299,0.0155943871447834,0.00477071666957268,-0.00865997806383749,-0.0114178271548496,-0.00564760753191833,0.000564799389870902,0.00528970288596077,0.00959661754955659,0.00857711642502541,-0.00337542456379193,-0.0173971520639928,-0.0152622910879256,0.00516220650756376,0.0216274163464451,0.0134886252277792,-0.0099956981735127,-0.0200050085630972,-0.00573536954460139,0.012280806581315,0.0108955934242791,-0.00453158479652367,-0.0100909325517426,0.00159519234315398,0.0121447641078823
0.00313348521832859,-0.0038712214245607,-0.00483088952680009,-0.00136437369865279,0.000895238742862844,0.0020366894147565,0.00428410050505845,0.00498613791102074,-0.000161396585792692,-0.00796962522727805,-0.00922998734443704,-0.00109763917599563,0.00870539627077949,0.0106217003556451,0.00345320268206908,-0.00595596667774678,-0.0113304315684499,-0.00926108289740407,0.00082731672467949,0.0126166765236901,0.0148549288010145,0.00227991430980862,-0.0147048357986051,-0.0173379205973466,-0.00142097096172696,0.0149151263169953,0.0133480523850145,-0.00174955637762368,-0.0102452101479288,-0.00358679078236942,0.00496659273328499,0.00147470720008213,-0.00766095426558389,-0.00576043677096024,0.00832124173517322,0.0163686456908035,0.00523566116666984,-0.0147046720812629,-0.0216287877592324,-0.00711421379249156,0.0151203578895194,0.0239967991256893,0.0114184611478654,-0.012603195730354,-0.0279516273433205,-0.0188196749183722,0.00961090940908335,0.0311073281730265,0.0223064159335807,-0.0106702986072529,-0.0335411681492203,-0.0207053625557458,0.0132062596981702,0.0296513899035537,0.0121739626455655,-0.0152414705872339,-0.0203181377412708,-0.00204500813623306,0.0131410150619418,0.00815278489508646,-0.00543348849410205,-0.00788019142988782,0.0013263986543302,0.00739575041355233
0.000242609452520143,0.0040116562713906,0.00543783303454473,-0.00286687423783371,-0.0128758443388875,-0.0088607900714145,0.00832234528033665,0.0187513286473981,0.00861062466267982,-0.0111784604471398,-0.0185458840916611,-0.00778867508525791,0.00734157391032847,0.0131415487283399,0.00878722433061524,0.000779298934681017,-0.00770469941474212,-0.0136897208979115,-0.00991251286001252,0.00466763017761547,0.017496182658415,0.0139076018793448,-0.0042251899838092,-0.0172457360846551,-0.0113663423089507,0.00391443334712277,0.0104936666479958,0.00503701103613853,-0.00070512763670831,0.000863341838007322,0.00265087493882027,-0.00371802611855043,-0.0120700780294911,-0.00890142472342028,0.00712503471781404,0.0201563352892869,0.0144059418797648,-0.00729318475392116,-0.0253790322312226,-0.0212737041424672,0.00425988160060909,0.0284797243061666,0.0268616909904752,-0.00234341284651864,-0.0321245205290989,-0.0303139295401122,0.00334172491795113,0.0329517318083775,0.0263261335569163,-0.00782330068961216,-0.029762881353147,-0.0164380167622498,0.0118331632245365,0.0203851595248938,0.00387222371080057,-0.0121300301337253,-0.00849692797730037,0.00468165608391538,0.00773136635972653,-0.000593564433049478,-0.00604518812665557,-0.00219072865164529,0.00232883732499691,0.0011880249568922
-0.00188608151637284,0.00944366964146878,0.0111972889624607,-0.00409733159228409,-0.0184678374140913,-0.011379385702674,0.00993797244914116,0.0192166932756973,0.00653687079662699,-0.0102976380098718,-0.0116927698013984,-0.00177036596478706,0.00304621392334469,-7.47158597332151e-05,-0.000114700638884394,0.00703825520593987,0.0095164829718446,-0.00181454995550026,-0.0154895029047108,-0.0139130706772446,0.0028885320388022,0.0172638941237173,0.0144964152209581,-0.000719146284359786,-0.0124257456669999,-0.0126970817380786,-0.00468149091842007,0.00524490458347148,0.0116008803572729,0.0109268815717553,0.00260324774601449,-0.00872264453680225,-0.0143106217196581,-0.00919957027013303,0.00337612036591467,0.0145139035429045,0.0154823158871879,0.00378818669173532,-0.0138484658533559,-0.0222803145062886,-0.0101080955058735,0.0138543434723095,0.0256033628027959,0.0112129482124569,-0.0150411593412646,-0.0237850512343261,-0.00650099112987755,0.0139317465292071,0.0143939630060067,-0.000539274106437518,-0.0085752730894807,-0.001557910580911,0.00519078605828416,-0.000624305983278118,-0.00889218238641444,-0.00444846542911224,0.00831033302757605,0.011141046413492,-0.000195478052370517,-0.00946398086053429,-0.00506610583056038,0.00364624320524836,0.0024371178612031,-0.00453263424329256
-0.00185613417614755,0.0116751035088561,0.0106403406297242,-0.00562666107013743,-0.015130234596862,-0.00464860282322864,0.0102606999508046,0.00853081718507505,-0.00504771160998216,-0.00831740127204831,0.00441624602575366,0.0127148680272867,0.00070556748170023,-0.0174058403557741,-0.0161097991638528,0.00672266478765826,0.0250557433807977,0.0163423169955377,-0.0100540584335874,-0.0259685160909081,-0.016617198107504,0.00778952813295055,0.0240663547028738,0.0185297277336481,-0.0020642356344218,-0.0196509925329423,-0.0194120145232955,-0.00201881934382103,0.0154297040210634,0.0171276970437885,0.00439723924071732,-0.00816499053909333,-0.0100544444742867,-0.00518855859680053,-0.00161847018022833,0.000911773566125127,0.0063835093831458,0.0113190076338922,0.00616268619639697,-0.00849729753228072,-0.017291194773006,-0.0094313027979886,0.00735102010169807,0.0161210193343343,0.00981586205285099,-0.00220599527288681,-0.00951236743680637,-0.0111971859658371,-0.00764762175599575,0.00259181705086818,0.0147052054001926,0.0161057826196037,6.60481802191451e-05,-0.0190969623977168,-0.0185089131857268,0.00244214571176932,0.0189937825326782,0.0121892154129906,-0.00647246842774979,-0.0118764593836528,-0.000781297389149718,0.00688423755296267,-0.000351500308716647,-0.00875573478652901
