0.0357770621601511,-0.0453123809263157,-0.113446097533123,0.0344273770035935,0.227130085732578,0.134811381126729,-0.17405055960362,-0.270985146650975,-0.000528585411458824,0.261434592084592,0.132127619590311,-0.180211704102694,-0.192264703129667,0.122311846488512,0.283663678834481,0.00342206038525409,-0.346091760635695,-0.259178635277682,0.190321796935053,0.435702857237078,0.16795465624042,-0.267754065803799,-0.382911182656819,-0.116137419184095,0.200259078879664,0.282196470466876,0.144545618302649,-0.0537641183369841,-0.200758490522391,-0.221197986169913,-0.0762620900604727,0.149075993575457,0.260799943149879,0.14907599357547,-0.0762620900604608,-0.221197986169915,-0.200758490522403,-0.0537641183369932,0.144545618302652,0.282196470466886,0.200259078879669,-0.116137419184098,-0.382911182656825,-0.267754065803802,0.167954656240423,0.435702857237081,0.190321796935053,-0.259178635277684,-0.346091760635695,0.00342206038525585,0.283663678834482,0.122311846488511,-0.19226470312967,-0.180211704102696,0.132127619590313,0.261434592084596,-0.000528585411457907,-0.270985146650977,-0.174050559603623,0.134811381126728,0.227130085732581,0.0344273770035955,-0.113446097533124,-0.0453123809263179
0.0146872243522048,-0.165338578340568,-0.13800413948269,0.133701070046173,0.265184923322562,0.0114664582222931,-0.284653544237564,-0.169927559282815,0.231838018269483,0.327177206221824,-0.0860232731577149,-0.442964811591387,-0.208524668066631,0.369282397827739,0.52885051869274,0.0166188559364152,-0.535061537797574,-0.470803264420562,0.114345673301445,0.543285450783221,0.37729601778401,-0.121991524306801,-0.427715234912395,-0.32250286680824,0.0249224802401424,0.308130330182612,0.320705498639133,0.0712239328116318,-0.223623437191743,-0.301169863580452,-0.10179546685615,0.153129597641176,0.206992775566671,0.0715933285066243,-0.0419631752902308,-0.0462620042039076,-0.0521169274644005,-0.114890059580327,-0.0983642328571613,0.086591813795475,0.249641644274717,0.140194976812377,-0.149495679634907,-0.26542627968363,-0.076729159517291,0.152648728029002,0.143614166212396,-0.0126976989301031,-0.0464433898490106,0.0475668063249357,0.0311993354640345,-0.132071075742731,-0.173578048939126,0.0466400454675052,0.267134676874689,0.165436676961789,-0.140876984799931,-0.249845526628467,-0.0508514204976728,0.14775507607156,0.096990972553306,-0.0403633787633272,-0.0163837995205622,0.084407904169782
-0.0323244449801947,-0.252633005723803,-0.10974009464101,0.220174202787857,0.232550796947708,-0.135013419378881,-0.340393809788717,-0.0299193162177062,0.41082708542011,0.322799958613254,-0.250511998400309,-0.562220490740376,-0.180599363874792,0.456998502425518,0.564638508179345,0.0303897706981939,-0.488031835661682,-0.450657520252654,0.0142924205793034,0.38068158453469,0.349256101292183,0.0504027962929575,-0.229379643543248,-0.30474653420112,-0.14537623757838,0.132002124778091,0.292165438742913,0.169669947822229,-0.10553778989584,-0.228109396980527,-0.0923505921222682,0.0853329373458693,0.079358298486921,-0.0296423090243542,-0.0186730581199092,0.104672311305814,0.107873864961525,-0.0839976836072167,-0.229088502229728,-0.109528361937177,0.148329216120251,0.236562980525893,0.0782080321877164,-0.111124124679978,-0.152184548899188,-0.0880527586454913,-0.012676313435199,0.0743633062915973,0.161661320241941,0.131566265410345,-0.0655731427392603,-0.234418760681129,-0.147657026147767,0.11407693548809,0.222558026780985,0.0561685329357681,-0.126550630777135,-0.0835905527292325,0.0620913303438993,0.0420740927905752,-0.100194486991397,-0.081662848541915,0.125833716869751,0.199480970594966
-0.0683305300043743,-0.283182214887593,-0.0694004691074216,0.246188006694974,0.166459005209311,-0.206358925398039,-0.301695187398952,0.0700555631784565,0.414118829838725,0.218396983029191,-0.282426749344563,-0.439953728980672,-0.0677555230650889,0.350781961999546,0.322229311244789,-0.0257786910719583,-0.242165581471819,-0.163111315560695,-0.000151424901789945,0.053897189336382,0.0653843755140947,0.109511383495389,0.0882876093647785,-0.059267382554402,-0.187115588479926,-0.12182770310194,0.0732368275992229,0.163420117714961,0.0702364605848273,-0.0420070924340897,-0.0447392418214708,-0.0161294837865866,-0.0536177342148746,-0.0849920530831467,0.00528859347577466,0.147984633122663,0.150345980521406,-0.0189662259942198,-0.169661013815014,-0.144059779546644,-0.00182674751441646,0.104303040531794,0.121825129207297,0.0792645115399961,-0.0122986559445881,-0.130228726158667,-0.165198646110948,-0.0295031920386269,0.161865689052583,0.181283393557888,0.000293152759037685,-0.144118626252001,-0.0844154499504511,0.0446250794845379,0.0311342317940822,-0.0629928920688053,-0.0163980330027733,0.151600223155058,0.155540017562803,-0.100850736654407,-0.28617907866649,-0.101453443083413,0.24374527789852,0.270218856918269
-0.0627794550765792,-0.239498179498376,-0.0447840678610658,0.187684251150108,0.0944121812129379,-0.162278462986246,-0.169306510952716,0.0966934583882822,0.236098709917357,0.0399549917951087,-0.19442409007643,-0.134572595106944,0.102152122109635,0.137938053469112,-0.0622045019911691,-0.147505475286601,0.0425249424868403,0.225657799191859,0.0863689668060492,-0.226905786436196,-0.283813990963438,0.019776750043571,0.315667490345199,0.247869926264537,-0.0768387794761439,-0.282029504182084,-0.19035834642428,0.0469472649136972,0.191243953896851,0.159569002041697,0.0238186480035698,-0.109233180913669,-0.149139146146215,-0.0670721242583195,0.0588442069560136,0.105001446826196,0.0470349040991472,-0.009818631634819,-0.00103368451295914,0.00135690849881157,-0.0721430957767703,-0.127590915172378,-0.0234018411844493,0.170251084121451,0.204491140838751,-0.00129123683873572,-0.212371978834748,-0.182155806690662,0.0253901705024268,0.147542233272779,0.0957465337111656,0.0212642897431936,0.0143754135493508,-0.0288775559576703,-0.152712516448434,-0.169161150931009,0.0596426701545257,0.308702771671326,0.216443711426785,-0.166526946012667,-0.363570143152575,-0.112024427705355,0.262789579213571,0.267652874722941
-0.0130751885206764,-0.124671028754667,-0.0348546037020447,0.0674668920386401,0.0290890915232725,-0.0411872396634968,-0.00131309540807448,0.0611693523709926,-0.0108464795917942,-0.123891082357699,-0.0520432494384134,0.174831445765179,0.226011415020111,-0.059650535342795,-0.35148812461995,-0.235447349799301,0.211285968770805,0.460179075980138,0.180714663007899,-0.309956631756795,-0.458273313515125,-0.122704966010091,0.316542759192937,0.407489179452727,0.104311441749051,-0.255644292088324,-0.344775095709195,-0.118576921621957,0.193621918097735,0.294329705279114,0.101383206426996,-0.163966915798394,-0.214710968291638,-0.0240018872599683,0.142861960346362,0.0742835753681587,-0.09502945787476,-0.084890459493481,0.107658425641606,0.182099033155733,-0.0234880657925056,-0.255483614511267,-0.184147571473132,0.130421270192063,0.296326382032423,0.117476069703753,-0.157066803619829,-0.21000901526176,-0.0550150289199679,0.0696006950396138,0.0746961514842985,0.0713171974820026,0.0908524213899307,0.0142533016297256,-0.162225406904995,-0.212457100002864,0.0032199565882432,0.262444078087757,0.223339201583494,-0.0868400728670254,-0.273018169892798,-0.114452147702487,0.151979505964347,0.179881733818426
0.0545842217022625,0.0291521302798014,-0.0199764062217583,-0.0557523468105639,-0.0227754001247879,0.0747196360551185,0.116687461214674,-0.00486780143026318,-0.186001601124086,-0.17689045613522,0.0833921568130322,0.31612864843894,0.202481757136764,-0.173675843065244,-0.387116634988476,-0.183721682628597,0.223128026975262,0.393838166863099,0.168279525100093,-0.196166883891374,-0.352228881354729,-0.190233852892884,0.124593014290714,0.328384708596741,0.241064995925835,-0.076799722530247,-0.332600464884766,-0.25919465210384,0.0906262473325576,0.336657356937173,0.189627561371702,-0.159037643653533,-0.27430242662681,-0.0395131281787142,0.205440546449443,0.128675440105188,-0.125993594381341,-0.172772909111275,0.0518136065930472,0.210574605036725,0.0635628304436023,-0.176697949855553,-0.172274614205884,0.0542983416575094,0.176648967050372,0.0526197225474168,-0.0974241917754168,-0.0606822619948997,0.0607394123371169,0.0422347057274035,-0.0892343451227445,-0.0971845200226907,0.0716518078231119,0.182618437440093,0.0555268546728173,-0.153835321384177,-0.176798480118325,0.00740741133973358,0.162809409191877,0.114001545400033,-0.0373675901658741,-0.103252207790743,-0.0505231856674204,0.0277913223147626
0.103928269873464,0.169433199059453,0.0146635001705877,-0.126396675157279,-0.0567721620822225,0.119642767745981,0.134211858522585,-0.0659869497922543,-0.218334724432786,-0.0956043804583369,0.17410884919614,0.251216640823053,0.0340353401203368,-0.205665458891729,-0.197315894441952,0.00570362470806236,0.144788855861635,0.110884460187617,0.0290911769720474,-0.0115968193381921,-0.063318335915037,-0.137703924000214,-0.105956411844045,0.0988555540963432,0.267938412274043,0.132197634931588,-0.204060028213975,-0.328059721484129,-0.0524585379873067,0.300237424733084,0.277505324989148,-0.0857706722884177,-0.314547248554353,-0.142017476802803,0.177801200349112,0.233425378246862,0.00658577586181931,-0.169590820991168,-0.110066500039553,0.033372659186479,0.0691237608758693,0.031141413110779,0.0421162321817682,0.0551469182115834,-0.0528735688466614,-0.191801518176923,-0.124818509958969,0.158899399035729,0.331367407276838,0.116589246683982,-0.285329893251386,-0.39672125680673,-0.0550341941270593,0.369073075308226,0.387118687309245,-0.0120861244158603,-0.373774709751219,-0.322187733790535,0.0543201250387364,0.332373264125295,0.23766656362673,-0.0768534221064556,-0.2550688129054,-0.134600732607999
0.11205910717839,0.248063073266137,0.0639236793908697,-0.128382239621127,-0.0789702058538583,0.0825996090514868,0.0800487378632083,-0.0831476481695348,-0.13669666880729,0.0319467928443711,0.188926766013075,0.0887760704662448,-0.142703097037888,-0.177562688757914,0.0355295086525539,0.191112898069889,0.0623299319262839,-0.151421238722161,-0.125112084883324,0.105212885264054,0.185473764306626,-0.0269548603593198,-0.227063650632454,-0.10407605105049,0.196926732327008,0.246150618606423,-0.0529185909903628,-0.301836721253864,-0.159755743865388,0.199703890453838,0.309880638321037,0.0310646658049256,-0.276048656113627,-0.248612623406218,0.0497008798664361,0.265698005886964,0.191571375521661,-0.0460007825912903,-0.212425623983672,-0.202080174491514,-0.0385704420479808,0.180325837633755,0.292770623991522,0.144960475823938,-0.204851244869631,-0.424148749275097,-0.219081929776941,0.280184815917273,0.551271882268794,0.235026481016636,-0.369516832660083,-0.608053113208167,-0.20087021065027,0.43984035889505,0.612674253652966,0.129174625591542,-0.461514917041938,-0.533666573649959,-0.0464756362717634,0.446080293673656,0.413295729234479,-0.0423394829280261,-0.367913402077696,-0.241739126626074
0.080681480880411,0.246292966716774,0.1082516023196,-0.0911261689645996,-0.110962892540713,-0.00172638337269343,0.0418278152008177,-0.0139176285721925,-0.0244878693157182,0.058138643871841,0.0916518462808383,-0.0228064095998963,-0.147924190248833,-0.0833822298379966,0.119708046043049,0.188128440962002,0.00571939640072555,-0.19713522388145,-0.144326911650642,0.103926838427025,0.21781842865543,0.0425031349939325,-0.183824976362439,-0.160113823856525,0.0755451707059194,0.205510323552659,0.0578603083852329,-0.165244593335297,-0.171677748569853,0.0414833629404997,0.204970041645665,0.120257614941565,-0.109064489101635,-0.217050670490557,-0.0937789358032825,0.129165046733693,0.230969974238095,0.108653945985042,-0.133241555685787,-0.273393463389414,-0.159663520042889,0.140600567637832,0.349469180382634,0.218303666898526,-0.172396008008379,-0.433260997655704,-0.256995641742376,0.223978930545949,0.513263053968321,0.26438325192497,-0.284746340462708,-0.548775951267207,-0.233348814720122,0.341475511794268,0.553082860240849,0.168887139200558,-0.376218954577689,-0.492447893885907,-0.0811348425545748,0.384541256706013,0.393731493653731,-0.0116465829567585,-0.336787984860073,-0.249419168093451
0.0288690883136319,0.181608608205537,0.131673384884577,-0.0601898950693459,-0.175862558834585,-0.0912670459123359,0.0915165693871879,0.163320960723566,0.0537959997069355,-0.102834513570952,-0.131717338577112,-0.0173822117771475,0.0952006398388307,0.0936914688320939,0.00360100851792274,-0.0647296129198373,-0.0525688251491016,-0.00829094503909831,0.0190305960792299,0.0280740784620257,0.0365124734910921,0.0300882243779422,-0.0197906158207652,-0.0771434695956119,-0.0655295331384181,0.0321490407829821,0.118787436569301,0.077287147675637,-0.0630960055556606,-0.14816998137907,-0.0688141888171969,0.0983435547782511,0.153759199043167,0.0273604632397367,-0.13289339106547,-0.139849450863127,0.0203173210088462,0.156423670042111,0.0986943913314857,-0.0817767287233152,-0.16436479886392,-0.047788220443952,0.13229226096585,0.158475830612565,-0.00959794167080454,-0.174811882467464,-0.138043297938452,0.0624618086243432,0.197487989856042,0.113388464132259,-0.101364235155119,-0.208768472509242,-0.0842369183874466,0.13193049339068,0.204145118006305,0.0603816860902737,-0.148303149743792,-0.196381091276379,-0.0313023947579316,0.16320921808324,0.181583372785621,0.00653956020562103,-0.171848950909375,-0.158078130472564
-0.0235835148961319,0.0914921646929609,0.133157197619562,-0.0565787564998213,-0.268561484775627,-0.163657776363755,0.218351377834972,0.406225244906088,0.0913059526249486,-0.382380400224406,-0.420836494902705,0.0544354641676335,0.473168051071448,0.317103278120904,-0.196525826191919,-0.422987826274372,-0.129682983987862,0.258191418801729,0.252994760019084,-0.0555309046127066,-0.199157161487684,-0.0119298897716048,0.173579728724676,0.0461467168512048,-0.213307459468107,-0.194747480124127,0.141722067951738,0.364319858137994,0.136010357916067,-0.301486839134838,-0.420055684962753,-0.054105051841301,0.386132743858097,0.393618116355634,-0.0240888411413752,-0.388954479094636,-0.327859770237122,0.0517881085517659,0.327170974093079,0.248024947425367,-0.0371030042227204,-0.228888914886082,-0.194064446344028,-0.0208203855307751,0.131557764629926,0.174636857294578,0.0973846881469612,-0.0622573233739366,-0.19613864263786,-0.161548250512756,0.0484430255381843,0.235437729247255,0.18499236333123,-0.0771201016335227,-0.260253237399359,-0.1449613104688,0.124404259159698,0.226620840497078,0.0667918582701634,-0.130946799718037,-0.126714540696074,0.0139905393399391,0.0616917829259436,-0.0117654523176587
-0.0663820009957271,0.00692643015036404,0.120726497982284,-0.0603045189077663,-0.337452767821724,-0.208916790538292,0.32486312979266,0.59084543504214,0.113376327761407,-0.586820885570352,-0.62650078424345,0.0977903578848403,0.725972851358209,0.467478967590489,-0.309649185972256,-0.628681045169117,-0.176321626046946,0.398783235989753,0.363748614512622,-0.11605321057326,-0.316288463534632,-0.00203372771734331,0.311719324120638,0.115063047224525,-0.33106470226266,-0.373156346944963,0.125089424455164,0.561977929787873,0.331944116586574,-0.335340615201419,-0.65530397781201,-0.245085442475859,0.452607120621486,0.64988067585507,0.141345931341519,-0.475428022563727,-0.559888725977392,-0.0867451987176704,0.411071662730043,0.449189474815831,0.0808824798372061,-0.285243835077823,-0.358504843653531,-0.150980313541356,0.151439093167301,0.344156575930227,0.27077934819021,-0.0689267579987786,-0.409912499247094,-0.379070891783673,0.0865757610834565,0.535565090855031,0.415987740714542,-0.200887949164355,-0.613146374834592,-0.32713172054539,0.337132888763754,0.586774486623523,0.149568612269637,-0.385564647653446,-0.395740223491879,0.0206695214746422,0.27390846947003,0.124177996716637
-0.0975998115558772,-0.0621172221908708,0.0952675118613333,-0.0332993975021671,-0.304766007345807,-0.205431384380969,0.298138261698497,0.561321196626341,0.121387952765702,-0.534770951014572,-0.578057760420888,0.0749476734242295,0.62549818540583,0.398969680562702,-0.253443456983701,-0.499079482824353,-0.111494927460062,0.321664305596175,0.235468932466852,-0.157369280781138,-0.254492747414099,0.0756743624198377,0.339526432754549,0.110336813752889,-0.343306696499438,-0.411288851305121,0.0538516778997594,0.525353980007789,0.400502679848345,-0.21251009561085,-0.605257213341908,-0.323935274387911,0.322027798807343,0.595630026791534,0.195382825824499,-0.381830326642893,-0.493386685454791,-0.0765814092041057,0.353612386198639,0.341982347547405,0.00753873945289338,-0.238879279144888,-0.217734930507333,-0.0571309498066456,0.0919528106044223,0.200142627193451,0.209840035322994,0.000578607201597386,-0.326347388496337,-0.380591607062671,0.0433052960515127,0.548319900483261,0.465834042779848,-0.222182707506748,-0.712376965517132,-0.381105269416147,0.426670160469544,0.73078614851624,0.168689854059337,-0.510136563504368,-0.515893344620265,0.0353746283300563,0.387911873920239,0.19493429781131
-0.115671787036101,-0.120018197147144,0.0439577330057263,0.0375299969812109,-0.121161055781607,-0.117635701251069,0.107554871330284,0.23973773060838,0.0689080554641527,-0.194637950125649,-0.201310242131094,0.0346375361647831,0.167815114306817,0.0602032004868293,-0.0893298403810863,-0.0630117130758911,0.0844000007571843,0.100150815552992,-0.059916894358883,-0.178987798796309,-0.0843491708489381,0.140550899258061,0.237585240734962,0.080294353076449,-0.184319610264435,-0.271718416312455,-0.0720072057429791,0.218275175947492,0.276052258093757,0.0140457496363011,-0.262817105877661,-0.212514306183545,0.0950611114106938,0.255150842134851,0.0528889368078231,-0.223930521739946,-0.177654988265075,0.140075993740201,0.276165900853837,0.0160592746743657,-0.27882710988678,-0.208460756791016,0.11578236583993,0.254285957436845,0.0671851312122812,-0.123636730257088,-0.0699234268091327,0.0386242087654797,-0.0496578045610328,-0.168401827620934,0.000206352618947525,0.332100325770156,0.317012947661024,-0.176197187378295,-0.558996673862426,-0.284168570244064,0.38243414002626,0.614344000955057,0.113905871173727,-0.466119554298663,-0.444528541784402,0.0592940251363636,0.368952807301821,0.180296664930263
-0.113518358019965,-0.167007032587854,-0.0459593519242602,0.116832487139575,0.180376386459505,0.0722696252327332,-0.15605535296672,-0.282720275363381,-0.0918724108177265,0.27398439152493,0.393466432568561,0.0526177717457086,-0.405060464919264,-0.418426697166983,0.0476668852423248,0.440654015610499,0.31871449107059,-0.110937593318549,-0.316219376484008,-0.152388995553497,0.0665868291928719,0.0900146026547328,0.036149728669017,0.0812241944073657,0.120490975759751,-0.0163719693359113,-0.219370189377464,-0.212105413534478,0.0366173594005016,0.229433446822574,0.168633848771278,-0.000949627157806228,-0.0860220497567244,-0.112994585234032,-0.166070310663608,-0.132049701752266,0.124396524183203,0.394453608020308,0.267899571503512,-0.240463203049358,-0.553696597521139,-0.251217909652886,0.350920851909524,0.537635783410592,0.117786527378067,-0.341953382976062,-0.331930259191012,0.00144322992565156,0.17714930959705,0.0784131687024731,-0.0013285770224098,0.0756486806227227,0.0898431111914691,-0.106169963042039,-0.265042211298919,-0.0984005163827471,0.236980379994521,0.305467656500508,0.00733131926441352,-0.279414126556037,-0.212842789078732,0.0868811518919794,0.23583621511375,0.0982742145233773
-0.0819457682742504,-0.187816187723438,-0.163151298749058,0.141623794959348,0.475525399470736,0.32329672154028,-0.338320660898945,-0.769105734440452,-0.328969490443033,0.611888343891861,0.925162125498723,0.148942466661769,-0.779988478593341,-0.778457067648689,0.0785201650086829,0.714996185609484,0.435579462866582,-0.200560550673413,-0.361955504977078,-0.0529921724067875,0.109986243189512,-0.0827198004363417,-0.170510297376263,0.131075640218663,0.417289084568666,0.190256792433936,-0.334609882649094,-0.501668082242669,-0.115799103348286,0.343386662175695,0.383545298846508,0.0912401494975563,-0.154686350031952,-0.224280430325304,-0.211935528389534,-0.109667355368974,0.153244976007825,0.392810761225632,0.265978718349364,-0.205146851576935,-0.506343113210915,-0.255785799147429,0.274277435920832,0.464431902123399,0.135887442551155,-0.264932964354293,-0.296617549832829,-0.0270027398103744,0.170704087406787,0.133757438127686,0.00608568713195548,-0.0589514700795709,-0.0605587728381866,-0.0340490178885128,0.0264852974049773,0.086754775744135,0.0536708442259508,-0.0652960775386545,-0.118575537682943,-0.0318660513600503,0.0902685865205096,0.112347593208637,0.0494865824624621,-0.00881804066088628
-0.0196992801435444,-0.159419521290159,-0.26311734660671,0.0745040744225836,0.607506631769916,0.526087243238261,-0.331009234577115,-0.971706847518783,-0.51174055292795,0.6412181600771,1.09045909012255,0.248803574596089,-0.779838312985311,-0.804666952735664,0.0407945234843973,0.62187359702834,0.339852721083694,-0.165970363696044,-0.191708502240195,0.0779340528065324,0.0473340562676163,-0.250744639567385,-0.243500454309811,0.202172954704134,0.491478119772527,0.16515404032209,-0.371531650636571,-0.440584671885601,-0.00449730671980472,0.340143425307009,0.21066144310741,-0.0940965562978039,-0.156887548150658,-0.0083802669355097,0.0554704324095144,-0.0344937934315894,-0.0830301639409269,0.00186182926132039,0.0899833783526254,0.060234154286202,-0.0174704157087543,-0.0296490973147767,-0.0285717778983195,-0.0681634823101178,-0.0576413708819856,0.0395031280853124,0.122227725333105,0.0795056762984544,-0.0399538438848386,-0.0791739085762039,-0.0369154604862451,-0.0388745443598466,-0.068130778629779,0.0268355373366497,0.215917572157566,0.217109508163927,-0.0882852147959752,-0.364906311785544,-0.234857277930797,0.169817282861255,0.349634707765721,0.131011367232108,-0.115671012391457,-0.0951313104052096
0.0594732605924041,-0.0725384852004506,-0.288665756550297,-0.056706465588401,0.489859117063913,0.551230945168628,-0.152290067273884,-0.777731636715114,-0.494554261172122,0.393029556284466,0.778806679925584,0.228745490751556,-0.460453472625086,-0.472329633690812,0.0250791558017245,0.282114528467846,0.0927700819939899,-0.0798301833101296,0.0296212472920787,0.127392523947269,-0.0528524631183034,-0.238378202816286,-0.079713355083013,0.236552664748606,0.216562277457559,-0.136647612598123,-0.302095876056183,-0.0174332153932651,0.339293169706537,0.235127784336624,-0.219503384182182,-0.440671479821012,-0.161028363368022,0.303004217419602,0.464191182484212,0.184377711138158,-0.27163014596205,-0.531814020880943,-0.348966064713038,0.209227529780112,0.662213421955977,0.49396794886531,-0.226728914783133,-0.766114092842358,-0.505624093337483,0.282964746260767,0.702931568303455,0.341219473394712,-0.253026751376969,-0.39977442890658,-0.131433511971973,0.0511807641944897,0.0028457474574409,0.046415903030929,0.273602924469962,0.289644884134218,-0.122962133931211,-0.49999182084688,-0.313212090340737,0.244154690677022,0.465960077307706,0.132364552381973,-0.204778268678295,-0.129152105375743
0.130467070993891,0.050795901006155,-0.207637427551312,-0.171664585134957,0.17621836313467,0.340921789497179,0.0607367226831807,-0.278670628375982,-0.230150198220915,0.0644100110522707,0.169572921764958,0.0338527895297736,-0.0572597779613553,0.0256602813658897,0.0757563027269368,-0.0407602812545949,-0.119151781374137,-0.0109014138274999,0.0922305344193682,-0.00321992615169961,-0.108975935365118,0.0434234831641656,0.285477079681108,0.156052010228053,-0.327056171533359,-0.525863585554135,-0.0840419768620019,0.552370279421838,0.606972415098624,-0.00192169147677715,-0.562993571216626,-0.557855173843938,-0.117079201648233,0.328002352264106,0.544936833171666,0.448681451728562,-0.0489995101563019,-0.705871124261839,-0.861092054648428,-0.102540863278575,0.980688413942354,1.10892210023986,-0.0229899186875678,-1.12793396943463,-0.980269500619317,0.201038772208558,1.01565263982444,0.602113409066568,-0.276693953906132,-0.550860836970172,-0.186603139129972,0.103726184219857,0.0245486726027816,-0.0116332427744221,0.220752647176711,0.319604611088812,-0.038320761890037,-0.439948919072404,-0.320441381981729,0.18312073349381,0.398420319588635,0.0966930260431393,-0.205957748684681,-0.104009138398823
0.16848034496271,0.161822976285678,-0.041780307926183,-0.19260137950874,-0.16948919311732,-0.0271688451020319,0.154448076325369,0.26943065493301,0.17819633557675,-0.142105647642734,-0.397327000694638,-0.243157525994613,0.189375931005764,0.393508481001778,0.152215486742128,-0.149775844021644,-0.131320222056416,0.0174213588994433,-0.0893863453525054,-0.284277735953197,-0.0574178786198363,0.516578018235474,0.63442392946899,-0.117477565617904,-0.885554419433346,-0.663298315437846,0.360478261015021,0.942529039264574,0.373667136763837,-0.45614164730495,-0.534406929093169,-0.047810875167271,0.147583559367882,-0.135110192981798,-0.12159768428681,0.461699399867082,0.675592676005531,-0.138147384932044,-1.0700265165521,-0.841753343434186,0.500917967913877,1.37396410773491,0.576090027399049,-0.809944662866898,-1.11762651281585,-0.180819297065574,0.741162782042844,0.608247628821157,-0.0888608288240151,-0.35537544976692,-0.0915546394239228,0.0795324229196991,-0.0755625920950369,-0.143691255280122,0.104138894975125,0.301968092066302,0.100349694824493,-0.229528858955601,-0.22680197428597,0.061332753463066,0.189181793736524,0.00766760276457328,-0.152562267157674,-0.0383654083182003
0.161181708664325,0.211797853101952,0.137265559395261,-0.0997226647383339,-0.379582847676747,-0.374772368263611,0.0822763407839128,0.595541071192055,0.520157634845069,-0.153887491637068,-0.656568650225487,-0.421169728367207,0.205006782708791,0.442702256542704,0.170194613776636,-0.0360014077074346,0.0573981779116593,0.00380220387558876,-0.406219039330303,-0.53214233209714,0.143554669999427,0.962118503570438,0.660591376545874,-0.606276422662477,-1.19752129825986,-0.278683215963735,1.06589250633777,0.922399555514328,-0.528623287340336,-1.15885984304138,-0.123584910197758,1.15681079308461,0.735989641512306,-0.888292781035631,-1.41336114048068,-0.0247294269538917,1.54211373220018,1.09265346321233,-0.704253077900223,-1.55305835880881,-0.602351557912155,0.929003211544306,1.16403511277686,0.113092959020864,-0.691411088826016,-0.549224751414977,-0.0169588824645759,0.214642360793244,0.141621143893395,0.124404589048548,0.169247854487244,0.0171430935716462,-0.247208765703578,-0.275594645517454,-0.0130070650955986,0.213782902006141,0.173993031002237,0.0181708980335651,-0.0332164601201259,-0.0100613073373062,-0.0512521549147359,-0.123947099582536,-0.0992686161848377,0.0311396959627589
0.112526484816298,0.182796151941373,0.248434350779603,0.0517112832549026,-0.382022446594789,-0.536546556151494,-0.0643408742729456,0.591586005240477,0.608566528010307,-0.0566846395589239,-0.564676595186227,-0.379545497036157,0.101053927732734,0.2330589166584,0.094630355119739,0.146666986736445,0.26664246161285,-0.0681932735096784,-0.641835804567977,-0.51895051774856,0.49597270520374,1.13434622729272,0.197948422464875,-1.20951789161868,-1.1321505110552,0.617693615181641,1.86416859753619,0.503538610266999,-1.7426097769426,-1.90782234132736,0.411910314854179,2.55784385255998,1.4608847589156,-1.44969328725973,-2.59603328575292,-0.826191372566939,1.89078425141781,2.27933942631319,0.162519510717275,-1.67636367324638,-1.58254927135597,-0.0824646227599585,1.15607644273598,1.08443043239522,0.202148437464799,-0.553736987491141,-0.778194740938065,-0.436039810854671,0.194775280539077,0.607453021686214,0.467898671179444,-0.0302578331446129,-0.363562097514186,-0.295212520332719,-0.059560588035699,0.0560278364256833,0.0862500435543716,0.165519761606712,0.201745732413576,0.0407688778090814,-0.199656404136306,-0.247962200171493,-0.0836361373784945,0.0661834036449767
0.0369671401186019,0.0984204763620948,0.252867726336702,0.167773778963889,-0.23151558938464,-0.460708634407907,-0.144625604802409,0.367870262710494,0.417991225139591,-0.00489420241190658,-0.291321261227115,-0.156882155583386,0.0414503049628309,0.00501022535987172,-0.0051239291172161,0.218427171558563,0.263246869795211,-0.219446933902663,-0.628139558242583,-0.133916970396823,0.90460369695044,0.896358395825908,-0.596653058871049,-1.6744182928974,-0.695700359001407,1.63991435141782,2.29990531548441,-0.0984362839706663,-2.56092934930202,-2.217279514365,0.791569736630407,3.15871566664859,1.781507929531,-1.39919454270638,-2.79699287296301,-1.31126992815854,1.31349976460157,2.33179568708961,1.0158086527005,-0.897869402386298,-1.6683531601053,-1.03579495424753,0.315160311535419,1.32763031978372,1.12039317031775,-0.0532656327829308,-1.05008253772913,-0.976633429561658,-0.000598834832002959,0.781229945635474,0.603479595231374,-0.0536908926484647,-0.334140829826274,-0.136689518841545,0.0128241164959424,-0.114428256321635,-0.151471438548464,0.128168588862669,0.368933013622623,0.189613541518506,-0.188339513244277,-0.293562657131004,-0.0989986179122524,0.0475759504976925
-0.0479897571567114,0.00512207135307075,0.17602666045908,0.184760886609095,-0.0599050956652228,-0.231152250470431,-0.0872955663874284,0.136047747309975,0.104251343581153,-0.0749288205699601,-0.0786683561612739,0.0749178746700281,0.0948832813797399,-0.0276997527612321,-0.0113583739785714,0.113642401749871,-0.0432136926975469,-0.423892989405817,-0.334866041373139,0.513095590489658,1.14319210642413,0.285311603997348,-1.31798048827971,-1.65733237745157,0.0487793242638341,2.15506299404091,1.80999735234278,-0.678704695831404,-2.37941153470205,-1.54000190432955,0.945091980318122,2.13086074518171,1.03150993426871,-0.715316568026372,-1.49070747297246,-0.867670609998163,0.048126966413351,0.68928680480324,1.07099718801127,0.610342441634697,-0.5122207094729,-1.32774468795754,-0.970095702206934,0.485358918412762,1.47921563612953,0.761243742119218,-0.645258541021249,-1.08562832431539,-0.302021343924644,0.543354092904347,0.456187086510442,-0.0874077761463628,-0.179292155324234,0.14690557756457,0.186195708982159,-0.207009186852406,-0.403322562252318,-0.0586456564817577,0.36803093559912,0.319600546789249,-0.0460922818595798,-0.213963402092123,-0.0998069104369637,-0.0119333275638235
-0.124891841243448,-0.0601632090737816,0.0818861450226298,0.114380916378121,0.0254544561426172,-0.00518635832719175,0.0580477877089361,0.0360444036886894,-0.121843066239746,-0.196023221184924,-0.0509534328931186,0.142285077134292,0.190661941971002,0.159605942902505,0.123655973466218,-0.0931453022943316,-0.506021421612548,-0.574342144512765,0.149609025037837,1.11494716220852,0.944795274878628,-0.535637115866754,-1.58855861755554,-0.885908371592026,1.01747427886106,1.69458560419829,0.179143956455845,-1.24068632294114,-1.03747849900654,0.389405109046404,0.963274641181197,-0.322650476636496,-0.975478625699915,0.0948566738868856,1.21313838045836,0.664389241508176,-1.26852937618594,-1.94492264101063,-0.0569833214641069,2.10593667522212,1.5834215735147,-0.761091633474034,-2.02034619622535,-0.963482168705305,1.00984614310998,1.41852908733888,0.20744411307285,-0.704734082337227,-0.486082186163969,0.080982763553288,0.101150826531569,-0.152303073660508,-0.0081201643080108,0.390332257426511,0.357497127810788,-0.16358110364004,-0.49139268966485,-0.248507722205292,0.186592885563091,0.297590054161961,0.113758783886803,-0.0259130654294463,-0.0390247119313953,-0.07257230122685
-0.175813223505207,-0.0897879516178098,0.0208769059732019,0.0266315721333365,0.0177470475571433,0.100014143789353,0.163340493757456,0.0498005013330612,-0.152529759545828,-0.224663654192209,-0.130490736257493,0.0161012814984205,0.198435872834411,0.394028164503249,0.311689241429071,-0.275231950059935,-0.848249721840334,-0.520812320788605,0.687504328471195,1.34244663669168,0.212772232339222,-1.37267243599716,-1.28653336819317,0.632310841595637,2.0355877791796,0.386104032544567,-2.10568356879285,-1.889310215555,1.01684046024243,3.20351057066877,0.953707585623467,-2.99904721250405,-3.44759955793711,0.368574830780326,4.27620137089573,2.77030957440758,-2.01385662584825,-4.16414378425132,-1.7216267170389,2.67638446807705,3.54968112515303,0.357864111359863,-2.31785449730216,-2.09460022219241,0.0728872558065368,1.47090444248981,0.953006086965276,-0.0735021342531954,-0.421329737036495,-0.291014770616192,-0.236655751120508,-0.207911477839976,0.0780200993987771,0.422616027162148,0.382193465389249,-0.0171477653712944,-0.318744991624387,-0.278021030432367,-0.0725446519714873,0.0806313640736891,0.162901655374711,0.185172372551327,0.0896197227201789,-0.0901925140808294
-0.18319652508726,-0.0999173712369592,-0.00491678858855216,-0.0126923767466928,-0.00283891533745473,0.0886030964344572,0.130091255631969,0.0463628280891166,-0.0479560701621514,-0.0826424873198546,-0.136044435448694,-0.162242596858441,0.0637594133639579,0.447481485599544,0.381128282899109,-0.358170186826905,-0.86455536551662,-0.181698248279721,1.1354535528596,1.07674535448231,-0.822712744720651,-2.02946901813402,-0.586202954597656,2.42544463617375,2.77801151671168,-1.06551866037697,-4.05275436194771,-2.46985946463231,2.80687745301472,5.63297328623959,0.992981180927209,-4.60268695916016,-5.0701615811506,0.0799566823406006,5.87591828891134,4.24453564567488,-1.8540004561117,-4.87079527934149,-2.71914731494046,2.09163728087608,3.95961916108361,1.28298658936956,-1.71427321219441,-2.20264902712694,-0.637633877046823,0.869216008676961,1.04735440096046,0.410989974562431,-0.141835723406027,-0.362595919439206,-0.354895424227485,-0.178606343580019,0.0709206281815597,0.206622106770411,0.177950427568994,0.111523643784289,0.0515254971523711,-0.0807522012847299,-0.252420007458406,-0.234710746988325,0.049984814316269,0.307261957033262,0.235584334929573,-0.0439096346716259
-0.135420025249478,-0.108401349982913,-0.0322620444913906,0.00404765879432811,0.0462981469975761,0.061505860870754,-0.0205765618423892,-0.0831196083390036,0.0284566217451416,0.163664763694422,0.0402273746669608,-0.20640627635184,-0.130874305422827,0.231893174152793,0.21836782836644,-0.353340067880809,-0.548386276937422,0.350638727012685,1.34835763361247,0.491011180522841,-1.68680957966282,-2.27286801641841,0.181214325064038,3.57707754800797,2.84423286241005,-1.89932679088253,-4.73497010533853,-2.48223870136421,3.41003860325812,5.91655768356344,0.970225604155241,-4.44032108799961,-4.86243944213179,-0.10792448834017,4.77771696156435,3.68394734277948,-0.980435880482399,-3.62042439778263,-2.22794698530675,0.931130326155237,2.24446867335632,1.17028880304395,-0.491272154507715,-1.10251605831886,-0.656523702735573,-0.0296930491770213,0.385616594132666,0.464776715095346,0.195906478842534,-0.146443642938885,-0.223136322638679,-0.0370376410242424,0.0499229770924418,-0.113892565133747,-0.185812389569048,0.100313724184991,0.413568519232355,0.256383640908316,-0.246551265418805,-0.470560678906056,-0.156005021579958,0.273010189516887,0.316800156283415,0.0482041667513677
-0.0372425199727493,-0.114025425217019,-0.095057174388373,0.0261930214330065,0.168748427132978,0.113808206053776,-0.163633217998774,-0.30810544523845,-0.0431784587995114,0.342440630681228,0.327787248136272,-0.0429262317968702,-0.238904836153416,-0.123274234929596,-0.116567647647509,-0.307220321298347,-0.0752458626419419,0.80943556660477,1.19751058148469,-0.114308148637838,-1.93083654000909,-1.86258151792047,0.745781000530961,3.24279117895587,1.91908807531647,-1.82718094565687,-3.66367220233695,-1.44238465954481,2.60412205931876,3.30001145545163,0.362335036902788,-2.54969942857631,-2.43809017086604,0.305213531871025,1.57956632792638,0.765242560829841,-0.203161687858917,-0.642393349289574,-0.151825998400461,-0.14789447962236,-0.6589212205843,-0.181977806685669,0.717512812215221,0.813716641633223,-0.0113958999842512,-0.801093878909648,-0.617713941598583,0.142949836423965,0.437319658155843,0.163050324899928,-0.000350493702831856,0.140790519586846,0.094733204722846,-0.315158214313888,-0.50769479329523,-0.0637377969270281,0.544843780477562,0.530503414742991,-0.0698700366362748,-0.487400795981608,-0.313542294000807,0.108764952653419,0.274228213062117,0.13753625879691
0.084064844767084,-0.0968270144492503,-0.183996590410789,-0.00474220589220409,0.277997695310889,0.243642073547641,-0.174917519054171,-0.471270906096434,-0.22524905841962,0.311138724525115,0.518006860093792,0.224669972595093,-0.174391339406927,-0.38319138986098,-0.419428983532331,-0.229615618428695,0.32936658298457,0.912203203197957,0.636180896428744,-0.554681933983591,-1.38515068352906,-0.691064553978965,1.02577239709993,1.41951335013081,0.0111463411160453,-1.19380515863535,-0.931699428754381,0.710475684438438,0.909270942083057,-0.938334680449967,-1.29025758994654,0.198161814348195,1.83710199461221,1.24173036833323,-1.95241671623031,-3.0463971595207,-0.336316010021947,2.94537814076677,2.77147800956596,-0.785057343984236,-3.23258224662306,-1.95496341470499,1.34276224797993,2.63852608815804,0.829272365663633,-1.21008945604115,-1.38365270641965,-0.21161793072279,0.542718500951525,0.344636761356872,0.08965234340541,0.213220783595216,0.20004840981859,-0.256700317487695,-0.58461748951498,-0.259989045623033,0.370530174200147,0.55028233563498,0.14724166057148,-0.274305838399193,-0.310000498511151,-0.083147136341177,0.117720623713892,0.173998774798106
0.185062467799473,-0.0392656868628166,-0.243709943746063,-0.0959568837303135,0.266493830982741,0.343732880248098,-0.0324419794727557,-0.416663718163335,-0.351793253410258,0.0807467009624063,0.429201097284984,0.388202515258966,0.0203819044894962,-0.391658731807536,-0.499577548734315,-0.0891730329078193,0.542015074663858,0.591817061139016,-0.219098613054914,-0.847601465103035,-0.282590838173058,1.03181013348848,1.12094718874995,-0.939503743479128,-2.30018262346443,-0.695305623871163,2.54512218539636,3.36792412552189,-0.734782193381236,-4.64483002540547,-3.40675710379852,2.29216160849898,6.32107070262619,2.27051122668386,-4.2657645556156,-5.79909051355616,-1.12112785432765,5.32547279161182,5.01573387113935,-0.894160771597437,-4.46026476456812,-2.9990435338658,1.37585625332069,3.37861222333597,1.22517763512552,-1.25522447673854,-1.54326471291391,-0.260136848058787,0.577120098498695,0.306003990505126,-0.0552914326965189,0.0883459052072611,0.270570429820669,0.016752877965871,-0.350187595698036,-0.32789529556954,0.0218595321589712,0.281363776921039,0.24601011757958,0.0438090099427469,-0.137958674579622,-0.196250685233968,-0.0757257534790141,0.137759560140167
0.224436744199473,0.0512797948258245,-0.213066940246797,-0.18748780476752,0.101060542445732,0.2870111002804,0.15967024671069,-0.118187255229149,-0.271975352215452,-0.191165225784668,0.0709002975723762,0.302199926850807,0.208801285359318,-0.17562689657324,-0.326434564209393,0.116769202612454,0.591835773487777,0.0805795850788756,-1.06984174594845,-1.08543492776222,0.792430439754448,2.67475487608661,1.21657493514436,-2.65029686816179,-4.05150509660569,-0.697893825548183,5.014573475798,5.33285145932777,-1.47921860185426,-6.41170727617567,-4.69368837382829,2.85494860585683,8.3100799370417,2.85494860585678,-4.69368837382832,-6.41170727617566,-1.47921860185422,5.33285145932779,5.01457347579797,-0.697893825548218,-4.05150509660569,-2.65029686816176,1.21657493514439,2.6747548760866,0.792430439754431,-1.08543492776223,-1.06984174594845,0.0805795850788821,0.591835773487784,0.116769202612461,-0.326434564209392,-0.175626896573249,0.208801285359305,0.302199926850804,0.0709002975723881,-0.191165225784653,-0.271975352215452,-0.118187255229163,0.159670246710677,0.287011100280404,0.101060542445746,-0.187487804767513,-0.213066940246805,0.0512797948258122
0.185062467799478,0.13775956014018,-0.0757257534790073,-0.196250685233977,-0.137958674579638,0.0438090099427437,0.246010117579594,0.281363776921056,0.0218595321589719,-0.327895295569555,-0.35018759569805,0.0167528779658719,0.270570429820681,0.088345905207272,-0.0552914326965173,0.30600399050512,0.577120098498684,-0.260136848058795,-1.54326471291391,-1.25522447673852,1.22517763512554,3.37861222333597,1.37585625332066,-2.99904353386581,-4.46026476456811,-0.894160771597401,5.01573387113936,5.32547279161179,-1.12112785432768,-5.79909051355616,-4.26576455561557,2.27051122668389,6.32107070262617,2.29216160849894,-3.40675710379854,-4.64483002540544,-0.734782193381195,3.3679241255219,2.54512218539633,-0.695305623871186,-2.30018262346442,-0.939503743479103,1.12094718874996,1.03181013348847,-0.28259083817307,-0.847601465103037,-0.219098613054909,0.591817061139018,0.542015074663857,-0.0891730329078174,-0.499577548734311,-0.391658731807537,0.0203819044894891,0.388202515258962,0.429201097284988,0.0807467009624145,-0.351793253410257,-0.416663718163342,-0.0324419794727617,0.343732880248102,0.266493830982749,-0.0959568837303116,-0.243709943746072,-0.0392656868628244
0.0840648447670902,0.173998774798116,0.117720623713894,-0.0831471363411852,-0.310000498511162,-0.274305838399196,0.14724166057149,0.550282335634991,0.370530174200148,-0.259989045623041,-0.584617489514989,-0.256700317487696,0.200048409818596,0.213220783595223,0.0896523434054135,0.34463676135687,0.542718500951516,-0.211617930722798,-1.38365270641964,-1.21008945604114,0.829272365663644,2.63852608815803,1.34276224797991,-1.954963414705,-3.23258224662304,-0.785057343984211,2.77147800956596,2.94537814076674,-0.336316010021965,-3.04639715952068,-1.95241671623027,1.24173036833324,1.83710199461218,0.198161814348169,-1.29025758994654,-0.938334680449935,0.909270942083077,0.710475684438417,-0.931699428754406,-1.19380515863535,0.0111463411160653,1.41951335013083,1.02577239709992,-0.691064553978983,-1.38515068352907,-0.554681933983579,0.636180896428754,0.912203203197953,0.329366582984559,-0.229615618428699,-0.419428983532325,-0.383191389860974,-0.174391339406926,0.22466997259509,0.518006860093789,0.311138724525113,-0.22524905841962,-0.471270906096432,-0.174917519054168,0.243642073547644,0.277997695310889,-0.00474220589220875,-0.183996590410796,-0.0968270144492518
-0.0372425199727429,0.137536258796913,0.274228213062115,0.108764952653415,-0.313542294000809,-0.487400795981606,-0.0698700366362727,0.530503414742991,0.544843780477561,-0.0637377969270281,-0.507694793295229,-0.315158214313888,0.0947332047228432,0.140790519586845,-0.00035049370282958,0.16305032489993,0.437319658155842,0.142949836423961,-0.617713941598583,-0.801093878909643,-0.0113958999842501,0.813716641633214,0.717512812215213,-0.181977806685663,-0.658921220584283,-0.147894479622354,-0.151825998400481,-0.642393349289593,-0.203161687858912,0.765242560829868,1.5795663279264,0.305213531871005,-2.43809017086607,-2.54969942857632,0.362335036902814,3.30001145545167,2.60412205931875,-1.44238465954485,-3.66367220233697,-1.82718094565686,1.9190880753165,3.24279117895588,0.745781000530936,-1.86258151792049,-1.93083654000908,-0.114308148637817,1.1975105814847,0.809435566604763,-0.0752458626419575,-0.307220321298356,-0.116567647647505,-0.123274234929586,-0.238904836153408,-0.0429262317968697,0.327787248136264,0.342440630681218,-0.0431784587995138,-0.308105445238443,-0.163633217998764,0.11380820605378,0.168748427132972,0.026193021432998,-0.0950571743883757,-0.114025425217015
-0.135420025249473,0.0482041667513624,0.316800156283407,0.273010189516887,-0.156005021579949,-0.47056067890605,-0.24655126541881,0.256383640908305,0.413568519232351,0.100313724184999,-0.185812389569037,-0.113892565133746,0.0499229770924328,-0.0370376410242507,-0.223136322638679,-0.146443642938878,0.195906478842539,0.464776715095346,0.385616594132665,-0.029693049177023,-0.65652370273558,-1.10251605831886,-0.491272154507711,1.17028880304396,2.24446867335634,0.931130326155225,-2.22794698530678,-3.62042439778264,-0.980435880482377,3.68394734277951,4.77771696156435,-0.107924488340208,-4.86243944213181,-4.44032108799959,0.970225604155282,5.91655768356346,3.41003860325808,-2.48223870136425,-4.73497010533853,-1.8993267908825,2.84423286241008,3.57707754800796,0.181214325064007,-2.27286801641843,-1.68680957966281,0.491011180522862,1.34835763361248,0.350638727012677,-0.548386276937435,-0.353340067880817,0.21836782836644,0.231893174152801,-0.130874305422816,-0.206406276351836,0.0402273746669532,0.163664763694408,0.0284566217451366,-0.0831196083389948,-0.0205765618423764,0.0615058608707563,0.0462981469975663,0.00404765879431884,-0.0322620444913888,-0.108401349982903
-0.183196525087258,-0.0439096346716368,0.235584334929563,0.307261957033265,0.0499848143162839,-0.234710746988316,-0.252420007458413,-0.0807522012847462,0.0515254971523652,0.1115236437843,0.177950427569009,0.206622106770413,0.0709206281815489,-0.17860634358003,-0.354895424227486,-0.362595919439199,-0.141835723406021,0.410989974562434,1.04735440096046,0.869216008676956,-0.637633877046833,-2.20264902712694,-1.7142732121944,1.28298658936958,3.95961916108361,2.09163728087605,-2.71914731494048,-4.87079527934148,-1.85400045611167,4.24453564567491,5.87591828891132,0.0799566823405589,-5.07016158115061,-4.60268695916013,0.992981180927251,5.63297328623959,2.80687745301468,-2.46985946463234,-4.0527543619477,-1.06551866037693,2.7780115167117,2.42544463617373,-0.586202954597682,-2.02946901813403,-0.822712744720638,1.07674535448233,1.1354535528596,-0.181698248279726,-0.864555365516625,-0.358170186826909,0.381128282899106,0.447481485599546,0.0637594133639665,-0.162242596858435,-0.136044435448698,-0.0826424873198655,-0.0479560701621565,0.0463628280891243,0.13009125563198,0.0886030964344572,-0.00283891533746511,-0.0126923767467001,-0.00491678858854661,-0.0999173712369479
-0.175813223505207,-0.0901925140808414,0.0896197227201676,0.185172372551331,0.162901655374727,0.0806313640736984,-0.072544651971495,-0.278021030432382,-0.318744991624393,-0.0171477653712843,0.382193465389262,0.422616027162149,0.078020099398768,-0.207911477839983,-0.236655751120507,-0.291014770616187,-0.421329737036493,-0.0735021342531937,0.953006086965277,1.4709044424898,0.0728872558065279,-2.09460022219242,-2.31785449730215,0.357864111359879,3.54968112515303,2.67638446807703,-1.72162671703891,-4.16414378425131,-2.01385662584822,2.77030957440759,4.2762013708957,0.368574830780294,-3.44759955793711,-2.99904721250402,0.953707585623496,3.20351057066876,1.0168404602424,-1.88931021555502,-2.10568356879283,0.386104032544595,2.0355877791796,0.632310841595616,-1.28653336819318,-1.37267243599715,0.212772232339236,1.34244663669168,0.687504328471187,-0.520812320788609,-0.848249721840329,-0.275231950059931,0.311689241429068,0.394028164503245,0.198435872834413,0.016101281498426,-0.130490736257492,-0.224663654192213,-0.152529759545831,0.0498005013330653,0.163340493757462,0.100014143789351,0.017747047557135,0.0266315721333331,0.0208769059732092,-0.0897879516177994
-0.12489184124345,-0.0725723012268589,-0.0390247119314022,-0.0259130654294434,0.113758783886813,0.297590054161967,0.186592885563086,-0.248507722205301,-0.491392689664852,-0.163581103640034,0.357497127810794,0.390332257426509,-0.00812016430801543,-0.152303073660508,0.101150826531573,0.0809827635532889,-0.486082186163971,-0.704734082337227,0.207444113072853,1.41852908733888,1.00984614310997,-0.963482168705309,-2.02034619622535,-0.761091633474026,1.5834215735147,2.1059366752221,-0.0569833214641145,-1.94492264101062,-1.26852937618592,0.664389241508175,1.21313838045834,0.0948566738868707,-0.975478625699905,-0.322650476636471,0.963274641181204,0.389405109046383,-1.03747849900656,-1.24068632294113,0.179143956455867,1.69458560419831,1.01747427886104,-0.885908371592043,-1.58855861755554,-0.535637115866737,0.944795274878638,1.11494716220851,0.149609025037823,-0.574342144512767,-0.506021421612537,-0.0931453022943227,0.123655973466216,0.159605942902497,0.190661941970998,0.142285077134294,-0.0509534328931157,-0.196023221184923,-0.121843066239745,0.0360444036886907,0.0580477877089356,-0.00518635832719572,0.0254544561426127,0.114380916378122,0.0818861450226365,-0.0601632090737752
-0.0479897571567139,-0.0119333275638269,-0.0998069104369644,-0.213963402092121,-0.0460922818595774,0.319600546789248,0.368030935599117,-0.0586456564817582,-0.403322562252315,-0.207009186852403,0.186195708982156,0.146905577564564,-0.179292155324234,-0.0874077761463568,0.456187086510447,0.543354092904345,-0.302021343924651,-1.08562832431539,-0.645258541021245,0.761243742119222,1.47921563612953,0.48535891841276,-0.970095702206932,-1.32774468795754,-0.512220709472903,0.610342441634692,1.07099718801128,0.68928680480325,0.0481269664133561,-0.867670609998174,-1.49070747297248,-0.715316568026369,1.03150993426873,2.13086074518172,0.945091980318109,-1.54000190432957,-2.37941153470205,-0.678704695831384,1.8099973523428,2.1550629940409,0.0487793242638103,-1.65733237745158,-1.3179804882797,0.285311603997369,1.14319210642414,0.513095590489643,-0.334866041373153,-0.423892989405818,-0.0432136926975364,0.113642401749881,-0.0113583739785708,-0.0276997527612376,0.0948832813797337,0.0749178746700251,-0.0786683561612719,-0.0749288205699547,0.104251343581158,0.136047747309975,-0.0872955663874332,-0.231152250470436,-0.0599050956652233,0.184760886609098,0.176026660459085,0.00512207135307158
0.0369671401185977,0.0475759504976945,-0.0989986179122468,-0.293562657131002,-0.188339513244282,0.1896135415185,0.368933013622623,0.128168588862675,-0.151471438548457,-0.114428256321636,0.0128241164959344,-0.136689518841552,-0.334140829826271,-0.0536908926484559,0.603479595231378,0.781229945635469,-0.000598834832010064,-0.97663342956166,-1.05008253772913,-0.053265632782927,1.12039317031775,1.32763031978372,0.315160311535418,-1.03579495424753,-1.6683531601053,-0.897869402386296,1.01580865270051,2.33179568708962,1.31349976460156,-1.31126992815856,-2.79699287296301,-1.39919454270637,1.78150792953102,3.15871566664859,0.791569736630382,-2.21727951436501,-2.56092934930201,-0.0984362839706399,2.29990531548442,1.6399143514178,-0.695700359001429,-1.6744182928974,-0.596653058871031,0.896358395825924,0.904603696950437,-0.133916970396836,-0.628139558242591,-0.219446933902661,0.263246869795217,0.218427171558568,-0.00512392911721371,0.00501022535987057,0.0414503049628258,-0.156882155583392,-0.291321261227115,-0.00489420241189989,0.417991225139597,0.367870262710493,-0.144625604802416,-0.460708634407911,-0.231515589384636,0.167773778963896,0.252867726336703,0.0984204763620898
0.112526484816292,0.0661834036449807,-0.0836361373784856,-0.24796220017149,-0.199656404136313,0.0407688778090724,0.201745732413576,0.16551976160672,0.0862500435543794,0.0560278364256807,-0.0595605880357082,-0.295212520332723,-0.363562097514181,-0.030257833144605,0.467898671179445,0.607453021686208,0.194775280539073,-0.436039810854669,-0.778194740938061,-0.55373698749114,0.202148437464798,1.08443043239522,1.15607644273598,-0.0824646227599624,-1.58254927135597,-1.67636367324638,0.162519510717286,2.2793394263132,1.89078425141779,-0.826191372566954,-2.59603328575292,-1.44969328725971,1.46088475891562,2.55784385255996,0.411910314854154,-1.90782234132737,-1.74260977694258,0.503538610267023,1.86416859753619,0.617693615181619,-1.13215051105521,-1.20951789161868,0.197948422464892,1.13434622729272,0.495972705203731,-0.518950517748567,-0.641835804567976,-0.0681932735096747,0.26664246161285,0.146666986736444,0.0946303551197416,0.233058916658403,0.101053927732732,-0.379545497036163,-0.564676595186229,-0.0566846395589182,0.608566528010314,0.591586005240475,-0.0643408742729533,-0.536546556151498,-0.382022446594784,0.05171128325491,0.248434350779603,0.182796151941365
0.16118170866432,0.0311396959627633,-0.0992686161848287,-0.123947099582533,-0.0512521549147427,-0.0100613073373144,-0.0332164601201256,0.0181708980335729,0.173993031002243,0.213782902006137,-0.0130070650956058,-0.275594645517455,-0.247208765703572,0.0171430935716504,0.169247854487241,0.124404589048542,0.141621143893395,0.214642360793249,-0.016958882464574,-0.549224751414981,-0.691411088826019,0.113092959020867,1.16403511277686,0.929003211544302,-0.60235155791216,-1.55305835880881,-0.704253077900213,1.09265346321233,1.54211373220017,-0.024729426953904,-1.41336114048068,-0.888292781035613,0.735989641512315,1.15681079308459,-0.123584910197777,-1.15885984304138,-0.528623287340318,0.922399555514342,1.06589250633776,-0.278683215963752,-1.19752129825986,-0.606276422662465,0.660591376545885,0.962118503570433,0.143554669999416,-0.532142332097141,-0.406219039330295,0.00380220387559355,0.0573981779116552,-0.03600140770744,0.170194613776637,0.442702256542709,0.205006782708791,-0.421169728367212,-0.656568650225489,-0.153887491637064,0.520157634845074,0.595541071192052,0.0822763407839062,-0.374772368263613,-0.379582847676741,-0.0997226647383271,0.13726555939526,0.211797853101944
0.168480344962707,-0.038365408318197,-0.152562267157668,0.0076676027645752,0.189181793736519,0.061332753463061,-0.226801974285969,-0.229528858955596,0.100349694824494,0.301968092066297,0.104138894975121,-0.143691255280119,-0.0755625920950311,0.0795324229196994,-0.0915546394239295,-0.355375449766924,-0.0888608288240105,0.608247628821164,0.741162782042844,-0.180819297065581,-1.11762651281585,-0.809944662866893,0.576090027399055,1.37396410773491,0.50091796791387,-0.841753343434186,-1.0700265165521,-0.13814738493204,0.675592676005523,0.461699399867074,-0.121597684286806,-0.135110192981787,0.147583559367884,-0.0478108751672811,-0.534406929093178,-0.456141647304945,0.37366713676385,0.942529039264577,0.36047826101501,-0.663298315437855,-0.885554419433341,-0.117477565617892,0.634423929468993,0.516578018235464,-0.057417878619845,-0.284277735953194,-0.0893863453524965,0.017421358899447,-0.131320222056421,-0.149775844021649,0.152215486742129,0.393508481001782,0.189375931005765,-0.243157525994615,-0.397327000694638,-0.142105647642731,0.178196335576752,0.269430654933007,0.154448076325364,-0.0271688451020318,-0.169489193117315,-0.192601379508735,-0.0417803079261847,0.161822976285672
0.13046707099389,-0.10400913839882,-0.205957748684678,0.0966930260431392,0.398420319588632,0.183120733493808,-0.320441381981727,-0.439948919072401,-0.0383207618900377,0.319604611088808,0.22075264717671,-0.011633242774418,0.0245486726027856,0.103726184219855,-0.186603139129979,-0.550860836970173,-0.276693953906126,0.602113409066574,1.01565263982443,0.20103877220855,-0.980269500619319,-1.12793396943462,-0.0229899186875616,1.10892210023986,0.980688413942347,-0.102540863278577,-0.861092054648422,-0.705871124261835,-0.0489995101563043,0.448681451728558,0.544936833171668,0.328002352264109,-0.117079201648234,-0.557855173843942,-0.562993571216626,-0.00192169147677143,0.606972415098628,0.552370279421833,-0.0840419768620098,-0.525863585554136,-0.327056171533351,0.15605201022806,0.285477079681104,0.0434234831641573,-0.108975935365121,-0.00321992615169492,0.0922305344193736,-0.0109014138274998,-0.11915178137414,-0.0407602812545963,0.0757563027269375,0.0256602813658897,-0.0572597779613565,0.0338527895297738,0.16957292176496,0.0644100110522725,-0.230150198220916,-0.278670628375986,0.0607367226831793,0.340921789497181,0.176218363134674,-0.171664585134956,-0.207637427551315,0.0507959010061516
0.0594732605924065,-0.12915210537574,-0.204778268678295,0.13236455238197,0.465960077307704,0.244154690677022,-0.313212090340735,-0.499991820846878,-0.122962133931213,0.289644884134215,0.273602924469963,0.046415903030932,0.00284574745744215,0.0511807641944867,-0.131433511971977,-0.399774428906578,-0.253026751376964,0.341219473394713,0.70293156830345,0.282964746260761,-0.505624093337482,-0.766114092842351,-0.226728914783129,0.493967948865306,0.662213421955971,0.209227529780111,-0.348966064713035,-0.531814020880939,-0.271630145962049,0.184377711138157,0.464191182484211,0.3030042174196,-0.161028363368024,-0.440671479821011,-0.219503384182177,0.235127784336628,0.339293169706533,-0.0174332153932728,-0.302095876056185,-0.136647612598117,0.216562277457566,0.236552664748605,-0.0797133550830203,-0.23837820281629,-0.0528524631182998,0.127392523947274,0.0296212472920782,-0.0798301833101333,0.0927700819939893,0.282114528467849,0.0250791558017255,-0.472329633690815,-0.460453472625089,0.228745490751558,0.778806679925588,0.393029556284467,-0.494554261172126,-0.777731636715117,-0.152290067273882,0.551230945168632,0.489859117063915,-0.0567064655884035,-0.2886657565503,-0.0725384852004513
-0.01969928014354,-0.0951313104052069,-0.115671012391458,0.131011367232105,0.34963470776572,0.169817282861256,-0.234857277930795,-0.364906311785543,-0.0882852147959766,0.217109508163926,0.215917572157567,0.0268355373366507,-0.0681307786297802,-0.0388745443598489,-0.0369154604862448,-0.0791739085762003,-0.0399538438848361,0.0795056762984517,0.122227725333099,0.0395031280853113,-0.057641370881981,-0.068163482310113,-0.0285717778983202,-0.0296490973147811,-0.0174704157087567,0.0602341542862031,0.0899833783526273,0.00186182926132122,-0.0830301639409262,-0.034493793431588,0.0554704324095133,-0.0083802669355145,-0.156887548150661,-0.0940965562977997,0.210661443107418,0.340143425307011,-0.00449730671981324,-0.440584671885609,-0.371531650636569,0.165154040322101,0.491478119772532,0.202172954704127,-0.24350045430982,-0.250744639567385,0.0473340562676244,0.0779340528065369,-0.1917085022402,-0.165970363696049,0.339852721083695,0.621873597028345,0.0407945234843979,-0.804666952735668,-0.779838312985314,0.248803574596092,1.09045909012255,0.641218160077098,-0.511740552927956,-0.971706847518785,-0.331009234577111,0.526087243238267,0.607506631769916,0.0745040744225787,-0.263117346606715,-0.159419521290158
-0.0819457682742457,-0.00881804066088408,0.0494865824624599,0.112347593208634,0.0902685865205087,-0.0318660513600483,-0.118575537682941,-0.0652960775386547,0.0536708442259496,0.0867547757441351,0.0264852974049787,-0.034049017888513,-0.0605587728381889,-0.0589514700795721,0.00608568713195825,0.13375743812769,0.170704087406787,-0.0270027398103796,-0.296617549832833,-0.26493296435429,0.135887442551161,0.4644319021234,0.274277435920827,-0.255785799147433,-0.506343113210913,-0.205146851576931,0.265978718349363,0.392810761225629,0.153244976007825,-0.109667355368969,-0.211935528389533,-0.224280430325309,-0.154686350031956,0.0912401494975602,0.383545298846517,0.343386662175697,-0.115799103348295,-0.501668082242677,-0.334609882649091,0.190256792433947,0.41728908456867,0.131075640218655,-0.170510297376271,-0.0827198004363404,0.10998624318952,-0.0529921724067846,-0.361955504977082,-0.200560550673417,0.435579462866584,0.714996185609487,0.0785201650086819,-0.778457067648693,-0.779988478593341,0.148942466661774,0.925162125498726,0.611888343891858,-0.328969490443039,-0.769105734440453,-0.33832066089894,0.323296721540285,0.475525399470735,0.141623794959342,-0.163151298749061,-0.187816187723436
-0.113518358019961,0.0982742145233782,0.235836215113747,0.0868811518919762,-0.212842789078732,-0.279414126556034,0.00733131926441542,0.305467656500507,0.236980379994519,-0.098400516382747,-0.265042211298917,-0.106169963042039,0.0898431111914672,0.0756486806227225,-0.00132857702240679,0.0784131687024753,0.177149309597048,0.00144322992564656,-0.331930259191012,-0.341953382976056,0.117786527378071,0.537635783410588,0.350920851909516,-0.251217909652886,-0.553696597521132,-0.240463203049352,0.267899571503507,0.3944536080203,0.124396524183202,-0.132049701752258,-0.166070310663603,-0.112994585234037,-0.0860220497567322,-0.000949627157805839,0.168633848771286,0.229433446822578,0.0366173594004967,-0.212105413534486,-0.219370189377464,-0.0163719693359052,0.120490975759755,0.081224194407363,0.0361497286690128,0.0900146026547327,0.0665868291928745,-0.152388995553496,-0.31621937648401,-0.110937593318549,0.318714491070592,0.4406540156105,0.0476668852423221,-0.418426697166986,-0.405060464919263,0.0526177717457129,0.393466432568562,0.273984391524926,-0.0918724108177307,-0.28272027536338,-0.156055352966715,0.0722696252327361,0.180376386459503,0.116832487139571,-0.045959351924262,-0.167007032587852
-0.115671787036099,0.180296664930263,0.368952807301817,0.0592940251363609,-0.444528541784401,-0.466119554298659,0.11390587117373,0.614344000955055,0.382434140026256,-0.284168570244065,-0.558996673862424,-0.176197187378294,0.317012947661023,0.332100325770156,0.00020635261894885,-0.168401827620934,-0.049657804561036,0.0386242087654771,-0.0699234268091298,-0.123636730257082,0.0671851312122824,0.254285957436838,0.115782365839923,-0.208460756791013,-0.278827109886769,0.0160592746743703,0.27616590085383,0.140075993740191,-0.177654988265075,-0.223930521739935,0.0528889368078309,0.255150842134847,0.0950611114106837,-0.212514306183549,-0.262817105877655,0.0140457496363088,0.276052258093758,0.218275175947487,-0.0720072057429837,-0.271718416312455,-0.184319610264433,0.0802943530764523,0.237585240734963,0.14055089925806,-0.0843491708489414,-0.178987798796311,-0.0599168943588815,0.100150815552996,0.0844000007571862,-0.0630117130758937,-0.0893298403810903,0.060203200486829,0.16781511430682,0.0346375361647859,-0.201310242131096,-0.194637950125653,0.0689080554641515,0.239737730608383,0.107554871330288,-0.117635701251069,-0.12116105578161,0.0375299969812082,0.0439577330057268,-0.120018197147141
-0.0975998115558757,0.194934297811308,0.387911873920235,0.0353746283300543,-0.515893344620263,-0.510136563504364,0.168689854059339,0.730786148516238,0.42667016046954,-0.381105269416148,-0.71237696551713,-0.222182707506746,0.465834042779848,0.54831990048326,0.0433052960515117,-0.380591607062673,-0.326347388496339,0.000578607201598136,0.209840035322999,0.200142627193454,0.0919528106044199,-0.0571309498066532,-0.217734930507336,-0.238879279144883,0.0075387394529032,0.341982347547407,0.353612386198631,-0.0765814092041156,-0.493386685454791,-0.381830326642883,0.195382825824507,0.595630026791532,0.322027798807334,-0.323935274387918,-0.605257213341906,-0.212510095610843,0.400502679848351,0.525353980007788,0.0538516778997526,-0.411288851305127,-0.343306696499437,0.110336813752895,0.339526432754555,0.0756743624198365,-0.254492747414106,-0.157369280781142,0.235468932466855,0.321664305596181,-0.11149492746006,-0.499079482824357,-0.253443456983704,0.398969680562703,0.625498185405834,0.0749476734242299,-0.578057760420891,-0.534770951014575,0.121387952765704,0.561321196626345,0.298138261698499,-0.205431384380972,-0.304766007345811,-0.033299397502168,0.0952675118613357,-0.0621172221908672
-0.0663820009957266,0.124177996716634,0.273908469470027,0.0206695214746411,-0.395740223491877,-0.385564647653442,0.149568612269638,0.58677448662352,0.33713288876375,-0.32713172054539,-0.613146374834589,-0.200887949164352,0.415987740714542,0.535565090855029,0.0865757610834539,-0.379070891783675,-0.409912499247094,-0.0689267579987757,0.270779348190214,0.344156575930227,0.151439093167297,-0.150980313541361,-0.358504843653531,-0.285243835077817,0.080882479837212,0.449189474815831,0.411071662730036,-0.0867451987176759,-0.559888725977392,-0.475428022563721,0.141345931341524,0.64988067585507,0.452607120621481,-0.245085442475865,-0.655303977812012,-0.335340615201416,0.331944116586581,0.561977929787877,0.12508942445516,-0.373156346944971,-0.331064702262663,0.11506304722453,0.311719324120645,-0.00203372771734216,-0.316288463534638,-0.116053210573265,0.363748614512623,0.398783235989757,-0.176321626046946,-0.62868104516912,-0.309649185972257,0.467478967590492,0.725972851358212,0.0977903578848386,-0.626500784243454,-0.586820885570353,0.113376327761411,0.590845435042144,0.32486312979266,-0.208916790538296,-0.337452767821727,-0.0603045189077661,0.120726497982286,0.00692643015036684
-0.0235835148961324,-0.0117654523176604,0.0616917829259421,0.0139905393399393,-0.126714540696072,-0.130946799718035,0.066791858270163,0.226620840497076,0.124404259159695,-0.1449613104688,-0.260253237399355,-0.0771201016335202,0.184992363331229,0.235437729247252,0.0484430255381816,-0.161548250512757,-0.196138642637857,-0.0622573233739329,0.097384688146962,0.174636857294575,0.131557764629922,-0.0208203855307758,-0.194064446344025,-0.228888914886078,-0.0371030042227209,0.248024947425364,0.327170974093078,0.0517881085517674,-0.327859770237121,-0.388954479094638,-0.0240888411413764,0.393618116355637,0.386132743858102,-0.0541050518413018,-0.420055684962759,-0.301486839134842,0.13601035791607,0.364319858138001,0.141722067951741,-0.194747480124133,-0.213307459468114,0.0461467168512046,0.173579728724681,-0.0119298897716014,-0.199157161487685,-0.0555309046127093,0.252994760019083,0.25819141880173,-0.129682983987863,-0.422987826274373,-0.196525826191918,0.317103278120907,0.473168051071449,0.0544354641676309,-0.420836494902708,-0.382380400224406,0.0913059526249519,0.40622524490609,0.218351377834971,-0.163657776363758,-0.268561484775628,-0.0565787564998204,0.133157197619564,0.0914921646929621
0.0288690883136306,-0.158078130472565,-0.171848950909375,0.00653956020562271,0.181583372785623,0.163209218083241,-0.0313023947579337,-0.196381091276381,-0.148303149743793,0.0603816860902758,0.204145118006308,0.131930493390681,-0.0842369183874484,-0.208768472509245,-0.10136423515512,0.113388464132261,0.197487989856046,0.0624618086243455,-0.138043297938454,-0.174811882467469,-0.00959794167080622,0.15847583061257,0.132292260965855,-0.0477882204439529,-0.164364798863927,-0.0817767287233197,0.0986943913314909,0.15642367004212,0.0203173210088473,-0.139849450863136,-0.132893391065479,0.0273604632397399,0.153759199043179,0.0983435547782574,-0.0688141888172039,-0.148169981379082,-0.0630960055556636,0.0772871476756452,0.118787436569309,0.0321490407829822,-0.0655295331384249,-0.0771434695956173,-0.0197906158207647,0.0300882243779462,0.036512473491095,0.028074078462026,0.0190305960792285,-0.00829094503910019,-0.052568825149103,-0.0647296129198372,0.00360100851792462,0.0936914688320958,0.0952006398388305,-0.0173822117771494,-0.131717338577113,-0.102834513570952,0.053795999706937,0.163320960723566,0.0915165693871866,-0.0912670459123367,-0.175862558834584,-0.0601898950693446,0.131673384884577,0.181608608205537
0.0806814808804091,-0.249419168093451,-0.336787984860072,-0.0116465829567559,0.393731493653733,0.384541256706012,-0.0811348425545778,-0.492447893885909,-0.376218954577688,0.168887139200561,0.553082860240851,0.341475511794267,-0.233348814720125,-0.548775951267209,-0.284746340462707,0.264383251924973,0.513263053968324,0.223978930545948,-0.256995641742381,-0.433260997655709,-0.172396008008377,0.218303666898534,0.349469180382639,0.140600567637827,-0.159663520042901,-0.273393463389419,-0.133241555685778,0.108653945985056,0.230969974238097,0.12916504673368,-0.0937789358032961,-0.217050670490555,-0.10906448910162,0.120257614941576,0.20497004164566,0.0414833629404858,-0.171677748569861,-0.165244593335292,0.0578603083852436,0.205510323552664,0.0755451707059154,-0.160113823856532,-0.183824976362442,0.0425031349939347,0.217818428655435,0.103926838427027,-0.144326911650643,-0.197135223881453,0.00571939640072394,0.188128440962003,0.119708046043051,-0.0833822298379963,-0.147924190248834,-0.0228064095998968,0.0916518462808393,0.0581386438718422,-0.0244878693157186,-0.0139176285721944,0.0418278152008164,-0.00172638337269282,-0.110962892540711,-0.0911261689645982,0.1082516023196,0.246292966716773
0.112059107178389,-0.241739126626076,-0.367913402077695,-0.0423394829280238,0.413295729234481,0.446080293673655,-0.0464756362717663,-0.53366657364996,-0.461514917041936,0.129174625591544,0.612674253652966,0.439840358895047,-0.200870210650272,-0.608053113208168,-0.369516832660081,0.23502648101664,0.551271882268795,0.28018481591727,-0.219081929776947,-0.4241487492751,-0.204851244869627,0.144960475823947,0.292770623991526,0.180325837633748,-0.0385704420479926,-0.202080174491518,-0.212425623983663,-0.0460007825912768,0.191571375521663,0.265698005886952,0.0497008798664232,-0.248612623406218,-0.276048656113616,0.0310646658049362,0.309880638321037,0.199703890453828,-0.159755743865396,-0.301836721253864,-0.0529185909903563,0.246150618606429,0.196926732327008,-0.104076051050494,-0.227063650632458,-0.0269548603593206,0.185473764306628,0.105212885264056,-0.125112084883324,-0.151421238722162,0.0623299319262832,0.191112898069889,0.035529508652554,-0.177562688757915,-0.142703097037889,0.0887760704662456,0.188926766013077,0.0319467928443721,-0.136696668807292,-0.083147648169537,0.0800487378632075,0.0825996090514877,-0.0789702058538569,-0.128382239621127,0.0639236793908698,0.248063073266137
0.103928269873463,-0.134600732608001,-0.2550688129054,-0.0768534221064542,0.237666563626731,0.332373264125294,0.0543201250387344,-0.322187733790535,-0.373774709751216,-0.0120861244158583,0.387118687309244,0.369073075308222,-0.0550341941270613,-0.396721256806728,-0.285329893251382,0.116589246683984,0.331367407276837,0.158899399035725,-0.124818509958973,-0.191801518176923,-0.0528735688466566,0.0551469182115895,0.0421162321817695,0.0311414131107735,0.069123760875862,0.0333726591864775,-0.110066500039547,-0.169590820991161,0.0065857758618206,0.233425378246857,0.177801200349106,-0.142017476802805,-0.31454724855435,-0.085770672288414,0.27750532498915,0.300237424733084,-0.0524585379873092,-0.328059721484132,-0.204060028213976,0.132197634931589,0.267938412274046,0.0988555540963451,-0.105956411844046,-0.137703924000216,-0.0633183359150385,-0.0115968193381916,0.0290911769720487,0.110884460187618,0.144788855861635,0.00570362470806231,-0.197315894441953,-0.20566545889173,0.0340353401203363,0.251216640823054,0.174108849196142,-0.0956043804583367,-0.218334724432787,-0.0659869497922549,0.134211858522586,0.119642767745981,-0.0567721620822228,-0.126396675157279,0.0146635001705885,0.169433199059454
0.0545842217022628,0.0277913223147614,-0.0505231856674209,-0.103252207790743,-0.037367590165874,0.114001545400031,0.162809409191876,0.00740741133973479,-0.176798480118323,-0.153835321384176,0.055526854672815,0.18261843744009,0.0716518078231107,-0.0971845200226879,-0.0892343451227404,0.0422347057274049,0.0607394123371143,-0.0606822619949036,-0.0974241917754182,0.052619722547419,0.176648967050375,0.0542983416575103,-0.172274614205887,-0.176697949855555,0.0635628304436029,0.210574605036727,0.0518136065930471,-0.172772909111278,-0.125993594381342,0.128675440105191,0.205440546449448,-0.0395131281787139,-0.274302426626816,-0.159037643653539,0.189627561371703,0.336657356937181,0.0906262473325632,-0.259194652103843,-0.332600464884774,-0.0767997225302512,0.241064995925839,0.328384708596747,0.124593014290716,-0.190233852892887,-0.352228881354733,-0.196166883891376,0.168279525100094,0.393838166863101,0.223128026975263,-0.183721682628598,-0.387116634988477,-0.173675843065244,0.202481757136765,0.31612864843894,0.0833921568130317,-0.176890456135221,-0.186001601124085,-0.0048678014302617,0.116687461214675,0.0747196360551175,-0.0227754001247901,-0.0557523468105648,-0.019976406221757,0.0291521302798033
-0.0130751885206764,0.179881733818425,0.151979505964347,-0.114452147702486,-0.273018169892799,-0.0868400728670273,0.223339201583493,0.262444078087759,0.00321995658824628,-0.212457100002863,-0.162225406904997,0.0142533016297222,0.0908524213899302,0.0713171974820056,0.0746961514843016,0.0696006950396134,-0.0550150289199714,-0.210009015261763,-0.157066803619827,0.117476069703757,0.296326382032424,0.130421270192058,-0.184147571473138,-0.255483614511266,-0.0234880657924971,0.182099033155739,0.107658425641601,-0.0848904594934929,-0.0950294578747655,0.0742835753681672,0.142861960346376,-0.0240018872599648,-0.214710968291649,-0.163966915798408,0.101383206426995,0.294329705279126,0.193621918097746,-0.118576921621959,-0.344775095709206,-0.255644292088332,0.104311441749053,0.407489179452734,0.316542759192942,-0.122704966010093,-0.458273313515129,-0.309956631756797,0.1807146630079,0.460179075980139,0.211285968770805,-0.235447349799302,-0.351488124619949,-0.0596505353427937,0.226011415020112,0.174831445765178,-0.0520432494384157,-0.1238910823577,-0.0108464795917928,0.0611693523709956,-0.00131309540807313,-0.0411872396634984,0.0290890915232698,0.0674668920386393,-0.0348546037020432,-0.124671028754666
-0.0627794550765808,0.26765287472294,0.262789579213573,-0.112024427705353,-0.363570143152575,-0.16652694601267,0.216443711426784,0.308702771671327,0.0596426701545284,-0.169161150931008,-0.152712516448436,-0.0288775559576725,0.014375413549351,0.0212642897431961,0.0957465337111671,0.147542233272777,0.0253901705024229,-0.182155806690663,-0.212371978834743,-0.00129123683872991,0.20449114083875,0.170251084121443,-0.023401841184457,-0.127590915172375,-0.0721430957767576,0.00135690849882025,-0.00103368451296539,-0.00981863163483468,0.0470349040991392,0.105001446826206,0.0588442069560301,-0.0670721242583138,-0.149139146146226,-0.109233180913684,0.0238186480035669,0.159569002041707,0.191243953896862,0.0469472649136976,-0.190358346424288,-0.28202950418209,-0.0768387794761431,0.247869926264542,0.315667490345201,0.0197767500435699,-0.283813990963439,-0.226905786436196,0.0863689668060502,0.225657799191858,0.0425249424868384,-0.147505475286602,-0.0622045019911676,0.137938053469114,0.102152122109636,-0.134572595106946,-0.194424090076433,0.0399549917951076,0.236098709917358,0.0966934583882848,-0.169306510952716,-0.162278462986248,0.0944121812129363,0.187684251150109,-0.0447840678610644,-0.239498179498376
-0.0683305300043777,0.270218856918269,0.243745277898523,-0.10145344308341,-0.28617907866649,-0.10085073665441,0.155540017562801,0.151600223155058,-0.0163980330027715,-0.0629928920688048,0.031134231794081,0.0446250794845371,-0.0844154499504499,-0.144118626251999,0.000293152759037629,0.181283393557885,0.161865689052579,-0.0295031920386261,-0.165198646110942,-0.130228726158661,-0.0122986559445898,0.079264511539987,0.12182512920729,0.104303040531797,-0.00182674751440487,-0.144059779546636,-0.169661013815019,-0.0189662259942323,0.150345980521399,0.147984633122669,0.00528859347578598,-0.0849920530831426,-0.0536177342148808,-0.0161294837865947,-0.0447392418214721,-0.042007092434085,0.0702364605848313,0.163420117714961,0.0732368275992206,-0.12182770310194,-0.187115588479924,-0.059267382554402,0.0882876093647762,0.109511383495387,0.0653843755140962,0.0538971893363853,-0.000151424901788516,-0.163111315560697,-0.242165581471822,-0.0257786910719595,0.322229311244791,0.350781961999549,-0.0677555230650882,-0.439953728980674,-0.282426749344565,0.218396983029192,0.414118829838727,0.0700555631784572,-0.301695187398953,-0.206358925398041,0.166459005209312,0.246188006694977,-0.0694004691074206,-0.283182214887596
-0.0323244449801987,0.199480970594966,0.125833716869754,-0.0816628485419123,-0.100194486991397,0.042074092790573,0.0620913303438984,-0.0835905527292316,-0.126550630777135,0.0561685329357672,0.222558026780984,0.11407693548809,-0.147657026147764,-0.234418760681127,-0.0655731427392614,0.131566265410341,0.161661320241938,0.0743633062915986,-0.0126763134351939,-0.0880527586454873,-0.152184548899189,-0.111124124679984,0.0782080321877123,0.236562980525895,0.148329216120257,-0.109528361937174,-0.229088502229731,-0.0839976836072211,0.107873864961525,0.104672311305816,-0.0186730581199078,-0.029642309024356,0.0793582984869194,0.0853329373458716,-0.0923505921222645,-0.228109396980527,-0.105537789895845,0.169669947822225,0.292165438742915,0.132002124778098,-0.145376237578376,-0.304746534201123,-0.229379643543255,0.0504027962929544,0.349256101292186,0.380681584534695,0.0142924205793053,-0.450657520252657,-0.488031835661686,0.0303897706981931,0.564638508179347,0.45699850242552,-0.180599363874792,-0.562220490740378,-0.250511998400309,0.322799958613256,0.410827085420112,-0.0299193162177077,-0.34039380978872,-0.135013419378882,0.232550796947711,0.220174202787861,-0.10974009464101,-0.252633005723807
0.0146872243522021,0.0844079041697828,-0.0163837995205598,-0.0403633787633264,0.0969909725533046,0.147755076071559,-0.0508514204976716,-0.249845526628465,-0.140876984799931,0.165436676961786,0.267134676874687,0.0466400454675064,-0.173578048939123,-0.132071075742729,0.0311993354640331,0.0475668063249326,-0.0464433898490122,-0.0126976989301016,0.143614166212399,0.152648728029003,-0.0767291595172927,-0.265426279683631,-0.149495679634905,0.14019497681238,0.249641644274716,0.0865918137954712,-0.0983642328571634,-0.114890059580323,-0.0521169274643935,-0.0462620042039064,-0.0419631752902386,0.0715933285066151,0.206992775566671,0.153129597641187,-0.101795466856141,-0.301169863580454,-0.223623437191755,0.0712239328116232,0.320705498639137,0.308130330182623,0.0249224802401487,-0.322502866808244,-0.427715234912403,-0.121991524306805,0.377296017784014,0.543285450783226,0.114345673301446,-0.470803264420564,-0.535061537797576,0.0166188559364154,0.528850518692742,0.369282397827739,-0.208524668066633,-0.442964811591388,-0.0860232731577133,0.327177206221828,0.231838018269484,-0.169927559282818,-0.284653544237568,0.0114664582222922,0.265184923322565,0.133701070046177,-0.13800413948269,-0.165338578340572
