-0.0219028443860506,-0.246236114922051,-0.341552607184145,0.298841308620863,0.939329284202477,0.440409628917323,-0.786598913721117,-1.06437868192493,0.0953500547474128,1.0897351558241,0.492249054629511,-0.77575757374945,-0.763784914946399,0.561679088211932,1.19433117487902,0.00938801965524523,-1.47095690556228,-1.11236129798377,0.784140982076179,1.85196695998561,0.799430376644054,-1.07776340827623,-1.68591496585549,-0.611120709332189,0.802341433781666,1.28597814078717,0.749851034709123,-0.194207628030052,-0.94919443445646,-1.06165010977628,-0.359427962201542,0.698853426498742,1.21102865022824,0.698853426498798,-0.359427962201491,-1.06165010977629,-0.949194434456513,-0.194207628030091,0.749851034709135,1.28597814078721,0.802341433781691,-0.611120709332201,-1.68591496585551,-1.07776340827624,0.799430376644064,1.85196695998562,0.784140982076179,-1.11236129798377,-1.47095690556228,0.00938801965525287,1.19433117487902,0.561679088211927,-0.763784914946412,-0.775757573749455,0.492249054629521,1.08973515582412,0.0953500547474169,-1.06437868192494,-0.786598913721131,0.440409628917322,0.939329284202488,0.298841308620872,-0.341552607184149,-0.246236114922061
-0.0699820578537599,-0.719261653874301,-0.480187839607952,0.637242689114503,1.07500649574712,-0.00300361246020325,-1.17220947824439,-0.635786161170774,0.98792131794952,1.30463707708198,-0.396691985473376,-1.83220064881279,-0.797299315428391,1.57648196723522,2.18468590040818,0.0650102783703405,-2.27292621146251,-2.00334925018221,0.484626577061322,2.30324948459072,1.6552440743194,-0.473417557490502,-1.8671260717333,-1.45102655513122,0.0810960877926811,1.34818486809185,1.42970244465761,0.350963846568396,-0.963285797905131,-1.35274584159896,-0.516896164265136,0.621318718588149,0.961691201680788,0.442787383400536,-0.138356110892533,-0.323022595090101,-0.385428542374281,-0.501435356700363,-0.260690844090321,0.512617618942486,1.02823035702506,0.451210501342286,-0.718290502666522,-1.08073178613531,-0.22052624159076,0.69546203045465,0.582545323239313,-0.104514655283003,-0.233315644766802,0.20441700750851,0.189875287142915,-0.483188615415179,-0.725679426828606,0.110296786486166,1.03795373694169,0.748388286645186,-0.439640405708904,-0.982686127735043,-0.318325306001314,0.468034503481636,0.412952992402641,-0.00376350527775715,0.0534439165218876,0.297460307018834
-0.169121501367161,-1.03655427302883,-0.422306879827113,0.895774338177542,0.922857050543779,-0.540062048248224,-1.3396707794295,-0.0577146592320603,1.67143036127988,1.27032754878646,-1.06548858761952,-2.32975546067759,-0.688395488429994,1.93548275816813,2.3594761498033,0.139865312084732,-2.09554645790778,-1.95355477028402,0.0651560432870081,1.6661406381938,1.54255394586178,0.218327686154728,-1.03673519587513,-1.34523520995822,-0.603594284856232,0.592495656654791,1.24573095806309,0.738160277442093,-0.407966902812369,-0.97000613388965,-0.473327156644569,0.268834013837216,0.361980367297942,0.0188973451522975,0.0192394818582377,0.365312156168593,0.287278272511941,-0.415798311569251,-0.862444938891558,-0.31925560037477,0.642857348138482,0.889179235599836,0.237954106251221,-0.456345599840721,-0.560954763175905,-0.304605617561874,-0.0571940872031188,0.248857944521076,0.616529007219327,0.562822623943872,-0.18357079399224,-0.904063170476794,-0.64242980472113,0.360455222258883,0.859207930317667,0.316922437308624,-0.379495520461217,-0.300742936841873,0.158789146035246,0.0645238809183641,-0.4034858781113,-0.232371315971262,0.589680354877035,0.802271371232129
-0.220007935726527,-1.12182681403459,-0.307916828274699,0.932669404826262,0.652239299645995,-0.792412347670689,-1.16148824197464,0.326487490417862,1.67119695923252,0.878329837986185,-1.17390423991583,-1.84203598341145,-0.281889311305117,1.48621934226209,1.42089507089533,-0.0563036307045728,-1.07490082570332,-0.789333087078774,-0.0171499157825957,0.3323977238338,0.377016908237771,0.440801271559482,0.282779734436522,-0.281367951816313,-0.742683704650026,-0.47826946203918,0.278546806310898,0.660310660705563,0.342415838897037,-0.114232124295233,-0.21485947100125,-0.168259603499379,-0.27551978046123,-0.289061513112406,0.125914591497902,0.633360649862892,0.548954332733622,-0.150291457137711,-0.702409504415287,-0.544653445419615,0.0287744122744504,0.421013772182831,0.473744546279842,0.321061738136015,-0.0268880817130458,-0.511939300805724,-0.686101886214461,-0.158965732809701,0.635464835633017,0.773540897991504,0.0811629827139674,-0.546452477781117,-0.38870230188503,0.0944974438631703,0.0988180673848196,-0.189667293214813,0.0260208346572388,0.646692172128968,0.595400716890901,-0.449153350147936,-1.17631872108127,-0.398870543534415,1.00174032995466,1.12542988928801
-0.147880947371414,-0.923457152760721,-0.229393267352572,0.685463807622831,0.38070172626467,-0.602062975853558,-0.651774029149651,0.384338306521621,0.959453849261308,0.211845797940512,-0.766130815425932,-0.59778447316186,0.341987630703896,0.57729092083567,-0.138721727649378,-0.51896646822231,0.134273385263339,0.817349691500342,0.32761581722826,-0.860596762596583,-1.1062953957191,0.0640866068380218,1.24423515267053,1.03878157749845,-0.247980097453231,-1.16387351837065,-0.8721404923702,0.12472873777684,0.831120363760125,0.776758888702224,0.157481991328192,-0.517882356894664,-0.73607565120881,-0.331156424485358,0.295894933902856,0.531335645340828,0.251934548448331,-0.0673428495337576,-0.0854266505994374,-0.0584975674136288,-0.293145489131543,-0.463979282752164,-0.0341275888691935,0.711006974239991,0.810186986680128,-0.0372546896171015,-0.893573634562591,-0.751931245901104,0.123370878422595,0.645739976539472,0.431742302262535,0.0869607563818711,0.0188726094442874,-0.148669909800037,-0.609770691585114,-0.653484488968975,0.259773518541277,1.24808085686922,0.900729093004083,-0.63500474135564,-1.48458205033698,-0.507741176907757,1.0190754727365,1.12714705827669
0.0378630417208313,-0.459724271775938,-0.172424141808609,0.243056068823017,0.147900277725115,-0.126192063314703,-0.0266559841280401,0.191433784640226,-0.0324579723013336,-0.407886955304773,-0.132154656221744,0.674930742353706,0.815951263481806,-0.280689168987277,-1.37962365800943,-0.876422224834716,0.890344105258755,1.8423597698892,0.731354418694724,-1.27265270357439,-1.91988601253624,-0.537337045671219,1.31229299857819,1.75885908920461,0.521619788704333,-1.08017853002599,-1.56099497815878,-0.595124479544388,0.824160206511766,1.35182989404654,0.546744983905054,-0.684908898263742,-1.02769319736858,-0.248698098323844,0.562991297551983,0.434761747177311,-0.227196747298777,-0.305904567748474,0.322689622691665,0.584259946820819,-0.141716062157958,-0.954681919239823,-0.618817918391104,0.584643075831328,1.14553915583154,0.3853139327449,-0.687710993840498,-0.827080209980023,-0.145671789742678,0.341317612163507,0.291251722205744,0.22484202283543,0.331780978587765,0.100769945180117,-0.583831883660299,-0.84796334533993,-0.0486500490298371,1.00854860255472,0.951266970138183,-0.245685487866812,-1.07552159820811,-0.532952936566384,0.539987589631362,0.748945071338114
0.248577532289762,0.15025861445496,-0.0620543434941316,-0.190625452945323,-0.0445899116074882,0.306287448956141,0.407000264422132,-0.0885890355732517,-0.742129431661854,-0.62021303085876,0.435517326936084,1.2877440031767,0.759013815854397,-0.778144065705888,-1.61917649266988,-0.717523983649325,0.993290107696774,1.69481039270601,0.726497346269439,-0.877681905321541,-1.58681434164159,-0.846263841606167,0.59972261716012,1.50831051377103,1.08210591023871,-0.37510836697407,-1.53215187398271,-1.18079419584702,0.396836827269078,1.51117256919405,0.922413870736091,-0.620162956868368,-1.24979647265767,-0.339451054890513,0.762194978559127,0.636636088071283,-0.320161363942199,-0.619353616567516,0.106578045323185,0.666550074088055,0.178000157405313,-0.628228402740022,-0.539312249401154,0.297577752504215,0.645789626435554,0.0803795762274614,-0.459799599334095,-0.179130718076695,0.380361163834092,0.238354568838461,-0.429366215798795,-0.522349674724669,0.254357115696516,0.848346946627918,0.370615258615744,-0.604983478063021,-0.83806242482428,-0.0777916126139256,0.690100303425762,0.59816480268786,-0.0606275136129057,-0.449016162101115,-0.282628439994708,0.0828981297170964
0.380023918147327,0.713552718540867,0.140805738187791,-0.430574931256788,-0.201858846035473,0.443218719263825,0.479239299892355,-0.296374677075082,-0.870304047152917,-0.342521777442616,0.760982954256828,1.07580373945757,0.169210589940052,-0.894160887522647,-0.926785878391797,-0.040826888697522,0.685736375415387,0.653597077110838,0.222908628013391,-0.161024012313665,-0.476904093842352,-0.656885588311023,-0.30713906017825,0.612107213317929,1.17529443770765,0.452619447772931,-0.988147471893931,-1.43226192863704,-0.181910939481889,1.32309834014307,1.23164964462128,-0.314403460802125,-1.364383204017,-0.709745270187974,0.64895058763074,1.01048731353191,0.17385654928259,-0.610545407891972,-0.516406865636328,-0.00980673737453799,0.206223814518803,0.199111129940518,0.313616558193835,0.291337848811004,-0.287742977496256,-0.918371212996222,-0.560237401440205,0.743469498200676,1.49970583642448,0.535012692316277,-1.27099545891983,-1.78219389450171,-0.245070221022383,1.64268155959071,1.74595387128374,-0.013664732586005,-1.66331970013878,-1.45738738789498,0.22327515736701,1.47459801893615,1.09666295387833,-0.277508491343162,-1.10244985685907,-0.630906707922314
0.383015384937017,1.04842161002927,0.384473946830679,-0.440477074451864,-0.348514886598043,0.261314587146175,0.312049781366924,-0.284529882959266,-0.532187148583856,0.0820250035114031,0.735023666977411,0.446595099833508,-0.44536055444504,-0.713776795419442,-0.0163364915996931,0.618076153062729,0.31105343597376,-0.387627248819011,-0.355918194582346,0.337497970501331,0.531172598492218,-0.208225846352231,-0.817713530548832,-0.245668773233147,0.856952606485837,0.913551932581349,-0.318217183912816,-1.26358487309166,-0.610541760576633,0.857542818969022,1.27494764199495,0.127992325114819,-1.14619154799449,-1.0485907505056,0.179707097970883,1.08487305055112,0.817379070975676,-0.158250804378702,-0.891968794861327,-0.879740581022457,-0.179935601711045,0.777563459449203,1.26245686918866,0.615851776880437,-0.903873703535252,-1.83952595793096,-0.902499881944767,1.25705746062535,2.36507750562625,0.983201193777695,-1.63712555750177,-2.64715200086841,-0.805304429250823,1.94566262323896,2.63508933043058,0.557471355238514,-2.01144414834781,-2.32399465909159,-0.198063304746419,1.90953404019489,1.81338180064746,-0.0945343550766766,-1.55122677296691,-1.09903923524702
0.286718747613781,1.07480011072,0.561185749085223,-0.346825699863375,-0.546490765858828,-0.0781240015697376,0.240709707964737,0.0840355784761557,-0.0774825122100613,0.0971869337970565,0.252857264337688,-0.0148204284027763,-0.3964625014599,-0.244256946840379,0.355445993746354,0.568702270620601,0.00204154937215995,-0.63801580774569,-0.431598879082577,0.407204952566675,0.748946730455186,0.0982902406644378,-0.70063979527228,-0.569854420530546,0.319444980978661,0.781622417763475,0.211682943091604,-0.635515497558314,-0.656531950600837,0.149740421506845,0.75940240941605,0.441423251117171,-0.410531222804206,-0.811039801795576,-0.339487212206307,0.489441857127882,0.859751350129059,0.397419408434099,-0.529171988080105,-1.0752618654872,-0.611622336580298,0.594947216452659,1.41617686641591,0.859456063935358,-0.763822511102179,-1.8263101764127,-1.00951648087488,1.03665180723414,2.17043957440298,1.0493657116919,-1.29193948953172,-2.35428804879745,-0.898803814381103,1.53883816322873,2.34339963486279,0.683769741452001,-1.63284495495316,-2.10593724305803,-0.325272773156667,1.63699404863764,1.70139072080215,0.0152905068860508,-1.41909286691239,-1.11729645680482
0.161415155227991,0.844248105561304,0.595453843972693,-0.317063238479311,-0.854459247026973,-0.394776960837544,0.529068467453847,0.850635079828128,0.226083610031168,-0.604409356418209,-0.701822326555453,-0.0247346563314629,0.598826229134752,0.53602508999906,-0.0254430150020268,-0.418617414630885,-0.313607038541083,0.00389314820024819,0.182421062877929,0.188004455165978,0.15976518965876,0.0981458456435346,-0.113271967972483,-0.355255349177781,-0.304697862614956,0.132519166023679,0.544873883729998,0.40615805169992,-0.222041842925571,-0.680707012592854,-0.415961192452951,0.324875679895498,0.694221161937669,0.266288011007027,-0.457006467000415,-0.637894865680681,-0.0680735233265935,0.547258646293164,0.44588142926915,-0.224745988588781,-0.601931936388903,-0.198702811130618,0.491974775668737,0.590686107259093,-0.0804175775841093,-0.71811807977564,-0.501015920632593,0.354119135938854,0.850280728420785,0.403396567871954,-0.517021410560921,-0.884320595017969,-0.263102897335435,0.64666686133805,0.865888531048778,0.198487195272911,-0.662926674339378,-0.808628914947757,-0.0839818808570274,0.721223239729233,0.773455296171175,0.0195808167176297,-0.747249042487962,-0.678877713929714
0.0560995060362529,0.48733086202087,0.500801157883006,-0.399922361815037,-1.22958077967497,-0.607984778803391,1.10111765590556,1.81351633630895,0.355008059884774,-1.735791161117,-1.86746778323443,0.241660077133861,2.05952073299683,1.44949162939595,-0.73319320642105,-1.79583311192508,-0.656968349995325,0.949107661719269,1.04729207844733,-0.090419768439973,-0.669058076085523,-0.0117797829946745,0.609806926001421,0.0492939558525907,-0.942821952279568,-0.748728760510687,0.701494606304478,1.58726063774991,0.574176380937034,-1.33818355859513,-1.8759533535736,-0.282384031899908,1.6571105025355,1.76725378180388,-0.0125795827609829,-1.6885261575566,-1.50607106918256,0.147544678694231,1.40528053128692,1.12705882594294,-0.109561974603386,-0.985866791902976,-0.855112987622145,-0.104829012663482,0.548656215700713,0.7357803854253,0.432766988506355,-0.223846751543605,-0.807312749549797,-0.701096656050435,0.172073253992007,0.996251146397172,0.830808735862649,-0.277015805714864,-1.10784801668363,-0.65864086900772,0.502074333794318,0.999962693418344,0.369200952213522,-0.497694363980512,-0.571241758250561,-0.0395304725098014,0.203158537881645,0.017549373725367
-0.0358288983900942,0.121101727480339,0.351613048514788,-0.469785634272213,-1.46174090447946,-0.710580263859195,1.5341373047274,2.47882053038321,0.419115671755665,-2.5171890302652,-2.64129104943749,0.412627297413859,2.96850429558612,2.00584203536833,-1.13146511772093,-2.54954932096517,-0.815041780495438,1.44976834297969,1.42132185030214,-0.337291364649256,-1.1029856854425,0.0685521602525562,1.16317390505758,0.313804383540574,-1.42962956534996,-1.47608478998775,0.639637228287725,2.3650041070604,1.35651448513358,-1.4663855287126,-2.82922491183251,-1.02584656511478,1.93915145901451,2.75663930418795,0.611206562981099,-2.06963864143363,-2.43409982017609,-0.338948402766763,1.79276647247974,1.91191951393572,0.294551627514791,-1.28505732868903,-1.53708698201271,-0.563819205964069,0.726711265540713,1.45585162465067,1.07205835141887,-0.362174887694239,-1.75120498691243,-1.54201645612863,0.457144619452334,2.27859132545388,1.73263340762626,-0.875271870789152,-2.64126559353053,-1.39108101149554,1.43675646840012,2.52071597656965,0.75184639171698,-1.56885296558618,-1.75447653782243,-0.0781867596702346,1.07435842109886,0.666023180008063
-0.154541464462174,-0.210115302015447,0.199662272940138,-0.336318371605847,-1.24657049176585,-0.657937226941785,1.36157062439003,2.25894110586727,0.42882682443267,-2.21427395397746,-2.33830642751965,0.325227245110889,2.48383720434594,1.63522210575126,-0.924761880746961,-1.95277307400992,-0.474281256250609,1.18589093452046,0.885446527124558,-0.582186731453644,-0.920843209939953,0.374030562140716,1.34187843362138,0.378376263662942,-1.45129615861312,-1.68044044146956,0.280512192760569,2.17888107782387,1.63655966316641,-0.922413747301903,-2.57314064485964,-1.32211505348079,1.40623094896873,2.48145581092938,0.756876912595033,-1.70282880322326,-2.11087223435446,-0.223020368258733,1.60209660230257,1.4595981722545,-0.0758397206046716,-1.16471683386022,-0.975340007712085,-0.125718583174868,0.582881792196627,0.936064143448858,0.777520585779258,-0.201126344188142,-1.48292695557577,-1.5038750552373,0.404465889383664,2.4056284904328,1.89318557164002,-1.05503666689198,-3.10905217361183,-1.58367750539791,1.86256285425661,3.13580692540682,0.837131341204427,-2.11258369328081,-2.28824869760627,-0.0281583237662436,1.56210442218268,1.00115836713978
-0.316307956130584,-0.516388153480618,0.0197813533801562,0.0640815263043154,-0.402648824064833,-0.325724400824244,0.46879835044535,0.872828676583415,0.209943009221013,-0.725964831380915,-0.689371766625023,0.18185750427229,0.608767218794867,0.164287502746074,-0.35593578754675,-0.166639270259901,0.425604270577447,0.437446802539191,-0.271303860556464,-0.794378797764862,-0.391360448545108,0.584514257672798,1.04807032877715,0.405479570829022,-0.756514721991385,-1.19115659890578,-0.348988439278174,0.904904471276575,1.16321989150053,0.0534165753341887,-1.11327968845527,-0.864044043906116,0.45185741086423,1.06478360347564,0.13754627635015,-1.04900626314979,-0.775353000500116,0.673668625661636,1.28570152075657,0.140265382104939,-1.24511331017702,-1.0527886308126,0.349373239878298,1.11608656965754,0.519736564651859,-0.309889747433084,-0.333929898753438,-0.101944958637437,-0.420465836579101,-0.641185697411672,0.27628802119244,1.58582980354432,1.2823881854734,-0.915343304974468,-2.48494393213956,-1.16472198776265,1.70632358726572,2.66224404220277,0.571839000452854,-1.95762249624502,-1.97029944610186,0.127212464672699,1.53013187638077,0.916156822234987
-0.472396999815294,-0.790251241559367,-0.254312128843214,0.560956949886962,0.909398371806482,0.375816458936533,-0.74241952108639,-1.32187482042862,-0.414090558954934,1.25196964731515,1.79042579090924,0.311808643147739,-1.72037108812015,-1.86624207171525,0.0837598327351885,1.81364104692856,1.48070726144745,-0.237404006337002,-1.25687868834498,-0.80870981470495,0.0392139068313096,0.334775060639526,0.355039187582708,0.551698518858034,0.503713014093362,-0.236264214111817,-1.04409749449673,-0.858157411188538,0.242281091301062,0.973835799732734,0.657409759266906,-0.0273243598940011,-0.337157119688302,-0.459701030938684,-0.730616962581668,-0.612536175453598,0.470557637627556,1.6284519610379,1.1734175852814,-0.904050186298938,-2.28171165753077,-1.13059354397005,1.27724700400465,2.13349799732198,0.646656284786143,-1.17508032683255,-1.30090688614443,-0.172834823951944,0.486621352095333,0.288889045402133,0.198565465501289,0.529001226414759,0.393652353728188,-0.583084016748531,-1.22653815008092,-0.396696650435471,1.08401950767692,1.35818636826504,0.060146601685245,-1.20446244466652,-0.940972237926199,0.356447633195065,1.04987972396986,0.495793826775394
-0.523683050556199,-0.954140205575866,-0.628821961654528,0.83690656776166,2.16195254489948,1.31635193942387,-1.58760795022567,-3.37076548911455,-1.33334258677324,2.65579569848798,3.93255749928383,0.773454126205396,-3.23850484325069,-3.39653403491821,0.129025634298336,2.85643004327189,2.03095491103952,-0.481497759606098,-1.41719243354685,-0.494237945307696,0.121404226601813,-0.351881604254594,-0.399410825619309,0.803666773546245,1.65859196021867,0.542732073341841,-1.52253313098733,-2.01684524709516,-0.334924425993553,1.44716511901274,1.50154659003433,0.300690295123574,-0.673757398882998,-0.926547880303851,-0.843954086220066,-0.410576394250814,0.606938936712834,1.49574553032597,0.999899904376904,-0.789944464693,-1.93432959287951,-0.957313359887538,1.01122005581442,1.68375803172925,0.508125886082605,-0.922065306536315,-1.02089676695637,-0.0820353277426229,0.555066010185262,0.416785604496381,0.0423536167196389,-0.128570137305951,-0.170689453803748,-0.148504328256237,0.0731503981869412,0.363376082995655,0.265706698009949,-0.247099729511826,-0.534873724763148,-0.194766902412883,0.390327563806081,0.600129187072065,0.355374566675168,-0.0414190694006837
-0.385156099095736,-0.88654263646627,-0.978332142802574,0.660950678359112,2.71252972728453,2.08546146500093,-1.58124554390668,-4.21295626493499,-2.0606969839183,2.77663612808396,4.56868120992503,1.19824891600128,-3.21291587161268,-3.51191057807853,-0.0444631424144812,2.4987353138966,1.67539386580343,-0.355218382324388,-0.778828051008093,0.000703865650327762,-0.0670999399148342,-0.935016462083071,-0.675264823088617,0.994481551659801,1.84361025337361,0.441372067612554,-1.58407318054023,-1.68440204927655,0.118767464643489,1.39058460553963,0.77572434995702,-0.483866126434516,-0.72651899659462,-0.058865484808315,0.315682170086673,0.0155439444718516,-0.300432516357081,-0.179579584801156,0.101685413928705,0.192446808574603,0.18338973347835,0.187148281164169,-0.0798222644790008,-0.545111355582865,-0.525636710708054,0.145196989056032,0.757408156150693,0.600739781285541,-0.0987303659233728,-0.484416893913206,-0.356464773648644,-0.229068812370961,-0.183889356843418,0.265705578860415,0.983468253520125,0.90773502477446,-0.38918381694535,-1.57215356403572,-1.06553139621096,0.627658903698667,1.50564321741119,0.7795209124329,-0.269550631387806,-0.453917738532418
-0.0539011128670167,-0.517589657701151,-1.08759024709993,0.0888843318217435,2.20198815535122,2.18230111139526,-0.798165758632802,-3.34258281494386,-2.00112958425422,1.73312348547821,3.29594523814136,1.06355674732548,-1.90874019696162,-2.10939264621839,-0.0416413215965044,1.23221643582538,0.655772733283284,-0.164451540669934,-0.0310988161842229,0.235127453927815,-0.258639340449379,-0.713207803272695,-0.0649207201687697,0.906398807701931,0.60579445280946,-0.709984662518655,-1.13031071061366,0.13181066422154,1.43583286454921,0.88337113793335,-0.980293704746279,-1.87482608707394,-0.740612961063892,1.15628528634019,1.94509224480853,0.9744329679269,-0.976842364054005,-2.35596428240432,-1.78085720671124,0.661928284721887,2.87453555849744,2.44350602735127,-0.669894642851955,-3.34248093451968,-2.48451569517599,0.91369603001924,3.00167520618821,1.82421577848269,-0.729845831117069,-1.72356803292497,-0.877182066649116,-0.0467518333254708,0.0595993121525273,0.445261485000447,1.32960389903941,1.22673124300034,-0.571028196121617,-2.17392056567153,-1.39832382666517,0.93348969597907,1.97844184461303,0.79664600944395,-0.625327927066496,-0.586039359491562
0.369202224205246,0.0819539945987415,-0.798201641664851,-0.53950933104054,0.824238118687315,1.36420131124231,0.178881681100176,-1.17684021440726,-0.919933045035596,0.335333683745568,0.789710568271053,0.178338126517584,-0.315398155966991,-0.024441406189454,0.327602970769709,0.066982826946856,-0.273726177172474,-0.136880653479434,0.0412811811877929,-0.182583765069592,-0.195694589431413,0.597456049635962,1.26655868461404,0.321966041844925,-1.67786603775016,-2.1516259417631,-0.0294184803172226,2.43274184766614,2.35362898993247,-0.173645970415457,-2.35775345299204,-2.23605411707578,-0.501560086059817,1.17808672799996,2.12494067386285,1.97958185657383,0.0437858029629972,-2.90779763995482,-3.83655032227365,-0.692695571417768,3.92464325040967,4.80162154497649,0.37034338545275,-4.6110408295579,-4.37937644865745,0.446600562957421,4.00360982621207,2.82368462770019,-0.670323345498226,-2.1770400965652,-1.06337598895533,0.0795118249118031,0.053643549674081,0.18334990659379,1.13810696873659,1.36781275597198,-0.210698228221805,-1.89459235897681,-1.38894552151322,0.698741782594217,1.65643211588635,0.558310928087708,-0.685792594526508,-0.429747219665004
0.720980201393106,0.698963363261259,-0.15199033062528,-0.824709628950099,-0.748570593488835,-0.107791207757292,0.695426805810071,1.17047569398524,0.771946079201534,-0.543835287397639,-1.60858879892111,-1.05740361646981,0.623308064061805,1.53525578687113,0.839783826668233,-0.255409309877771,-0.442493599356035,-0.278024317207588,-0.796372904139491,-1.14313864099564,0.28587943845096,2.54442398183352,2.43750187163477,-0.963804373301446,-3.9386554256001,-2.46986609449579,1.93337204512194,3.86443565953421,1.22531815843828,-2.13138840912583,-2.13128259644341,0.0815078116218328,0.691550590993443,-0.764081655385675,-0.7609696947698,1.85484355596951,3.0096291727842,-0.252186891461125,-4.45455681255886,-3.76159760215144,1.77500480270207,5.52187443556491,2.80487812878856,-2.93731411105221,-4.68434622615715,-1.1001787334671,2.66876620559646,2.57438984029407,0.0576609083035095,-1.18803914063923,-0.47006925672542,0.0556394594967736,-0.436054285551093,-0.496065326704593,0.576219529910937,1.29192587750135,0.408731769137382,-0.942807962119212,-0.925176727527085,0.236000520881616,0.749522394526184,0.0426746481623368,-0.587529841981273,-0.116913946554098
0.854378494973315,1.08127237093316,0.592361875927507,-0.591225359607998,-1.76457350192553,-1.55252323946951,0.506855880680925,2.58342342235295,2.20190289166034,-0.592131717188001,-2.76221169576971,-1.89040952744889,0.656721280508208,1.84249936948192,1.07258836416468,0.228775714502936,0.152861602134344,-0.50072670395168,-2.02781843964436,-1.91686387813219,1.26297031025514,4.15371789933787,2.28958562411721,-3.01760011160879,-5.03773149008083,-0.560518334743696,4.76986829581625,3.61721991830944,-2.61395790210783,-5.1040158412417,-0.2250527833482,5.13428569470043,3.26004750322583,-3.82585307334584,-6.30571630699424,-0.231613509528708,6.3636309645661,4.9481350695579,-2.491214471926,-6.66824474607203,-2.89942528493378,3.44392863794033,4.89657593385948,1.06955318567942,-2.51177199491467,-2.44285312086834,-0.495410346147904,0.654000801499877,0.754488282375904,0.841359896213342,0.860005864934146,0.0208625611597094,-1.14520157552794,-1.21296354192546,-0.0616013040293448,0.899737143801405,0.764858114889488,0.155429572575376,-0.0505566779294386,0.00220336530347542,-0.248715436902472,-0.626844543131058,-0.517777555515387,0.15380802526358
0.707614282049765,1.08047718867576,1.10199704383401,-0.011508886911855,-1.84924980656863,-2.26949030339958,-0.0722734442084594,2.62252573197659,2.60505391779598,-0.192564472451532,-2.44355466225193,-1.78895580711643,0.265871689207648,1.13239846726395,0.835596330330294,0.846213230969161,0.790442615994978,-0.815210184919199,-2.76622736755526,-1.59015951147614,2.65992214124248,4.50943637095235,0.234262398664437,-5.46477278798436,-4.39713925820083,3.33103763009498,7.76360800415374,1.86774816421793,-7.8244261914194,-8.20957844524756,2.23161594908714,10.5842560466794,6.3298673183748,-6.00095795418036,-11.5165700506953,-3.5538243063453,7.63576974986698,9.4962013108009,1.40628368695813,-6.91897848819594,-7.08375004027171,-0.792405000127214,4.56611506981535,4.83275840855807,1.43212317841101,-2.12447413351566,-3.53557658384083,-2.20174417037512,0.663093306265784,2.67063937184547,2.24649847054479,0.0905400485208542,-1.53745017486638,-1.40481140547064,-0.401228509085383,0.20852483363402,0.43428047985904,0.786649882523462,0.941026198761676,0.274297908674484,-0.808375924953957,-1.17697958422321,-0.567925251724828,0.223448323796546
0.328610851275655,0.734186347629015,1.17639780363537,0.528613413852861,-1.19842962541202,-1.98658649619127,-0.462214196652091,1.70723966703066,1.85896710821405,0.00590796965075668,-1.35936246150443,-0.882049714823189,0.12674872766714,0.335892074395322,0.391692602239326,0.900452734125732,0.590385068694485,-1.31352704425824,-2.3759714113331,0.201708660042528,4.07177562603367,3.24359333726971,-3.10757122922234,-7.24203015657567,-2.17094581951885,7.35455447122626,9.23063413471415,-0.575731304362113,-11.3793828265492,-9.34088082604128,3.85765313505851,12.6411130419228,7.52410773674422,-5.64005262095651,-12.262685587207,-5.62571595339897,5.28070669090673,9.39841888176657,4.68020377157525,-3.30611430217169,-7.20610170140987,-4.73636395850843,1.03679769406455,5.43180701076216,5.01036258233264,0.268852027179446,-4.35026370983021,-4.40755840127598,-0.347433402391732,3.11195233119925,2.77259553039091,0.16224662457119,-1.27708186556003,-0.74357527657039,-0.161256313264599,-0.51944185210046,-0.552379910463251,0.596504079463057,1.58045211799929,0.913618136589673,-0.667946317012089,-1.29999177516317,-0.655138957112082,0.0607259179005499
-0.151497754284143,0.230288203182057,0.864930769364065,0.716655628757801,-0.374031713069217,-1.02224304768783,-0.308444422991319,0.69375413314429,0.560432943829398,-0.307474250319271,-0.503325448330484,0.124016945397493,0.492185867862897,0.28538999870594,0.230764130388739,0.218618532058986,-0.729475688193022,-1.92917166667536,-0.844573200715312,2.83396116013682,4.68462167500062,0.612810184077987,-6.06550255604117,-6.82200141583417,1.08402363215875,8.99827369821797,7.11915108412692,-3.04917342668505,-10.3353102684519,-6.1175051955528,4.19134023823231,8.45996001463811,4.21134316775473,-2.83162275243444,-6.08847287541123,-3.62836067946456,0.055978528187957,2.69992606958337,4.40903745430263,2.91890681807491,-1.75781780709222,-5.6277841371215,-4.32232466391471,1.74057988075972,6.00637686606599,3.62696434130745,-2.22463953094728,-4.58311783297941,-1.62685510234312,1.90668814584379,1.97862151039448,0.0104852097778205,-0.526599241234512,0.524465358626539,0.609258830750002,-0.881699854945978,-1.63017162679548,-0.2491085608502,1.48840429265451,1.41727941676584,-0.00838730040201785,-0.847409660728933,-0.579409432867402,-0.21737780142786
-0.574115894339768,-0.217373952012791,0.406587147364099,0.527678145586847,0.130433562276177,-0.0300628821159226,0.233222070914008,0.196690228750946,-0.431705053918219,-0.841634662853661,-0.366954798488476,0.510274962701649,1.01213470047715,1.03787785516054,0.582395280761193,-0.794621681807187,-2.53806525855398,-2.25150276221543,1.31634015446359,4.97026551293926,3.57323002063664,-2.76295999744958,-6.91137425535754,-3.08813095876364,4.81059903108984,6.74713916914493,0.422856357272274,-5.45163529887529,-3.98088130969727,2.23889913888922,4.00836313825203,-1.5293560016335,-4.31193420644545,0.559053337324729,5.53130925376301,3.23492259688992,-5.25152066009908,-8.55080789618259,-0.37940756929254,8.62203738493876,7.15410809491349,-2.48848465179971,-8.69577321822202,-4.4867679605361,3.74551805365825,5.99472731685672,1.55367506298277,-2.59161227098594,-2.24631096834506,-0.0912099935720324,0.284787431249918,-0.422082444718963,0.194275543965829,1.6432863311046,1.43954367726704,-0.641765780221988,-2.02601529823796,-1.1078132061257,0.667547495162683,1.26122014813951,0.645722451423501,0.0269776262578545,-0.187644419287934,-0.41100581199313
-0.80813825452611,-0.489494252338738,0.041989873749142,0.202436471564703,0.219731186850251,0.481538525826575,0.648912821423617,0.182232548314365,-0.635105803620194,-0.991578001395601,-0.632890585595048,0.129652855035808,1.10913514824656,1.85793216351344,1.12635524992928,-1.56543055077589,-3.70129376398049,-1.69906865340737,3.44430141898547,5.42100637475341,0.378866502885914,-6.15326961707986,-5.02655186815961,3.55673699340814,8.46032977748757,1.29578715415759,-9.4306438858768,-7.85956690819794,5.22738936658602,13.3804316042303,4.3975149935666,-13.1484904911039,-15.2588966582679,2.34753338766144,17.3221277793644,12.2225341584378,-7.71701613912549,-18.8332208682502,-7.36658816730172,10.801250796815,14.6417917273082,2.79557682005507,-9.63959022012754,-9.48540531979412,-0.256311260208833,5.90704886968765,4.49872058897105,0.273527040830566,-1.727589965155,-1.55254732196104,-1.24915217939692,-0.85862722575242,0.458593429693806,1.8466283239135,1.66291989141424,0.0201771175696326,-1.30998275347005,-1.25275942355133,-0.420799788075295,0.309536571680126,0.766647673337023,0.903305571665637,0.471524291170426,-0.357726150058261
-0.785632087020874,-0.594508339972877,-0.152549341029161,0.0195245073230947,0.180369494259474,0.484041080392018,0.523005958985634,0.129056854270071,-0.261283713386078,-0.413289948233948,-0.566087270569233,-0.484656860288024,0.544591899877063,1.86019744658327,1.21014024309869,-1.80806089698018,-3.4094333918556,-0.0261396570448156,4.99794231388389,3.94307254915231,-4.07146479982035,-8.7298749582456,-1.36020541478965,10.7191584369287,11.1254434308572,-4.68782795492059,-18.4173405754604,-9.69418880938803,12.8308267975256,22.1153205734081,5.35110259112473,-20.541279137144,-22.95224915193,1.88699833231217,22.9747964740455,17.9120743112963,-6.41595070910217,-22.1774011027711,-11.8686705837621,8.60111295127967,15.896320138996,6.44065277426716,-6.70210443491845,-9.8254219960037,-3.21443067159237,3.36661767423639,4.58709083892833,2.17014048298399,-0.383853734210468,-1.62248367772554,-1.68738285977199,-0.870816562579275,0.28422406422089,0.947280900188342,0.883737249473594,0.571570212872941,0.231227290080802,-0.388761155724475,-1.11141219031425,-1.01908547361215,0.190895994860458,1.32386191355765,1.12753785283452,-0.0375166698055969
-0.515976773352167,-0.604122961556206,-0.280094059348996,0.058065067885559,0.356139878187381,0.364472165788118,-0.0893898626226708,-0.408758498186788,0.0350667737780526,0.619213413243584,0.255098112783413,-0.590131328397823,-0.334672317131452,0.772396403463907,0.4283664192512,-1.63413446373659,-1.76526057412457,2.25053251535047,5.56179652061069,1.35237735230811,-7.81939322237691,-9.48647420393558,2.22644945966408,14.8509453816226,11.3527007077178,-8.23352433602752,-21.6223943381684,-9.36461679528052,15.0327284951415,22.9000291358457,5.22864300342586,-19.6620512528783,-21.8073316571965,0.761669923519786,18.9242019964726,15.3274896364961,-3.084754116208,-15.8703775701901,-9.74724157225375,3.81627261910049,9.25006375939103,5.28692634838403,-1.62960721294754,-4.6714559075746,-2.99636656540934,-0.250826205749969,1.59193382674211,2.02235046553179,0.996822708303227,-0.458992074405934,-0.919126104599616,-0.288596923959071,0.0729155318305612,-0.459842597892344,-0.642607993693737,0.513959062680056,1.71764488141726,1.07717235429506,-0.979558034646344,-1.98350797284039,-0.747701949601215,1.07687799105296,1.43615539969789,0.406923858415325
-0.0805892347503949,-0.559733418063636,-0.481873170753654,0.147736675103018,0.80030618237291,0.527917696408661,-0.68930878261614,-1.32636134775688,-0.238511245105929,1.38776749729182,1.49371191105114,0.104577572507999,-0.879197698843074,-0.809572893026379,-0.937619375981318,-1.28684954213498,0.329188192790812,3.96843806384367,4.76688970081588,-1.12950330916777,-8.7480126194877,-7.44834762455589,4.27280368609734,13.2011415568304,7.69723284420069,-8.01711544993406,-16.1433047446564,-5.07874766579,11.0956762107379,13.3076802063678,1.8476428336,-10.8541875782177,-10.0863683007405,1.56537876547982,6.67880563619403,3.46398122473106,-0.717523198221929,-2.3356239926078,-0.475111278533261,-0.497211150912714,-2.60802108733439,-0.851435644088901,2.94512212317427,3.60861835620699,0.315486152338345,-3.22549997133986,-2.82042997141937,0.272391781763051,1.81261634420327,1.00539414615713,0.265628942974385,0.542601054478137,0.200436776047921,-1.39027415499171,-2.06025071225718,-0.195996080382776,2.25191042794136,2.25125747736904,-0.153553610658635,-2.01017886900839,-1.4328536719215,0.337674104064542,1.20262288719672,0.751892130124836
0.389077042043882,-0.433040641534114,-0.766219695666345,0.0447621502045767,1.19728141802364,1.00403439628405,-0.743608109439406,-1.98709601750226,-0.958592845119338,1.29673266278298,2.27023696034468,1.15161314624628,-0.688015755316007,-1.87511433574374,-2.04292952122266,-0.832522256470441,1.87002220716927,4.04493527204565,2.41636932248854,-2.74448249615004,-5.98259735872505,-2.33555836165901,4.66813594986045,5.75183940392304,-0.0704026404748825,-5.13987199608685,-3.35734758725377,3.46340551888455,3.77572867464994,-3.76716512663232,-5.42637505659078,1.31113581959275,8.15985100334356,5.55184985214912,-7.91467979594002,-13.2336229431995,-1.16421025135438,12.1581750106106,11.8715874192198,-2.25586265366045,-14.097783289385,-8.72550822234934,5.27548261937675,10.8812648661412,4.39293014068954,-4.62045434905059,-6.22001263303762,-1.49549999586887,2.05710319468402,1.81586054276956,0.803274169854655,0.9472628227026,0.640494502370124,-1.19081355013463,-2.44402842856895,-1.05308303254244,1.54227317220704,2.34513275964922,0.761527679579399,-1.09019226219111,-1.39056188009847,-0.444751289383531,0.52118404170317,0.825520553607175
0.747825505328244,-0.171811734140353,-0.958928437809031,-0.31929541973484,1.12026644942087,1.38905019577551,-0.139270603429609,-1.72924990112261,-1.46658673079524,0.362582349273707,1.86479697218954,1.70657968625391,0.0601309357961315,-1.78011173746306,-2.11833663879726,-0.149196886996978,2.44081543465123,2.32690013156399,-1.15222343237615,-3.57212647280336,-0.722491379840105,4.7080425302188,4.46786426390813,-4.27093650362323,-9.9519257446423,-2.15206176586466,11.2117265244589,13.7891426538884,-2.57976037145002,-20.9289431291524,-14.2354031696054,10.8550624959168,24.6526567566192,11.020313315508,-18.0611800837644,-26.7784099553961,-3.57561237325271,21.078244018408,20.6756875886344,-1.73691070836987,-19.9289399063802,-13.5353528741028,5.42165956902178,13.6867242562356,6.24064971824181,-4.65511300333392,-6.91541949875853,-1.75371861748243,2.14131999951612,1.63041847206872,0.194741967686856,0.459206788423861,0.972846927743588,-0.0310887538776827,-1.46308512985562,-1.35999192911827,0.103871902227593,1.23226781999665,1.11762525827959,0.216381494781072,-0.620242502990996,-0.845295635003942,-0.275430529589934,0.604779219022693
0.881817178665035,0.213367142475515,-0.825730281231083,-0.733213211298417,0.413370023839196,1.17740566593118,0.696894319373075,-0.447631379363847,-1.1251839009461,-0.779763781169285,0.333270858825206,1.23018561038989,0.777389635280377,-0.721339217686404,-1.115940320332,0.783803126154021,2.34480770522561,-0.1406899975017,-4.80871685930078,-4.13868231907878,4.25177214793219,11.0617642479574,4.73626987786513,-11.95269032691,-17.9556915069336,-1.04473104977466,20.6809266822975,21.1694646678948,-4.97126417736734,-30.0326047601221,-19.8856108348922,13.9810354747199,31.2705098524837,13.9810354747197,-19.8856108348923,-30.032604760122,-4.97126417736714,21.1694646678949,20.6809266822974,-1.04473104977482,-17.9556915069336,-11.9526903269099,4.73626987786524,11.0617642479574,4.25177214793212,-4.13868231907884,-4.80871685930079,-0.140689997501669,2.34480770522565,0.78380312615405,-1.115940320332,-0.721339217686444,0.777389635280324,1.23018561038987,0.333270858825258,-0.779763781169223,-1.1251839009461,-0.447631379363909,0.696894319373023,1.1774056659312,0.413370023839257,-0.733213211298387,-0.825730281231119,0.213367142475463
0.747825505328262,0.60477921902275,-0.275430529589907,-0.845295635003983,-0.620242502991064,0.216381494781057,1.11762525827964,1.23226781999672,0.103871902227598,-1.35999192911833,-1.46308512985568,-0.0310887538776834,0.972846927743638,0.459206788423911,0.194741967686868,1.63041847206869,2.14131999951607,-1.75371861748247,-6.91541949875851,-4.65511300333384,6.24064971824188,13.6867242562356,5.42165956902167,-13.5353528741029,-19.9289399063801,-1.73691070836971,20.6756875886344,21.0782440184079,-3.57561237325288,-26.7784099553962,-18.0611800837642,11.0203133155081,24.6526567566192,10.8550624959167,-14.2354031696055,-20.9289431291522,-2.57976037144985,13.7891426538884,11.2117265244588,-2.15206176586477,-9.95192574464228,-4.27093650362312,4.46786426390818,4.70804253021876,-0.722491379840158,-3.57212647280337,-1.15222343237614,2.326900131564,2.44081543465123,-0.149196886996967,-2.11833663879724,-1.78011173746306,0.0601309357961004,1.70657968625389,1.86479697218956,0.362582349273742,-1.46658673079524,-1.72924990112264,-0.139270603429635,1.38905019577552,1.12026644942091,-0.319295419734835,-0.958928437809067,-0.171811734140385
0.389077042043911,0.825520553607217,0.52118404170318,-0.444751289383569,-1.39056188009852,-1.09019226219112,0.761527679579441,2.34513275964927,1.54227317220705,-1.05308303254248,-2.44402842856899,-1.19081355013463,0.640494502370149,0.947262822702633,0.803274169854671,1.81586054276955,2.05710319468398,-1.49549999586891,-6.2200126330376,-4.62045434905053,4.39293014068958,10.8812648661411,5.27548261937666,-8.72550822234938,-14.0977832893849,-2.25586265366035,11.8715874192198,12.1581750106105,-1.16421025135446,-13.2336229431994,-7.91467979593987,5.55184985214915,8.15985100334343,1.31113581959263,-5.42637505659077,-3.76716512663219,3.77572867465002,3.46340551888447,-3.35734758725389,-5.13987199608686,-0.0704026404747999,5.75183940392312,4.66813594986043,-2.33555836165909,-5.98259735872507,-2.74448249614999,2.41636932248859,4.04493527204563,1.87002220716922,-0.832522256470462,-2.04292952122263,-1.87511433574371,-0.688015755315997,1.15161314624627,2.27023696034466,1.29673266278298,-0.958592845119338,-1.98709601750226,-0.743608109439391,1.00403439628407,1.19728141802364,0.0447621502045523,-0.766219695666375,-0.433040641534122
-0.0805892347503638,0.751892130124847,1.2026228871967,0.337674104064521,-1.4328536719215,-2.01017886900839,-0.153553610658625,2.25125747736905,2.25191042794135,-0.195996080382776,-2.06025071225718,-1.39027415499172,0.200436776047912,0.542601054478136,0.265628942974396,1.00539414615714,1.81261634420327,0.272391781763036,-2.82042997141937,-3.22549997133983,0.315486152338347,3.60861835620695,2.94512212317424,-0.851435644088874,-2.60802108733432,-0.497211150912692,-0.475111278533344,-2.33562399260788,-0.717523198221907,3.46398122473118,6.67880563619411,1.56537876547974,-10.0863683007406,-10.8541875782177,1.84764283360012,13.3076802063679,11.0956762107378,-5.07874766579015,-16.1433047446565,-8.01711544993397,7.69723284420082,13.2011415568304,4.27280368609724,-7.44834762455598,-8.74801261948769,-1.12950330916768,4.76688970081594,3.96843806384365,0.329188192790743,-1.28684954213503,-0.937619375981303,-0.80957289302633,-0.879197698843034,0.104577572508003,1.4937119110511,1.38776749729177,-0.23851124510594,-1.32636134775685,-0.689308782616093,0.527917696408676,0.800306182372882,0.147736675102979,-0.481873170753668,-0.559733418063614
-0.515976773352147,0.406923858415303,1.43615539969786,1.07687799105296,-0.74770194960118,-1.98350797284037,-0.979558034646363,1.07717235429502,1.71764488141724,0.513959062680086,-0.642607993693693,-0.459842597892336,0.0729155318305246,-0.288596923959106,-0.919126104599614,-0.458992074405907,0.996822708303248,2.02235046553179,1.59193382674211,-0.250826205749979,-2.99636656540937,-4.67145590757463,-1.62960721294752,5.2869263483841,9.25006375939108,3.81627261910045,-9.74724157225387,-15.8703775701902,-3.08475411620789,15.3274896364962,18.9242019964726,0.76166992351963,-21.8073316571966,-19.6620512528783,5.22864300342603,22.9000291358458,15.0327284951414,-9.36461679528069,-21.6223943381684,-8.23352433602737,11.352700707718,14.8509453816226,2.22644945966395,-9.48647420393566,-7.81939322237687,1.35237735230821,5.56179652061074,2.25053251535045,-1.76526057412463,-1.63413446373663,0.4283664192512,0.772396403463949,-0.3346723171314,-0.590131328397803,0.255098112783377,0.619213413243524,0.0350667737780305,-0.408758498186747,-0.0893898626226139,0.36447216578813,0.35613987818734,0.0580650678855146,-0.280094059348989,-0.604122961556164
-0.785632087020861,-0.0375166698056431,1.12753785283448,1.32386191355766,0.190895994860519,-1.01908547361212,-1.11141219031428,-0.388761155724544,0.231227290080779,0.571570212872985,0.883737249473659,0.947280900188352,0.284224064220843,-0.870816562579321,-1.68738285977199,-1.62248367772551,-0.383853734210438,2.170140482984,4.58709083892833,3.36661767423636,-3.21443067159241,-9.82542199600372,-6.7021044349184,6.44065277426725,15.896320138996,8.60111295127958,-11.8686705837623,-22.1774011027711,-6.41595070910202,17.9120743112964,22.9747964740454,1.88699833231199,-22.9522491519301,-20.5412791371439,5.3511025911249,22.1153205734081,12.8308267975255,-9.69418880938817,-18.4173405754603,-4.68782795492043,11.1254434308573,10.7191584369286,-1.36020541478977,-8.72987495824564,-4.0714647998203,3.94307254915238,4.99794231388391,-0.0261396570448371,-3.40943339185563,-1.8080608969802,1.21014024309868,1.86019744658329,0.544591899877102,-0.484656860287999,-0.566087270569254,-0.413289948233998,-0.261283713386097,0.129056854270104,0.523005958985679,0.484041080392018,0.180369494259431,0.0195245073230634,-0.15254934102914,-0.594508339972829
-0.80813825452611,-0.357726150058314,0.471524291170379,0.903305571665655,0.766647673337087,0.309536571680164,-0.420799788075329,-1.25275942355139,-1.30998275347007,0.0201771175696763,1.6629198914143,1.8466283239135,0.458593429693767,-0.858627225752452,-1.24915217939692,-1.55254732196102,-1.72758996515498,0.273527040830575,4.49872058897106,5.90704886968763,-0.25631126020887,-9.48540531979414,-9.6395902201275,2.79557682005513,14.6417917273082,10.8012507968149,-7.36658816730181,-18.8332208682502,-7.71701613912536,12.2225341584378,17.3221277793643,2.3475333876613,-15.2588966582679,-13.1484904911038,4.39751499356672,13.3804316042302,5.22738936658588,-7.859566908198,-9.43064388587672,1.29578715415771,8.46032977748757,3.55673699340806,-5.02655186815967,-6.15326961707984,0.37886650288597,5.42100637475343,3.44430141898544,-1.69906865340739,-3.70129376398048,-1.56543055077588,1.12635524992927,1.85793216351343,1.10913514824657,0.129652855035826,-0.632890585595046,-0.991578001395621,-0.635105803620202,0.182232548314384,0.648912821423638,0.481538525826562,0.219731186850216,0.202436471564688,0.0419898737491731,-0.489494252338694
-0.574115894339776,-0.41100581199317,-0.187644419287963,0.0269776262578688,0.645722451423544,1.26122014813953,0.66754749516266,-1.10781320612574,-2.02601529823796,-0.641765780221961,1.43954367726707,1.64328633110459,0.194275543965808,-0.422082444718968,0.28478743124993,-0.0912099935720273,-2.24631096834507,-2.59161227098594,1.55367506298278,5.99472731685672,3.74551805365823,-4.48676796053611,-8.69577321822199,-2.48848465179968,7.15410809491348,8.6220373849387,-0.379407569292574,-8.55080789618254,-5.25152066009899,3.23492259688992,5.53130925376292,0.559053337324661,-4.3119342064454,-1.52935600163339,4.00836313825207,2.23889913888913,-3.98088130969735,-5.45163529887527,0.422856357272365,6.74713916914497,4.81059903108978,-3.08813095876372,-6.91137425535753,-2.76295999744951,3.57323002063669,4.97026551293923,1.31634015446354,-2.25150276221544,-2.53806525855394,-0.79462168180715,0.582395280761189,1.03787785516051,1.01213470047713,0.510274962701652,-0.366954798488466,-0.841634662853654,-0.431705053918212,0.196690228750955,0.233222070914005,-0.0300628821159422,0.130433562276156,0.52767814558685,0.406587147364131,-0.217373952012763
-0.151497754284156,-0.217377801427877,-0.579409432867405,-0.847409660728921,-0.00838730040200586,1.41727941676584,1.4884042926545,-0.249108560850203,-1.63017162679547,-0.881699854945967,0.609258830749991,0.524465358626518,-0.526599241234515,0.010485209777843,1.9786215103945,1.90668814584378,-1.62685510234314,-4.58311783297942,-2.22463953094727,3.62696434130747,6.00637686606598,1.74057988075972,-4.3223246639147,-5.62778413712149,-1.75781780709223,2.91890681807489,4.40903745430264,2.69992606958341,0.0559785281879774,-3.62836067946461,-6.08847287541129,-2.83162275243443,4.2113431677548,8.45996001463816,4.19134023823226,-6.11750519555289,-10.3353102684519,-3.04917342668496,7.119151084127,8.99827369821794,1.08402363215865,-6.82200141583422,-6.06550255604111,0.612810184078075,4.68462167500064,2.83396116013676,-0.844573200715378,-1.92917166667536,-0.729475688192977,0.218618532059028,0.230764130388746,0.285389998705914,0.492185867862866,0.124016945397478,-0.503325448330474,-0.307474250319245,0.56043294382942,0.69375413314429,-0.308444422991342,-1.02224304768786,-0.374031713069221,0.71665562875782,0.864930769364086,0.230288203182063
0.328610851275634,0.0607259179005537,-0.655138957112058,-1.29999177516316,-0.667946317012105,0.913618136589646,1.58045211799928,0.596504079463082,-0.552379910463223,-0.519441852100463,-0.161256313264633,-0.743575276570418,-1.27708186556002,0.162246624571228,2.77259553039093,3.11195233119924,-0.347433402391762,-4.40755840127599,-4.35026370983019,0.268852027179463,5.01036258233264,5.43180701076215,1.03679769406454,-4.73636395850844,-7.20610170140989,-3.30611430217168,4.68020377157529,9.3984188817666,5.2807066909067,-5.62571595339904,-12.262685587207,-5.64005262095644,7.5241077367443,12.6411130419228,3.85765313505841,-9.34088082604135,-11.3793828265492,-0.575731304361998,9.23063413471419,7.35455447122618,-2.17094581951895,-7.24203015657568,-3.10757122922227,3.24359333726978,4.07177562603366,0.20170866004247,-2.37597141133314,-1.31352704425824,0.590385068694514,0.900452734125759,0.391692602239339,0.335892074395315,0.126748727667114,-0.882049714823216,-1.35936246150443,0.00590796965078777,1.85896710821408,1.70723966703065,-0.462214196652123,-1.98658649619129,-1.19842962541201,0.528613413852888,1.17639780363538,0.734186347628995
0.707614282049741,0.223448323796563,-0.567925251724787,-1.17697958422319,-0.808375924953986,0.274297908674446,0.941026198761674,0.786649882523498,0.434280479859072,0.208524833634011,-0.401228509085422,-1.40481140547066,-1.53745017486636,0.0905400485208858,2.24649847054479,2.67063937184544,0.663093306265766,-2.20174417037512,-3.53557658384082,-2.12447413351565,1.43212317841101,4.83275840855807,4.56611506981535,-0.792405000127233,-7.08375004027172,-6.91897848819592,1.40628368695818,9.49620131080091,7.63576974986693,-3.55382430634536,-11.5165700506953,-6.00095795418027,6.32986731837486,10.5842560466793,2.23161594908703,-8.2095784452476,-7.82442619141932,1.86774816421803,7.76360800415374,3.33103763009489,-4.3971392582009,-5.46477278798434,0.234262398664508,4.50943637095238,2.65992214124245,-1.59015951147617,-2.76622736755526,-0.815210184919186,0.790442615994984,0.846213230969161,0.835596330330304,1.13239846726396,0.265871689207636,-1.78895580711645,-2.44355466225194,-0.192564472451506,2.605053917796,2.62252573197658,-0.0722734442084929,-2.2694903033996,-1.8492498065686,-0.0115088869118233,1.101997043834,1.08047718867573
0.854378494973291,0.153808025263599,-0.517777555515347,-0.626844543131046,-0.248715436902501,0.00220336530344112,-0.0505566779294372,0.155429572575411,0.76485811488951,0.899737143801389,-0.0616013040293759,-1.21296354192547,-1.14520157552791,0.0208625611597268,0.860005864934132,0.841359896213318,0.754488282375904,0.654000801499897,-0.495410346147895,-2.44285312086836,-2.51177199491468,1.06955318567943,4.89657593385949,3.44392863794031,-2.8994252849338,-6.66824474607202,-2.49121447192595,4.94813506955791,6.36363096456605,-0.231613509528761,-6.30571630699422,-3.82585307334576,3.26004750322587,5.13428569470037,-0.225052783348282,-5.1040158412417,-2.61395790210775,3.6172199183095,4.76986829581621,-0.56051833474377,-5.03773149008085,-3.01760011160874,2.28958562411726,4.15371789933786,1.26297031025509,-1.91686387813221,-2.02781843964433,-0.500726703951661,0.152861602134332,0.228775714502918,1.07258836416468,1.84249936948194,0.656721280508207,-1.89040952744891,-2.76221169576971,-0.592131717187982,2.20190289166036,2.58342342235294,0.506855880680897,-1.55252323946951,-1.7645735019255,-0.59122535960797,0.5923618759275,1.08127237093313
0.72098020139309,-0.116913946554082,-0.587529841981244,0.0426746481623448,0.749522394526163,0.236000520881593,-0.92517672752708,-0.942807962119188,0.40873176913739,1.29192587750133,0.576219529910919,-0.496065326704582,-0.436054285551069,0.0556394594967747,-0.470069256725446,-1.18803914063924,0.0576609083035271,2.5743898402941,2.66876620559646,-1.10017873346713,-4.68434622615716,-2.93731411105218,2.80487812878858,5.5218744355649,1.77500480270205,-3.76159760215144,-4.45455681255883,-0.252186891461113,3.00962917278416,1.85484355596947,-0.760969694769785,-0.764081655385628,0.691550590993455,0.0815078116217905,-2.13128259644345,-2.13138840912582,1.22531815843833,3.86443565953423,1.9333720451219,-2.46986609449583,-3.93865542560009,-0.963804373301398,2.43750187163479,2.54442398183349,0.285879438450924,-1.14313864099563,-0.796372904139456,-0.278024317207572,-0.442493599356051,-0.255409309877791,0.839783826668234,1.53525578687115,0.623308064061807,-1.05740361646981,-1.60858879892111,-0.543835287397626,0.771946079201538,1.17047569398522,0.695426805810051,-0.10779120775729,-0.74857059348881,-0.824709628950079,-0.151990330625289,0.698963363261229
0.369202224205242,-0.429747219664991,-0.685792594526493,0.558310928087708,1.65643211588633,0.698741782594207,-1.38894552151321,-1.89459235897679,-0.210698228221807,1.36781275597196,1.13810696873658,0.183349906593805,0.0536435496740963,0.0795118249117944,-1.06337598895536,-2.1770400965652,-0.6703233454982,2.82368462770021,4.00360982621206,0.44660056295739,-4.37937644865745,-4.61104082955787,0.370343385452774,4.80162154497648,3.92464325040964,-0.692695571417773,-3.83655032227363,-2.9077976399548,0.0437858029629863,1.97958185657382,2.12494067386285,1.17808672799998,-0.501560086059819,-2.23605411707579,-2.35775345299204,-0.173645970415435,2.35362898993249,2.43274184766612,-0.0294184803172546,-2.1516259417631,-1.67786603775012,0.321966041844952,1.26655868461402,0.597456049635928,-0.195694589431429,-0.182583765069576,0.0412811811878151,-0.13688065347943,-0.273726177172486,0.0669828269468487,0.32760297076971,-0.0244414061894551,-0.315398155966994,0.178338126517587,0.789710568271064,0.335333683745575,-0.919933045035604,-1.17684021440728,0.178881681100169,1.36420131124232,0.824238118687332,-0.539509331040535,-0.798201641664863,0.0819539945987249
-0.0539011128670071,-0.586039359491549,-0.625327927066493,0.796646009443941,1.97844184461302,0.933489695979069,-1.39832382666516,-2.17392056567152,-0.571028196121624,1.22673124300033,1.32960389903941,0.445261485000459,0.0595993121525323,-0.0467518333254828,-0.877182066649129,-1.72356803292496,-0.729845831117048,1.82421577848269,3.00167520618819,0.913696030019218,-2.48451569517599,-3.34248093451965,-0.66989464285194,2.44350602735125,2.87453555849742,0.661928284721882,-1.78085720671123,-2.35596428240431,-0.976842364054003,0.974432967926895,1.94509224480852,1.15628528634018,-0.740612961063901,-1.87482608707393,-0.980293704746255,0.883371137933365,1.4358328645492,0.131810664221507,-1.13031071061367,-0.709984662518628,0.605794452809493,0.906398807701929,-0.0649207201688001,-0.713207803272714,-0.258639340449366,0.235127453927836,-0.0310988161842212,-0.164451540669947,0.65577273328328,1.23221643582539,-0.0416413215965021,-2.1093926462184,-1.90874019696163,1.0635567473255,3.29594523814138,1.73312348547821,-2.00112958425424,-3.34258281494387,-0.798165758632796,2.18230111139528,2.20198815535123,0.0888843318217337,-1.08759024709995,-0.517589657701156
-0.385156099095717,-0.453917738532405,-0.269550631387811,0.779520912432885,1.50564321741118,0.627658903698671,-1.06553139621095,-1.57215356403571,-0.389183816945355,0.907735024774456,0.983468253520128,0.26570557886042,-0.183889356843423,-0.22906881237097,-0.356464773648643,-0.484416893913191,-0.0987303659233624,0.600739781285529,0.757408156150671,0.145196989056027,-0.525636710708035,-0.545111355582845,-0.079822264479003,0.187148281164151,0.183389733478338,0.192446808574606,0.101685413928712,-0.179579584801152,-0.300432516357077,0.0155439444718574,0.315682170086667,-0.0588654848083359,-0.726518996594633,-0.483866126434497,0.775724349957054,1.39058460553964,0.118767464643454,-1.68440204927658,-1.58407318054022,0.441372067612597,1.84361025337363,0.994481551659777,-0.675264823088655,-0.935016462083075,-0.0670999399148048,0.00070386565034708,-0.778828051008105,-0.355218382324407,1.67539386580343,2.49873531389662,-0.0444631424144799,-3.51191057807855,-3.21291587161268,1.1982489160013,4.56868120992505,2.77663612808396,-2.06069698391832,-4.212956264935,-1.58124554390667,2.08546146500096,2.71252972728453,0.660950678359092,-0.978332142802593,-0.886542636466267
-0.523683050556178,-0.0414190694006734,0.355374566675158,0.600129187072048,0.390327563806076,-0.194766902412874,-0.534873724763138,-0.247099729511826,0.265706698009943,0.363376082995653,0.0731503981869457,-0.148504328256238,-0.170689453803756,-0.128570137305955,0.0423536167196503,0.416785604496396,0.555066010185259,-0.0820353277426433,-1.02089676695638,-0.922065306536301,0.508125886082628,1.68375803172926,1.0112200558144,-0.957313359887552,-1.9343295928795,-0.789944464692985,0.999899904376901,1.49574553032596,0.606938936712837,-0.410576394250796,-0.843954086220061,-0.926547880303875,-0.67375739888302,0.300690295123589,1.50154659003436,1.44716511901275,-0.334924425993589,-2.0168452470952,-1.52253313098732,0.542732073341884,1.65859196021869,0.80366677354622,-0.399410825619343,-0.351881604254593,0.121404226601841,-0.494237945307683,-1.41719243354686,-0.481497759606113,2.03095491103953,2.85643004327191,0.129025634298332,-3.39653403491823,-3.23850484325069,0.773454126205416,3.93255749928384,2.65579569848797,-1.33334258677327,-3.37076548911456,-1.58760795022565,1.31635193942389,2.16195254489948,0.836906567761636,-0.628821961654545,-0.954140205575858
-0.472396999815276,0.495793826775399,1.04987972396985,0.35644763319505,-0.940972237926198,-1.20446244466651,0.0601466016852542,1.35818636826503,1.08401950767691,-0.396696650435472,-1.22653815008091,-0.58308401674853,0.393652353728181,0.529001226414759,0.1985654655013,0.28888904540214,0.486621352095321,-0.172834823951963,-1.30090688614443,-1.17508032683252,0.64665628478616,2.13349799732196,1.27724700400462,-1.13059354397005,-2.28171165753074,-0.904050186298918,1.17341758528139,1.62845196103787,0.470557637627557,-0.612536175453565,-0.730616962581648,-0.459701030938706,-0.337157119688336,-0.0273243598940001,0.657409759266939,0.973835799732755,0.242281091301043,-0.858157411188569,-1.04409749449673,-0.236264214111793,0.503713014093378,0.551698518858025,0.355039187582691,0.334775060639524,0.0392139068313182,-0.808709814704947,-1.25687868834498,-0.237404006337001,1.48070726144746,1.81364104692856,0.0837598327351766,-1.86624207171526,-1.72037108812014,0.311808643147757,1.79042579090924,1.25196964731514,-0.414090558954952,-1.32187482042862,-0.742419521086369,0.375816458936546,0.909398371806473,0.560956949886941,-0.254312128843222,-0.790251241559355
-0.316307956130571,0.916156822234983,1.53013187638075,0.127212464672686,-1.97029944610186,-1.95762249624501,0.571839000452863,2.66224404220276,1.7063235872657,-1.16472198776266,-2.48494393213955,-0.915343304974461,1.2823881854734,1.58582980354432,0.276288021192444,-0.641185697411674,-0.420465836579114,-0.101944958637446,-0.333929898753424,-0.309889747433059,0.519736564651861,1.11608656965751,0.349373239878271,-1.05278863081259,-1.24511331017698,0.140265382104956,1.28570152075654,0.673668625661591,-0.775353000500115,-1.04900626314974,0.137546276350184,1.06478360347562,0.451857410864186,-0.864044043906134,-1.11327968845525,0.0534165753342222,1.16321989150053,0.904904471276553,-0.348988439278196,-1.19115659890579,-0.756514721991372,0.405479570829037,1.04807032877715,0.584514257672792,-0.391360448545122,-0.794378797764871,-0.271303860556459,0.437446802539208,0.425604270577456,-0.166639270259911,-0.355935787546766,0.164287502746072,0.608767218794881,0.181857504272302,-0.689371766625029,-0.72596483138093,0.209943009221007,0.872828676583427,0.468798350445364,-0.325724400824244,-0.402648824064847,0.0640815263043021,0.0197813533801585,-0.516388153480602
-0.154541464462166,1.00115836713977,1.56210442218266,-0.0281583237662533,-2.28824869760625,-2.11258369328079,0.837131341204435,3.1358069254068,1.8625628542566,-1.58367750539791,-3.10905217361182,-1.05503666689197,1.89318557164002,2.40562849043279,0.404465889383659,-1.50387505523731,-1.48292695557578,-0.201126344188137,0.777520585779277,0.936064143448872,0.582881792196614,-0.125718583174901,-0.9753400077121,-1.16471683386019,-0.0758397206046304,1.45959817225451,1.60209660230253,-0.223020368258776,-2.11087223435446,-1.70282880322322,0.756876912595069,2.48145581092937,1.40623094896869,-1.32211505348082,-2.57314064485964,-0.922413747301869,1.63655966316644,2.17888107782387,0.280512192760541,-1.68044044146958,-1.45129615861312,0.37837626366297,1.34187843362141,0.374030562140713,-0.920843209939979,-0.582186731453663,0.885446527124566,1.18589093452048,-0.474281256250602,-1.95277307400993,-0.924761880746974,1.63522210575127,2.48383720434596,0.325227245110891,-2.33830642751966,-2.21427395397748,0.428826824432678,2.25894110586728,1.36157062439004,-0.657937226941796,-1.24657049176586,-0.336318371605853,0.199662272940149,-0.21011530201543
-0.0358288983900912,0.666023180008052,1.07435842109884,-0.07818675967024,-1.75447653782242,-1.56885296558617,0.751846391716984,2.52071597656963,1.43675646840011,-1.39108101149554,-2.64126559353051,-0.875271870789138,1.73263340762627,2.27859132545387,0.457144619452321,-1.54201645612864,-1.75120498691242,-0.362174887694225,1.07205835141888,1.45585162465067,0.726711265540693,-0.563819205964091,-1.53708698201271,-1.28505732868901,0.294551627514817,1.91191951393571,1.79276647247972,-0.338948402766788,-2.43409982017609,-2.06963864143361,0.611206562981122,2.75663930418796,1.93915145901449,-1.0258465651148,-2.82922491183252,-1.46638552871258,1.35651448513361,2.36500410706042,0.639637228287709,-1.47608478998778,-1.42962956534998,0.313804383540594,1.16317390505761,0.0685521602525627,-1.10298568544252,-0.337291364649275,1.42132185030215,1.4497683429797,-0.815041780495435,-2.54954932096518,-1.13146511772093,2.00584203536834,2.96850429558613,0.412627297413852,-2.6412910494375,-2.51718903026521,0.419115671755679,2.47882053038323,1.5341373047274,-0.71058026385921,-1.46174090447947,-0.469785634272213,0.351613048514801,0.121101727480353
0.0560995060362507,0.0175493737253585,0.203158537881638,-0.0395304725097998,-0.57124175825055,-0.497694363980503,0.369200952213519,0.99996269341833,0.502074333794307,-0.658640869007717,-1.10784801668362,-0.277015805714853,0.830808735862646,0.996251146397158,0.172073253991994,-0.701096656050436,-0.807312749549784,-0.223846751543589,0.432766988506358,0.735780385425286,0.548656215700695,-0.104829012663485,-0.85511298762213,-0.985866791902961,-0.109561974603387,1.12705882594293,1.40528053128691,0.147544678694236,-1.50607106918255,-1.6885261575566,-0.0125795827609876,1.76725378180389,1.65711050253552,-0.28238403189991,-1.87595335357363,-1.33818355859515,0.574176380937047,1.58726063774995,0.70149460630449,-0.748728760510709,-0.942821952279596,0.0492939558525883,0.609806926001441,-0.0117797829946592,-0.669058076085527,-0.0904197684399838,1.04729207844733,0.949107661719271,-0.656968349995327,-1.79583311192509,-0.733193206421046,1.44949162939596,2.05952073299684,0.241660077133851,-1.86746778323445,-1.735791161117,0.355008059884788,1.81351633630897,1.10111765590556,-0.607984778803403,-1.22958077967497,-0.399922361815033,0.500801157883015,0.487330862020876
0.161415155227985,-0.678877713929719,-0.747249042487961,0.0195808167176378,0.773455296171184,0.721223239729234,-0.0839818808570371,-0.808628914947769,-0.66292667433938,0.198487195272921,0.865888531048791,0.646666861338054,-0.263102897335444,-0.884320595017983,-0.517021410560928,0.403396567871962,0.850280728420802,0.354119135938863,-0.501015920632604,-0.718118079775661,-0.080417577584115,0.590686107259112,0.49197477566876,-0.198702811130623,-0.601931936388934,-0.224745988588798,0.445881429269172,0.547258646293201,-0.0680735233265895,-0.637894865680721,-0.457006467000453,0.266288011007041,0.69422116193772,0.324875679895525,-0.41596119245298,-0.680707012592903,-0.222041842925584,0.406158051699954,0.544873883730036,0.132519166023682,-0.304697862614984,-0.355255349177805,-0.113271967972482,0.098145845643551,0.159765189658772,0.18800445516598,0.182421062877924,0.00389314820024012,-0.31360703854109,-0.418617414630885,-0.0254430150020192,0.536025089999068,0.598826229134752,-0.0247346563314707,-0.701822326555458,-0.604409356418206,0.226083610031174,0.850635079828129,0.529068467453842,-0.394776960837548,-0.854459247026971,-0.317063238479305,0.595453843972697,0.844248105561302
0.286718747613773,-1.11729645680483,-1.41909286691239,0.015290506886062,1.70139072080216,1.63699404863764,-0.32527277315668,-2.10593724305804,-1.63284495495315,0.683769741452015,2.34339963486279,1.53883816322872,-0.898803814381116,-2.35428804879746,-1.29193948953172,1.04936571169192,2.170439574403,1.03665180723414,-1.0095164808749,-1.82631017641272,-0.763822511102169,0.859456063935393,1.41617686641593,0.594947216452635,-0.611622336580348,-1.07526186548722,-0.529171988080063,0.397419408434157,0.859751350129066,0.489441857127825,-0.339487212206366,-0.811039801795569,-0.410531222804142,0.44142325111722,0.759402409416032,0.149740421506786,-0.656531950600871,-0.635515497558293,0.211682943091649,0.781622417763497,0.319444980978645,-0.569854420530576,-0.700639795272295,0.0982902406644459,0.748946730455204,0.407204952566686,-0.43159887908258,-0.6380158077457,0.00204154937215306,0.568702270620602,0.355445993746359,-0.244256946840377,-0.396462501459903,-0.014820428402778,0.252857264337692,0.0971869337970609,-0.0774825122100624,0.0840355784761486,0.240709707964732,-0.0781240015697358,-0.546490765858821,-0.346825699863368,0.561185749085223,1.07480011071999
0.383015384937011,-1.09903923524703,-1.55122677296691,-0.0945343550766665,1.81338180064747,1.90953404019488,-0.198063304746431,-2.32399465909159,-2.01144414834781,0.557471355238527,2.63508933043058,1.94566262323895,-0.805304429250835,-2.64715200086841,-1.63712555750175,0.983201193777711,2.36507750562625,1.25705746062534,-0.902499881944793,-1.83952595793097,-0.903873703535232,0.615851776880477,1.26245686918868,0.777563459449172,-0.179935601711096,-0.879740581022472,-0.891968794861284,-0.158250804378644,0.817379070975685,1.08487305055107,0.179707097970827,-1.0485907505056,-1.14619154799444,0.127992325114865,1.27494764199495,0.857542818968982,-0.610541760576667,-1.26358487309166,-0.318217183912788,0.913551932581373,0.856952606485839,-0.245668773233163,-0.817713530548849,-0.208225846352234,0.531172598492226,0.337497970501342,-0.355918194582344,-0.387627248819014,0.311053435973757,0.618076153062729,-0.0163364915996932,-0.713776795419445,-0.445360554445043,0.446595099833511,0.735023666977419,0.0820250035114073,-0.532187148583861,-0.284529882959274,0.31204978136692,0.261314587146178,-0.348514886598037,-0.44047707445186,0.38447394683068,1.04842161002927
0.380023918147324,-0.63090670792232,-1.10244985685907,-0.277508491343156,1.09666295387833,1.47459801893615,0.223275157367002,-1.45738738789498,-1.66331970013877,-0.0136647325859961,1.74595387128373,1.64268155959069,-0.245070221022393,-1.7821938945017,-1.27099545891981,0.53501269231629,1.49970583642447,0.743469498200657,-0.560237401440224,-0.918371212996223,-0.287742977496233,0.291337848811031,0.313616558193839,0.199111129940493,0.206223814518772,-0.00980673737454368,-0.516406865636301,-0.610545407891941,0.173856549282595,1.01048731353188,0.648950587630715,-0.70974527018798,-1.36438320401699,-0.314403460802109,1.23164964462129,1.32309834014307,-0.181910939481899,-1.43226192863706,-0.988147471893936,0.452619447772937,1.17529443770767,0.612107213317937,-0.307139060178255,-0.656885588311034,-0.476904093842359,-0.161024012313664,0.222908628013397,0.653597077110844,0.685736375415389,-0.0408268886975229,-0.926785878391801,-0.894160887522653,0.16921058994005,1.07580373945757,0.760982954256834,-0.342521777442615,-0.870304047152919,-0.296374677075085,0.479239299892355,0.443218719263825,-0.201858846035475,-0.430574931256788,0.140805738187795,0.71355271854087
0.248577532289763,0.0828981297170921,-0.282628439994709,-0.449016162101112,-0.0606275136129058,0.598164802687854,0.690100303425756,-0.0777916126139196,-0.838062424824266,-0.604983478063015,0.370615258615733,0.8483469466279,0.25435711569651,-0.522349674724656,-0.429366215798776,0.238354568838468,0.38036116383408,-0.179130718076713,-0.459799599334102,0.0803795762274714,0.645789626435569,0.297577752504219,-0.539312249401163,-0.628228402740032,0.178000157405315,0.666550074088064,0.106578045323185,-0.619353616567528,-0.320161363942206,0.636636088071296,0.762194978559148,-0.339451054890511,-1.2497964726577,-0.620162956868393,0.922413870736097,1.51117256919408,0.396836827269102,-1.18079419584703,-1.53215187398275,-0.375108366974088,1.08210591023873,1.50831051377105,0.599722617160132,-0.846263841606178,-1.58681434164161,-0.877681905321548,0.726497346269445,1.69481039270602,0.993290107696778,-0.717523983649326,-1.61917649266988,-0.77814406570589,0.759013815854398,1.2877440031767,0.435517326936082,-0.620213030858762,-0.742129431661852,-0.0885890355732452,0.407000264422136,0.306287448956137,-0.0445899116074974,-0.190625452945327,-0.0620543434941261,0.150258614454968
0.0378630417208304,0.748945071338111,0.539987589631364,-0.53295293656638,-1.07552159820811,-0.245685487866821,0.951266970138177,1.00854860255472,-0.0486500490298232,-0.847963345339925,-0.58383188366031,0.100769945180102,0.331780978587762,0.224842022835443,0.291251722205758,0.341317612163506,-0.145671789742694,-0.827080209980033,-0.687710993840489,0.385313932744919,1.14553915583154,0.584643075831306,-0.618817918391127,-0.954681919239816,-0.141716062157922,0.584259946820845,0.322689622691644,-0.305904567748525,-0.2271967472988,0.434761747177347,0.562991297552042,-0.248698098323829,-1.02769319736863,-0.6849088982638,0.54674498390505,1.35182989404659,0.824160206511814,-0.595124479544392,-1.56099497815882,-1.08017853002602,0.521619788704341,1.75885908920464,1.31229299857821,-0.537337045671226,-1.91988601253626,-1.2726527035744,0.731354418694728,1.84235976988921,0.890344105258754,-0.876422224834718,-1.37962365800943,-0.280689168987271,0.815951263481809,0.674930742353701,-0.132154656221754,-0.407886955304778,-0.0324579723013269,0.191433784640238,-0.0266559841280349,-0.12619206331471,0.147900277725104,0.243056068823014,-0.172424141808603,-0.459724271775932
-0.147880947371421,1.12714705827669,1.0190754727365,-0.507741176907748,-1.48458205033698,-0.635004741355652,0.900729093004075,1.24808085686922,0.259773518541289,-0.653484488968971,-0.609770691585122,-0.148669909800047,0.0188726094442891,0.0869607563818826,0.431742302262542,0.645739976539462,0.123370878422578,-0.751931245901105,-0.893573634562568,-0.0372546896170768,0.810186986680122,0.711006974239953,-0.034127588869226,-0.463979282752148,-0.293145489131487,-0.0584975674135929,-0.0854266505994656,-0.0673428495338248,0.251934548448298,0.531335645340868,0.295894933902927,-0.331156424485334,-0.736075651208856,-0.517882356894726,0.15748199132818,0.776758888702268,0.831120363760171,0.124728737776843,-0.872140492370233,-1.16387351837067,-0.247980097453228,1.03878157749847,1.24423515267054,0.0640866068380175,-1.10629539571911,-0.860596762596582,0.327615817228264,0.817349691500339,0.134273385263331,-0.518966468222314,-0.138721727649371,0.577290920835682,0.3419876307039,-0.597784473161869,-0.766130815425945,0.211845797940508,0.959453849261316,0.384338306521631,-0.65177402914965,-0.602062975853566,0.380701726264665,0.685463807622834,-0.229393267352567,-0.923457152760722
-0.220007935726542,1.125429889288,1.00174032995467,-0.398870543534403,-1.17631872108128,-0.449153350147947,0.595400716890893,0.646692172128972,0.0260208346572465,-0.189667293214812,0.098818067384814,0.0944974438631673,-0.388702301885023,-0.546452477781107,0.0811629827139663,0.773540897991488,0.635464835633,-0.158965732809697,-0.686101886214432,-0.511939300805699,-0.0268880817130552,0.321061738135974,0.47374454627981,0.421013772182847,0.0287744122745018,-0.544653445419582,-0.70240950441531,-0.150291457137765,0.548954332733596,0.63336064986292,0.125914591497951,-0.289061513112389,-0.275519780461258,-0.168259603499414,-0.214859471001255,-0.114232124295212,0.342415838897054,0.66031066070556,0.278546806310887,-0.478269462039181,-0.742683704650018,-0.281367951816312,0.282779734436512,0.440801271559474,0.377016908237778,0.332397723833815,-0.0171499157825888,-0.789333087078783,-1.07490082570333,-0.0563036307045784,1.42089507089534,1.4862193422621,-0.281889311305114,-1.84203598341146,-1.17390423991584,0.878329837986186,1.67119695923253,0.326487490417864,-1.16148824197465,-0.792412347670696,0.652239299646,0.932669404826274,-0.307916828274695,-1.1218268140346
-0.169121501367178,0.802271371232129,0.58968035487705,-0.23237131597125,-0.403485878111302,0.0645238809183549,0.158789146035242,-0.300742936841869,-0.379495520461214,0.316922437308619,0.859207930317661,0.360455222258885,-0.642429804721118,-0.904063170476785,-0.183570793992246,0.562822623943854,0.616529007219314,0.248857944521083,-0.0571940872030953,-0.304605617561856,-0.560954763175914,-0.456345599840749,0.237954106251204,0.889179235599847,0.642857348138509,-0.319255600374757,-0.862444938891572,-0.415798311569271,0.287278272511938,0.365312156168605,0.0192394818582445,0.0188973451522891,0.361980367297934,0.268834013837225,-0.473327156644552,-0.970006133889649,-0.407966902812391,0.738160277442072,1.2457309580631,0.592495656654821,-0.603594284856213,-1.34523520995823,-1.03673519587516,0.218327686154713,1.5425539458618,1.66614063819382,0.0651560432870183,-1.95355477028403,-2.0955464579078,0.139865312084727,2.3594761498033,1.93548275816813,-0.688395488429996,-2.3297554606776,-1.06548858761952,1.27032754878647,1.67143036127989,-0.0577146592320673,-1.33967077942951,-0.540062048248229,0.922857050543791,0.89577433817756,-0.42230687982711,-1.03655427302884
-0.0699820578537714,0.297460307018837,0.0534439165218982,-0.00376350527775388,0.412952992402636,0.468034503481632,-0.318325306001309,-0.982686127735035,-0.439640405708906,0.748388286645175,1.03795373694168,0.110296786486172,-0.725679426828593,-0.48318861541517,0.189875287142909,0.204417007508495,-0.23331564476681,-0.104514655282996,0.582545323239325,0.695462030454653,-0.220526241590768,-1.08073178613532,-0.718290502666517,0.451210501342295,1.02823035702506,0.512617618942469,-0.26069084409033,-0.501435356700346,-0.385428542374251,-0.323022595090096,-0.138356110892566,0.442787383400497,0.961691201680789,0.621318718588194,-0.516896164265094,-1.35274584159897,-0.963285797905182,0.350963846568359,1.42970244465762,1.3481848680919,0.0810960877927098,-1.45102655513124,-1.86712607173334,-0.47341755749052,1.65524407431942,2.30324948459074,0.48462657706133,-2.00334925018222,-2.27292621146252,0.0650102783703409,2.18468590040819,1.57648196723522,-0.7972993154284,-1.83220064881279,-0.39669198547337,1.304637077082,0.987921317949525,-0.635786161170786,-1.17220947824441,-0.00300361246020658,1.07500649574713,0.63724268911452,-0.480187839607952,-0.719261653874316
