-2.08024364498764e-14,0.693119562596755,-1.35885174409496,-3.0122043046211,-0.130413403342635,4.54722656817318,4.12599119282647,-1.53765819897572,-4.76656925673694,-0.81063028128052,4.61100547221226,3.41704853556507,-2.36315775199962,-3.72391874038092,2.10099556128186,6.78602669589886,2.86800032736818,-5.08125435733989,-6.59535257133268,0.775358939238823,7.98522567279461,6.70106209041732,-0.700319990854088,-5.91525602472688,-4.61139057382611,0.422351881772211,4.2794675680652,4.88527062655723,2.53879264956087,-1.45796494497106,-4.59171492083715,-4.10859448994934,-1.40950522547631e-13,4.10859448994922,4.59171492083731,1.45796494497132,-2.53879264956078,-4.88527062655739,-4.27946756806541,-0.422351881772252,4.61139057382624,5.91525602472701,0.700319990854095,-6.7010620904174,-7.98522567279467,-0.775358939238807,6.59535257133272,5.08125435733989,-2.86800032736821,-6.78602669589887,-2.10099556128183,3.72391874038097,2.36315775199962,-3.41704853556513,-4.61100547221231,0.810630281280533,4.766569256737,1.53765819897576,-4.1259911928265,-4.54722656817324,0.13041340334261,3.01220430462114,1.358851744095,-0.693119562596765
2.44055254394781,0.974469933437542,-3.16145651898775,-3.61065036766837,1.66205034765274,5.5562126216899,1.86589254431564,-4.55179435599407,-4.02966999965227,3.79516742223299,7.71791751305527,1.15208347968925,-7.69554274334046,-6.49186102088459,4.59150701278359,11.5632052677508,5.49417717642654,-6.26420616267941,-10.2732872868706,-2.53121938165306,7.57518254677139,9.58740667540338,3.22172259698192,-4.38796771852893,-6.95895510647649,-3.37921305259983,2.85330136703102,6.59399865647458,4.7959865564812,-0.805454882894641,-4.93361021638982,-3.95054647527138,0.17890302295935,2.66722842259914,2.05518992646265,0.779223896714748,0.341885492787902,-0.750279886438844,-3.11699207186305,-3.79229324402235,-0.331901903338472,4.00829928169653,3.60594378836877,-1.4069650052302,-4.907163299076,-2.99781717743017,0.85499873072856,1.34577243874747,-0.828319514177926,-1.02893449297668,1.20659401704176,1.23533547524485,-2.46236179824437,-4.94002369294121,-1.80148399592081,3.486867531444,3.94398706646917,-0.679916267824291,-4.00501431482718,-2.26621417294578,0.807053381007084,0.767973850182333,-0.655359321712808,0.360215545820617
4.39543892975075,0.699064765135994,-4.37025397323446,-2.99369989956766,3.54719073927543,5.38380406680546,-0.986611729592042,-6.68965954215922,-2.44710307450271,7.32518288589591,9.00169324759742,-0.675400956120798,-9.98298104662004,-6.99083804191899,5.14650010887457,11.7468648267048,5.93611865394362,-4.57747302866567,-8.6413606677401,-3.59269902678179,4.00251023009018,7.28866477464878,4.88589448973475,-0.390715311424242,-4.62050589458964,-4.65179453345106,-0.246278402878883,4.51557409911752,4.76138022461632,0.638437526745159,-2.8291462910358,-2.16949904997165,0.308126473285019,0.557841499893374,-0.95987446060306,-0.613462835416512,1.98321709685792,2.71743336067333,-0.613930358760733,-4.3633509578968,-3.81003978940231,0.369584584030014,3.1214859449008,1.99868850519561,-0.631986854073018,-2.10620979067187,-2.55401737206888,-2.56248904555187,-1.10616684384817,1.87994902157107,3.27003433098509,0.439860497269291,-3.90273043495819,-4.41838484976253,-0.443388400415013,2.6633359086345,1.28143171013663,-1.48967227100382,-1.20611338732645,0.920485636375822,0.320982795397344,-2.5815971806175,-2.53975016307808,1.81015994090062
5.34898084744877,0.375331729004044,-4.56387030372312,-1.98865721607352,4.25551268131027,4.26584774722999,-2.57140885102802,-6.37352775139848,-0.633083419302476,7.58262094023563,7.04229699663036,-1.70047024258861,-7.66601527933606,-3.81908790196916,4.23279557160388,6.80874583090935,2.78861893042959,-1.64730220478141,-2.25863990808485,-0.858436240728048,-0.0590841681530501,0.875536573425125,2.72143590870271,3.36388594237425,0.971115449475696,-2.3333161826169,-2.74900672049687,-0.0125384363165328,2.22392252105417,1.80507740211457,0.516011107751728,0.304313154253702,0.180997826156669,-1.27203483498519,-2.59617597715987,-1.29632879854548,1.84242751478385,3.10700225688307,0.893111740831562,-2.2384544211806,-3.22595011161019,-1.98762823651585,-0.261274470324007,1.11251987857877,1.8904026488264,1.06270280126232,-1.75088439536889,-4.14205833547058,-2.99830413487628,0.839249569901068,2.80189162396304,0.779678526568765,-1.96451578578981,-1.78709765538702,-0.0907232300268888,-0.539864192441851,-2.42509759857487,-1.49248244302551,2.56951837384449,4.0037855680717,-0.480179217261646,-5.52718727488655,-3.88532876253421,2.8246390198754
4.86106874045592,0.358794291830822,-3.51569657907787,-1.15665747315151,3.23075001965396,2.51571953572824,-2.15910603314075,-3.45150531300666,0.953098724847971,4.65399707773804,2.45854969574865,-2.01953206691302,-2.18047626428714,1.65479671201424,2.96297185980291,-0.227925318353943,-2.45860265734448,0.555290146981543,4.96806511788545,3.95223967159025,-2.00085882783492,-5.43043106981073,-1.82083382246163,4.48162448355462,6.15918058288995,2.04330608821644,-2.92457263047656,-4.13178567157013,-1.50863260150619,1.90201111325044,3.49904443091417,2.45351588109815,-0.326341134252118,-2.59685412279875,-2.43231771980408,-0.370102266922849,1.06721259589321,0.697928758284292,0.012669580391548,0.347927706461726,0.401425025066962,-1.49979820844411,-3.67382378304792,-2.62081812199535,1.47398333010112,3.82751854305994,1.30249940430606,-3.09595701057807,-4.30524005480695,-1.77007322878726,0.594996434050252,0.723285840160553,0.540425229241556,1.22059478266948,0.419456863926522,-3.07375434174464,-5.26574121886268,-1.73944517638865,4.59569848257213,5.61611852568764,-0.58592244839122,-6.33424712570002,-4.23227226072393,2.63243359352721
2.83503841124029,0.591061174632222,-1.46168780744078,-0.536127290849165,1.06326487385798,0.641919965326865,-0.377955489400575,0.49336204385125,1.83224184610728,0.516136351332628,-2.20481567803918,-1.56387641814125,3.25835287886875,6.05327597836118,1.81133611346692,-5.22870044960434,-6.16556454686438,1.28754939101535,8.7027521132899,7.28447824043004,-1.28370184712503,-7.63138288432456,-5.36429112433096,2.56124015109496,7.7878240529556,5.80059361134667,-0.732684880020718,-5.64380513784865,-4.70327643233241,0.785975802151379,5.12876745984777,4.00664726314067,-0.841986797622106,-3.73176550299947,-1.79533257330733,1.46798533203707,1.20490804049904,-1.75562442173029,-2.32459622867295,1.05275812265953,3.45132582712816,0.549034261365226,-4.55172977272631,-5.20454161179589,-0.273756160699838,4.03539171119985,2.75479976417493,-1.59553303800744,-3.61214908901585,-2.28347531215602,-0.814999641515768,-0.565708929198562,0.322719155460939,2.10107077428321,1.63481031595839,-2.24925886187187,-5.24831187590225,-2.74721204290686,2.97446646068048,4.74588457122574,0.446560124572052,-4.13429852778127,-3.3053505708356,1.053446341994
-0.243414305466555,0.709876438785629,0.890177444401326,0.121699521237122,-0.943325184904971,-0.704037170568327,1.46089249876205,3.25233665760143,1.59523854917219,-2.60315921483781,-4.23925520818775,-0.0672089314825591,5.9851938018652,6.59903388550822,0.423382927354358,-5.97391706013409,-5.51204704245167,1.3467013412043,7.29321802896298,6.63365479338204,0.673166139202464,-4.89913084623443,-5.4660741594943,-0.710137106425814,5.33030390100361,7.09194593127269,2.50210954047421,-4.30897736267654,-6.34362893461867,-1.16444191776243,5.24761906309551,5.29427797377464,-0.549092090712997,-4.71755219638672,-2.37135276740545,2.34497639656848,2.52539838449932,-1.56118515762706,-3.54609539340524,-0.500096392729586,2.8471330508513,1.35794762475209,-2.80121792129421,-3.74136888735915,-0.482384453133469,1.89038126433895,0.261892417298126,-2.22446945721978,-1.51690993693402,0.957311784491337,0.706962078111793,-2.39205245719418,-3.61587457260394,-0.511926956215732,3.01506824124403,2.21114300595694,-1.87731009587526,-4.09110824028699,-1.94930261255479,1.48749072387386,2.23823328031914,0.395577218144694,-1.31734368715098,-1.33111762859441
-3.34328497167611,0.4168778936736,2.70120381434926,0.974365284638726,-1.73113004957415,-1.13927517018606,2.29239853718049,3.62911807051364,0.395896617655262,-3.5764367679426,-2.89882431211918,2.1704074472536,5.55477173501566,3.37984217779648,-1.3813136126708,-3.29571345152826,-1.10218244086823,1.77186028494872,2.76612740956638,2.59671668218255,2.04864941183856,0.259464469858122,-2.54542490009117,-3.08845394604124,0.974333517121502,5.87570069491033,5.09881732884894,-1.47445375295329,-6.30680720898791,-3.2218735984733,4.09780885788134,6.30898215636909,0.980548283955538,-4.8595638934142,-4.28748664580073,0.950634853213393,3.66312471785099,1.3303641269803,-1.95025274677845,-2.43173759578135,-1.16724103023577,-0.695315003428807,-0.510470882034617,0.953554032795596,2.00946492002,-0.442120865098241,-4.85964548790604,-5.47009822214203,0.161098068946667,6.14159908104315,4.71700097825322,-3.33258063815952,-9.00711114906989,-5.45494582076799,3.55289564147187,7.85093636916155,3.13307202974301,-4.90087105760759,-7.63515860173216,-2.71507258170176,3.87238422099184,5.24724098384775,0.977911294308626,-3.49405717168103
-5.29606571904327,-0.22342821515679,3.48493404715959,1.9420259191234,-1.20295226538018,-1.00318798900049,1.76483499698315,2.25857160583256,-0.646863863792943,-2.54320520065588,-0.0623203007655948,3.6941023502147,3.41184890279155,-0.548486710446864,-2.60293059091565,0.0787236640541087,3.37651363566862,2.39636527489516,-1.11402720937256,-1.4951707754452,2.1236952010931,4.13903090346146,0.884543145700229,-3.38149752943873,-2.26221627146833,3.39768021698213,5.7967721022719,1.18633559174498,-4.72482688229509,-4.31099981847363,2.00102552910539,6.05476196905274,2.89907058907233,-3.34040474533258,-5.53158580476844,-1.88507778230753,2.9119339447967,4.09642185790331,1.38252064168189,-2.56294800465048,-5.06350245552679,-4.25347734854312,0.129578550243726,5.06842890516359,5.27625133549232,-1.13238177640302,-8.6743710619823,-8.85659357366681,0.207946343208441,9.42008762474937,8.18428624116189,-2.79292561608683,-12.0527501406644,-9.36622757876045,2.79648825971131,11.0400927767597,6.76238927919879,-4.64773294939673,-10.8728943621608,-5.65862701471786,4.44166820587245,8.09112263331175,2.59528565496965,-4.51902630649871
-5.37527789775115,-0.821329445257976,3.36332298709726,2.85174269523583,-0.143593126901126,-1.26991111543101,0.0561231086167018,0.944358296214256,0.165255288003714,-0.205506240420758,1.26581448253316,2.53273774091929,1.15072170561916,-1.46239223418696,-1.42548467195056,1.83763603276515,4.07531970907268,1.98860929871726,-1.87598098246373,-2.28374934930562,1.53087256368566,4.4723028791038,2.53105454281386,-1.72175987408432,-2.66930497997776,0.855981329072021,4.05614737632708,2.61746744468597,-1.54680408550163,-3.21782178718892,-0.465281740070953,3.1671119676836,3.2393266076527,-0.307956349479945,-3.62677310735148,-3.42528152055087,0.0210176401996168,3.39287136622068,3.32716309556308,-0.567278375653781,-5.15024446693302,-5.90192406842503,-1.16497979993389,5.02767923078047,5.95126374980224,-0.367359671970839,-8.08960631304634,-8.84989343747209,-0.782275604520493,7.99359465371547,7.74448029526591,-1.61691816925892,-10.3391532283871,-8.96528533924464,1.35368818902709,9.35549706550034,6.53632864583004,-3.45917731908543,-9.66512933035143,-5.64692185435296,3.53576774597928,7.47052213097463,2.81466213379703,-4.027209805994
-3.6740458368714,-0.999777826522904,2.86436597619408,3.62166110646877,0.539836219433956,-2.76423109154539,-2.46480711298408,1.08026631899661,3.80343181695672,2.80129465503048,-0.485372611046386,-2.18059037817308,-0.663160621950048,2.00335470294203,2.95784194694546,1.6841543037023,0.100440419209425,-0.263800163362971,0.258163774274883,0.781434754299574,1.1558900657404,1.71921120237,2.02528128769597,1.14879358938873,-0.578678364318567,-1.36781476769247,0.127329318157644,2.54788442491227,3.02332365035353,0.626842542992972,-2.29455542933533,-2.43658351552803,0.406980041349161,2.80339586027567,1.85532488539273,-1.42647918197542,-3.27792149771694,-1.54350621948155,1.48933900136803,1.900316542591,-0.883459156152187,-3.49657988404183,-2.70579294767684,0.633623781495481,2.37336890390202,0.186347451520985,-3.46111275346041,-4.22892195115424,-1.08677749114783,2.47236927427211,2.42364311613979,-1.2530667166212,-4.47040511735175,-3.62632693824703,0.317629968161075,3.19202568231558,2.05314717712788,-1.8466729225158,-4.24677158338283,-2.57765539616907,1.39731851128757,3.51859797177604,1.55878188340816,-2.26415951677894
-1.01715102605985,-0.726354593665436,2.40716624837101,4.21671440206181,0.577165639230975,-5.22314068091978,-5.21945166465067,2.50388407737182,9.15810316403107,5.87334450845207,-4.06319515055968,-8.76136368445608,-2.20356725195846,7.60984616867318,8.77373856070215,0.894872070188248,-5.63450517989557,-3.39775197709594,3.22318609584461,5.06420348515758,1.01952363583715,-1.83233358064724,0.837544627722438,4.39873368555516,2.44036518491639,-3.28268058979575,-4.77936428877944,1.21511032824831,7.73754696762242,6.15008040805078,-2.48532915026163,-8.52935332948197,-4.93254117450665,4.18169611701207,8.35630602755826,3.37752126756691,-4.87310309626691,-7.79607365087181,-3.24172553027776,2.99346768984057,4.66093369172103,1.33162299210768,-2.96053681373664,-4.67282249674662,-3.37139818886929,-0.643818163819495,1.78465803821475,2.37680866986405,0.142297590671256,-3.5968280318447,-5.19645757333554,-2.34423153691035,2.50909863450688,4.03335804255737,0.188949458019417,-4.59352115470334,-4.68999357375253,-0.283563880099122,3.16654791905319,2.00947592668323,-1.27500288628791,-2.15121480632611,-0.544264672944437,0.0966888815284388
1.50855416748595,-0.326367544494214,1.91105503004278,4.40825982962726,0.417721806566589,-7.05738647159434,-7.1186594887304,3.71166595232271,13.0376259876522,7.97315243505898,-6.46534934597732,-13.1415693060219,-3.26655677036271,11.069790369862,12.2348021284118,0.541491534440669,-8.65304406500525,-4.84705825002153,4.98995414842344,7.06302598972023,0.404154056579459,-4.00791428493481,0.598601145802793,7.05469247592126,4.80812239540691,-4.38550225007363,-8.49586660512627,-0.759418313564685,10.2565575576865,10.5697574647164,-0.92201317561894,-11.6131376741381,-9.47110689075411,3.22552323594408,11.8689408302618,7.37738721964668,-4.43100117784073,-11.1207063918511,-6.78648321718888,2.66426345773527,7.35667357441111,4.19620191207084,-2.452988597158,-6.94234486019128,-6.62090032394441,-2.01497628825304,3.92659620159031,6.34261294530079,1.82333113343544,-6.70324386692124,-10.5765336895682,-3.98664665990945,7.17585099309258,9.96231596185743,0.498754549245266,-10.6260020344767,-10.3999578304081,0.976725002375275,9.53792981969014,5.89828162104008,-3.65345498119529,-7.24227687217921,-2.45617010129432,2.27547198410895
3.09191347078766,-0.175191370779306,0.917625499889084,3.64906425941212,0.613572508437163,-6.26777091314818,-6.60836938798089,3.27966219342623,11.9958615388379,7.53993660046362,-5.44160811620368,-11.3105514724012,-2.70159229653461,9.33990882182049,10.041452728015,0.406216663246451,-6.39668440888988,-2.52930261882615,4.98854292809216,5.27528957051081,-1.0004705126874,-3.96775642304423,1.43238597419782,7.86729439507636,5.66413611819075,-3.56230343197198,-8.65113472097441,-2.41820502755269,8.52741857260171,10.8541385339972,1.31978727476379,-9.51273734625015,-9.53149001952919,1.30005433566153,10.0489792814125,6.90594572940504,-3.65837668881431,-9.63453069405167,-5.36094200382884,2.81821999808204,5.5691593080352,1.71440090375531,-3.22936202619876,-5.12168534010175,-4.20525720373335,-1.75362918958102,1.99117660518202,4.71414757643764,1.97043571537903,-5.93021722650896,-10.6921256387887,-4.49362311336494,7.85029477659083,11.3288429975676,0.404551945115172,-12.8222835527915,-12.4326310008891,1.82133222230404,12.3843100359656,7.38534642398725,-5.06054330760737,-9.77680573077108,-3.24952380848284,3.67900585976548
3.49714295638755,-0.339826230740834,-0.852806395264383,1.38592662768184,1.10362919216917,-1.97922738169277,-2.58044310904477,1.33075306795235,4.90962952549519,3.3065090903674,-1.24122838544718,-2.49243005717627,0.619193474916093,3.1649414597623,2.00798045016842,-0.469339711544705,-0.0488926996807934,2.93344670560503,4.02097391437712,1.25566957503259,-2.25738548288038,-2.17786111043524,1.94809747383485,5.79571823157112,4.98270772936666,-0.108943560848013,-4.28635329879904,-2.91983606202079,2.75242412252705,6.09571125786794,2.76630664460816,-3.25453079487678,-4.51128472133809,0.411054233688453,4.45273397806931,1.65753486934565,-4.38871036405171,-5.25854608908575,0.575252996862958,4.92519195471271,1.5674980910198,-5.00581316384964,-6.37448336428653,-1.58604798068544,2.2670219646534,0.964804732124296,-1.60247619996618,-1.12079180041431,-0.224160431857124,-3.06164271152342,-6.363620244469,-3.16570663597488,5.33440187373021,8.1145149203794,-0.430651604698542,-11.0017973602084,-10.1788753198147,2.11435415826983,10.7872553468988,5.90361359180742,-5.13923848040198,-8.88572581577062,-2.54143677260365,4.04382297891624
2.98397263144453,-0.47794357303926,-2.99550068600203,-2.29705261033126,1.1190389968877,4.53115983930963,4.40620259827915,-0.454638960481846,-5.5615714639473,-4.28229622645161,3.57325220872965,9.6656487982251,6.15743939938948,-3.51876222299051,-8.06987829751496,-2.35177636470933,6.45677213311065,8.31137682591409,3.00352496005168,-1.83894790966135,-1.78237269794019,0.283717154976278,0.809755279000081,1.16179762838905,3.42682183788693,5.12714386418875,2.67678692532964,-2.28701540945951,-4.10107832066697,-0.871467838536674,2.90794478315523,3.35687888467453,1.85975942206136,0.886210439383076,-0.646203464604904,-4.17146810187203,-6.19189556748695,-1.85987225920007,6.00985063719634,7.49914184059182,-0.960617334935113,-10.4273389439902,-9.74432205006431,0.269547935943072,7.19098728289672,3.85364213936335,-3.6532833897521,-6.13215430730415,-3.03749881512297,-0.732697641378543,-1.43121388826981,-1.16307340898229,1.75547654364517,2.7413069088201,-1.54059924464289,-6.45603438930531,-5.02276105728348,1.7873089175421,5.61482227487441,2.02078304845763,-4.01213507928739,-5.08719845416494,-0.640800735113017,3.44265225557143
2.00627860350163,-0.128765104093769,-4.44574294752259,-6.25456875273428,-0.100746603811463,10.1810166828835,11.7817541879537,-0.41604909886807,-14.1681995276993,-12.169587099454,5.99337187422096,18.9931712166495,11.3479980917318,-6.87844976941157,-14.4678386136681,-4.00985395893571,9.38439242738077,10.178070389448,2.16736342902465,-1.90975150443742,0.926514371040778,2.2724346383365,-1.66617735336967,-3.63015197377696,2.26520114045863,9.57386809889306,7.85663486373521,-1.69703346049084,-8.07488389661931,-4.68861834684948,2.97417838378051,6.24251058564654,4.09682840553582,0.754846257383191,-2.07740544179238,-5.02026893961319,-5.94073288467699,-1.5742525841909,5.36139728098928,6.54226877405894,-0.867462869845191,-9.09082477758427,-8.68105997908614,-0.509680719960327,5.30948102699474,2.84148296413624,-3.30640458421696,-5.7039440143597,-3.20138864074824,-0.235810705139836,0.328549857980932,-0.460421406424834,-1.17665203046631,-1.85096999903018,-2.2063831636883,-1.16195597779854,0.793640101917492,1.1123540188893,-0.970657671771105,-2.9047975409527,-2.32463213066376,-0.0189916192555417,1.63405546146093,2.17832981695788
0.927382705120888,0.852508966153948,-4.14913825209223,-8.59733439628793,-2.36719195026483,11.8449738207707,15.9857667098121,1.52619538185068,-16.4256976212663,-15.8324395849867,4.97094224065318,20.5431496367257,12.9924650275131,-5.90787682661768,-13.5549351973731,-3.59487275212785,7.91502815197165,7.60247971052643,1.39948852028424,0.516320996208875,4.09184897303783,2.84132817021636,-3.46694315804658,-4.91904086500183,2.88051496832927,10.278413068234,7.09254132928246,-2.55602962939151,-6.77350379326782,-1.5581383930464,4.65154384177637,4.13847266897779,-0.344381881486236,-2.15996885620381,-0.428898201188503,0.596521994447422,-0.869317109950415,-2.38561855655989,-2.04606241975042,-1.03520961407364,-0.883280143041482,-0.852648576421213,-0.350370754578546,-1.12399077754145,-3.42372734964669,-4.49673496604247,-2.58336224980164,0.3837890390561,0.975419262851646,-0.747778579010514,-1.90136103659434,-1.93887022677022,-2.85109557927001,-4.14962531952758,-2.30414743966698,2.89828473150641,5.37948747369618,0.698206086251075,-6.36412774737359,-7.19387425394031,-0.950761495720588,4.2449422359066,3.32225345326375,0.628510466004632
-0.0823721308261298,2.07868422663761,-1.87999730078415,-7.78932949501218,-4.29309723070257,8.516553671678,14.3783353265583,3.69378561613499,-11.4710000056136,-12.4202484622603,2.34725528607416,13.8725796103452,9.35316257648536,-2.51438807232158,-6.45894899268333,-0.573361082619709,4.39742812350544,3.05426965951006,0.987759233724655,2.88085950827179,4.59095382790269,1.53811216717234,-2.30007912890617,-0.228662848384179,5.46894337331921,5.95476823293824,-0.236945168074441,-4.66575922446943,-0.584645473706208,6.8912142171774,7.26642266130335,-0.534276429806723,-7.77621613759831,-6.93373129610808,0.676549736314079,7.42755270356885,7.35872459991056,-0.0241881112972067,-9.71603167172453,-13.2196762269857,-5.27411744837376,7.91915562238581,12.3867187940926,2.03120232588467,-12.6816626846327,-15.7067180218917,-4.22306096031916,7.52394061793826,7.32397143428519,-0.736126480266787,-5.51005893382795,-4.29601926378382,-3.29067506687833,-4.54092411276343,-2.55984264144963,4.31747993152193,7.66477599864457,1.06952170629849,-8.56444402411492,-9.30564571126909,-0.440557668106074,6.1018865648265,3.6699838714325,-0.886828519619564
-0.97235659432005,2.83139666904646,1.43636956450647,-3.76921726363781,-4.21036180879263,2.21774338875921,7.07595179306994,3.8557548012633,-2.37217721075558,-3.15388703095238,1.05014538218458,3.42771904789765,1.78337099485102,0.328710297082397,1.93982282700319,3.39010146800081,2.03979331499724,0.593990495347382,1.68027143202328,2.65539299815894,0.578303493101156,-1.03878299667997,2.89936344502354,9.19759985494909,7.89454388789854,-2.21993031293014,-9.80645184574235,-4.84059859090001,7.97480698964324,13.5843939398006,6.63770656433103,-4.34569679959748,-9.83463214256331,-8.02547031171824,-1.90800851862406,6.37323378925076,12.1481679219283,7.34942875156258,-8.55085642580494,-21.7877153217103,-15.1968331177119,8.26537810047121,21.6932055304083,9.1587432570992,-14.6306333091875,-23.4189711620116,-8.58041972432445,9.60257316491886,10.8702579464567,0.0356233078045591,-6.83807422427263,-4.84508340018787,-2.52811786190594,-4.28191421162797,-3.76712558475919,2.76403329115788,7.29381999200077,2.06315946744339,-7.08878117318095,-8.36420339849718,-0.552690070386681,5.16292221026692,2.41214338341166,-2.17884629650144
-1.69794416570116,2.5546046205528,4.17020408783894,1.80837158668253,-1.55122521448464,-3.36092144936443,-2.57838404060804,1.05545693559481,5.89023250983762,7.34111930187265,2.30663195207191,-4.71070047035636,-5.53993393159297,0.917875124030974,6.61502442442733,5.69909797281212,2.36624776474368,2.58462661154398,3.60883791643096,-0.730106352660627,-6.51762802593571,-2.67971268923318,11.2601981891777,18.1638472762559,6.30189679764902,-11.7787614815693,-14.5029787056189,2.04696277958463,15.9939256155019,10.7811584417603,-2.51217809489029,-6.09794819661805,0.206325043345577,1.08855197400281,-7.0341374684597,-8.16849500500402,5.92432368929056,16.599750743752,5.16018177791201,-18.1127933232369,-25.2830979192581,-4.05928493855037,19.398358769152,15.9618746960914,-6.56830419596535,-20.570144153758,-12.1737905086227,3.86059585163787,7.36947956935014,0.11379045735243,-4.2730971814087,-1.84699261831765,-0.647886112185955,-4.16475840251414,-5.69000520094489,-0.700143929086645,4.53380358097296,2.60534724601155,-3.28713459767873,-4.64893280794643,-0.36262208793319,2.44030625895429,-0.0501384011445425,-3.16654673058811
-2.16941967385219,1.25825522241491,4.96872403405041,6.41956582584735,2.56238399786019,-5.48057530345463,-9.82975430941961,-3.22782793069448,9.49970513379621,13.9458111704978,4.74860360724285,-7.13727081161636,-8.43469405849741,0.00287556375165554,5.90470176935788,5.01729434229196,4.59706527791704,7.57756263918964,5.32257007911649,-5.73646571000666,-12.3197804236275,-0.139315506364969,20.2484913400292,20.5398159357372,-2.27650181036684,-20.4486518041779,-8.98494358795839,18.4918058858202,21.6691490728847,-3.29179612946043,-21.7735136503266,-7.20482222235325,21.2203654340102,20.6508062388177,-9.72721097040353,-31.038158040446,-13.3343548979916,20.926816322246,25.6020523968322,-1.553999166314,-27.0079669773314,-22.4345253226926,3.17509128911615,15.9303831997058,6.73778521325933,-6.78623069444211,-10.3488940415739,-6.21817182022526,-3.15449250798785,-2.19512573921247,0.591491513055865,3.60427142635561,1.64396907953669,-4.09905838999951,-6.86081029834289,-3.82606156384509,0.412598392269016,1.33252257044483,0.250945374446484,0.316459558035695,0.950840701221886,-0.215733760785277,-2.69089259212213,-3.77318183152013
-2.2935702261313,-0.476806282926207,3.62234520185494,8.10196347192275,5.97481489938551,-4.01111380446835,-11.585892036163,-5.96239233193853,8.19850992445057,14.0590324590135,5.82714284654512,-4.84336707350288,-5.98302394921907,-0.332917644520818,2.40197608236222,2.6113118624868,6.84050138386762,11.2370829167434,4.40839241325913,-10.0829448405563,-12.0949181528661,8.44576886698801,26.5901948424211,13.6527194382272,-16.9378594086933,-26.0161018183273,6.33335955252197,39.426554803509,24.0771805260986,-21.8353125674514,-44.2790050106217,-9.06598102260945,42.4997668939607,41.2733992187766,-6.66974504467889,-47.4503134573934,-35.8330421181375,14.2672411481123,39.1792893037601,18.6627074330047,-16.6996675879455,-32.4474055252892,-18.6491435143221,4.81598569939244,15.5576663504288,10.6848876790791,-1.94586267349472,-13.2667867375113,-15.3367329821846,-6.8304338142945,4.34493722571849,8.03987201057274,2.843220841897,-3.76624006037256,-5.67641370976849,-4.26249181503645,-3.28945349793084,-2.17357592292787,1.11238246833623,4.29052336844095,3.24507265875115,-1.23120143017612,-4.24549239199856,-3.82105739104952
-2.03266119557597,-1.89655756435339,1.15142002939194,6.61708473149946,6.86454299007523,-1.02462943107584,-8.24252483672077,-5.05251249945181,4.97990345200079,9.11842139174455,4.01258503745096,-1.53998036146462,-1.10382082120477,1.0254664780589,0.4563439545716,1.62824059770244,7.71055385239781,9.6791868635758,-0.559305413725592,-11.8382327985264,-3.90637626544704,20.7169943467963,27.2971198406033,0.221012922283428,-31.4342850513343,-24.9584112788996,24.287840209955,52.6876756644401,21.4691768461804,-34.1529228560913,-54.6496069314751,-9.26720295502098,48.3212464592943,47.9169104902203,-0.117526125824469,-43.9568336376606,-42.5205198276566,-1.7453787755336,31.2970549463897,28.3085010965652,1.5384717101669,-23.7928718263174,-30.4827286858045,-14.1357279994533,10.9189461005132,21.4263992926373,9.34546579718237,-12.0890995942995,-21.6423796148951,-11.2273808129895,4.47278259573495,8.16896924500909,1.45996374446904,-3.36506902454968,-1.94693954197957,-1.15252634420126,-4.73562150493824,-6.52665580699815,-1.33628341232444,5.3373474742652,5.24155628670137,-0.318061085768211,-3.85700030267832,-3.06127514122993
-1.41782713828019,-2.54799525570514,-0.978493793483254,3.48184062800918,4.98574750610798,0.973055985209315,-2.90276525073835,-1.09849327006357,3.15526590188613,3.38457047680261,0.289771594855069,-0.451471861918611,2.00726232183597,3.15132554986307,2.51445680552951,4.36218519567239,7.07901790971427,2.51952744891728,-8.22972373296844,-9.48560487859359,9.81096018742514,29.997971546241,20.3214434355563,-13.9564549333988,-35.8972471039025,-12.5958757010811,34.8431610513635,45.8811769949044,10.3294126381595,-32.8515100453479,-37.9497340424222,-1.35080931438532,29.6389036245118,27.5110477885224,3.06352632620045,-17.2042406746168,-20.7502479971266,-15.3610168659045,-1.83295904471702,15.2485280125465,18.8325920629807,2.298699640096,-22.4295013269156,-29.9859389397047,-7.95512859100684,17.923924797213,17.471927730426,-3.39997930208005,-18.088153580826,-12.0692143364151,1.32820093738837,3.4985003008739,-2.63347971035302,-3.52128293595874,2.48448658733256,3.91787987380822,-3.23494217006366,-9.10352646582487,-5.24323686379895,2.97670057592083,5.2436175436567,1.35537070689791,-1.6448070088886,-1.36874607344873
-0.519182781694826,-2.45845722980279,-1.87744328238937,0.747829866379301,1.86051683661743,0.901873092888043,1.05163364405247,3.14382209653348,3.58056312134152,0.546655830976117,-2.43975852832175,-1.81075504513667,1.20361289004984,4.12254051685357,7.37380646043001,9.84786132849599,5.43029537275968,-6.87236961294159,-14.3689986764426,-1.86060712672642,23.4104327628342,29.3312451437314,4.92196687711172,-23.918663640317,-22.2748116824531,12.8214922895391,33.0044344211701,15.041022487841,-13.0030927257125,-17.2810531545797,7.83774231416358,17.931551383879,-4.90783400438182,-21.4631027872212,-4.99894528846649,25.0003110899398,23.4547701013111,-15.6496780883881,-44.5495352107254,-21.2872593085054,25.5143912930845,34.5983952429894,1.26602541815993,-33.1656638166625,-30.3807714120542,1.12875159360692,17.5086858381748,7.16282295891292,-7.31140578502715,-8.31015478555998,-2.39855176006984,-3.10021790515697,-7.44754561013798,-4.43494115905865,4.78293941051843,7.55957970126291,0.0389114881454533,-7.89367730383558,-7.33789192686499,-1.23629236897716,2.366653571922,1.97930386963772,1.23939372610361,1.01148175707248
0.567578806110102,-1.92183464589133,-1.69618985790695,-0.482659452989868,-0.437933723066125,-0.190907891752523,2.23775875882361,4.91698922820265,4.40218394630131,1.04726693433768,-1.91424786628007,-2.98050999590638,-1.97353928853897,2.9866140459555,11.3999668204345,14.2238460808355,2.85666148841125,-13.9630783268079,-14.1335089946742,10.8419865466715,31.5513234120953,16.6926412943272,-17.3097718496386,-27.5709820042191,8.95189182045077,45.2517724784589,22.9084214082695,-29.8899479723115,-47.2487016553683,6.30140733731608,66.4371349961527,42.6341768818433,-35.2921392080025,-79.7326567331267,-26.5031522185131,64.7687565579466,69.257647046776,-3.63986214206786,-72.4921291815491,-62.3412833834146,16.4558586508638,56.4426935102759,26.2835760038047,-23.672047484864,-41.7695846609474,-17.9807347542422,8.94691021453132,12.5814457626534,3.54951452803464,-2.29370404836836,-4.1853496264048,-7.51486151670908,-9.76680968380914,-5.19549177888015,3.27088374212919,6.64458090765529,2.5442539778719,-3.12510721447929,-5.30036367920231,-4.47336958511279,-2.49492331444024,0.386505444220244,3.20334347276601,3.37940293899415
1.69881069942489,-1.15955658447891,-1.22431044781843,-0.64103537987598,-0.897855049872081,-0.293196119583619,1.94133809224932,3.51341858833183,3.11500133915691,2.29944422771128,1.44035532833984,-1.24026100920612,-3.64257285301675,0.889347707143327,11.5041389895139,13.648020103381,-0.945942390358608,-15.9293340487354,-5.72931178985047,25.4993251824782,32.3260602027804,-2.93397597926014,-40.5197271752439,-25.0908366119801,45.3038142593788,71.9916480402975,12.2693183991091,-68.2916221148748,-78.9337523896994,25.9453366641034,109.261115922594,61.0890742167852,-48.2240713996227,-114.076881357599,-48.1584225669979,78.8861117889075,92.2086937114559,10.6457462746516,-72.7663734676831,-78.1982816795289,-1.57233884509533,52.897494297392,36.6505162249655,-9.02646077203405,-35.0146525793351,-25.5567916532089,-2.97795810164234,8.73018611654374,7.75229929263035,2.15130286875193,-3.60104305349139,-7.49981732655092,-7.55118783043317,-4.24888640516746,-0.990845800153265,0.647060651482078,1.90420267792621,2.65076939137145,0.407566130994725,-4.53758186222327,-6.89140261644352,-2.98440585667419,3.12874954399156,4.80076157507937
2.63870499593639,-0.151435344637225,-1.07686304265689,-0.981361657405516,-0.210362979565739,1.58451167515111,2.54854045561722,0.80055492047285,-0.92350985599669,1.28501603901393,4.85103802804267,3.50614814968967,-1.05941392371868,0.188167978278559,7.59939305934646,7.38681861152669,-5.62921034978893,-12.6262929171934,7.3945961959849,36.1445494864317,26.9918001888325,-20.2645167690053,-54.1071361345401,-17.0823487198341,66.9911321423789,79.9097214980845,4.69909913922365,-81.3046010266025,-84.014919754341,31.370184451785,110.054208349859,60.845179166232,-42.9292792363002,-101.691022278523,-45.5514782297623,56.0850386124992,73.9670736683399,15.0322319435031,-47.3559357289423,-53.7923662730419,-12.077858403691,22.1999097031219,22.088392032951,1.8519446309292,-13.3678714843631,-16.0802315766322,-10.9528838348117,-2.62995004737056,3.27052027938275,2.66885607524906,-2.05916193290692,-4.20974942100069,-1.88336093625837,-0.932347352068341,-4.80003053274631,-7.42796495485819,-2.28411937458524,6.03099853122871,6.70506651714323,-1.44187924605254,-8.37154677390616,-6.2021843302387,1.070933860554,4.57155509550274
3.07443286093416,1.20949008375752,-1.15368626529277,-2.26343930070353,0.0238151261966646,4.41364977717419,5.08479348116961,-0.405627377575106,-5.5080306505815,-2.59617083199113,5.4178672765691,8.48490954706374,4.88651022288776,2.14486254874629,2.46956258226012,-1.32757256480668,-9.24741877179578,-5.70789432982693,18.289045587312,36.6785529796697,17.2174692159303,-27.1665848589176,-47.1972061565174,-3.45960612867143,60.4679714164002,60.337982694874,-2.02296462572046,-61.3436131431354,-47.7598196099951,25.5879339437367,62.0803863448371,31.2613861953887,-25.9993709899621,-43.0750981525063,-10.3185877193273,13.6426951063522,13.0054380487654,-0.4976071816717,-6.22704119827321,0.428005099657323,-5.98582808139659,-18.969007109693,-14.7221666091746,3.2056620936564,13.487808659302,4.12293624992414,-11.9462298645467,-15.1547210960147,-5.93670835568504,0.16705578149694,-1.14274241719121,-1.07114569367525,3.43500751769189,3.43648039758583,-5.34638562157143,-12.7256457386095,-7.64362882137964,4.98866730402871,9.79470619573173,2.64318090112428,-6.19677679854719,-7.14194016499929,-1.73848000149926,2.66173527199768
2.75380649534399,2.77396922901328,-0.795550634130857,-3.9346721399324,-1.17612668502936,5.90466328685552,8.11960495806897,1.17692321470547,-7.1893991100722,-6.6542640036547,2.4910917166452,10.1257123483702,10.2875966229144,5.59312781841309,-0.812037769629962,-7.50631598541194,-8.89124446901008,2.86115149366823,21.5160519374742,24.5281338099578,3.47589493088943,-21.0702958981347,-17.0003539458722,15.2929073247511,30.6973118969965,13.4273833352872,-13.4357176595438,-13.5364546531406,18.3116256623486,21.1972910064432,-11.1894830956558,-29.3907547715522,-7.30850898583173,40.2971421197419,39.7015116293268,-19.8450969034016,-64.2819965994338,-36.6710474284147,35.2874511572097,58.5258884729075,10.1396377905442,-49.3985705654119,-55.0026991223854,-3.86208340012563,34.006149078435,22.534069748809,-9.03083073783789,-22.9062070888981,-12.8736081490675,-1.87161490539905,-1.12751398767791,-0.960416906305221,4.47602750976569,6.11090152665381,-2.40308341317242,-11.9407418988385,-10.3958490368179,0.468136912125962,7.59906443659731,4.87527769471388,-1.78477195091853,-5.04446079244743,-3.67096046835911,-0.184516234250869
1.63850534402216,3.99583801405602,0.476739702409898,-4.48122543968767,-3.15957405118524,4.38526970464072,8.8409950634455,4.23393643028001,-4.16313009158607,-7.05061953654614,-1.60433248098905,6.85106072535775,11.1928467898307,7.88478282685162,-1.23719678048071,-8.09966496574014,-3.13343671658079,11.6233351516089,17.3118947470222,3.20182106231853,-13.7002506883897,-6.40606299521454,26.224656980007,36.0613299809874,-2.71072374917362,-45.4570873149154,-33.2073017107322,43.2927359614784,84.7850567245846,24.4641785932273,-70.9521734689288,-99.2042339311382,2.43830298393891,111.920792679477,80.3109392259808,-33.1519845488983,-117.332017354214,-73.7014567079972,58.6950405363488,93.3980620833256,23.2524456893871,-59.952041873086,-74.8816324372162,-10.4558811886464,39.8468971436995,28.3193651021151,-7.61331695998399,-23.8363896453263,-12.6849075361189,-0.433964237244605,-1.00396275352913,-3.87384312640451,0.146901591060346,4.76349059958767,1.61124913071819,-5.65107894589928,-8.24448474476105,-4.20102015021045,1.2937014685145,3.62020347178882,2.30935028761684,-1.03355665055085,-3.78351864045573,-2.78360471799637
-1.21831388699714e-13,4.146178578707,2.3522616198353,-2.72878905174072,-4.04280081991086,0.359890986131073,5.38286802019426,5.93924406581864,2.2039145445672,-2.2101636918748,-3.46958597805112,0.552949789715319,6.68923453835998,7.12096844285172,-0.0205726093073865,-4.11728273817973,5.79186687006609,19.2647394413377,10.8713079170904,-17.9598875436887,-30.7150890654986,7.08383290180294,63.0145888629227,53.2433994095918,-22.424848742701,-88.401991436197,-54.3976660025519,79.4765775592802,123.491575976669,31.4489980407738,-94.1731157573328,-135.593758227264,5.8000845716216e-13,135.593758227264,94.1731157573322,-31.4489980407746,-123.491575976669,-79.4765775592794,54.3976660025525,88.4019914361968,22.4248487427004,-53.2433994095922,-63.0145888629225,-7.08383290180247,30.7150890654988,17.9598875436885,-10.8713079170907,-19.2647394413379,-5.7918668700661,4.11728273817983,0.020572609307571,-7.12096844285158,-6.68923453836006,-0.552949789715592,3.46958597805094,2.21016369187493,-2.2039145445669,-5.9392440658185,-5.38286802019444,-0.359890986131352,4.04280081991082,2.72878905174095,-2.35226161983511,-4.14617857870708
-1.63850534402237,2.78360471799637,3.78351864045597,1.03355665055106,-2.30935028761692,-3.62020347178913,-1.29370146851471,4.2010201502106,8.24448474476138,5.65107894589944,-1.61124913071835,-4.76349059958794,-0.146901591060479,3.8738431264046,1.00396275352933,0.433964237244775,12.6849075361189,23.8363896453261,7.61331695998371,-28.3193651021152,-39.8468971436993,10.4558811886469,74.8816324372163,59.9520418730856,-23.2524456893877,-93.3980620833257,-58.695040536348,73.7014567079977,117.332017354213,33.1519845488976,-80.3109392259812,-111.920792679477,-2.43830298393799,99.2042339311381,70.9521734689281,-24.4641785932279,-84.7850567245844,-43.2927359614777,33.2073017107325,45.457087314915,2.71072374917313,-36.0613299809875,-26.2246569800066,6.4060629952148,13.7002506883897,-3.20182106231868,-17.3118947470222,-11.6233351516089,3.13343671658078,8.0996649657401,1.23719678048077,-7.8847828268515,-11.1928467898307,-6.85106072535789,1.60433248098892,7.05061953654619,4.16313009158621,-4.23393643027995,-8.84099506344561,-4.38526970464086,3.15957405118528,4.48122543968783,-0.476739702409826,-3.99583801405615
-2.75380649534411,0.184516234250923,3.67096046835931,5.04446079244757,1.78477195091845,-4.87527769471411,-7.59906443659746,-0.468136912125875,10.3958490368181,11.9407418988387,2.40308341317234,-6.11090152665397,-4.4760275097658,0.960416906305236,1.12751398767803,1.8716149053992,12.8736081490676,22.906207088898,9.03083073783767,-22.534069748809,-34.0061490784348,3.86208340012595,55.0026991223853,49.3985705654115,-10.1396377905445,-58.5258884729072,-35.2874511572091,36.6710474284149,64.2819965994333,19.8450969034011,-39.7015116293267,-40.2971421197412,7.3085089858321,29.3907547715518,11.1894830956552,-21.1972910064434,-18.3116256623481,13.5364546531411,13.4357176595437,-13.4273833352877,-30.6973118969967,-15.2929073247508,17.0003539458725,21.0702958981347,-3.47589493088971,-24.5281338099579,-21.5160519374741,-2.86115149366801,8.8912444690101,7.50631598541178,0.812037769629832,-5.59312781841306,-10.2875966229143,-10.1257123483701,-2.49109171664521,6.65426400365465,7.18939911007214,-1.17692321470551,-8.119604958069,-5.90466328685548,1.17612668502946,3.93467213993247,0.795550634130807,-2.77396922901344
-3.07443286093414,-2.66173527199757,1.73848000149934,7.14194016499929,6.19677679854712,-2.64318090112434,-9.79470619573173,-4.98866730402869,7.64362882137964,12.7256457386095,5.34638562157144,-3.43648039758579,-3.43500751769189,1.07114569367519,1.14274241719117,-0.167055781496907,5.9367083556851,15.1547210960147,11.9462298645466,-4.12293624992413,-13.4878086593019,-3.20566209365633,14.7221666091744,18.9690071096928,5.98582808139662,-0.42800509965695,6.22704119827345,0.497607181671455,-13.0054380487658,-13.6426951063524,10.3185877193278,43.0750981525068,25.999370989962,-31.2613861953892,-62.0803863448375,-25.5879339437364,47.7598196099957,61.3436131431354,2.02296462571997,-60.3379826948745,-60.4679714164001,3.45960612867201,47.1972061565176,27.1665848589173,-17.2174692159307,-36.6785529796698,-18.2890455873118,5.70789432982726,9.24741877179583,1.32757256480647,-2.46956258226036,-2.14486254874637,-4.88651022288765,-8.48490954706354,-5.41786727656898,2.59617083199106,5.50803065058129,0.405627377574955,-5.08479348116957,-4.413649777174,-0.0238151261965198,2.2634393007035,1.15368626529262,-1.20949008375765
-2.63870499593625,-4.57155509550261,-1.07093386055406,6.20218433023855,8.37154677390611,1.44187924605266,-6.70506651714308,-6.03099853122872,2.28411937458504,7.42796495485804,4.80003053274638,0.932347352068528,1.88336093625848,4.2097494210006,2.05916193290677,-2.66885607524913,-3.2705202793827,2.62995004737062,10.9528838348117,16.0802315766323,13.3678714843631,-1.85194463092932,-22.0883920329512,-22.199909703122,12.0778584036913,53.7923662730423,47.3559357289422,-15.0322319435036,-73.9670736683402,-56.0850386124989,45.551478229763,101.691022278523,42.9292792362997,-60.8451791662326,-110.054208349859,-31.3701844517842,84.0149197543415,81.3046010266022,-4.69909913922433,-79.9097214980848,-66.9911321423785,17.0823487198347,54.1071361345402,20.2645167690049,-26.9918001888329,-36.1445494864318,-7.3945961959846,12.6262929171936,5.62921034978898,-7.38681861152685,-7.59939305934669,-0.188167978278696,1.05941392371874,-3.50614814968943,-4.85103802804248,-1.28501603901399,0.923509855996441,-0.800554920473033,-2.54854045561714,-1.58451167515089,0.210362979565859,0.981361657405405,1.07686304265671,0.151435344637182
-1.69881069942467,-4.80076157507924,-3.12874954399171,2.98440585667393,6.89140261644346,4.5375818622235,-0.407566130994466,-2.65076939137147,-1.90420267792649,-0.647060651482289,0.990845800153338,4.24888640516774,7.55118783043332,7.49981732655082,3.60104305349121,-2.15130286875202,-7.75229929263033,-8.73018611654367,2.97795810164246,25.556791653209,35.014652579335,9.02646077203384,-36.6505162249658,-52.8974942973919,1.57233884509579,78.1982816795292,72.7663734676828,-10.6457462746522,-92.2086937114562,-78.886111788907,48.1584225669987,114.076881357599,48.2240713996221,-61.0890742167858,-109.261115922593,-25.9453366641025,78.9337523896997,68.2916221148743,-12.2693183991097,-71.9916480402976,-45.3038142593782,25.0908366119806,40.5197271752438,2.93397597925975,-32.3260602027807,-25.4993251824781,5.72931178985067,15.9293340487355,0.945942390358624,-13.6480201033811,-11.5041389895141,-0.889347707143455,3.64257285301672,1.24026100920627,-1.44035532833965,-2.29944422771128,-3.1150013391571,-3.51341858833199,-1.94133809224924,0.29319611958384,0.897855049872162,0.641035379875817,1.22431044781824,1.15955658447896
-0.567578806109879,-3.37940293899405,-3.20334347276619,-0.38650544422052,2.49492331444019,4.47336958511303,5.30036367920257,3.12510721447927,-2.54425397787216,-6.64458090765549,-3.27088374212911,5.19549177888037,9.76680968380925,7.514861516709,4.18534962640466,2.29370404836831,-3.54951452803462,-12.5814457626534,-8.94691021453124,17.9807347542423,41.7695846609474,23.6720474848638,-26.2835760038049,-56.4426935102758,-16.4558586508634,62.3412833834148,72.4921291815488,3.63986214206741,-69.257647046776,-64.768756557946,26.5031522185136,79.7326567331264,35.2921392080018,-42.6341768818436,-66.4371349961523,-6.3014073373154,47.2487016553683,29.889947972311,-22.9084214082699,-45.2517724784587,-8.95189182045027,27.5709820042193,17.3097718496384,-16.6926412943274,-31.5513234120953,-10.8419865466713,14.1335089946742,13.9630783268078,-2.8566614884113,-14.2238460808355,-11.3999668204344,-2.98661404595556,1.97353928853888,2.9805099959064,1.91424786628016,-1.04726693433766,-4.40218394630141,-4.91698922820273,-2.23775875882354,0.190907891752655,0.437933723066127,0.482659452989703,1.69618985790682,1.92183464589142
0.519182781694993,-1.01148175707242,-1.23939372610374,-1.97930386963791,-2.36665357192203,1.23629236897732,7.33789192686515,7.89367730383555,-0.0389114881456056,-7.55957970126299,-4.78293941051836,4.43494115905877,7.44754561013798,3.10021790515689,2.39855176006981,8.31015478556002,7.31140578502717,-7.16282295891295,-17.5086858381748,-1.12875159360685,30.3807714120542,33.1656638166624,-1.26602541816003,-34.5983952429893,-25.5143912930843,21.2872593085054,44.5495352107251,15.6496780883879,-23.454770101311,-25.0003110899393,4.99894528846663,21.4631027872208,4.90783400438142,-17.931551383879,-7.83774231416311,17.28105315458,13.0030927257123,-15.0410224878414,-33.0044344211702,-12.8214922895387,22.2748116824534,23.9186636403169,-4.92196687711205,-29.3312451437315,-23.4104327628339,1.86060712672667,14.3689986764426,6.87236961294135,-5.43029537275981,-9.84786132849588,-7.37380646042984,-4.12254051685353,-1.20361289004992,1.81075504513658,2.43975852832174,-0.546655830976118,-3.58056312134152,-3.14382209653345,-1.0516336440524,-0.901873092888013,-1.86051683661749,-0.747829866379429,1.87744328238931,2.45845722980288
1.41782713828024,1.36874607344871,1.64480700888853,-1.35537070689795,-5.24361754365668,-2.97670057592079,5.24323686379895,9.10352646582482,3.23494217006363,-3.91787987380817,-2.48448658733249,3.52128293595871,2.63347971035291,-3.49850030087395,-1.32820093738829,12.0692143364152,18.088153580826,3.39997930207995,-17.4719277304261,-17.9239247972129,7.95512859100689,29.9859389397047,22.4295013269156,-2.29869964009595,-18.8325920629806,-15.2485280125466,1.83295904471688,15.3610168659045,20.7502479971268,17.204240674617,-3.06352632620058,-27.5110477885227,-29.6389036245119,1.35080931438564,37.9497340424225,32.8515100453478,-10.3294126381599,-45.8811769949046,-34.8431610513633,12.5958757010816,35.8972471039025,13.9564549333984,-20.3214434355567,-29.997971546241,-9.81096018742477,9.4856048785938,8.22972373296831,-2.51952744891756,-7.0790179097144,-4.3621851956723,-2.51445680552934,-3.15132554986297,-2.00726232183599,0.45147186191851,-0.28977159485518,-3.38457047680265,-3.15526590188606,1.09849327006368,2.9027652507384,-0.973055985209365,-4.98574750610808,-3.48184062800925,0.978493793483283,2.54799525570522
2.0326611955759,3.06127514122984,3.8570003026783,0.318061085768309,-5.24155628670129,-5.33734747426523,1.33628341232432,6.52665580699808,4.73562150493832,1.1525263442014,1.94693954197963,3.36506902454957,-1.45996374446919,-8.1689692450091,-4.47278259573482,11.2273808129896,21.6423796148951,12.0890995942994,-9.34546579718243,-21.4263992926373,-10.9189461005132,14.1357279994533,30.4827286858045,23.7928718263174,-1.53847171016696,-28.3085010965653,-31.2970549463897,1.74537877553379,42.5205198276568,43.9568336376605,0.117526125824163,-47.9169104902206,-48.3212464592941,9.26720295502145,54.6496069314752,34.1529228560909,-21.4691768461808,-52.6876756644401,-24.2878402099545,24.9584112788999,31.4342850513341,-0.221012922283839,-27.2971198406036,-20.7169943467961,3.90637626544736,11.8382327985265,0.559305413725459,-9.67918686357598,-7.71055385239788,-1.6282405977024,-0.456343954571513,-1.02546647805881,1.10382082120481,1.53998036146456,-4.01258503745111,-9.11842139174461,-4.97990345200071,5.05251249945195,8.2425248367208,1.02462943107574,-6.86454299007534,-6.61708473149946,-1.15142002939184,1.89655756435344
2.29357022613118,3.82105739104937,4.24549239199857,1.23120143017628,-3.24507265875102,-4.29052336844102,-1.11238246833641,2.17357592292779,3.28945349793095,4.26249181503663,5.67641370976851,3.76624006037242,-2.84322084189712,-8.03987201057271,-4.34493722571835,6.83043381429455,15.3367329821845,13.2667867375112,1.94586267349472,-10.6848876790791,-15.5576663504288,-4.81598569939243,18.6491435143221,32.4474055252892,16.6996675879454,-18.6627074330048,-39.1792893037601,-14.2672411481121,35.8330421181377,47.4503134573932,6.66974504467854,-41.2733992187767,-42.4997668939604,9.06598102260989,44.2790050106217,21.8353125674509,-24.0771805260989,-39.4265548035088,-6.33335955252148,26.0161018183274,16.937859408693,-13.6527194382276,-26.5901948424211,-8.44576886698777,12.0949181528662,10.0829448405563,-4.40839241325924,-11.2370829167434,-6.8405013838676,-2.61131186248681,-2.40197608236224,0.332917644520879,5.98302394921916,4.84336707350286,-5.82714284654525,-14.0590324590136,-8.19850992445049,5.96239233193867,11.585892036163,4.01111380446822,-5.97481489938561,-8.1019634719227,-3.62234520185478,0.476806282926252
2.16941967385205,3.77318183151998,2.69089259212214,0.215733760785435,-0.950840701221772,-0.316459558035767,-0.250945374446647,-1.33252257044489,-0.412598392268897,3.82606156384522,6.86081029834286,4.09905838999938,-1.64396907953675,-3.60427142635552,-0.591491513055768,2.19512573921243,3.15449250798774,6.21817182022524,10.3488940415739,6.78623069444216,-6.73778521325939,-15.9303831997059,-3.17509128911609,22.4345253226927,27.0079669773313,1.55399916631386,-25.6020523968322,-20.9268163222458,13.3343548979917,31.0381580404458,9.72721097040324,-20.6508062388177,-21.2203654340099,7.20482222235353,21.7735136503265,3.29179612946006,-21.6691490728849,-18.4918058858199,8.9849435879587,20.4486518041779,2.27650181036656,-20.5398159357373,-20.2484913400291,0.139315506365183,12.3197804236275,5.7364657100065,-5.32257007911656,-7.57756263918955,-4.59706527791695,-5.017294342292,-5.90470176935797,-0.00287556375165066,8.43469405849749,7.13727081161637,-4.74860360724293,-13.9458111704978,-9.49970513379615,3.22782793069458,9.82975430941959,5.4805753034545,-2.56238399786027,-6.41956582584727,-4.96872403405026,-1.25825522241488
1.69794416570105,3.166546730588,0.0501384011445589,-2.44030625895417,0.362622087933263,4.64893280794637,3.28713459767862,-2.60534724601156,-4.53380358097287,0.700143929086704,5.69000520094482,4.16475840251405,0.647886112185979,1.84699261831776,4.27309718140874,-0.113790457352535,-7.36947956935025,-3.86059585163782,12.1737905086228,20.570144153758,6.56830419596524,-15.9618746960915,-19.398358769152,4.05928493855048,25.2830979192581,18.1127933232368,-5.16018177791203,-16.5997507437518,-5.92432368929046,8.1684950050039,7.03413746845952,-1.0885519740028,-0.206325043345365,6.09794819661817,2.51217809489015,-10.7811584417606,-15.9939256155018,-2.0469627795844,14.502978705619,11.7787614815691,-6.30189679764923,-18.1638472762559,-11.2601981891775,2.6797126892333,6.5176280259356,0.730106352660457,-3.60883791643099,-2.58462661154386,-2.3662477647436,-5.69909797281215,-6.61502442442741,-0.917875124030982,5.53993393159301,4.71070047035636,-2.30663195207195,-7.34111930187265,-5.89023250983756,-1.05545693559476,2.57838404060799,3.36092144936432,1.55122521448459,-1.80837158668245,-4.17020408783883,-2.55460462055278
0.972356594319976,2.17884629650139,-2.41214338341164,-5.16292221026685,0.552690070386703,8.36420339849713,7.0887811731809,-2.06315946744336,-7.29381999200071,-2.76403329115787,3.76712558475911,4.28191421162792,2.528117861906,4.84508340018796,6.83807422427262,-0.0356233078046777,-10.8702579464567,-9.60257316491877,8.58041972432458,23.4189711620115,14.6306333091873,-9.15874325709928,-21.6932055304082,-8.26537810047108,15.1968331177118,21.7877153217102,8.55085642580489,-7.3494287515625,-12.1481679219282,-6.37323378925078,1.90800851862399,8.02547031171825,9.83463214256338,4.34569679959748,-6.63770656433112,-13.5843939398006,-7.97480698964314,4.84059859090012,9.80645184574231,2.21993031292998,-7.89454388789861,-9.19759985494898,-2.89936344502339,1.03878299667998,-0.578303493101276,-2.65539299815904,-1.68027143202325,-0.5939904953473,-2.03979331499721,-3.39010146800084,-1.9398228270032,-0.328710297082392,-1.78337099485104,-3.42771904789768,-1.05014538218458,3.15388703095243,2.37217721075564,-3.85575480126331,-7.07595179307001,-2.21774338875928,4.21036180879264,3.76921726363787,-1.43636956450642,-2.83139666904648
0.0823721308260885,0.886828519619578,-3.66998387143245,-6.10188656482647,0.440557668106051,9.30564571126904,8.5644440241149,-1.06952170629845,-7.66477599864453,-4.31747993152194,2.55984264144958,4.54092411276342,3.29067506687838,4.29601926378386,5.5100589338279,0.736126480266706,-7.32397143428518,-7.52394061793816,4.22306096031923,15.7067180218916,12.6816626846326,-2.03120232588469,-12.3867187940925,-7.9191556223857,5.27411744837373,13.2196762269856,9.71603167172447,0.0241881112972391,-7.35872459991051,-7.42755270356882,-0.676549736314065,6.93373129610808,7.77621613759827,0.534276429806646,-7.26642266130337,-6.8912142171773,0.584645473706329,4.66575922446941,0.236945168074295,-5.95476823293833,-5.46894337331914,0.228662848384333,2.30007912890621,-1.53811216717245,-4.59095382790279,-2.88085950827177,-0.987759233724579,-3.05426965951005,-4.39742812350549,0.573361082619698,6.45894899268338,2.5143880723216,-9.35316257648542,-13.8725796103452,-2.34725528607414,12.4202484622604,11.4710000056136,-3.69378561613505,-14.3783353265584,-8.51655367167801,4.29309723070264,7.78932949501224,1.87999730078413,-2.07868422663767
-0.927382705120915,-0.628510466004579,-3.32225345326368,-4.24494223590658,0.95076149572054,7.19387425394026,6.36412774737359,-0.69820608625104,-5.37948747369616,-2.89828473150643,2.30414743966696,4.1496253195276,2.85109557927004,1.93887022677021,1.90136103659429,0.747778579010497,-0.975419262851581,-0.383789039056024,2.58336224980163,4.49673496604237,3.42372734964663,1.1239907775415,0.350370754578642,0.85264857642124,0.88328014304143,1.03520961407359,2.04606241975041,2.3856185565599,0.869317109950419,-0.596521994447391,0.428898201188564,2.15996885620382,0.344381881486137,-4.1384726689779,-4.65154384177634,1.55813839304657,6.77350379326792,2.5560296293914,-7.09254132928265,-10.2784130682341,-2.8805149683291,4.91904086500198,3.46694315804653,-2.84132817021652,-4.09184897303789,-0.516320996208774,-1.39948852028414,-7.60247971052647,-7.91502815197173,3.59487275212786,13.5549351973731,5.9078768266177,-12.9924650275131,-20.5431496367258,-4.97094224065313,15.8324395849868,16.4256976212663,-1.52619538185078,-15.9857667098122,-11.8449738207706,2.36719195026493,8.59733439628798,4.14913825209217,-0.85250896615404
-2.00627860350164,-2.17832981695781,-1.63405546146087,0.0189916192555306,2.3246321306637,2.90479754095266,0.970657671771124,-1.11235401888926,-0.793640101917488,1.16195597779852,2.2063831636883,1.85096999903021,1.17665203046631,0.460421406424783,-0.328549857980975,0.235810705139873,3.20138864074832,5.70394401435972,3.30640458421687,-2.84148296413632,-5.30948102699471,0.509680719960431,8.68105997908618,9.0908247775842,0.867462869845123,-6.54226877405891,-5.36139728098921,1.57425258419089,5.94073288467692,5.02026893961319,2.07740544179248,-0.754846257383138,-4.09682840553592,-6.24251058564667,-2.97417838378049,4.68861834684965,8.07488389661941,1.69703346049073,-7.85663486373539,-9.57386809889308,-2.26520114045846,3.63015197377709,1.66617735336961,-2.27243463833665,-0.926514371040811,1.90975150443752,-2.16736342902458,-10.1780703894481,-9.38439242738083,4.00985395893573,14.4678386136681,6.87844976941156,-11.3479980917318,-18.9931712166495,-5.99337187422088,12.1695870994541,14.1681995276993,0.416049098867956,-11.7817541879538,-10.1810166828834,0.100746603811574,6.25456875273431,4.44574294752251,0.128765104093677
-2.98397263144451,-3.44265225557136,0.640800735113063,5.0871984541649,4.01213507928732,-2.02078304845765,-5.61482227487437,-1.78730891754206,5.02276105728347,6.45603438930527,1.54059924464289,-2.74130690882007,-1.75547654364517,1.16307340898224,1.4312138882698,0.732697641378601,3.03749881512304,6.13215430730411,3.653283389752,-3.85364213936339,-7.19098728289662,-0.269547935942961,9.74432205006427,10.4273389439901,0.96061733493506,-7.4991418405917,-6.00985063719621,1.85987225920002,6.19189556748679,4.17146810187198,0.646203464605033,-0.886210439382951,-1.85975942206141,-3.35687888467469,-2.90794478315527,0.871467838536801,4.10107832066709,2.28701540945947,-2.67678692532977,-5.1271438641888,-3.42682183788685,-1.16179762838897,-0.809755279000094,-0.283717154976337,1.78237269794017,1.83894790966138,-3.00352496005168,-8.31137682591411,-6.45677213311064,2.35177636470938,8.06987829751498,3.51876222299046,-6.15743939938955,-9.66564879822509,-3.57325220872957,4.28229622645167,5.56157146394726,0.454638960481752,-4.40620259827918,-4.53115983930957,-1.11903899688762,2.29705261033126,2.99550068600195,0.477943573039193
-3.4971429563875,-4.04382297891617,2.54143677260367,8.88572581577056,5.1392384804019,-5.90361359180743,-10.7872553468987,-2.11435415826976,10.1788753198147,11.0017973602083,0.430651604698516,-8.11451492037938,-5.33440187373019,3.16570663597487,6.36362024446901,3.06164271152346,0.224160431857137,1.12079180041424,1.6024761999661,-0.964804732124267,-2.26702196465326,1.58604798068551,6.37448336428642,5.00581316384947,-1.56749809101981,-4.92519195471253,-0.575252996862808,5.25854608908567,4.3887103640515,-1.65753486934573,-4.45273397806917,-0.411054233688264,4.5112847213381,3.25453079487662,-2.76630664460829,-6.0957112578679,-2.75242412252692,2.91983606202087,4.286353298799,0.108943560847931,-4.9827077293667,-5.79571823157111,-1.94809747383479,2.17786111043529,2.25738548288038,-1.25566957503264,-4.02097391437719,-2.93344670560504,0.0488926996808587,0.469339711544764,-2.00798045016844,-3.16494145976237,-0.619193474916126,2.49243005717632,1.24122838544724,-3.3065090903674,-4.90962952549525,-1.3307530679524,2.5804431090448,1.97922738169284,-1.10362919216915,-1.38592662768189,0.852806395264311,0.339826230740808
-3.0919134707876,-3.67900585976542,3.24952380848284,9.776805730771,5.0605433076073,-7.38534642398725,-12.3843100359655,-1.82133222230397,12.4326310008891,12.8222835527914,-0.404551945115216,-11.3288429975676,-7.85029477659079,4.49362311336496,10.6921256387887,5.93021722650895,-1.97043571537906,-4.71414757643771,-1.99117660518204,1.7536291895811,4.20525720373347,5.12168534010174,3.22936202619861,-1.71440090375544,-5.56915930803515,-2.81821999808184,5.36094200382897,9.63453069405157,3.6583766888141,-6.90594572940513,-10.0489792814124,-1.30005433566133,9.53149001952924,9.51273734625003,-1.31978727476395,-10.8541385339973,-8.52741857260161,2.41820502755283,8.65113472097447,3.56230343197191,-5.66413611819089,-7.86729439507642,-1.43238597419774,3.96775642304436,1.00047051268744,-5.2752895705109,-4.98854292809226,2.52930261882615,6.39668440888996,-0.406216663246401,-10.041452728015,-9.33990882182056,2.70159229653462,11.3105514724013,5.4416081162037,-7.53993660046367,-11.995861538838,-3.27966219342622,6.60836938798096,6.26777091314823,-0.61357250843718,-3.64906425941219,-0.917625499889144,0.175191370779314
-1.50855416748589,-2.27547198410891,2.45617010129431,7.24227687217914,3.65345498119524,-5.89828162104006,-9.53792981969006,-0.976725002375223,10.3999578304081,10.6260020344767,-0.498754549245309,-9.9623159618574,-7.17585099309252,3.98664665990949,10.5765336895681,6.70324386692119,-1.82333113343549,-6.34261294530082,-3.92659620159026,2.01497628825313,6.62090032394446,6.94234486019122,2.45298859715788,-4.19620191207089,-7.35667357441103,-2.66426345773513,6.78648321718893,11.120706391851,4.43100117784061,-7.37738721964674,-11.8689408302618,-3.22552323594397,9.47110689075418,11.613137674138,0.922013175618837,-10.5697574647165,-10.2565575576865,0.759418313564805,8.4958666051264,4.38550225007363,-4.80812239540705,-7.05469247592138,-0.598601145802762,4.00791428493494,-0.404154056579392,-7.06302598972029,-4.98995414842352,4.84705825002153,8.65304406500531,-0.541491534440651,-12.2348021284119,-11.069790369862,3.26655677036275,13.1415693060219,6.46534934597731,-7.97315243505906,-13.0376259876522,-3.71166595232267,7.11865948873048,7.05738647159437,-0.41772180656663,-4.40825982962732,-1.91105503004282,0.326367544494237
1.01715102605988,-0.0966888815284292,0.54426467294441,2.15121480632606,1.27500288628788,-2.0094759266832,-3.16654791905313,0.28356388009914,4.68999357375249,4.59352115470328,-0.188949458019435,-4.03335804255733,-2.50909863450681,2.34423153691037,5.1964575733355,3.59682803184463,-0.142297590671298,-2.37680866986403,-1.78465803821467,0.64381816381955,3.37139818886926,4.67282249674654,2.9605368137366,-1.33162299210764,-4.66093369172096,-2.99346768984055,3.24172553027773,7.79607365087179,4.87310309626693,-3.37752126756689,-8.3563060275583,-4.18169611701211,4.9325411745067,8.52935332948207,2.48532915026167,-6.15008040805088,-7.73754696762254,-1.21511032824831,4.77936428877957,3.28268058979584,-2.44036518491643,-4.39873368555528,-0.837544627722487,1.83233358064729,-1.01952363583708,-5.06420348515757,-3.22318609584464,3.39775197709593,5.63450517989558,-0.894872070188266,-8.77373856070218,-7.60984616867318,2.20356725195852,8.76136368445612,4.06319515055966,-5.87334450845214,-9.1581031640311,-2.50388407737178,5.21945166465073,5.22314068091979,-0.577165639231012,-4.21671440206186,-2.40716624837101,0.726354593665462
3.6740458368714,2.26415951677892,-1.5587818834082,-3.51859797177606,-1.39731851128755,2.57765539616912,4.24677158338286,1.84667292251578,-2.05314717712794,-3.19202568231562,-0.317629968161059,3.62632693824709,4.4704051173518,1.25306671662119,-2.42364311613984,-2.47236927427217,1.08677749114783,4.22892195115431,3.46111275346048,-0.186347451520998,-2.37336890390212,-0.633623781495547,2.7057929476769,3.49657988404196,0.883459156152215,-1.90031654259112,-1.48933900136816,1.5435062194816,3.27792149771713,1.42647918197552,-1.85532488539286,-2.80339586027588,-0.406980041349189,2.43658351552822,2.29455542933552,-0.626842542993006,-3.02332365035373,-2.5478844249124,-0.127329318157569,1.36781476769263,0.578678364318639,-1.1487935893888,-2.02528128769608,-1.71921120237004,-1.15589006574037,-0.781434754299526,-0.258163774274853,0.263800163362975,-0.100440419209449,-1.68415430370234,-2.95784194694548,-2.00335470294201,0.663160621950087,2.18059037817309,0.48537261104636,-2.80129465503051,-3.80343181695672,-1.08026631899659,2.46480711298409,2.76423109154537,-0.539836219433982,-3.62166110646877,-2.86436597619406,0.999777826522928
5.37527789775114,4.02720980599396,-2.81466213379707,-7.47052213097464,-3.53576774597924,5.64692185435301,9.66512933035144,3.45917731908538,-6.53632864583009,-9.35549706550035,-1.35368818902704,8.96528533924469,10.3391532283872,1.61691816925888,-7.74448029526597,-7.99359465371549,0.782275604520537,8.84989343747218,8.08960631304638,0.36735967197076,-5.95126374980237,-5.0276792307805,1.16497979993404,5.9019240684252,5.150244466933,0.567278375653556,-3.32716309556326,-3.39287136622059,-0.0210176401993267,3.42528152055103,3.62677310735132,0.307956349479645,-3.23932660765281,-3.1671119676834,0.465281740071222,3.21782178718896,1.54680408550143,-2.61746744468617,-4.05614737632709,-0.85598132907187,2.66930497997789,1.72175987408433,-2.53105454281395,-4.47230287910389,-1.53087256368567,2.28374934930567,1.87598098246379,-1.98860929871724,-4.07531970907271,-1.83763603276518,1.42548467195056,1.46239223418698,-1.15072170561915,-2.53273774091931,-1.26581448253317,0.205506240420771,-0.165255288003685,-0.944358296214248,-0.0561231086167293,1.26991111543098,0.143593126901114,-2.85174269523582,-3.36332298709723,0.821329445257997
5.29606571904327,4.51902630649868,-2.59528565496969,-8.09112263331176,-4.44166820587241,5.6586270147179,10.8728943621608,4.64773294939668,-6.76238927919883,-11.0400927767597,-2.79648825971125,9.36622757876049,12.0527501406643,2.79292561608677,-8.18428624116193,-9.42008762474935,-0.207946343208362,8.85659357366689,8.67437106198228,1.1323817764029,-5.27625133549244,-5.06842890516358,-0.129578550243548,4.25347734854329,5.06350245552674,2.56294800465024,-1.38252064168206,-4.09642185790322,-2.91193394479643,1.8850777823077,5.53158580476832,3.34040474533233,-2.89907058907245,-6.05476196905262,-2.00102552910517,4.31099981847372,4.72482688229499,-1.18633559174514,-5.79677210227197,-3.39768021698207,2.26221627146843,3.38149752943879,-0.884543145700256,-4.13903090346152,-2.12369520109314,1.49517077544521,1.11402720937259,-2.39636527489514,-3.37651363566863,-0.0787236640541131,2.60293059091566,0.548486710446867,-3.41184890279157,-3.69410235021473,0.0623203007655941,2.54320520065592,0.646863863792974,-2.25857160583257,-1.76483499698318,1.00318798900046,1.20295226538018,-1.94202591912339,-3.48493404715957,0.223428215156808
3.34328497167613,3.49405717168102,-0.977911294308653,-5.24724098384776,-3.87238422099182,2.71507258170179,7.63515860173214,4.90087105760754,-3.13307202974303,-7.85093636916151,-3.55289564147181,5.454945820768,9.00711114906983,3.33258063815945,-4.71700097825323,-6.14159908104309,-0.161098068946582,5.47009822214206,4.85964548790599,0.442120865098132,-2.00946492002006,-0.953554032795549,0.510470882034752,0.695315003428899,1.16724103023572,2.43173759578121,1.95025274677836,-1.33036412698025,-3.66312471785086,-0.950634853213311,4.2874866458007,4.8595638934141,-0.9805482839556,-6.30898215636908,-4.09780885788129,3.22187359847335,6.30680720898794,1.47445375295328,-5.09881732884899,-5.87570069491038,-0.974333517121505,3.08845394604129,2.54542490009123,-0.259464469858112,-2.0486494118386,-2.59671668218259,-2.7661274095664,-1.77186028494872,1.10218244086824,3.29571345152828,1.38131361267081,-3.37984217779648,-5.55477173501569,-2.17040744725362,2.89882431211918,3.57643676794262,-0.395896617655251,-3.62911807051365,-2.29239853718049,1.13927517018606,1.73113004957415,-0.974365284638739,-2.70120381434927,-0.416877893673587
0.243414305466582,1.33111762859441,1.31734368715097,-0.395577218144699,-2.23823328031912,-1.48749072387385,1.94930261255475,4.09110824028694,1.87731009587527,-2.21114300595688,-3.01506824124397,0.511926956215717,3.61587457260387,2.39205245719412,-0.706962078111779,-0.957311784491262,1.51690993693408,2.22446945721977,-0.261892417298195,-1.890381264339,0.482384453133479,3.74136888735921,2.80121792129425,-1.35794762475211,-2.84713305085134,0.500096392729592,3.54609539340529,1.56118515762707,-2.52539838449937,-2.34497639656854,2.37135276740549,4.71755219638684,0.549092090713058,-5.29427797377472,-5.24761906309565,1.16444191776239,6.3436289346188,4.30897736267668,-2.50210954047419,-7.09194593127281,-5.33030390100373,0.710137106425818,5.4660741594944,4.8991308462345,-0.67316613920247,-6.63365479338209,-7.29321802896302,-1.3467013412043,5.51204704245169,5.97391706013411,-0.423382927354354,-6.59903388550822,-5.98519380186521,0.06720893148256,4.23925520818775,2.6031592148378,-1.59523854917221,-3.25233665760144,-1.46089249876203,0.704037170568359,0.943325184904969,-0.12169952123716,-0.890177444401357,-0.709876438785621
-2.83503841124027,-1.053446341994,3.30535057083558,4.13429852778128,-0.446560124572024,-4.74588457122574,-2.97446646068052,2.74721204290682,5.24831187590226,2.24925886187193,-1.63481031595834,-2.10107077428323,-0.322719155461007,0.565708929198522,0.814999641515802,2.28347531215609,3.61214908901587,1.59553303800738,-2.754799764175,-4.03539171119983,0.273756160699932,5.20454161179595,4.55172977272624,-0.549034261365366,-3.45132582712819,-1.05275812265938,2.32459622867313,1.75562442173029,-1.20490804049926,-1.46798533203727,1.79533257330739,3.73176550299973,0.841986797622289,-4.00664726314077,-5.12876745984805,-0.785975802151515,4.70327643233254,5.64380513784888,0.732684880020799,-5.80059361134679,-7.78782405295576,-2.561240151095,5.36429112433105,7.63138288432464,1.28370184712504,-7.28447824043009,-8.70275211328993,-1.28754939101534,6.16556454686439,5.22870044960433,-1.81133611346694,-6.05327597836118,-3.25835287886872,1.56387641814128,2.20481567803918,-0.516136351332672,-1.83224184610733,-0.493362043851249,0.377955489400623,-0.641919965326823,-1.06326487385799,0.536127290849121,1.46168780744075,-0.591061174632211
-4.86106874045592,-2.63243359352724,4.2322722607239,6.33424712570005,0.585922448391268,-5.61611852568763,-4.59569848257217,1.7394451763886,5.26574121886268,3.07375434174469,-0.419456863926489,-1.2205947826695,-0.540425229241603,-0.723285840160562,-0.594996434050204,1.7700732287873,4.30524005480693,3.09595701057798,-1.30249940430612,-3.82751854305986,-1.47398333010097,2.62081812199541,3.67382378304778,1.49979820844389,-0.401425025067006,-0.347927706461514,-0.0126695803912917,-0.697928758284281,-1.06721259589348,0.370102266922592,2.43231771980412,2.59685412279904,0.326341134252338,-2.45351588109823,-3.49904443091443,-1.9020111132506,1.50863260150629,4.13178567157033,2.92457263047664,-2.04330608821652,-6.15918058289006,-4.48162448355465,1.82083382246168,5.43043106981077,2.00085882783491,-3.95223967159027,-4.96806511788543,-0.555290146981515,2.45860265734448,0.227925318353902,-2.96297185980295,-1.65479671201424,2.1804762642872,2.01953206691306,-2.45854969574866,-4.65399707773809,-0.953098724848011,3.45150531300667,2.15910603314079,-2.51571953572823,-3.23075001965398,1.15665747315148,3.51569657907788,-0.358794291830797
-5.34898084744879,-2.82463901987547,3.88532876253417,5.52718727488658,0.480179217261706,-4.00378556807168,-2.56951837384452,1.49248244302547,2.42509759857486,0.539864192441877,0.0907232300268981,1.78709765538699,1.96451578578978,-0.779678526568744,-2.80189162396298,-0.839249569901039,2.99830413487622,4.14205833547047,1.75088439536884,-1.06270280126222,-1.89040264882624,-1.11251987857871,0.261274470323865,1.98762823651565,3.22595011161015,2.23845442118078,-0.893111740831345,-3.10700225688305,-1.84242751478405,1.29632879854529,2.59617597715989,1.27203483498537,-0.180997826156533,-0.304313154253743,-0.51601110775186,-1.80507740211463,-2.22392252105413,0.0125384363165995,2.74900672049687,2.33331618261687,-0.971115449475696,-3.36388594237421,-2.7214359087027,-0.875536573425168,0.0590841681529977,0.85843624072805,2.25863990808491,1.64730220478146,-2.7886189304296,-6.80874583090941,-4.23279557160393,3.81908790196917,7.66601527933611,1.70047024258864,-7.04229699663038,-7.58262094023567,0.63308341930247,6.37352775139851,2.57140885102803,-4.26584774723002,-4.25551268131031,1.98865721607352,4.56387030372317,-0.375331729004001
-4.39543892975078,-1.8101599409007,2.53975016307805,2.58159718061753,-0.320982795397294,-0.920485636375814,1.20611338732642,1.4896722710038,-1.28143171013662,-2.66333590863448,0.443388400414994,4.41838484976249,3.90273043495818,-0.439860497269249,-3.27003433098503,-1.87994902157106,1.1061668438481,2.56248904555178,2.55401737206886,2.10620979067195,0.631986854073128,-1.99868850519558,-3.12148594490089,-0.369584584030126,3.8100397894023,4.3633509578969,0.613930358760816,-2.71743336067335,-1.98321709685799,0.613462835416487,0.959874460603101,-0.557841499893345,-0.308126473285058,2.1694990499716,2.82914629103583,-0.638437526745064,-4.76138022461627,-4.51557409911759,0.246278402878761,4.65179453345104,4.62050589458975,0.390715311424364,-4.88589448973475,-7.28866477464889,-4.00251023009028,3.59269902678179,8.64136066774019,4.57747302866574,-5.93611865394363,-11.7468648267049,-5.14650010887461,6.99083804191901,9.98298104662007,0.675400956120794,-9.00169324759745,-7.32518288589593,2.44710307450275,6.68965954215927,0.986611729592031,-5.38380406680553,-3.54719073927549,2.99369989956768,4.37025397323455,-0.699064765135945
-2.44055254394785,-0.360215545820672,0.6553593217128,-0.767973850182299,-0.807053381007069,2.26621417294576,4.00501431482715,0.679916267824306,-3.94398706646913,-3.48686753144399,1.80148399592077,4.94002369294115,2.46236179824437,-1.2353354752448,-1.20659401704171,1.02893449297669,0.828319514177874,-1.34577243874753,-0.854998730728556,2.99781717743021,4.90716329907602,1.40696500523018,-3.6059437883688,-4.00829928169651,0.331901903338529,3.79229324402236,3.11699207186297,0.750279886438758,-0.34188549278786,-0.779223896714588,-2.05518992646254,-2.66722842259924,-0.17890302295956,3.95054647527128,4.93361021638996,0.805454882894873,-4.79598655648113,-6.59399865647474,-2.85330136703123,3.3792130525998,6.95895510647664,4.38796771852909,-3.22172259698191,-9.5874066754035,-7.57518254677149,2.53121938165307,10.2732872868707,6.26420616267946,-5.49417717642655,-11.5632052677508,-4.59150701278359,6.49186102088462,7.69554274334047,-1.15208347968929,-7.71791751305531,-3.79516742223299,4.02966999965234,4.55179435599413,-1.86589254431567,-5.55621262168998,-1.66205034765279,3.61065036766841,3.16145651898783,-0.974469933437511
