-9.22334434780342e-15,0.0207482838351255,-0.732806759299423,-1.05603938148532,0.354002560353766,2.15283979073842,1.76404008163322,-0.609127450670459,-1.73624939681284,0.0715870114220262,2.26678822231636,1.65620447268515,-0.791269537683034,-1.24468290344958,1.29390130289671,3.28416396061722,1.5894136103711,-1.8776850934044,-2.57591375557516,0.540257334192481,3.73953576826987,3.3816416718881,0.159235782480238,-2.33746529708058,-1.99498715858754,0.197275405028525,2.11442313644137,2.54722975421171,1.41644802681315,-0.599326208680753,-2.14867464705076,-1.9228254350928,-6.00299272838889e-14,1.92282543509274,2.14867464705083,0.599326208680868,-1.41644802681311,-2.54722975421177,-2.11442313644145,-0.197275405028544,1.9949871585876,2.33746529708063,-0.159235782480233,-3.38164167188813,-3.7395357682699,-0.540257334192475,2.57591375557518,1.87768509340441,-1.58941361037111,-3.28416396061723,-1.29390130289669,1.2446829034496,0.791269537683032,-1.65620447268517,-2.26678822231639,-0.071587011422021,1.73624939681287,0.609127450670478,-1.76404008163323,-2.15283979073845,-0.354002560353778,1.05603938148534,0.73280675929944,-0.0207482838351304
1.02835363673498,0.23013148956256,-1.40461467907238,-1.33336108416463,0.956347833801529,2.48270643985968,0.871563751615693,-1.73294679010806,-1.34145033155827,1.92903636465162,3.48424986710195,0.665267523769909,-3.01304141134879,-2.34285133627209,2.34575414139476,5.30420550025935,2.7172753469858,-2.41501156779655,-4.14823427408216,-0.832264262681731,3.56997286394782,4.59327161448932,1.81873455410429,-1.67670235354769,-2.92522857965728,-1.36287944764594,1.42808990780486,3.14117643392186,2.37063628100148,-0.176874847557647,-2.14975422810216,-1.87999113157953,-0.0929887633098343,1.19709129987732,1.1219435682708,0.451223603425665,-0.113544753352894,-0.835583051858384,-1.71787028576082,-1.66373394834699,-0.0684153621225547,1.5509252056259,1.09266715423276,-1.12393996079235,-2.46227482972614,-1.48029693098233,0.169238744645936,0.278875769039795,-0.757648699166552,-0.889990960810807,0.114973953246239,0.284675722385606,-1.19436856325355,-2.33171338732498,-1.20048876052844,0.993846577107365,1.45526383257813,-0.235007887050717,-1.675234516623,-1.24159073178671,-0.108314157813817,0.107554588622719,-0.130444554508269,0.385766718487805
1.84682324253708,0.275877581411638,-1.76715177317432,-1.11143993654106,1.57203827505839,2.32275329345168,-0.274058458029044,-2.50734522003785,-0.64126409565581,3.35705549043717,4.01644473952162,-0.101408739736929,-3.97811670044825,-2.58006720301546,2.56616442356407,5.43441124649039,2.96113620377028,-1.69900300007684,-3.51553214027936,-1.28991147402972,2.11340461698185,3.6125991869248,2.48289575304831,0.0262921472789829,-1.86050597693762,-1.81186035105678,0.103424879273933,2.12118339003481,2.25638062213628,0.509287265121719,-1.08802848141224,-1.03762799156873,-0.10857665205527,0.153705669821549,-0.240316237530558,-0.0886724233898344,0.701262484278893,0.71933827140797,-0.676684354481525,-2.01616171799389,-1.61892862691628,0.0171465391724047,0.941549413891655,0.370843751831616,-0.655585990692654,-1.14187515787922,-1.28600618279596,-1.37516611139933,-0.901229610638029,0.303625132469833,1.00445577634853,0.00125637660107425,-1.77474805567858,-2.14407626142756,-0.684787230956528,0.645632769720925,0.349068639035748,-0.584605923123579,-0.521910911250227,0.12080703534039,-0.223268030461532,-1.27244671883533,-1.02256887142387,0.844760712203155
2.23279114620174,0.284926764052741,-1.72690782943589,-0.728628880459926,1.76174600743228,1.82731901652402,-0.887435049421786,-2.33922880086986,0.0637013993866927,3.4468835746065,3.25605193006916,-0.448693606518678,-2.99723705319987,-1.36588581150415,2.13534293767187,3.41340118734801,1.69940725286551,-0.4047062529515,-0.843569398476127,-0.158400291464838,0.428681508674103,0.897612250489079,1.50593403523069,1.60985443500397,0.603639151105408,-0.71942237980486,-0.922861628344344,0.107339320365464,1.03323014396837,0.971158540350978,0.455772138810449,0.183693528892591,-0.0938433070680929,-0.734918710828897,-1.1286194487041,-0.469865134210312,0.744754532775667,1.07844699691292,0.0521789251017978,-1.22303636963556,-1.56494080339047,-1.05504544014737,-0.408293419659514,0.109406671836444,0.4465802310063,0.145644445085814,-1.02466347526739,-2.0839657773238,-1.69176843374869,-0.107676296263113,0.833774281616571,0.137929771215426,-1.00119909905004,-1.07818422876221,-0.503634298467604,-0.630070119657689,-1.21658729001523,-0.690073647842841,0.964627281529999,1.48149190541075,-0.399164996154986,-2.44651210650521,-1.70790659146507,1.08833887347993
2.00187919526922,0.334325106915399,-1.25538974022795,-0.408824688257605,1.33663621462742,1.15211060256894,-0.661840066194746,-1.17478908483923,0.606706173237369,2.20652451472641,1.42447573448103,-0.439895604311828,-0.65309377513723,0.832798579362445,1.52491333722436,0.429454496928679,-0.461107463732257,0.602804674794359,2.27180167677834,1.91988282289716,-0.421379175704082,-1.83817783205364,-0.466701277286756,2.08526638338345,2.90996762349012,1.2664908315173,-0.956336211070563,-1.69586074072824,-0.677957230638323,0.911432510831076,1.76473950627492,1.28336185775632,-0.14098182440822,-1.32437004451351,-1.28262288222126,-0.284902234145728,0.449734086433939,0.289985588540967,-0.144491522942013,-0.187113992117909,-0.255906582545115,-1.00694820612361,-1.8062037738847,-1.30850129450995,0.354706373695307,1.25752037382686,0.14422857990461,-1.73359331180164,-2.22518680157945,-1.1111329165826,-0.0385514433396206,0.0581511917383167,-0.0709762014823422,0.129003856773303,-0.202476766510438,-1.5681529335223,-2.39875245351515,-0.938362647505763,1.67015862595337,2.19734494811276,-0.292455353369922,-2.70234840856612,-1.92387097229731,0.889828767929538
1.11935289634332,0.375684990344566,-0.457021093264636,-0.15359234884894,0.526377720691479,0.480807530141146,0.115444605692143,0.381403789966598,0.86313930787001,0.44431535791713,-0.464963320781321,-0.128430398286221,1.70208293207764,2.70533181320215,0.982526547159708,-1.7980167802572,-2.06136369721039,0.98694084160226,4.01593953279536,3.46646916720163,-0.163524962232522,-2.93206178070443,-2.04012795308246,1.33280360221245,3.72359823617915,2.97376310404811,0.00411696445974336,-2.37638222860552,-2.10074453870038,0.348839020411706,2.43179561545619,2.06251010527929,-0.185262176321245,-1.75133837700648,-1.1638257968863,0.277002541335661,0.457715801031035,-0.591790269514205,-0.948057049368605,0.113329128603334,0.862941515245095,-0.301185838914289,-2.19707902530071,-2.27878065608287,-0.27896134247532,1.31028758929308,0.62498666356247,-1.20593019857239,-1.91892635555731,-1.21294242439215,-0.557197529812044,-0.556343466074275,-0.323188499919502,0.418962386048243,0.397081551087694,-1.07445555834351,-2.35914495705131,-1.47394646291818,0.855639951787717,1.79674363610825,0.216947897565537,-1.70063412172372,-1.51821988596966,0.222703022198665
-0.205817228307576,0.292149545086642,0.425424851937874,0.156054686051801,-0.181908308368125,0.0111458895590564,0.869392401006765,1.47703940955316,0.738943619656445,-0.876551179495092,-1.33071347910399,0.504800859786077,2.94213359414386,3.09197746655814,0.423128048494382,-2.25873963976987,-1.9613376107677,1.0435070801021,3.66162122620069,3.38439337627611,0.644809173284754,-1.95583556896375,-2.19553346729634,0.0473634291773177,2.82652268090269,3.57986342625064,1.37672332306988,-1.82609192653211,-2.78739691553594,-0.489564584469782,2.43003142048673,2.61049924866665,0.0218087296869378,-2.08101070339531,-1.41761742680931,0.538952190544139,0.926044411336526,-0.501913526052661,-1.38912806398439,-0.496873666941735,0.558493998216449,-0.0473726959614253,-1.50246257183647,-1.64339455904934,-0.327710270000811,0.395350177593509,-0.518507253498112,-1.54777226191441,-1.02024876879956,0.235439191920715,0.128119304252752,-1.39960447471311,-2.11128290242495,-0.749768429573439,1.02797028415408,0.914267584533235,-0.901996252982484,-2.09197909310245,-1.29148257747148,0.343203602467962,0.945644262282531,0.251635355113843,-0.590263807280019,-0.697025506965165
-1.53976354720361,0.0348825494143148,1.11670166959639,0.587231553906093,-0.412259974794675,-0.169308011086585,1.1525026872928,1.64866620061509,0.335634872934218,-1.24019649018935,-0.871829806134787,1.31243776126649,2.83442226727571,1.95984967814289,-0.196300736309775,-1.2220710144839,-0.328388535977936,1.17689513683351,1.94940054830531,1.8729509037979,1.2513911466099,0.122145120544963,-1.03062072560605,-0.886218206554984,1.09382427632262,3.06307130825094,2.43891028069129,-0.59870493459486,-2.68368927145967,-1.28020538134736,1.90180413868539,2.92614852984835,0.618099523745433,-2.08201940401322,-2.09876702684032,0.00931045051210477,1.33487635388114,0.588274855978668,-0.808124870899913,-1.2913301957709,-1.0532504567273,-0.87857039947112,-0.570012516901641,0.257491072008927,0.657822916876412,-0.624752444960675,-2.70622476958054,-2.91062740038521,-0.290391470593747,2.43741724079776,1.80545661147112,-1.88270747924482,-4.46010605740983,-2.82714649214309,1.26717059092736,3.31240278211181,1.23538727532469,-2.44555386920058,-3.70318858960649,-1.48714715838919,1.54171386174853,2.30060417916859,0.48844569546176,-1.51244528792322
-2.3870718791803,-0.288981212979227,1.46681827127965,1.0807698700664,-0.174290394564287,-0.217752456952379,0.84378600415643,1.15885618161731,0.0990193254105372,-0.707566834944313,0.178132032176916,1.75666649419424,1.92294032842318,0.499426264301295,-0.497398360836845,0.219100710069307,1.42942944474361,1.34897649305738,0.343921091020087,0.253281853420638,1.35982051159838,1.80364645111033,0.468134347864447,-0.981260017758801,-0.276782741296674,1.95529852009309,2.68705827069134,0.60312638684956,-1.86062089458704,-1.60931814984661,1.00275176343814,2.64155261897153,1.27213416659445,-1.4324624870055,-2.43637598387144,-0.988989119873586,1.00522268193731,1.54472998814272,0.389067422337763,-1.391052882895,-2.56226694399918,-2.23173562623009,-0.300469052198329,1.85433161894806,1.89661428107938,-0.998795670934048,-4.31285730830735,-4.25494140203014,-0.226157713631664,3.77312296245656,3.18781331748123,-1.74579470490878,-5.77398066092987,-4.40415726098472,0.962546170616981,4.59299244108454,2.73944534016564,-2.33786396803858,-5.04256214497411,-2.72802083633189,1.70273236545453,3.46934912371057,1.22582137634308,-1.90470307646693
-2.42490766367959,-0.469246321649917,1.53002448487224,1.51780079381002,0.185086424864642,-0.492463128173089,0.0671326493165672,0.736493467126249,0.658598806995741,0.377081364832039,0.649123074975034,1.10712930768877,0.885481648065943,0.189020198757557,0.172760415346468,1.11754505899063,1.78324304282525,1.10186250599762,-0.119516123608624,-0.142211447643744,1.21214734422869,2.16051320160109,1.33573952760094,-0.271991577401418,-0.579554125412802,0.771248243671942,1.93870660440164,1.32683710223526,-0.337555899302525,-1.02697956682639,-0.0382216594599547,1.26606432322029,1.22912244284414,-0.172718409415971,-1.47159861856496,-1.42691115727391,-0.172574986596595,1.0516653511581,0.975875535832147,-0.620365068930688,-2.49577612682895,-2.78430775513127,-0.821706311000918,1.70883604107984,2.01946588967897,-0.764584808948087,-4.05160155204407,-4.18282814880484,-0.601243626759135,3.10917286761906,2.86675554094703,-1.32048871726805,-5.01946676486956,-4.16761405737985,0.375143970229429,3.79010495638293,2.53453032592188,-1.84034433209674,-4.47274377970127,-2.66959985024719,1.31920508712768,3.15345268985341,1.25992805996209,-1.74065703909464
-1.66836014651716,-0.356031105205033,1.48134519082291,1.82342315188896,0.307470947638306,-1.26157784197553,-0.970331254125435,0.930236378816898,2.31745707464403,1.70097590486319,-0.0766731441013603,-0.914929817544043,0.0315656628133678,1.56540648738613,2.068183163969,1.29215888731039,0.348580307885166,0.154840809227641,0.550476338746571,0.939784610517454,1.13614964439187,1.31616872381345,1.37412884955975,0.940961914291833,0.120588502843306,-0.292977314278376,0.324322574003783,1.43623357971333,1.73965105029312,0.66479778278367,-0.82517645680489,-1.1763366086382,-0.0741379454117267,1.11509989304044,0.934673375714918,-0.479740654396831,-1.54804403543845,-1.13374818770708,0.053810822895496,0.375118451479431,-0.648542104613706,-1.7406824503141,-1.50358479883067,-0.226885224680274,0.40501647999551,-0.569495369923531,-2.06719728265627,-2.23727007823342,-0.770283371309886,0.702731647358932,0.501187071192156,-1.18484707369283,-2.45685915152171,-1.88073217008871,-0.0808202239486958,1.08871750015015,0.492594835769022,-1.1781966319777,-2.10384834730543,-1.27600175476,0.486999792010276,1.41335288693352,0.559351664339508,-1.11069019828593
-0.459156739283707,0.000761397773529682,1.42608171231543,1.9775518281127,0.138702839703943,-2.35036812583693,-2.00433644403234,1.62855714020159,4.55464160295667,2.99426511267818,-1.50912820911569,-3.55639532543515,-0.636261613810069,3.72534346111009,4.45424156817536,1.15656083257045,-1.76229052381794,-1.04656389859649,1.60167719153738,2.52338952483423,1.11258090799338,0.0904251121341817,1.11214041602786,2.32291227604838,1.27537912251939,-1.17266408515813,-1.66123573641174,1.00000976481099,3.78451822973201,3.01242896296558,-0.938305679958148,-3.75211883536822,-2.28281935383935,1.70136512980011,3.67671936899629,1.52226664827257,-2.30312770442769,-3.80790903166099,-1.91911998391531,0.860641146678637,1.68468498834209,0.209164967466647,-1.76104470371941,-2.56582991107796,-2.0191417468876,-0.852584433380809,0.197047527945041,0.492913179913481,-0.414457126224651,-2.02438254508445,-2.7645007870669,-1.56320218217329,0.595473103118312,1.37418089350368,-0.224444052304671,-2.3461155119048,-2.46443155626302,-0.541428571709115,1.10582747717025,0.79643889269388,-0.560584919617924,-1.06783542776658,-0.547910155449543,-0.25338054993901
0.718032432174937,0.362196222354759,1.26843865712203,1.92088124688069,-0.0488432726496465,-3.06134724152027,-2.61770308907232,2.16910049352397,6.05114913337283,3.81807851340049,-2.42187172191801,-5.16113443395225,-0.998439957194875,4.99879136899944,5.78437159904556,1.06951826794513,-2.81000948015739,-1.47259350609449,2.32011662952618,3.2831772142249,0.842960970958448,-0.723791102364077,1.12227956111352,3.48903851296682,2.31006831647416,-1.59269916704265,-3.14284608866497,0.233865364789138,4.80970718023516,4.84953581605985,-0.287889961839192,-5.01515226270944,-4.05318667211673,1.36641734728171,5.08820322137634,3.08199491257378,-2.26653980872236,-5.24564428890205,-3.29127064484213,0.827559431736699,2.80737704695173,1.26986673751474,-1.77862018507005,-3.69261636791073,-3.37097327087883,-1.27287050314759,1.21022987975135,2.09878749484366,0.0492815931784256,-3.60188675027864,-5.06848339919215,-2.08369530396201,2.69224504912838,3.89512923011604,-0.238479923878935,-5.08778968773183,-4.92739729128644,-0.0109635339210865,3.85860388160632,2.56925495005051,-1.53362742651074,-3.30555718169456,-1.53327387210651,0.569872127492569
1.4768353437998,0.470497664878438,0.77819907885437,1.48579599587964,0.0498928798268381,-2.55295730364275,-2.24981859552866,1.95429171134214,5.42847273489661,3.52068929691453,-1.86802388958321,-4.15680731477062,-0.608262041435446,4.26423936197118,4.7183040185297,0.918981452756073,-1.80872480550101,-0.34207837088092,2.54106044712732,2.66418177396631,0.227138374814713,-0.819722588224139,1.40839257163525,3.92953427849384,2.8840779390224,-1.06879033391894,-3.16029243299815,-0.501371950163048,4.02082953117713,4.92041551347409,0.697938760609689,-4.04702716990337,-3.9658754052553,0.641409402495848,4.26341130146952,2.71194381312716,-2.07961264984773,-4.65242305395232,-2.62928153748296,0.983461100289467,2.07581502040288,0.108339487807837,-2.3169740332004,-3.12860778384531,-2.43481714039891,-1.05389597559862,0.563745988409564,1.3993628225264,-0.127744650761692,-3.5524254010374,-5.21168187864642,-2.15705531569819,3.12774102413998,4.47482859364984,-0.427789608468876,-6.18065341434222,-5.81237330792051,0.37240035307041,5.10561666045683,3.24023446798063,-2.16412490031872,-4.44100637543279,-1.92353890454256,1.1732558039354
1.68477357371634,0.253765265862998,-0.166315281590891,0.489748426657202,0.433350994664538,-0.490872144820045,-0.490100614458581,1.03567976358134,2.28922669992956,1.62431655082314,0.00814606706826759,-0.284195922428571,0.963040507840007,1.83914972669514,1.26409526002159,0.349168684181904,0.717627765255584,2.06850915303683,2.52990529684188,1.28639471182888,-0.314827677519153,-0.336837899031229,1.45311252523365,3.2125970555126,2.9229523065211,0.635430372401303,-1.32936486949287,-0.831682298435897,1.5588920267637,2.92256337533697,1.38228059693205,-1.30513316672186,-1.82707043312812,0.277044221985775,1.86884156763853,0.400888231487791,-2.42907692393632,-2.82571243900604,-0.206529291964412,1.81334101794821,0.375575999766178,-2.72332678638909,-3.68049696592854,-1.8129843703366,0.0814460550188796,0.0124779879697038,-0.864537646824568,-0.982085661053045,-1.14399597340165,-2.52351692118578,-3.53763882600677,-1.61767027642447,2.14713068947655,3.10252260906458,-0.866856834915061,-5.46661603248879,-4.87658744093039,0.536550903128328,4.43943484806646,2.51877946376144,-2.29816764438773,-4.0876369721237,-1.51968530497168,1.47819737667874
1.45743735558266,-0.0998374881163697,-1.35231195621611,-1.02815727289841,0.734511378104454,2.50924582365151,2.46196629291262,0.130534908003494,-2.22894974427155,-1.57558055768747,2.05703986827305,4.90530329650567,3.49679931736748,-0.771333458435334,-2.93183261684114,-0.648376712197528,3.20140002369272,4.43782677758929,2.52124823172208,0.334913296674098,-0.126166641911134,0.421246721658687,0.848672002045989,1.46999618911136,2.59929014362032,3.02166919134144,1.56446674996586,-0.676394660341318,-1.31121530117863,0.104990009420765,1.54689378101356,1.53954779525768,0.817137484644811,0.380398357573566,-0.361785227564382,-2.03448766820686,-3.0654017518262,-1.36667729127857,1.8908694727075,2.63460806656904,-0.85360968835022,-4.92804392658114,-4.89399721564404,-1.05450783196814,1.87999235982054,0.921343711357898,-1.88287148037633,-3.01026848008869,-2.18322044866856,-1.52174993125719,-1.59641523948017,-0.982033028785062,0.513977310467032,0.784377069679159,-1.31168845549106,-3.46568696705501,-2.67522552498465,0.429961202263729,2.19591255319726,0.674035109539237,-1.97979084226759,-2.47063774942503,-0.479201330383209,1.48817242163539
1.02338125263453,-0.269887926018606,-2.24289366580072,-2.62774825901563,0.528936327691797,5.06510235563107,5.56854730892069,0.0167672343850002,-5.9327431612379,-4.77627678001519,3.04551876637543,8.82163906668478,5.87565722833499,-2.04359162085364,-5.5382386046665,-1.4569319540199,4.28512170221774,5.35056559448061,2.46678357871666,0.512729718826134,0.97176256748626,1.15286147487797,-0.125462395273073,-0.293034698817344,2.3206509112482,4.89900718242555,3.70727287405748,-0.427977329156323,-2.88523006461241,-1.33865453530381,1.67956959788092,2.78058172765583,1.69198017685815,0.159533150289946,-1.10285013729336,-2.33795030699689,-2.73869297427903,-1.11287168142604,1.43655775744072,1.7937255978185,-1.15248572725711,-4.3311780972877,-4.14876260242741,-1.15677629218071,0.920410511859018,0.0109831657654209,-2.15450780962445,-2.88727444258067,-1.97205177975324,-1.03395934131511,-0.879989516608191,-1.01226768090354,-1.0720261499064,-1.28043835154551,-1.48166143709212,-1.051023093881,-0.127354998191404,0.14872200170367,-0.703244033641157,-1.63329533118587,-1.45276183653883,-0.315661921486813,0.757914305589439,1.24309071328945
0.566631737501417,-0.0469220491268823,-2.27445048524887,-3.56510930272371,-0.235198310839373,5.82335585186148,7.31167832809887,0.815907187977917,-6.88126334421568,-6.20816988662485,2.64120553694236,9.45514749776563,6.63213525098529,-1.55702271858723,-5.12216204536312,-1.25302051416446,3.80414530032388,4.44295488792698,2.22652986733035,1.46589782060155,2.24056507377909,1.5620285989901,-0.547270592837601,-0.576987064431474,2.56175988657055,5.05633930361282,3.37449961082925,-0.61980086906557,-2.12172206015193,0.0705888567077392,2.41668351373716,1.93719452707711,-0.203285704055093,-1.20518638584426,-0.581233746025845,-0.00312179841413107,-0.443023479232396,-1.26292135235759,-1.71180205806412,-1.7979596451717,-1.62570268567606,-1.0243376796354,-0.46303703394996,-1.06297417110432,-2.67126148799003,-3.49824442389934,-2.43794680430174,-0.622063821429505,-0.0101340879142273,-0.825535975747645,-1.67147064891253,-1.9317938814552,-2.22792923963873,-2.46676411065443,-1.41974159199613,0.860800387735634,1.92961606892365,-0.0434785804339518,-3.10519873355933,-3.59699712574583,-1.02555416600091,1.47299224289631,1.65349563569068,0.784557351631934
0.14804607998976,0.49351642996631,-1.25532158595339,-3.19242579047317,-1.07145900264659,4.35745919347683,6.56433618664199,1.8099432566226,-4.64107782952675,-4.73929944245568,1.62962917133779,6.69878891078377,5.00721527878439,-0.170265643399101,-2.16118735710907,0.214395591260716,2.7396976932422,2.7540752447742,1.90896466411372,2.13117990296712,2.43258368886016,1.44592873833233,0.502991584276787,1.56168270505663,3.41699177667247,3.05173517598475,0.38168572844982,-1.14087283978722,0.723219588790053,3.58157812571578,3.45237748921579,-0.00396911870535765,-3.23142743225171,-3.17882317040599,-0.284130496420333,2.65948642398585,2.99298308079677,-0.143464361756628,-4.84416829544751,-6.9986628043681,-3.85874966835219,2.17263002067194,4.79905153067708,0.534299454952064,-6.32749597121945,-8.26377072249708,-3.64261437227045,1.84429870430409,2.61925540234586,-0.500267044845847,-2.93247260028714,-3.03162776692509,-2.76228809871768,-2.88035306749755,-1.52310259768378,1.57066600898499,2.95570194922093,0.088005904681123,-4.09864703352303,-4.51322795196478,-0.852015949758012,2.22296984454642,1.79378857021195,0.147700538597687
-0.263769430058252,1.02304406421999,0.430834525087025,-1.42440537970211,-1.25244075583717,1.50354404174993,3.41124126335506,1.99767453085986,-0.571345949691876,-0.773596033372997,1.18713067900145,2.38039421056322,1.67582882765879,0.833375530558087,1.33746488683449,2.24854794117552,2.29219230872693,1.91611540865605,1.8765685839987,1.64077263231201,0.856694593943313,0.993762074565499,3.25350752809164,5.51336525009347,4.12690576466609,-0.534508861157585,-3.32470449072069,-0.698509693447479,4.44291683234277,6.24320226139205,3.01088190609032,-1.60213213428493,-3.84933922813217,-3.42623942876029,-1.40771178781427,1.87308810753702,4.63626299247162,2.92601179014282,-4.17006967478733,-10.3886128188145,-8.03339313744373,1.67380203995957,8.1390458258219,3.55380791424579,-6.88631907320727,-11.2021793762949,-5.60373341615819,2.15406022829039,3.73527660817003,-0.178832692852308,-3.28018953200543,-3.13387307181653,-2.51959466580816,-2.9380706749066,-2.14802534145605,0.858885775322954,2.73627591314307,0.464479365060601,-3.45271214729347,-4.02000555746792,-0.790452893118338,1.81220659832695,1.07616989978051,-0.616941827579872
-0.699211011420905,1.17930427192441,1.99653853953803,1.0802089503084,-0.380377583380527,-1.15975731772297,-0.732745922090412,0.952625486908792,3.09979316802061,3.81250666500388,1.84122774912073,-1.03621504018291,-1.55139642417289,0.848394732559586,3.34413595782932,3.67882206679292,2.92104929728906,2.79391884181038,2.30059669088007,-0.014157759354938,-1.77843222100361,1.01997334147799,7.05622341822311,9.09698546403179,3.17433275070928,-4.52479771845764,-4.67896870849513,2.63615930089479,7.83582203988292,4.85339838163043,-1.14375051221414,-2.27767027684963,0.683861941144906,0.699667663237085,-3.47040431510862,-4.46957573522739,1.36753778638518,6.40111367549743,1.89129470348653,-8.50248313270356,-12.0237529722307,-3.78104216876057,6.21733459968296,5.9408598216856,-3.26542841045931,-9.59000833039364,-6.82535381973332,-0.49842378191662,1.66445592507654,-0.554184119467474,-2.20245830388101,-1.61869483239692,-1.49818598553271,-2.87919263596465,-3.14100851841132,-0.819771704484751,1.39618190160887,0.615017052481515,-1.78670279579406,-2.29232031210868,-0.492850887585999,0.718856321431595,-0.212559448702085,-1.40317985910953
-1.112457567685,0.812072276417089,2.7087506531057,3.21944346464133,1.22764146771997,-2.3394576177648,-3.89706831856507,-0.74125268027164,4.74906416237672,6.78574023261714,3.01669654771804,-2.11141016997264,-2.94344855801012,0.344706937397583,3.25868652713762,3.8408567736395,4.11960650550628,4.69381897572883,2.71791074174097,-2.04119410216448,-3.5637166892758,2.67241755385612,10.7512745402781,9.80756688490574,-0.685172287402872,-7.74046454721445,-1.61931532809178,9.71554047245677,10.3036913012457,-1.40369931405849,-9.42189108897079,-2.60189748324649,9.55536409186189,9.39384728615839,-4.53425092340464,-14.2401507258056,-7.04366500958135,7.32799914630959,10.5122877920433,-0.984990480445619,-12.5872947899561,-11.3737696656495,-1.24816058411335,4.9575565292741,2.21854770173933,-3.41761534951175,-5.59626266886463,-4.54935994116312,-3.23340430149435,-2.19060901139245,-0.477071842560693,0.862903266970659,-0.127338461128912,-2.66642675718566,-3.78842756189044,-2.42116937085729,-0.548805985683676,-0.0197786322938411,-0.281316112136965,-0.073715883592026,0.286847491009219,-0.263580722680144,-1.48638330218448,-2.02352576363557
-1.37901292633682,0.0803475554827848,2.32627930649645,4.08200133083803,2.6905714856039,-1.81825110583283,-4.74153601569646,-1.87587831992102,4.30424301660725,6.98066280111368,3.55897718258597,-1.21956138895584,-2.07760925252974,0.277813298985766,2.17807304592078,3.1968236958634,4.99312914748077,5.83879959526789,2.19616233018072,-3.4135692676524,-2.62484268480748,6.51123025525606,13.1408308965961,6.54720370147918,-6.93951203184517,-9.17451466453753,5.20202072084459,18.5446048780568,11.4742855977148,-9.71916980510374,-18.563587190545,-3.16097846175653,17.9748572609603,18.5728653622421,-3.11191954333638,-21.4394589589895,-16.2214219270059,3.85217612406209,15.4892944256063,7.91961984430018,-7.99239869209825,-15.515985363157,-10.3524557696728,-0.490450010557274,5.16973196002607,3.97442577031918,-1.61041008564229,-7.11696298590218,-8.42543362223804,-4.7161012886005,0.531684211376142,2.6922485659296,0.716251245706415,-2.26964128066541,-3.34088721831994,-2.81906581068624,-2.25402763811477,-1.5660865343831,0.00917907423879027,1.58415414364015,1.38117795752974,-0.518206100646466,-2.12171647397992,-2.24036633588326
-1.36316121780301,-0.661001153999986,1.21059015383945,3.48536336259539,3.17330312469765,-0.442782704053312,-3.32912339192019,-1.55374094147002,2.99971497689633,4.98230220200962,2.78222093250488,0.0651054536145148,-0.0862887608043845,1.11920115591832,1.83099620255096,2.9784895951876,5.02367716058849,4.76484031090794,0.182926051735898,-3.36722169936671,1.50397148619692,11.5388992680609,13.1704027089203,0.510243855289746,-12.6175527322071,-7.7231079197214,12.5484983920965,24.1699992529921,10.33056458365,-15.096476169702,-22.2422296242735,-3.07561181678639,19.9038652249177,21.1254756229903,-0.157175774763123,-19.858853947326,-18.9071047010634,-2.65995001148007,11.2566619933668,11.316344630208,0.00637255476720888,-11.6774134275643,-15.0250418391845,-8.43833116310561,2.27687745691798,7.80328087585813,3.33157870174199,-6.16639779692484,-10.7785117752214,-6.77188408057981,0.0432680953455185,2.46015055182451,0.194973604140016,-1.92589014222186,-1.72509836329665,-1.55055839921695,-2.88355367293914,-3.41109800811078,-1.1346951108327,1.84823988520644,2.17742788870299,-0.00958541112278799,-1.78920392639488,-1.86841041553298
-1.00397473695134,-1.09077317061698,0.0391055090799863,2.02736549502026,2.48657283465702,0.636306666426914,-0.936705991457655,0.0792681963069093,2.21080459768705,2.550119803796,1.12669323468963,0.413685857535676,1.31143865306253,2.41385410328306,3.09743265055219,4.0732665945162,4.32408589848928,1.50997521533659,-2.64682658150221,-1.5011090142081,7.4433632615425,15.1469491176414,9.94156793571056,-5.52602439868923,-13.4033642079602,-2.11731388029877,16.6839780810067,21.1350867228774,5.12208264034703,-13.7004316665252,-14.6354381612925,0.0999861805795845,12.2930441854773,11.3194562068854,0.937404515675823,-7.72342192929399,-9.7642707966709,-7.97137798838063,-2.80279604222712,4.32526928808885,6.76225673619386,-0.0642372335550561,-11.2022556740179,-14.7557289881075,-6.011031544008,5.15076969538444,6.31065925393162,-2.12771860164347,-8.79331419800419,-6.94435805600462,-1.52834981271595,0.0964124138577724,-1.7723274423476,-2.01479830377001,0.199857068159866,0.708316904373099,-2.13455323801534,-4.46169257553381,-2.86851285817064,0.629167870325756,1.97615960893592,0.6852895017295,-0.668840874987473,-0.906085155740926
-0.361765370794581,-1.09496307820427,-0.656437084375089,0.615944429108695,1.19950994948436,0.853932553851691,0.941733487629485,1.91892944672517,2.34104450037128,1.2382597921218,-0.163194792163151,-0.189349524937347,1.2197401114117,3.23795613998453,5.31323946739006,6.08766941735029,3.25694816738698,-2.35979751703726,-4.43547107687599,2.31633084542236,12.8269240294393,14.4738494347926,3.05509743510075,-8.984522542806,-6.35444194062967,8.2648439040218,15.9208951320531,7.41679611446522,-5.17976970081946,-5.69150632757919,4.91728064409378,8.35061843539935,-2.25712241380443,-10.2456071140917,-3.02814295733769,10.1997171954005,9.83481400839985,-7.97619052449278,-20.9513519648444,-11.6214117791632,7.91233216062171,13.7419873512902,-0.215125178971275,-15.9067567984793,-15.3541495653464,-2.71034431890982,5.36026909956223,2.31004469769017,-3.79936575735139,-4.95471101890487,-2.99932238044647,-2.98686137762566,-4.18924033701996,-2.62099223242955,1.16725695779054,2.40807117553616,-0.574074969603595,-3.88646610115248,-3.78578043935921,-1.27566851397819,0.531774424270714,0.780202716327632,0.612210946769706,0.390902439480186
0.399728075534087,-0.771168560163823,-0.783148347819938,-0.163293421010712,0.17648365754328,0.559005482144538,1.64024391593161,2.76174043397269,2.64407018493388,1.29345933649666,-0.0838650586498479,-0.599750004451729,0.255430880288205,3.09523761822131,6.87237568112578,7.4690536676486,1.94885824323361,-4.85956805528316,-3.31559125328196,7.80638150181268,15.7552565748898,8.50276237707223,-6.5645583401251,-8.964729925455,7.42769675298173,21.8556478588673,11.5933295167029,-12.8934039458089,-18.7015209002658,4.70609950194561,29.5399677208363,20.2887455068519,-16.6330861654678,-34.9059102473879,-11.5824539706651,24.9755510360061,30.8240584291532,-2.25208700421752,-33.972162655046,-28.2618310309564,2.84655246134222,21.9478186707588,11.303190106616,-11.5532752862518,-20.1622793838835,-10.8194323131278,1.00404223538667,4.08375281492004,0.879024461143632,-2.04173507758509,-3.43204256116289,-4.90214051892496,-5.49325179396077,-3.25012583621661,0.46667383081438,2.1106018229709,0.585796081052202,-1.81470567130004,-2.89243772874279,-2.61615037245597,-1.63641272931008,-0.135715207438642,1.32284173728787,1.56833059391852
1.07695822555998,-0.293119932937457,-0.618263120239217,-0.365531403929976,-0.0887767639152528,0.563830296257435,1.62653151140084,2.24891358679583,2.06267201974088,1.68069995827153,1.25515602791603,0.319703005991916,-0.0548328315049718,2.40625364876314,6.57160486425752,6.70910243759711,0.296653265056933,-4.88911223207838,1.06210206575118,13.8288154117396,15.6745814738761,-0.664311178422856,-15.9995742003345,-6.30235956317065,22.308004022963,33.9371701970648,6.62296945353614,-30.596825984199,-29.7671661708011,12.139929066208,47.2184121306781,29.9852059133282,-23.6571575989048,-49.5584942456829,-19.3266810127286,28.9525924018113,40.7745697148589,4.71172675266683,-34.7320377509027,-34.8969473797208,-4.43421426567121,19.3821721650278,15.3073925018523,-4.96808213586238,-17.2156896237339,-13.7226025766109,-4.05597525744549,1.852834759432,2.22170030092657,-0.108801756007818,-2.8362547653836,-4.67615118110249,-4.67201485656635,-3.10288311249961,-1.43134847132153,-0.433191190291559,0.268366999729014,0.598306917357484,-0.388214187757854,-2.4888273896978,-3.45674578694274,-1.74677206234513,1.06108833539227,2.16474061631068
1.49756601935641,0.228860952073654,-0.47755584756335,-0.474923906295277,0.193259796063863,1.32780650291157,1.87601938400395,1.11922616365155,0.329141140779249,1.16831595277661,2.69697662199283,2.56321419062103,1.33556423895922,2.12455078961413,4.56232953178912,3.67922196727734,-1.52730552474156,-2.72215123278284,6.90274826049002,18.1622880699216,13.1013951765779,-8.58877099566494,-20.8034371622913,-2.27728429740286,30.8107770639098,37.879544831038,2.92963770373315,-36.1419167792006,-30.8482035132031,13.9576093474918,47.3480830386408,29.4664286116557,-20.7793525372843,-44.1486211234099,-18.7011747003527,20.5059068411935,31.3134527817944,6.08644840073115,-22.7252029909044,-25.2412982864063,-8.06874145010172,6.66113597495182,7.59576761571907,-0.765053663626492,-7.72700546153828,-9.18526220879677,-6.93843322445036,-3.24570465180997,-0.423174238884574,-0.257756549329332,-1.99222802555449,-2.92704543178751,-2.15182883860992,-1.78980681488532,-3.15612406558679,-3.93305865680011,-1.6314643374856,1.89035291729117,2.35217125050242,-0.967548192475019,-3.9559375113757,-3.16833980911728,-0.00143458595194623,1.94146495637701
1.56743518400354,0.77279831423743,-0.419063933569435,-0.869734974961863,0.368458679808704,2.47594001647172,2.86970785717036,0.557483927024168,-1.63059382959328,-0.459693548608472,3.00176497573439,4.84973016736055,3.9795782096606,2.81549682831784,2.15347008359053,-0.0599167331346138,-2.6877094661824,0.56125052691122,11.2468379471147,18.2190892063478,8.7241361689827,-11.1063784682777,-17.0022003778898,2.78171103985625,28.1895199818848,28.7924870319335,-0.017601123193832,-25.4257967491245,-17.0208091680925,11.960684915111,27.5288815740142,14.0671797325247,-11.5449239126646,-18.4067329307283,-5.45784224156014,4.81679028673238,3.95633722888805,-2.22555940683659,-4.32642804242339,-2.07582693941463,-4.75763212304916,-10.3077138790447,-9.08213508988332,-1.48224972973102,3.57977084440673,0.234903405076121,-6.69323163600063,-8.57968764463651,-5.00561051940872,-1.89997909446804,-1.6309930779593,-1.29829855619993,0.336223391097296,0.130068486691383,-3.46324625929637,-6.30527324745999,-4.02143082199713,1.31141960311964,3.65392484250805,0.912272472669401,-2.90666781250846,-3.52835964542017,-1.23576346311984,1.01315989663352
1.28300183727018,1.31281838162099,-0.228790919800644,-1.42215039252343,-0.0320623334279331,3.06449366877571,4.0670476862609,1.17552341713753,-2.35313315412318,-2.09479115793083,1.89441330577943,5.59637212467142,6.16618951401743,4.05191880968138,0.713238327925083,-2.3223992427247,-2.02905922600867,4.03397788588747,11.987898013102,12.6812272939719,2.91988783736914,-7.08191046559757,-3.85420524672501,9.53462015348597,15.763925944259,7.50254552722374,-4.22572691322381,-2.86908608443641,9.6010812274138,10.5437510095129,-4.05908934583803,-12.9404830132541,-2.66972412923652,16.8539432178465,17.0176561948699,-9.73653345472241,-29.6362335615744,-17.6260792888525,11.4829165968409,23.7160240224208,3.50364036961684,-23.9357268729147,-26.2562547793854,-5.62143024351,11.5648076238225,8.85824107113981,-4.85755689860948,-11.8153373843536,-8.33300213772291,-3.22480903047757,-1.76767193024028,-1.12770783515592,0.945507427312097,1.36368287714983,-2.20533168189807,-6.06863586975966,-5.27878864912809,-0.633695420698085,2.67864788113024,1.85287523165244,-0.990794503375962,-2.56534747892047,-1.96194620370441,-0.209865989453341
0.718178750665923,1.71664015344361,0.316723333421062,-1.57066647263504,-0.824188580494412,2.37968980793801,4.30711957198022,2.47390165384408,-1.02508274631411,-2.17527272364726,0.306890655652836,4.18300060592445,6.24739034414271,4.73023022915775,0.654774747717427,-1.92668868345363,0.922294481469543,7.34239720453939,9.39469812138103,2.9867541214115,-3.83332386413734,0.678805074581184,14.4405667501086,18.0382129446182,0.393992670384683,-18.2461694535211,-10.6057921777455,20.5729924161907,38.8657920534811,12.5735840713524,-32.7203106249595,-40.2396107245985,1.03867073998324,45.242737851751,38.087404393741,-16.9842634144509,-53.6350056247779,-31.3249533824909,18.6742614181151,39.2559165555775,10.4631925102926,-29.2292963104858,-34.6863038061058,-8.79828361356083,13.5621269376999,11.5333573775869,-4.07015568715369,-12.1557808654639,-8.2953394712917,-2.70496316892108,-1.8137028994754,-2.4433090974883,-0.89715191052099,0.814992220556289,-0.447311424970813,-3.38882201600139,-4.39918603155011,-2.5619968376647,-0.00137456187613694,1.19998476910646,0.667476852782169,-0.806014564766553,-1.86765069801515,-1.23957062961117
-5.21676572812364e-14,1.75394605286284,1.15270050196608,-0.809544667751648,-1.26723919353506,0.606702717147389,2.81820519228668,3.2398242664571,1.77515209144881,-0.0333877501316903,-0.393807371564561,1.47337517099585,3.99942555176484,4.07663047441955,1.33129836228181,0.418886846631297,5.12778479901467,10.2820899945481,5.86995447742613,-6.70741679448575,-10.152741763812,7.20854840927697,29.8642978233474,26.0388621640835,-9.79026644993882,-36.9209966424569,-16.9987678909441,33.6270321393901,56.8526121074336,16.4437450601113,-45.4474659678609,-53.8637408095426,2.08672364022276e-13,53.8637408095427,45.4474659678607,-16.4437450601117,-56.8526121074336,-33.6270321393897,16.9987678909444,36.9209966424569,9.79026644993854,-26.0388621640837,-29.8642978233473,-7.20854840927677,10.1527417638121,6.70741679448569,-5.86995447742625,-10.2820899945481,-5.12778479901467,-0.418886846631245,-1.33129836228173,-4.0766304744195,-3.99942555176489,-1.47337517099597,0.393807371564483,0.0333877501317456,-1.77515209144868,-3.23982426645704,-2.81820519228676,-0.606702717147509,1.26723919353505,0.809544667751743,-1.152700501966,-1.75394605286288
-0.718178750666014,1.23957062961117,1.86765069801526,0.806014564766651,-0.667476852782204,-1.19998476910661,0.00137456187604901,2.56199683766475,4.39918603155026,3.38882201600146,0.447311424970747,-0.814992220556426,0.897151910520924,2.44330909748834,1.8137028994755,2.70496316892116,8.2953394712917,12.1557808654638,4.07015568715355,-11.5333573775869,-13.5621269376998,8.79828361356103,34.6863038061058,29.2292963104856,-10.4631925102928,-39.2559165555775,-18.6742614181148,31.3249533824911,53.6350056247778,16.9842634144505,-38.0874043937411,-45.2427378517508,-1.03867073998289,40.2396107245985,32.7203106249592,-12.5735840713527,-38.865792053481,-20.5729924161904,10.6057921777457,18.2461694535209,-0.393992670384913,-18.0382129446182,-14.4405667501085,-0.678805074581057,3.83332386413733,-2.98675412141157,-9.39469812138107,-7.34239720453939,-0.922294481469546,1.92668868345363,-0.654774747717402,-4.73023022915771,-6.2473903441427,-4.18300060592451,-0.306890655652892,2.17527272364727,1.02508274631417,-2.47390165384405,-4.30711957198027,-2.37968980793806,0.824188580494426,1.57066647263511,-0.316723333421037,-1.71664015344367
-1.28300183727023,0.209865989453371,1.9619462037045,2.56534747892053,0.990794503375922,-1.85287523165254,-2.6786478811303,0.633695420698126,5.27878864912819,6.06863586975971,2.20533168189803,-1.3636828771499,-0.945507427312148,1.12770783515593,1.76767193024034,3.22480903047763,8.33300213772292,11.8153373843535,4.85755689860937,-8.85824107113983,-11.5648076238224,5.62143024351013,26.2562547793854,23.9357268729146,-3.50364036961697,-23.7160240224207,-11.4829165968407,17.6260792888526,29.6362335615742,9.73653345472218,-17.0176561948699,-16.8539432178462,2.66972412923669,12.940483013254,4.05908934583776,-10.5437510095129,-9.60108122741358,2.86908608443662,4.22572691322378,-7.50254552722393,-15.7639259442591,-9.53462015348586,3.85420524672517,7.08191046559757,-2.91988783736925,-12.681227293972,-11.987898013102,-4.03397788588738,2.02905922600868,2.32239924272463,-0.713238327925143,-4.05191880968138,-6.16618951401739,-5.59637212467139,-1.89441330577944,2.09479115793081,2.35313315412316,-1.17552341713755,-4.06704768626091,-3.06449366877569,0.0320623334279793,1.42215039252346,0.228790919800617,-1.31281838162107
-1.56743518400354,-1.01315989663348,1.23576346311988,3.52835964542018,2.90666781250843,-0.91227247266943,-3.65392484250806,-1.31141960311963,4.02143082199714,6.30527324745999,3.46324625929637,-0.130068486691377,-0.336223391097301,1.29829855619991,1.63099307795929,1.89997909446805,5.00561051940874,8.5796876446365,6.69323163600059,-0.234903405076109,-3.57977084440667,1.48224972973104,9.08213508988325,10.3077138790446,4.75763212304918,2.0758269394148,4.3264280424235,2.22555940683648,-3.95633722888826,-4.81679028673242,5.45784224156035,18.4067329307286,11.5449239126646,-14.067179732525,-27.5288815740143,-11.9606849151109,17.0208091680928,25.4257967491245,0.0176011231936073,-28.7924870319337,-28.1895199818848,-2.78171103985602,17.00220037789,11.1063784682776,-8.72413616898289,-18.2190892063479,-11.2468379471146,-0.561250526911076,2.68770946618243,0.0599167331345241,-2.15347008359065,-2.81549682831788,-3.97957820966055,-4.84973016736046,-3.00176497573433,0.459693548608441,1.63059382959319,-0.557483927024238,-2.86970785717034,-2.47594001647163,-0.368458679808638,0.869734974961852,0.419063933569369,-0.772798314237489
-1.49756601935636,-1.94146495637694,0.0014345859519338,3.16833980911722,3.95593751137567,0.967548192475068,-2.35217125050236,-1.89035291729117,1.63146433748553,3.93305865680005,3.15612406558682,1.7898068148854,2.15182883860997,2.92704543178747,1.99222802555443,0.257756549329303,0.42317423888459,3.24570465180999,6.93843322445039,9.18526220879681,7.72700546153829,0.765053663626428,-7.59576761571917,-6.66113597495183,8.06874145010186,25.2412982864064,22.7252029909043,-6.08644840073138,-31.3134527817945,-20.5059068411934,18.701174700353,44.14862112341,20.779352537284,-29.466428611656,-47.3480830386408,-13.9576093474915,30.8482035132033,36.1419167792005,-2.92963770373347,-37.8795448310381,-30.8107770639096,2.27728429740313,20.8034371622914,8.58877099566476,-13.1013951765781,-18.1622880699216,-6.9027482604899,2.72215123278298,1.52730552474159,-3.67922196727742,-4.56232953178923,-2.1245507896142,-1.33556423895919,-2.56321419062093,-2.69697662199274,-1.16831595277663,-0.329141140779363,-1.11922616365164,-1.87601938400392,-1.32780650291146,-0.193259796063801,0.474923906295229,0.477555847563259,-0.228860952073684
-1.07695822555988,-2.16474061631063,-1.06108833539233,1.74677206234501,3.45674578694272,2.4888273896979,0.388214187757969,-0.598306917357498,-0.268366999729139,0.433191190291459,1.43134847132156,3.10288311249973,4.67201485656641,4.67615118110245,2.83625476538351,0.108801756007773,-2.22170030092655,-1.85283475943196,4.05597525744554,13.722602576611,17.2156896237339,4.96808213586228,-15.3073925018524,-19.3821721650278,4.43421426567139,34.896947379721,34.7320377509026,-4.71172675266709,-40.774569714859,-28.9525924018111,19.3266810127289,49.5584942456829,23.6571575989045,-29.9852059133285,-47.218412130678,-12.1399290662076,29.7671661708013,30.5968259841988,-6.62296945353646,-33.9371701970649,-22.3080040229628,6.30235956317087,15.9995742003344,0.664311178422675,-15.6745814738762,-13.8288154117396,-1.06210206575108,4.88911223207845,-0.296653265056919,-6.70910243759714,-6.57160486425758,-2.4062536487632,0.0548328315049655,-0.319703005991849,-1.25515602791595,-1.68069995827153,-2.06267201974097,-2.2489135867959,-1.62653151140081,-0.563830296257342,0.0887767639152901,0.365531403929906,0.618263120239132,0.293119932937469
-0.399728075533984,-1.56833059391848,-1.32284173728796,0.135715207438519,1.63641272931006,2.61615037245607,2.8924377287429,1.81470567130003,-0.585796081052319,-2.11060182297099,-0.466673830814347,3.25012583621671,5.49325179396083,4.90214051892493,3.43204256116283,2.04173507758506,-0.879024461143624,-4.08375281492002,-1.00404223538663,10.8194323131278,20.1622793838834,11.5532752862517,-11.3031901066161,-21.9478186707587,-2.84655246134205,28.2618310309565,33.9721626550458,2.2520870042173,-30.8240584291532,-24.9755510360058,11.5824539706653,34.9059102473878,16.6330861654675,-20.288745506852,-29.5399677208361,-4.70609950194533,18.7015209002659,12.8934039458086,-11.5933295167031,-21.8556478588672,-7.42769675298152,8.96472992545509,6.56455834012501,-8.50276237707235,-15.7552565748898,-7.8063815018126,3.315591253282,4.85956805528313,-1.94885824323363,-7.46905366764858,-6.87237568112576,-3.09523761822133,-0.255430880288237,0.599750004451741,0.0838650586498848,-1.29345933649666,-2.64407018493392,-2.76174043397273,-1.64024391593158,-0.559005482144483,-0.176483657543282,0.163293421010637,0.783148347819878,0.771168560163864
0.361765370794656,-0.390902439480163,-0.61221094676977,-0.780202716327714,-0.531774424270721,1.27566851397826,3.78578043935927,3.88646610115247,0.574074969603523,-2.4080711755362,-1.16725695779051,2.62099223242959,4.18924033701996,2.98686137762563,2.99932238044646,4.95471101890489,3.79936575735139,-2.31004469769019,-5.36026909956223,2.71034431890984,15.3541495653465,15.9067567984793,0.215125178971237,-13.7419873512902,-7.91233216062161,11.6214117791633,20.9513519648442,7.97619052449267,-9.83481400839979,-10.1997171954003,3.02814295733776,10.2456071140916,2.25712241380425,-8.35061843539934,-4.91728064409358,5.69150632757932,5.17976970081936,-7.4167961144654,-15.9208951320531,-8.26484390402165,6.3544419406298,8.98452254280595,-3.05509743510089,-14.4738494347927,-12.8269240294392,-2.31633084542226,4.43547107687598,2.35979751703716,-3.25694816738704,-6.08766941735025,-5.31323946739,-3.23795613998451,-1.21974011141173,0.189349524937313,0.163194792163135,-1.23825979212181,-2.34104450037128,-1.91892944672515,-0.941733487629451,-0.853932553851679,-1.1995099494844,-0.615944429108754,0.656437084375065,1.09496307820432
1.00397473695137,0.906085155740916,0.668840874987438,-0.68528950172952,-1.9761596089359,-0.62916787032573,2.86851285817065,4.46169257553378,2.13455323801533,-0.708316904373077,-0.199857068159838,2.01479830377,1.77232744234756,-0.0964124138577933,1.52834981271598,6.94435805600467,8.79331419800419,2.12771860164343,-6.31065925393164,-5.15076969538442,6.01103154400802,14.7557289881075,11.2022556740179,0.0642372335550814,-6.76225673619384,-4.32526928808888,2.80279604222706,7.97137798838062,9.764270796671,7.72342192929407,-0.93740451567588,-11.3194562068855,-12.2930441854773,-0.0999861805794557,14.6354381612926,13.7004316665251,-5.12208264034721,-21.1350867228775,-16.6839780810066,2.11731388029895,13.4033642079602,5.52602439868907,-9.9415679357107,-15.1469491176414,-7.44336326154234,1.5011090142082,2.64682658150216,-1.50997521533671,-4.32408589848935,-4.07326659451617,-3.09743265055211,-2.41385410328301,-1.31143865306254,-0.413685857535726,-1.12669323468968,-2.55011980379601,-2.21080459768702,-0.0792681963068569,0.936705991457681,-0.636306666426939,-2.48657283465708,-2.02736549502029,-0.039105509079973,1.09077317061702
1.36316121780299,1.86841041553294,1.78920392639487,0.00958541112282441,-2.17742788870295,-1.84823988520645,1.13469511083265,3.41109800811074,2.88355367293917,1.55055839921702,1.72509836329668,1.92589014222181,-0.194973604140083,-2.46015055182451,-0.0432680953454629,6.77188408057986,10.7785117752214,6.16639779692479,-3.33157870174202,-7.80328087585811,-2.27687745691796,8.43833116310562,15.0250418391845,11.6774134275643,-0.00637255476723819,-11.3163446302081,-11.2566619933669,2.65995001148014,18.9071047010634,19.858853947326,0.157175774762981,-21.1254756229903,-19.9038652249176,3.07561181678659,22.2422296242735,15.0964761697019,-10.3305645836502,-24.1699992529921,-12.5484983920963,7.72310791972156,12.617552732207,-0.510243855289937,-13.1704027089204,-11.5388992680609,-1.50397148619677,3.36722169936676,-0.182926051735954,-4.76484031090803,-5.02367716058853,-2.97848959518759,-1.83099620255092,-1.11920115591827,0.0862887608044031,-0.0651054536145526,-2.78222093250495,-4.98230220200965,-2.99971497689629,1.55374094147009,3.32912339192021,0.442782704053263,-3.1733031246977,-3.48536336259539,-1.21059015383941,0.661001154000017
1.37901292633676,2.24036633588319,2.12171647397992,0.518206100646533,-1.38117795752969,-1.58415414364018,-0.00917907423886577,1.56608653438307,2.25402763811482,2.81906581068631,3.34088721831995,2.26964128066534,-0.71625124570647,-2.69224856592958,-0.531684211376086,4.71610128860053,8.42543362223801,7.11696298590214,1.61041008564229,-3.97442577031916,-5.16973196002606,0.490450010557282,10.3524557696728,15.515985363157,7.99239869209821,-7.91961984430024,-15.4892944256062,-3.85217612406198,16.221421927006,21.4394589589895,3.11191954333622,-18.5728653622422,-17.9748572609602,3.16097846175671,18.563587190545,9.71916980510354,-11.4742855977149,-18.5446048780567,-5.20202072084439,9.17451466453762,6.93951203184507,-6.54720370147934,-13.1408308965962,-6.51123025525596,2.62484268480756,3.41356926765239,-2.19616233018077,-5.83879959526791,-4.99312914748077,-3.1968236958634,-2.17807304592077,-0.277813298985739,2.07760925252977,1.21956138895583,-3.55897718258603,-6.98066280111372,-4.30424301660721,1.87587831992108,4.74153601569647,1.81825110583277,-2.69057148560394,-4.08200133083801,-2.32627930649639,-0.0803475554827626
1.11245756768493,2.0235257636355,1.48638330218449,0.263580722680218,-0.286847491009169,0.0737158835919944,0.281316112136891,0.0197786322938156,0.548805985683724,2.42116937085735,3.78842756189043,2.6664267571856,0.127338461128888,-0.862903266970622,0.477071842560736,2.19060901139243,3.2334043014943,4.54935994116311,5.59626266886465,3.41761534951177,-2.21854770173934,-4.95755652927411,1.24816058411338,11.3737696656495,12.5872947899561,0.98499048044556,-10.5122877920433,-7.3279991463095,7.04366500958141,14.2401507258055,4.53425092340451,-9.39384728615841,-9.55536409186174,2.60189748324662,9.42189108897074,1.40369931405833,-10.3036913012458,-9.71554047245666,1.61931532809192,7.74046454721446,0.685172287402754,-9.80756688490582,-10.7512745402781,-2.67241755385603,3.56371668927582,2.04119410216442,-2.71791074174101,-4.69381897572881,-4.11960650550625,-3.84085677363951,-3.25868652713765,-0.344706937397578,2.94344855801015,2.11141016997264,-3.01669654771807,-6.78574023261716,-4.74906416237668,0.741252680271684,3.89706831856506,2.33945761776474,-1.22764146772001,-3.21944346464129,-2.70875065310563,-0.812072276417075
0.699211011420853,1.40317985910948,0.212559448702092,-0.718856321431542,0.492850887586032,2.29232031210865,1.78670279579401,-0.615017052481521,-1.39618190160883,0.819771704484779,3.14100851841129,2.87919263596461,1.49818598553272,1.61869483239696,2.20245830388103,0.554184119467434,-1.66445592507658,0.498423781916637,6.82535381973337,9.59000833039365,3.26542841045927,-5.94085982168563,-6.21733459968293,3.78104216876061,12.0237529722307,8.5024831327035,-1.89129470348653,-6.40111367549736,-1.36753778638514,4.46957573522734,3.47040431510854,-0.69966766323708,-0.683861941144814,2.27767027684968,1.14375051221408,-4.85339838163052,-7.83582203988292,-2.6361593008947,4.67896870849519,4.52479771845758,-3.17433275070937,-9.0969854640318,-7.05622341822303,-1.01997334147794,1.77843222100358,0.0141577593548678,-2.30059669088009,-2.79391884181033,-2.92104929728902,-3.67882206679293,-3.34413595782935,-0.84839473255959,1.5513964241729,1.0362150401829,-1.84122774912075,-3.81250666500388,-3.09979316802058,-0.952625486908774,0.732745922090386,1.15975731772292,0.380377583380509,-1.08020895030836,-1.99653853953798,-1.17930427192441
0.263769430058216,0.616941827579847,-1.07616989978049,-1.81220659832692,0.790452893118349,4.0200055574679,3.45271214729345,-0.464479365060593,-2.73627591314304,-0.858885775322949,2.14802534145602,2.93807067490658,2.51959466580818,3.13387307181657,3.28018953200543,0.178832692852259,-3.73527660817006,-2.15406022829036,5.60373341615824,11.2021793762949,6.88631907320721,-3.55380791424582,-8.13904582582186,-1.67380203995952,8.03339313744372,10.3886128188145,4.1700696747873,-2.92601179014279,-4.63626299247159,-1.87308810753703,1.40771178781424,3.42623942876029,3.8493392281322,1.60213213428493,-3.01088190609035,-6.24320226139206,-4.44291683234273,0.698509693447527,3.32470449072068,0.53450886115752,-4.12690576466613,-5.51336525009343,-3.25350752809158,-0.993762074565491,-0.856694593943364,-1.64077263231205,-1.87656858399869,-1.91611540865601,-2.29219230872691,-2.24854794117553,-1.3374648868345,-0.83337553055809,-1.6758288276588,-2.38039421056324,-1.18713067900145,0.77359603337302,0.571345949691901,-1.99767453085986,-3.4112412633551,-1.50354404174996,1.25244075583718,1.42440537970215,-0.430834525087001,-1.02304406422
-0.148046079989784,-0.147700538597684,-1.79378857021193,-2.2229698445464,0.852015949758002,4.51322795196475,4.09864703352302,-0.0880059046811074,-2.95570194922091,-1.570666008985,1.52310259768376,2.88035306749755,2.76228809871771,3.0316277669251,2.93247260028712,0.500267044845814,-2.61925540234586,-1.84429870430405,3.64261437227047,8.26377072249705,6.3274959712194,-0.534299454952072,-4.79905153067703,-2.1726300206719,3.85874966835217,6.99866280436805,4.84416829544749,0.143464361756641,-2.99298308079674,-2.65948642398584,0.284130496420339,3.17882317040599,3.23142743225169,0.00396911870532546,-3.45237748921579,-3.58157812571574,-0.723219588790001,1.14087283978722,-0.381685728449884,-3.0517351759848,-3.41699177667244,-1.56168270505657,-0.502991584276764,-1.44592873833237,-2.4325836888602,-2.13117990296711,-1.90896466411369,-2.75407524477419,-2.73969769324221,-0.214395591260719,2.16118735710909,0.170265643399105,-5.00721527878442,-6.6987889107838,-1.62962917133778,4.73929944245572,4.64107782952676,-1.80994325662263,-6.56433618664203,-4.35745919347684,1.07145900264662,3.1924257904732,1.25532158595339,-0.493516429966339
-0.566631737501433,-0.784557351631912,-1.65349563569065,-1.4729922428963,1.02555416600089,3.59699712574581,3.10519873355933,0.0434785804339682,-1.92961606892364,-0.860800387735641,1.41974159199612,2.46676411065443,2.22792923963874,1.93179388145519,1.67147064891251,0.825535975747639,0.0101340879142551,0.622063821429537,2.43794680430173,3.4982444238993,2.67126148799,1.06297417110434,0.46303703395,1.02433767963541,1.62570268567604,1.79795964517168,1.71180205806411,1.26292135235759,0.443023479232401,0.00312179841414773,0.581233746025873,1.20518638584427,0.20328570405505,-1.93719452707716,-2.41668351373715,-0.0705888567076648,2.12172206015198,0.619800869065528,-3.37449961082933,-5.05633930361284,-2.56175988657048,0.576987064431542,0.547270592837589,-1.56202859899017,-2.24056507377912,-1.46589782060152,-2.22652986733031,-4.44295488792699,-3.80414530032391,1.25302051416446,5.12216204536315,1.55702271858723,-6.63213525098532,-9.45514749776565,-2.64120553694234,6.2081698866249,6.88126334421568,-0.815907187977963,-7.31167832809891,-5.82335585186147,0.235198310839419,3.56510930272374,2.27445048524884,0.0469220491268394
-1.02338125263453,-1.24309071328942,-0.757914305589409,0.315661921486809,1.4527618365388,1.63329533118585,0.703244033641164,-0.148722001703653,0.127354998191407,1.051023093881,1.48166143709211,1.28043835154552,1.0720261499064,1.01226768090352,0.879989516608176,1.03395934131513,1.97205177975327,2.88727444258068,2.15450780962442,-0.0109831657654576,-0.920410511859009,1.15677629218076,4.14876260242743,4.33117809728768,1.15248572725708,-1.79372559781849,-1.4365577574407,1.11287168142603,2.738692974279,2.33795030699689,1.10285013729341,-0.159533150289924,-1.6919801768582,-2.78058172765589,-1.67956959788092,1.33865453530388,2.88523006461245,0.42797732915628,-3.70727287405756,-4.89900718242556,-2.32065091124813,0.293034698817402,0.125462395273054,-1.15286147487803,-0.971762567486279,-0.512729718826102,-2.46678357871663,-5.35056559448063,-4.28512170221776,1.45693195401991,5.53823860466652,2.04359162085363,-5.87565722833502,-8.82163906668479,-3.0455187663754,4.77627678001523,5.93274316123789,-0.0167672343850526,-5.56854730892072,-5.06510235563104,-0.528936327691749,2.62774825901565,2.24289366580068,0.269887926018562
-1.45743735558265,-1.48817242163535,0.47920133038323,2.47063774942502,1.97979084226755,-0.67403510953925,-2.19591255319724,-0.429961202263708,2.67522552498465,3.465686967055,1.31168845549106,-0.784377069679151,-0.513977310467032,0.982033028785048,1.59641523948017,1.52174993125722,2.18322044866858,3.01026848008868,1.88287148037629,-0.921343711357911,-1.8799923598205,1.05450783196818,4.89399721564402,4.92804392658108,0.8536096883502,-2.63460806656899,-1.89086947270745,1.36667729127855,3.06540175182614,2.03448766820684,0.361785227564439,-0.380398357573511,-0.817137484644833,-1.53954779525774,-1.54689378101358,-0.104990009420712,1.31121530117869,0.676394660341307,-1.56446674996592,-3.02166919134147,-2.59929014362029,-1.46999618911132,-0.848672002045989,-0.421246721658709,0.126166641911125,-0.334913296674091,-2.52124823172208,-4.4378267775893,-3.20140002369271,0.648376712197547,2.93183261684114,0.771333458435311,-3.49679931736751,-4.90530329650566,-2.05703986827301,1.57558055768749,2.22894974427153,-0.130534908003537,-2.46196629291263,-2.50924582365148,-0.73451137810442,1.0281572728984,1.35231195621608,0.0998374881163376
-1.68477357371632,-1.47819737667871,1.51968530497169,4.08763697212367,2.29816764438769,-2.51877946376144,-4.43943484806643,-0.5365509031283,4.87658744093039,5.46661603248877,0.866856834915047,-3.10252260906457,-2.14713068947654,1.61767027642447,3.53763882600677,2.5235169211858,1.14399597340165,0.982085661053016,0.864537646824538,-0.0124779879696875,-0.0814460550188236,1.81298437033662,3.68049696592849,2.72332678638902,-0.375575999766178,-1.81334101794813,0.206529291964475,2.82571243900601,2.42907692393623,-0.400888231487825,-1.86884156763847,-0.277044221985692,1.82707043312813,1.30513316672179,-1.38228059693211,-2.92256337533696,-1.55889202676364,0.831682298435932,1.32936486949285,-0.63543037240134,-2.92295230652113,-3.2125970555126,-1.45311252523362,0.336837899031253,0.314827677519158,-1.2863947118289,-2.52990529684191,-2.06850915303683,-0.717627765255558,-0.34916868418188,-1.2640952600216,-1.83914972669517,-0.963040507840021,0.284195922428591,-0.00814606706824184,-1.62431655082314,-2.28922669992959,-1.03567976358136,0.490100614458592,0.490872144820075,-0.433350994664525,-0.489748426657223,0.166315281590856,-0.253765265863013
-1.47683534379977,-1.17325580393536,1.92353890454256,4.44100637543275,2.16412490031869,-3.24023446798063,-5.1056166604568,-0.37240035307038,5.8123733079205,6.18065341434218,0.427789608468853,-4.47482859364984,-3.12774102413996,2.15705531569821,5.21168187864643,3.55242540103739,0.127744650761673,-1.39936282252643,-0.563745988409568,1.05389597559866,2.43481714039895,3.12860778384531,2.31697403320034,-0.108339487807896,-2.07581502040286,-0.983461100289381,2.62928153748302,4.65242305395228,2.07961264984764,-2.7119438131272,-4.26341130146946,-0.641409402495762,3.96587540525532,4.04702716990332,-0.697938760609759,-4.92041551347411,-4.02082953117709,0.501371950163111,3.16029243299817,1.06879033391891,-2.88407793902245,-3.92953427849386,-1.40839257163522,0.819722588224194,-0.227138374814693,-2.66418177396635,-2.54106044712737,0.342078370880917,1.80872480550105,-0.918981452756053,-4.71830401852971,-4.26423936197121,0.608262041435449,4.15680731477064,1.86802388958322,-3.52068929691455,-5.42847273489664,-1.95429171134214,2.24981859552868,2.55295730364278,-0.0498928798268443,-1.48579599587967,-0.778199078854399,-0.470497664878437
-0.718032432174909,-0.569872127492549,1.5332738721065,3.30555718169453,1.53362742651071,-2.5692549500505,-3.85860388160629,0.0109635339211085,4.92739729128643,5.08778968773179,0.238479923878915,-3.89512923011603,-2.69224504912835,2.08369530396203,5.06848339919214,3.60188675027862,-0.0492815931784516,-2.09878749484367,-1.21022987975133,1.27287050314763,3.37097327087886,3.6926163679107,1.77862018507,-1.26986673751476,-2.8073770469517,-0.827559431736637,3.29127064484216,5.24564428890202,2.26653980872231,-3.08199491257381,-5.08820322137632,-1.36641734728165,4.05318667211676,5.01515226270944,0.287889961839146,-4.84953581605989,-4.80970718023516,-0.233865364789087,3.14284608866503,1.59269916704265,-2.31006831647421,-3.48903851296687,-1.12227956111351,0.723791102364128,-0.842960970958417,-3.28317721422492,-2.32011662952621,1.47259350609448,2.81000948015742,-1.06951826794512,-5.78437159904558,-4.99879136899946,0.998439957194892,5.16113443395227,2.42187172191801,-3.81807851340052,-6.05114913337286,-2.16910049352395,2.61770308907235,3.06134724152029,0.0488432726496291,-1.92088124688073,-1.26843865712205,-0.36219622235475
0.459156739283723,0.253380549939015,0.547910155449528,1.06783542776655,0.560584919617915,-0.796438892693863,-1.10582747717022,0.541428571709121,2.46443155626299,2.34611551190477,0.224444052304662,-1.37418089350366,-0.595473103118282,1.5632021821733,2.76450078706688,2.02438254508442,0.414457126224633,-0.492913179913468,-0.197047527945006,0.852584433380832,2.01914174688759,2.56582991107792,1.76104470371939,-0.20916496746663,-1.68468498834206,-0.860641146678628,1.9191199839153,3.80790903166098,2.3031277044277,-1.52226664827257,-3.67671936899631,-1.70136512980013,2.28281935383937,3.75211883536826,0.938305679958163,-3.01242896296562,-3.78451822973206,-1.00000976481099,1.6612357364118,1.17266408515818,-1.27537912251941,-2.32291227604843,-1.11214041602788,-0.0904251121341615,-1.11258090799335,-2.52338952483423,-1.60167719153739,1.04656389859649,1.76229052381794,-1.15656083257046,-4.45424156817537,-3.72534346111008,0.636261613810092,3.55639532543517,1.50912820911568,-2.99426511267821,-4.55464160295669,-1.62855714020157,2.00433644403236,2.35036812583694,-0.138702839703961,-1.97755182811273,-1.42608171231544,-0.00076139777351858
1.66836014651716,1.11069019828592,-0.559351664339527,-1.41335288693353,-0.486999792010268,1.27600175476002,2.10384834730544,1.17819663197768,-0.492594835769049,-1.08871750015017,0.0808202239487029,1.88073217008873,2.45685915152173,1.18484707369282,-0.501187071192182,-0.702731647358958,0.770283371309887,2.23727007823345,2.0671972826563,0.569495369923523,-0.405016479995552,0.226885224680247,1.5035847988307,1.74068245031415,0.648542104613716,-0.375118451479486,-0.0538108228955489,1.13374818770711,1.54804403543853,0.479740654396873,-0.934673375714974,-1.11509989304053,0.0741379454117148,1.17633660863828,0.825176456804973,-0.664797782783682,-1.7396510502932,-1.43623357971339,-0.324322574003755,0.292977314278446,-0.120588502843273,-0.940961914291859,-1.37412884955979,-1.31616872381347,-1.13614964439186,-0.939784610517433,-0.550476338746557,-0.154840809227639,-0.348580307885176,-1.29215888731041,-2.06818316396901,-1.56540648738612,-0.0315656628133518,0.914929817544048,0.0766731441013487,-1.7009759048632,-2.31745707464403,-0.930236378816888,0.970331254125439,1.26157784197552,-0.30747094763832,-1.82342315188897,-1.4813451908229,0.356031105205044
2.42490766367959,1.74065703909463,-1.25992805996211,-3.15345268985342,-1.31920508712766,2.66959985024721,4.47274377970127,1.84034433209672,-2.53453032592191,-3.79010495638294,-0.375143970229409,4.16761405737987,5.01946676486956,1.32048871726803,-2.86675554094706,-3.10917286761907,0.601243626759158,4.18282814880488,4.05160155204409,0.764584808948049,-2.01946588967903,-1.70883604107984,0.821706311000985,2.78430775513134,2.49577612682894,0.620365068930588,-0.975875535832225,-1.05166535115805,0.172574986596722,1.42691115727398,1.47159861856489,0.172718409415841,-1.22912244284419,-1.2660643232202,0.0382216594600723,1.02697956682642,0.337555899302444,-1.32683710223535,-1.93870660440165,-0.771248243671879,0.579554125412863,0.271991577401423,-1.33573952760098,-2.16051320160113,-1.21214734422869,0.142211447643763,0.119516123608648,-1.10186250599761,-1.78324304282526,-1.11754505899065,-0.172760415346472,-0.189020198757552,-0.885481648065941,-1.10712930768877,-0.649123074975041,-0.377081364832035,-0.658598806995731,-0.736493467126246,-0.0671326493165778,0.492463128173072,-0.18508642486465,-1.51780079381001,-1.53002448487222,0.469246321649928
2.3870718791803,1.90470307646691,-1.2258213763431,-3.46934912371058,-1.70273236545451,2.72802083633191,5.04256214497411,2.33786396803856,-2.73944534016566,-4.59299244108453,-0.962546170616954,4.40415726098474,5.77398066092985,1.74579470490875,-3.18781331748125,-3.77312296245654,0.226157713631702,4.25494140203017,4.31285730830734,0.998795670933993,-1.89661428107944,-1.85433161894804,0.300469052198411,2.23173562623016,2.56226694399916,1.3910528828949,-0.389067422337839,-1.54472998814267,-1.00522268193719,0.988989119873658,2.43637598387139,1.43246248700539,-1.2721341665945,-2.64155261897148,-1.00275176343805,1.60931814984665,1.860620894587,-0.603126386849627,-2.68705827069137,-1.95529852009306,0.276782741296719,0.981260017758826,-0.468134347864457,-1.80364645111035,-1.35982051159839,-0.253281853420637,-0.343921091020075,-1.34897649305737,-1.42942944474361,-0.219100710069309,0.497398360836847,-0.499426264301295,-1.92294032842318,-1.75666649419425,-0.178132032176917,0.707566834944325,-0.0990193254105245,-1.15885618161731,-0.843786004156443,0.217752456952366,0.174290394564282,-1.08076987006639,-1.46681827127964,0.288981212979236
1.53976354720362,1.51244528792321,-0.488445695461773,-2.30060417916859,-1.54171386174852,1.4871471583892,3.70318858960648,2.44555386920056,-1.2353872753247,-3.31240278211179,-1.26717059092733,2.82714649214309,4.4601060574098,1.88270747924479,-1.80545661147112,-2.43741724079773,0.290391470593788,2.91062740038523,2.70622476958051,0.624752444960624,-0.657822916876442,-0.257491072008902,0.570012516901702,0.878570399471161,1.05325045672728,1.29133019577084,0.808124870899873,-0.588274855978643,-1.33487635388108,-0.00931045051206747,2.09876702684031,2.08201940401317,-0.61809952374546,-2.92614852984834,-1.90180413868536,1.28020538134739,2.68368927145968,0.598704934594854,-2.43891028069131,-3.06307130825097,-1.09382427632262,0.886218206555003,1.03062072560607,-0.122145120544959,-1.25139114660992,-1.87295090379791,-1.94940054830531,-1.17689513683351,0.328388535977943,1.22207101448391,0.19630073630978,-1.95984967814289,-2.83442226727573,-1.3124377612665,0.871829806134788,1.24019649018935,-0.335634872934214,-1.64866620061509,-1.15250268729281,0.169308011086584,0.412259974794671,-0.5872315539061,-1.11670166959639,-0.0348825494143092
0.205817228307586,0.697025506965166,0.590263807280013,-0.251635355113844,-0.945644262282522,-0.343203602467961,1.29148257747146,2.09197909310243,0.901996252982485,-0.914267584533207,-1.02797028415405,0.749768429573432,2.11128290242492,1.39960447471308,-0.128119304252746,-0.23543919192068,1.02024876879959,1.54777226191441,0.51850725349808,-0.395350177593535,0.327710270000816,1.64339455904937,1.50246257183648,0.0473726959614165,-0.558493998216465,0.496873666941737,1.38912806398441,0.501913526052667,-0.92604441133655,-0.538952190544163,1.41761742680932,2.08101070339536,-0.0218087296869104,-2.61049924866669,-2.43003142048679,0.489564584469764,2.78739691553599,1.82609192653217,-1.37672332306987,-3.57986342625069,-2.82652268090274,-0.0473634291773183,2.19553346729638,1.95583556896379,-0.644809173284755,-3.38439337627614,-3.66162122620071,-1.0435070801021,1.96133761076771,2.25873963976988,-0.423128048494381,-3.09197746655814,-2.94213359414386,-0.504800859786076,1.33071347910399,0.876551179495084,-0.738943619656455,-1.47703940955316,-0.869392401006754,-0.0111458895590445,0.181908308368121,-0.156054686051819,-0.425424851937887,-0.292149545086639
-1.11935289634331,-0.222703022198669,1.51821988596966,1.70063412172372,-0.216947897565525,-1.79674363610825,-0.855639951787738,1.47394646291816,2.35914495705131,1.07445555834354,-0.397081551087672,-0.418962386048253,0.323188499919469,0.556343466074257,0.557197529812059,1.21294242439218,1.91892635555732,1.20593019857237,-0.624986663562499,-1.31028758929307,0.278961342475362,2.2787806560829,2.19707902530067,0.301185838914228,-0.862941515245109,-0.113329128603269,0.948057049368685,0.591790269514204,-0.457715801031128,-0.277002541335745,1.16382579688633,1.7513383770066,0.185262176321326,-2.06251010527933,-2.43179561545631,-0.348839020411764,2.10074453870043,2.37638222860562,-0.00411696445970539,-2.97376310404816,-3.72359823617922,-1.33280360221247,2.0401279530825,2.93206178070447,0.163524962232527,-3.46646916720165,-4.01593953279537,-0.986940841602259,2.06136369721039,1.79801678025719,-0.982526547159715,-2.70533181320215,-1.70208293207763,0.128430398286234,0.464963320781318,-0.44431535791715,-0.86313930787003,-0.381403789966597,-0.115444605692123,-0.480807530141129,-0.526377720691484,0.153592348848921,0.457021093264624,-0.375684990344562
-2.00187919526922,-0.889828767929555,1.9238709722973,2.70234840856613,0.292455353369943,-2.19734494811276,-1.67015862595339,0.93836264750574,2.39875245351515,1.56815293352232,0.202476766510452,-0.129003856773314,0.0709762014823205,-0.0581511917383206,0.0385514433396429,1.11113291658262,2.22518680157944,1.73359331180159,-0.144228579904633,-1.25752037382682,-0.354706373695239,1.30850129450997,1.80620377388464,1.00694820612352,0.255906582545101,0.187113992118005,0.144491522942125,-0.289985588540965,-0.449734086434056,0.284902234145618,1.28262288222128,1.32437004451364,0.140981824408317,-1.28336185775635,-1.76473950627503,-0.911432510831141,0.677957230638363,1.69586074072832,0.956336211070602,-1.26649083151733,-2.90996762349016,-2.08526638338346,0.466701277286776,1.83817783205366,0.421379175704079,-1.91988282289716,-2.27180167677834,-0.602804674794347,0.461107463732255,-0.429454496928699,-1.52491333722438,-0.832798579362442,0.653093775137253,0.439895604311845,-1.42447573448103,-2.20652451472643,-0.606706173237386,1.17478908483924,0.661840066194763,-1.15211060256893,-1.33663621462743,0.408824688257594,1.25538974022795,-0.334325106915389
-2.23279114620175,-1.08833887347996,1.70790659146505,2.44651210650523,0.399164996155012,-1.48149190541074,-0.964627281530015,0.690073647842822,1.21658729001523,0.6300701196577,0.503634298467607,1.0781842287622,1.00119909905002,-0.137929771215415,-0.833774281616544,0.107676296263124,1.69176843374866,2.08396577732375,1.02466347526738,-0.145644445085767,-0.446580231006228,-0.109406671836426,0.408293419659448,1.05504544014728,1.56494080339046,1.22303636963565,-0.0521789251017016,-1.07844699691292,-0.744754532775756,0.46986513421023,1.12861944870411,0.734918710828981,0.0938433070681528,-0.183693528892609,-0.455772138810507,-0.971158540351004,-1.03323014396835,-0.107339320365434,0.922861628344345,0.719422379804845,-0.603639151105408,-1.60985443500395,-1.50593403523068,-0.897612250489098,-0.428681508674128,0.158400291464837,0.843569398476154,0.404706252951525,-1.69940725286551,-3.41340118734803,-2.13534293767189,1.36588581150415,2.99723705319989,0.44869360651869,-3.25605193006917,-3.44688357460652,-0.0637013993866955,2.33922880086988,0.887435049421792,-1.82731901652404,-1.7617460074323,0.728628880459927,1.72690782943591,-0.284926764052723
-1.8468232425371,-0.84476071220319,1.02256887142386,1.27244671883534,0.223268030461553,-0.120807035340387,0.521910911250215,0.584605923123571,-0.349068639035743,-0.645632769720921,0.684787230956518,2.14407626142755,1.77474805567858,-0.00125637660105338,-1.0044557763485,-0.303625132469826,0.901229610637997,1.37516611139929,1.28600618279595,1.14187515787926,0.655585990692704,-0.370843751831607,-0.941549413891699,-0.0171465391724543,1.61892862691628,2.01616171799393,0.676684354481562,-0.719338271407978,-0.701262484278926,0.0886724233898242,0.240316237530579,-0.153705669821534,0.108576652055254,1.03762799156871,1.08802848141225,-0.509287265121676,-2.25638062213626,-2.12118339003485,-0.103424879273986,1.81186035105677,1.86050597693767,-0.0262921472789277,-2.48289575304831,-3.61259918692485,-2.11340461698189,1.28991147402972,3.5155321402794,1.69900300007687,-2.96113620377029,-5.43441124649041,-2.56616442356408,2.58006720301547,3.97811670044827,0.101408739736927,-4.01644473952164,-3.35705549043717,0.641264095655827,2.50734522003787,0.274058458029038,-2.32275329345171,-1.57203827505841,1.11143993654107,1.76715177317435,-0.275877581411616
-1.028353636735,-0.38576671848783,0.130444554508265,-0.107554588622706,0.108314157813822,1.24159073178669,1.67523451662299,0.235007887050724,-1.45526383257811,-0.99384657710736,1.20048876052842,2.33171338732496,1.19436856325355,-0.284675722385583,-0.114973953246214,0.889990960810807,0.757648699166527,-0.278875769039818,-0.169238744645933,1.48029693098236,2.46227482972615,1.12393996079234,-1.09266715423278,-1.55092520562589,0.0684153621225798,1.66373394834699,1.71787028576078,0.835583051858348,0.113544753352911,-0.451223603425596,-1.12194356827075,-1.19709129987735,0.0929887633097453,1.87999113157949,2.14975422810222,0.176874847557749,-2.37063628100145,-3.14117643392193,-1.42808990780495,1.36287944764592,2.92522857965734,1.67670235354776,-1.81873455410428,-4.59327161448937,-3.56997286394786,0.83226426268173,4.14823427408219,2.41501156779658,-2.71727534698581,-5.30420550025937,-2.34575414139476,2.3428513362721,3.0130414113488,-0.665267523769926,-3.48424986710197,-1.92903636465162,1.3414503315583,1.73294679010808,-0.871563751615705,-2.48270643985972,-0.956347833801553,1.33336108416464,1.40461467907241,-0.230131489562546
