0.0226627963903991,0.00675201359557261,-0.0168415420803926,-0.0130873318759687,0.00974699224501557,0.013182159670346,-0.0103458835692735,-0.0226994414075624,0.00239966469994678,0.0350662173697166,0.0269144002132948,-0.0200910906605987,-0.0504840237335855,-0.0252055884656261,0.0290753671936522,0.0536274168473877,0.0248903857907435,-0.0252874204560468,-0.0491614685258286,-0.0293739493853484,0.0134061246925967,0.04330695164283,0.0361738224855397,-0.00196209605960119,-0.0372571091426033,-0.0370114758008659,-0.00313084446950822,0.0283160689783303,0.0273862135689341,0.00325838654613595,-0.0124601155526433,-0.00833958651570293,-0.0023918212428144,-0.00833958651570296,-0.0124601155526436,0.00325838654613558,0.027386213568934,0.0283160689783307,-0.00313084446950757,-0.0370114758008657,-0.0372571091426038,-0.00196209605960194,0.0361738224855394,0.0433069516428305,0.0134061246925974,-0.0293739493853482,-0.049161468525829,-0.0252874204560473,0.0248903857907433,0.0536274168473879,0.0290753671936525,-0.025205588465626,-0.0504840237335855,-0.0200910906605988,0.0269144002132948,0.0350662173697166,0.00239966469994664,-0.0226994414075626,-0.0103458835692735,0.0131821596703464,0.00974699224501592,-0.0130873318759687,-0.016841542080393,0.00675201359557217
0.0204758178482237,0.00233563026057624,-0.0114138575504916,0.000543299462629154,0.0146357991114182,0.00128365882243997,-0.0249074522389835,-0.022832959200069,0.013011590105527,0.0394755318537336,0.021786951984975,-0.0201377566878839,-0.0385504797417235,-0.017743113538909,0.0140197634466622,0.0266897065480515,0.0186027765249784,0.00305926417583813,-0.0125980801520354,-0.0239171583736261,-0.0199950893457686,0.00393479318262314,0.0291692264010651,0.0285678166042101,0.000899499954712467,-0.0248816740604173,-0.0244075432946702,-0.0048694272754521,0.0105386352975973,0.0135448849050752,0.012525325281685,0.0102908964397836,-0.00124277436293053,-0.0208542957115661,-0.0286779468190555,-0.00890144177524562,0.0249530290979481,0.039772876635264,0.0183483798477385,-0.0216011764455495,-0.04438643192244,-0.0288675475949387,0.0133794332848216,0.0459904771653571,0.0375202512935406,-0.00745394353869022,-0.0465923278137995,-0.0390168568998726,0.00798032244772192,0.0424276114849241,0.0276187446378629,-0.013709283028696,-0.0297167487434568,-0.00655910141585618,0.0170940498299332,0.00797580945051589,-0.0150447494186357,-0.0125365226092285,0.0145022390487333,0.0252815682751908,0.000737724225023366,-0.0265275595797752,-0.0194277335227054,0.0100569790117499
0.0136357869157268,0.000126026478334101,-0.00370542463754823,0.00761027374255116,0.00993167819029402,-0.00753872593159764,-0.0209680403780923,-0.00789425623068768,0.0157763213951017,0.0179834023305658,-0.00148700452650762,-0.0119260639710958,9.01950549411779e-06,0.00999071467391798,-0.00381703936990099,-0.0221392881224151,-0.0106860665087048,0.0248077040888115,0.0389583213476571,0.00705286283982202,-0.0380194639012326,-0.0440039840693113,-0.00334418857881019,0.039583407493109,0.0422054887095394,0.00737436275708699,-0.0284822191157764,-0.0362241839524796,-0.0155446458965714,0.0138450382119721,0.0305091677760871,0.0239981500464587,0.000377290194949642,-0.0218380345058101,-0.0262909342831433,-0.0119662340444406,0.00873705151059759,0.0225263263116879,0.0223200621348329,0.00665397511168115,-0.0175254324667876,-0.0318421279103136,-0.0189952328032836,0.0139389743832036,0.0347424700920899,0.0205629759034812,-0.0125533461100305,-0.0276348524074845,-0.01275629964752,0.006962584183626,0.00817315861233905,0.000528791623750154,0.00474258020202045,0.0147173131975211,0.00583695912242455,-0.0209749747088569,-0.0308465259777129,-0.00340686726683728,0.0319366005887949,0.031190445170182,-0.00447160647344247,-0.0299606350926557,-0.0177831939352006,0.00850904638718145
0.00213251358697042,0.000564704784977353,0.00555350655403007,0.00788666832464799,-0.00257772860973255,-0.0130640607083368,-0.00407164495517772,0.015309906901226,0.0137571851414007,-0.0140688650371525,-0.0301596297266707,-0.00323621749900379,0.0395627023454857,0.0400742594969413,-0.012670125011477,-0.059491533686032,-0.0408418338722867,0.027044714571397,0.0688804682910879,0.0387470084203716,-0.0297622677147141,-0.0652143053814568,-0.0358221811375961,0.0241887403097004,0.0569152665650749,0.0367026773608611,-0.012660958200921,-0.0450631861705979,-0.0342244683357382,0.00476183424136828,0.0326317649901258,0.0261705872651429,-0.000167389481739203,-0.0155853771369489,-0.0106090951739925,-0.00265685259897173,-0.0051330518375931,-0.00700360381448813,0.00635220420128957,0.023623780570575,0.0184482545583201,-0.0113254492842341,-0.0340792511014955,-0.0227221620312805,0.0103768145996865,0.0299457003074524,0.0205069745741104,-0.00215249399588102,-0.0173882868754212,-0.0205307226209664,-0.0141057305749267,0.00275025495983429,0.0236006782041357,0.0279737143575264,0.00372034457449489,-0.0285775086597637,-0.0327698855931534,-0.00262284315106469,0.0272267328023059,0.0244369652470966,-0.00170543263668995,-0.0174236797373254,-0.0104703100611814,0.00101474089148604
-0.0121473669041521,0.00134756235779039,0.0141984431863479,0.00579749956880755,-0.0146793413419673,-0.0150915163777422,0.0125477664776448,0.0320596369503154,0.00897860451310931,-0.0357150791666492,-0.0440943251528449,0.00339332178678469,0.0552432602063502,0.0486753469945267,-0.0124510268258366,-0.0612102716844821,-0.0456779329248131,0.0147084432287569,0.0570653322078181,0.0441747515541726,-0.00552614869469565,-0.0451272399858113,-0.0429258807570532,-0.00429873434057559,0.036387444689474,0.043506879061761,0.0111822672066375,-0.0284327415391406,-0.0358292588832741,-0.00718998695618113,0.0217520888276482,0.0200476953147763,-0.00163338311510295,-0.0102028904840773,0.00217824759767101,0.00983849255188626,-0.00488536710465797,-0.0224839137222804,-0.0135002174536527,0.0167365705409398,0.0317328131889121,0.0115411027527913,-0.0214538793420528,-0.0314810185938047,-0.0117062122456171,0.0140543390396183,0.0231037418995772,0.0136286602651721,-0.00309293484164142,-0.0164343130916434,-0.0189965605868928,-0.00740955182026131,0.0108730845270923,0.0194313820080918,0.00982989665469164,-0.00721300515629319,-0.0144320375636151,-0.00852440269943707,2.96444903323612e-05,0.00428297993872176,0.00671509003092912,0.00782321571214104,0.00185477510629449,-0.0095953566653636
-0.0247594319411707,-5.45049097575301e-05,0.0189610696011921,0.00558693955311183,-0.018010775022813,-0.0127976287988946,0.018404886150555,0.0310499248478796,0.00155770415131426,-0.0358085688819374,-0.0323316042244507,0.0100680672878248,0.0409761459735375,0.0266973551546093,-0.0111560093558998,-0.0300131839463674,-0.0181427926771384,0.00295616305326117,0.0146194362447155,0.0175405041545203,0.0142793124572586,3.43100296985813e-05,-0.0202868029373452,-0.0250764082152152,-0.00242754531274104,0.0262359324138469,0.0275459025307159,-0.000287156720984524,-0.0232672859773563,-0.0159597914044275,0.00670979923343273,0.0136771949797896,0.000747110891226178,-0.00834540405744803,0.000273243586206796,0.0114540221635459,0.00586723459155342,-0.0109211891100214,-0.016944207241156,-0.00457976108632878,0.011154777653594,0.0141634149990308,0.00503080235364304,-0.00537092058165758,-0.0108495779571594,-0.0113896588571223,-0.00626834821353,0.00472630239077246,0.0151463512819429,0.0146388986000359,0.000243754069633042,-0.0175766407251785,-0.0230282693791722,-0.00922188771000232,0.0146789682522596,0.0285488729334794,0.0169395498210208,-0.0135110108271948,-0.0340975164760105,-0.021183984804075,0.0143112919468778,0.0337867576696264,0.0151104269268129,-0.0180605848678137
-0.0301763187629827,-0.00372017076429097,0.0176473918642999,0.00789212121374513,-0.0107614697034525,-0.00687037002865408,0.0120984218129106,0.0139114639215738,-0.00656721159381666,-0.0186720561477846,-0.0034310881058253,0.0165310233520201,0.0111634139186373,-0.0103614286297679,-0.0130324544796162,0.00920429717166558,0.0217921057353698,0.00112778301061922,-0.0267962782151959,-0.0202626576438379,0.017268601480804,0.0378187269126208,0.0132101064796826,-0.0263887042069571,-0.0324199911537825,-0.000341406214301662,0.0283118643218042,0.0215856291722541,-0.00595928782372742,-0.0186695849049613,-0.00621352895205749,0.00982409920855139,0.0087348631754571,-0.00481392144575364,-0.0114010639910637,-0.00229199784738886,0.0120521313821056,0.0149147680714284,0.000787712493633394,-0.0185617700702841,-0.0237120663395181,-0.00588679761256619,0.0212291270401909,0.0311621806718461,0.0106005918851881,-0.0242134866577498,-0.0402662894283121,-0.019978056501617,0.0201663118363855,0.0440733960332972,0.0282554810934077,-0.0160531899866242,-0.0495105654273331,-0.0386011693870087,0.0105575223756775,0.0521604273549896,0.0424728681918737,-0.0115055752923138,-0.0534743990250118,-0.0383050451243051,0.0154416535490532,0.0463088015375086,0.0231031050657371,-0.01984231220531
-0.0248859529042364,-0.00685509357942915,0.0112804876447243,0.0102641875707353,0.000879204101181774,-0.0013984464329573,-0.000407419646346982,-0.00555045734664602,-0.00900214339334959,0.00281071646922229,0.0201623521435941,0.0159485845731139,-0.0135558199001646,-0.0333336227609462,-0.0119999791971953,0.0307449892062951,0.0424220742266499,0.0044200905686661,-0.0405844470100603,-0.0390762012099878,0.00753167609274263,0.0450734469819807,0.0326106394978571,-0.0116767796295304,-0.0369266105443066,-0.0195779900815623,0.0151919458056146,0.0281305482473372,0.0100520548809631,-0.0135872732828924,-0.0158040667772971,0.00224206883868497,0.0155238177237664,0.00610862920654171,-0.0146642652486451,-0.0191247398101772,0.00267244775102446,0.02716969465739,0.022467323338832,-0.0118538626521916,-0.0395402669833504,-0.0274031835696182,0.0150108959830408,0.0438067731560698,0.0284144546135636,-0.0163591406849854,-0.0467336024940835,-0.034139262436354,0.00901793162607044,0.0435875747111559,0.0383529299565206,-0.0035263140111504,-0.0445571605697085,-0.0446435105674642,-0.000950002439710025,0.0443331538132307,0.0437294072549861,-0.00283544094255036,-0.0443706109184531,-0.0361393296346362,0.00886151058905162,0.0374485941618603,0.0210744439264919,-0.0137583138203818
-0.0100529482938375,-0.00614968177997288,0.00388345496340752,0.0103258699318305,0.00790777304284739,-0.00205635999734997,-0.0122530078318973,-0.0124937588826242,0.00134703614647962,0.0185589866754047,0.0200755676708958,0.000149414454862509,-0.0227202474151478,-0.0232236614546389,0.0017506021825877,0.0271305848342794,0.0266295284991257,0.00104402153494895,-0.0239950313008324,-0.0248498007581183,-0.0018493567112417,0.0231879439689017,0.0276031420164437,0.00738410714088523,-0.0189441823483026,-0.0257367977837071,-0.00523835981484967,0.0215261229284919,0.0250732204520868,0.00125311717299592,-0.0217928981840745,-0.0163942942159853,0.00945310926041234,0.0215455504440612,0.00408438552950018,-0.0194421844678337,-0.0172111632018994,0.00844515040407452,0.02378243543003,0.00827294050162241,-0.0190630857849162,-0.0251017527447305,-0.00395684060120294,0.0186968230075514,0.0190239158630192,0.000188582991136835,-0.0167963428211881,-0.0177166565634362,-0.00534509148185184,0.00900854180748684,0.0151374050582851,0.0080446444707713,-0.00753698633511366,-0.0175794336181013,-0.0110096889349628,0.00664160945026873,0.016337503094645,0.00712555574481798,-0.00962926179398295,-0.0141166816407276,-0.0023815497154933,0.010157875546926,0.00902191350265272,-0.00249110127958413
0.00838073328216326,-0.000951637108987764,-0.00048678459555632,0.0080496955192384,0.00602208274069917,-0.0107634319341067,-0.0201393338362545,-0.00338037582190614,0.0238136113535562,0.0266081591212945,-0.00240393813453315,-0.0290996903242531,-0.0204787591269832,0.0120917309868001,0.0279972489369868,0.0106397053430562,-0.0130442078754416,-0.0128204082300737,0.0040572041300061,0.00893442582638039,-0.00310251011524263,-0.00736726134642558,0.00873396973801176,0.0217124122263415,0.00566801851667964,-0.0241730643286394,-0.0262513743946247,0.00892258791350145,0.0395347888196854,0.0244665130454237,-0.0211626308657381,-0.0423827015583389,-0.0135956514566686,0.0299754613224644,0.0377579612984701,0.00408715121351953,-0.0304845905945892,-0.0305047023659261,-0.00237087637052443,0.0220074204599514,0.0227267428164849,0.00475651092567942,-0.0157040323947472,-0.0250932047810757,-0.0163289867247682,0.00715784791637272,0.0273722264121711,0.0226721955606803,-0.00805163812894604,-0.0363278063992147,-0.0302225780742913,0.00779562743454034,0.0387033278783466,0.028612253541533,-0.0124193976910591,-0.040166365871326,-0.0255754383856875,0.0132224197343133,0.0335062136281166,0.0167425022432987,-0.0136131297695603,-0.0234026807367564,-0.00768948455670576,0.00913851876014254
0.022611622775901,0.00560154853130452,-0.00116069728390698,0.00496019817051858,-0.00100239525170153,-0.0214710065550833,-0.0232344862258328,0.0112066428707682,0.04511533528551,0.0290183337498458,-0.0266720594658207,-0.0544616857424535,-0.0161322689300256,0.043151947160121,0.0502051059988068,-0.0014446145528503,-0.0438620489241011,-0.0259520786879769,0.0215310290633082,0.0334008298376577,-0.000238225480634527,-0.0254482796164253,-0.00492936708560698,0.028868469117816,0.0220712378791339,-0.0211562767226771,-0.0408933986559534,-0.00399050474011885,0.0470068709422038,0.0461480852688797,-0.0107724061067703,-0.0583585445519589,-0.0407956385266156,0.0221017855751131,0.0607078078040733,0.0351727192000769,-0.024950490427734,-0.058085746286172,-0.0352895879475199,0.0175083127591289,0.0510365749929004,0.0371758413744334,-0.0109997797277775,-0.0520716648001939,-0.0490240263116839,-0.000639819244509451,0.0516687654890138,0.0561795578584768,0.00214789266604102,-0.0608371545555163,-0.0663326449484699,-0.0029083330032502,0.0655707221855608,0.0648333370221985,-0.0063384825028693,-0.0706635259123189,-0.0580445014582018,0.014325858750517,0.0639591794487914,0.0402369899617162,-0.0210355418853411,-0.0482887364938955,-0.020973858322254,0.0168427927971424
0.0271637962627344,0.00870427462811927,-0.00156245740317573,0.00143835503608795,-0.00510925988660373,-0.0223593463626152,-0.0194079884963753,0.0159825893471732,0.0453626521885134,0.0246342076854342,-0.0296740879278556,-0.0519663043683707,-0.0120324986181649,0.0425366761210029,0.0456973837751245,-0.00289262627116868,-0.039459172734095,-0.0213076655513554,0.0205792307854781,0.0289986241599564,-0.00203324738190501,-0.0238547047645399,-0.00396014186810189,0.0287753801428578,0.0250634179641841,-0.0154057516357147,-0.0406130876219419,-0.0138671284861735,0.0364954432957093,0.0496354894275893,0.00635312226637856,-0.0459802780799471,-0.0483054993861734,0.00202247463435285,0.0498231637183457,0.0444531431893845,-0.00657937173887908,-0.0492822502854583,-0.0424452998249139,0.00317237491518218,0.0418850480363374,0.0389982213607111,-0.000713284649621556,-0.0414195037294236,-0.0470562206814398,-0.0100890911366166,0.0390033421771006,0.0528939963354969,0.0113884333363627,-0.049872064534891,-0.0658268874562205,-0.011756231091875,0.0591809998983976,0.0675466079383496,-0.000541096543903358,-0.0705325512003149,-0.0627909218420871,0.012588827578148,0.0681487563145509,0.044514218274708,-0.0226042634646558,-0.0539126114068128,-0.0242913319966336,0.0187692355221298
0.0216296494000515,0.00571789474402922,-0.00607981430710069,-0.00448614721520687,-0.00166787766786999,-0.00472399740672055,-0.00465871997540354,0.00471602336420012,0.0131706823807129,0.00804818553549759,-0.00557311042551907,-0.0104174781698504,-0.00169349984717096,0.00745058773280313,0.00582534114221774,-0.00131748434637798,-0.00143392619889323,0.00624390546585823,0.00954963049868886,0.00128461914744637,-0.00996915395282545,-0.00982598777402243,0.00438458772358904,0.0190961982248245,0.017873737727265,-0.000605535884807287,-0.0189287617055441,-0.0174965781102732,0.00411481184397173,0.0238614526039862,0.019756791361154,-0.00429248545686327,-0.0216510830456545,-0.0142110836174872,0.00684187074765804,0.0162004680269669,0.00554509740968566,-0.00896058793575612,-0.0103864513770699,-0.00167934547437089,0.00352891358030411,0.000926976751923714,-0.00317115136708185,-0.00483986509475323,-0.0057786915748305,-0.00466426632996231,0.00270913587031883,0.0109816833092988,0.0053680592687048,-0.0156919873393485,-0.0278576602925018,-0.00808929508985136,0.0276988737161927,0.0354444812566078,-0.00129006264305496,-0.0429306747004717,-0.0382434074111575,0.00993274976650124,0.0454300568440074,0.0281478611009866,-0.0179255874925788,-0.03838025903156,-0.0159850839584504,0.0156850290218385
0.0102789167834294,-0.00138331616654911,-0.0153631787669604,-0.0148224585699898,0.00590127735063779,0.0277863276846354,0.0220019522985158,-0.0137074853743281,-0.0413810241418767,-0.0226834174293138,0.0286569519322348,0.0543999517152029,0.0201295089984422,-0.0375599788977517,-0.0514096281681741,-0.00662207062339623,0.0421005340095027,0.0410116975522218,0.00101869243996682,-0.0252389333063465,-0.014702033987389,0.00511418521241767,0.00572019981139549,-0.00203703672375577,0.00636338347066392,0.0240070206312721,0.019802102307967,-0.0124167992580604,-0.0373596821700027,-0.022172531211053,0.0197776824683723,0.0439170714670619,0.0262944915918314,-0.0136894480513725,-0.0394643873086537,-0.0321942820327694,-0.000429664115165321,0.0311163352648898,0.0377229971420501,0.0104618124687149,-0.031194116323799,-0.048485059218299,-0.0212391278488785,0.025132038672917,0.0430827678554722,0.0150281914669701,-0.0267691051852795,-0.038456926161117,-0.0138296321729163,0.0151799403362751,0.020389713033532,0.00565916112302548,-0.00806208841471587,-0.0106705452818399,-0.00709005738570337,-0.00319397953657874,0.0013213987181585,0.00614640110456348,0.00629361747353201,-0.000564774040658116,-0.00839412252615379,-0.00863939450214408,7.14906822027036e-05,0.00979111867500056
-0.000941620045246189,-0.00714451606751835,-0.0241790721605102,-0.0276136743602755,0.00903083694218787,0.0579417924389178,0.0524732513719003,-0.0226910083059604,-0.0883337355700495,-0.0572865490733774,0.0469318678341114,0.105017266517214,0.0462508342908288,-0.0600860181095093,-0.0897416978142516,-0.0178427272425852,0.0596076231993116,0.0567598189616126,-0.000556826249897471,-0.0289064903456899,-0.00578971101495545,0.0143481644402652,-0.0055015920147019,-0.028226118161551,-0.00409771405037944,0.0469266384369271,0.0554918723835086,-0.00130051164228161,-0.062915619134727,-0.0584063848845311,0.00851017943535259,0.0666551723533685,0.0590760706477452,-0.00135134720567689,-0.0559372693272593,-0.0594046489314863,-0.0136427746550592,0.0404850325880329,0.0575654292215497,0.02246458824482,-0.0355936043489395,-0.0634166551878104,-0.0333113070675735,0.0257781399026022,0.0553659565563078,0.0266889167992529,-0.0294502107134102,-0.0552495959351605,-0.0264101704066826,0.0247813778404904,0.0450134396199763,0.0153427545908931,-0.0308268423840284,-0.0439689290168445,-0.0106580712046146,0.0316822460561555,0.0364542480944352,0.000617611928740189,-0.0334640462086708,-0.0291921512874765,0.00252274530439972,0.0228742352796948,0.0165705763196397,0.00324994771607966
-0.00788366415856786,-0.00670592395044566,-0.0243980935682862,-0.0355526121310222,0.00213375187028899,0.0648363859677167,0.0696612254265943,-0.0128689912137433,-0.0961270871016549,-0.0744071830574039,0.0357039017675052,0.106549817308944,0.0576721791408702,-0.045425546884748,-0.0803622037107579,-0.0223576971007383,0.0411461334806842,0.0388325704158405,-7.07275497238233e-05,-0.00895968783828788,0.0146659826336098,0.0169398589697127,-0.0192764824189352,-0.0424169380604028,-0.00821312720841122,0.0503817860884588,0.0610955734420926,0.00641199078719338,-0.0530376634217173,-0.0533515660029571,0.000461568289243069,0.0481355841461255,0.0448480632504315,0.00260174325920032,-0.0340485546671886,-0.0355902293446606,-0.00856551666263223,0.0184197311345818,0.0230979160767074,0.00608109019261442,-0.014966715895813,-0.0220400946879531,-0.0113638290261082,0.00535026659698613,0.0133379093311221,0.00555875855515587,-0.0126997601598244,-0.0242541216877379,-0.012899935194399,0.0161536663423066,0.0320437165910137,0.00874495906546622,-0.0362744996653301,-0.0503696666791321,-0.00717034220874601,0.0504755489803402,0.0540307030348573,-0.0048382665235233,-0.0588528947720268,-0.0470764938562513,0.0101440546380395,0.0434168624663263,0.0261895545598189,-0.00266937043168951
-0.00995217678701231,0.000265127234668999,-0.0114370374204192,-0.0298960420713473,-0.0111602340881228,0.0390433772790577,0.0571467485080883,0.00852464638906433,-0.0545006421620882,-0.0554264220023817,0.0052015863610179,0.0528731210346696,0.0381817007116898,-0.00729432082062581,-0.0253406305646888,-0.0088890697972082,0.00453383757236945,-0.00132952209734099,-0.00290210443612135,0.0151420047769283,0.0293984327834817,0.0132019311326349,-0.0187452648191537,-0.0270590484882719,-0.00181569029796466,0.02509113888629,0.0236125079836553,0.00197103299302061,-0.010160349088504,-0.00236303945358485,0.00791430907424093,0.00300426452177445,-0.011652955656537,-0.0155173862434867,0.0015100382063225,0.0249013093808385,0.0267469801364156,-0.00443837001130378,-0.0433284810215679,-0.0465269449667856,-0.00214859449771221,0.0473910094564995,0.0472867792149295,-0.00550689443939691,-0.0539605122021395,-0.0476939059321296,-0.00197687817054751,0.029526718486899,0.0240301191407093,0.00573098572484064,-0.00252581018859592,-0.0109980952421637,-0.0301002179061487,-0.0354534480728248,-0.00021741566854021,0.0492032055586628,0.0516280389378905,-0.00614655208184826,-0.0605700368882706,-0.0484154124384237,0.0111582530071881,0.0451577935474565,0.0245976794331658,-0.00763639915233843
-0.00933325722741376,0.00896686973564592,0.0108549917827412,-0.0076083603257201,-0.019596893154492,-0.00834500668350437,0.0128890643817172,0.0227953953440845,0.0156872797620542,-0.00127867942087965,-0.0193632180442098,-0.0262381936627967,-0.00890358152980369,0.0246509704241023,0.0412445954826559,0.0186427563046832,-0.0211862792104686,-0.0333772212421043,-0.00697309759891558,0.0213760237169309,0.0198697441891007,0.00341206687857568,0.00429640848612123,0.0187085785756906,0.0126429153470207,-0.0200483743071532,-0.0387225342813009,-0.0100033649622405,0.0416811591522419,0.0598344149109039,0.0226970000570624,-0.0350639716924122,-0.063126954361033,-0.0410302445577086,0.0148215490638901,0.0659888391691363,0.0684067029667342,0.00475190583346854,-0.0806793798110816,-0.102719012308395,-0.0244559834819449,0.0829028156133337,0.105069361816046,0.0148350085250295,-0.0894241338588558,-0.0971327946108513,-0.0138613439020011,0.0596117655572419,0.0556445259365793,0.00485646626563025,-0.0271542083191364,-0.0255328976927302,-0.0186123786816508,-0.0157196206982563,0.00128567410905681,0.0297859263974351,0.0342177039426013,-0.00110088510012229,-0.0385039493167862,-0.0327803502431474,0.00646291649460505,0.0286443803430986,0.0120725723794157,-0.0118110793186106
-0.00867583595739379,0.0128371189841736,0.0311978193954026,0.0238893189311699,-0.0132672612891739,-0.0510219916462708,-0.0445283048787279,0.0157090592092749,0.0746949498176448,0.0624982039714068,-0.019191757541583,-0.084348960295218,-0.057915241131295,0.0295055519993504,0.0773478651267954,0.0413009690365123,-0.0195754933038508,-0.0323283714368409,-0.0051021286043149,0.00365975120237307,-0.014483637821199,-0.0078046857970827,0.0413938120318409,0.0703997124579315,0.0211377853630822,-0.0632353360232022,-0.081663664376172,-0.00744793215669883,0.07501422366113,0.0787124976968641,0.0148093484501973,-0.0420878053749849,-0.0524015465052881,-0.034312658785307,-0.00697849187761262,0.0329358897453072,0.0670297562438756,0.0459561642126341,-0.0381681098129936,-0.106148354775763,-0.071856004631941,0.0395075997456089,0.106108335259675,0.053285528577338,-0.0542531472684265,-0.0944011378579966,-0.0370681873586508,0.0364420906562761,0.0481481981240034,0.00862097062812242,-0.0212384060351262,-0.0167878234058424,-0.00358510171992958,-0.00361030695019279,-0.00715908148132582,-0.000361818635267838,0.00879728485905369,0.00647051576279263,-0.00299018640767814,-0.00494899474082211,0.00147697761391024,0.00289865932890194,-0.00648295583552341,-0.0151978365986243
-0.00903283517055008,0.00836992556292068,0.0377641979846508,0.0490889444759012,0.00711769889172098,-0.0647228366506597,-0.0846701218663354,-0.00939419068350932,0.0904375438205017,0.0995938540689719,0.00237205911202579,-0.0904799194771511,-0.0773011612213988,0.0110055982636145,0.0641284098350842,0.0409270657331192,0.00219867471579193,-2.65747008717614e-05,0.0045243749681589,-0.0245803283392609,-0.0501639685132796,-0.00849704468839577,0.0735000740267982,0.0899621339407266,0.00336629983237569,-0.0853416086223651,-0.0647319115652333,0.0338507004898546,0.0791685916249735,0.0224047818659197,-0.0425077054437742,-0.023910271678703,0.0369012878322921,0.034279342767127,-0.0391774841249197,-0.0750333955675078,-0.00924700192258428,0.0792092239877031,0.0734603180068089,-0.0248944090553516,-0.0982432527342528,-0.0659972874718449,0.0233540458684745,0.0677347432049419,0.0348047251911325,-0.0203339466401056,-0.0408389933864831,-0.0264228353022143,-0.00710109048752502,0.00234190481365336,0.00839215200341068,0.0149251622041104,0.0140709000266482,0.00026287881705403,-0.0189865130096181,-0.0283701861673777,-0.0177435263178138,0.00780094974303904,0.0282432378110938,0.0253904052570696,0.00250895412927278,-0.0186165408996614,-0.0230843005228369,-0.0170609988185485
-0.00938374411851042,-0.00227497993886287,0.0262594350720285,0.0536061356841716,0.0289050307368358,-0.0440002670770509,-0.0846638127555766,-0.032965209891454,0.0600508463162326,0.087570878665871,0.0232779972324746,-0.0498647988388073,-0.0537429923378726,-0.00844731278207825,0.019252336383591,0.0174779256337176,0.0225882521713165,0.0348241878224494,0.0118685345406715,-0.0429751312732978,-0.0549883875020763,0.0140562046526863,0.0844309277076291,0.0533378581372692,-0.0490339500860042,-0.0806567446849286,0.0149733230955963,0.11219016843535,0.0636294017971402,-0.085121857728401,-0.136991401799886,-0.00741118131957218,0.153827419980379,0.143230400362705,-0.0411691891697711,-0.187915823967453,-0.131774969931935,0.0575440261573386,0.174724870415103,0.107268817289748,-0.0594272167486212,-0.156229454524296,-0.106836071724309,0.0234349310174537,0.110934673525819,0.0894308396823024,-0.00453879320468611,-0.0807718660599675,-0.0800451590940866,-0.0207030772860592,0.0345358001619014,0.047292156035232,0.0280045325984597,0.00250795475556189,-0.0206345490128353,-0.0393505536145887,-0.0375889168651092,-0.00357805154426965,0.0383761742605367,0.0455875712905719,0.0111911414802907,-0.0250202267384209,-0.0297196192802082,-0.015808478763826
-0.00777843068600177,-0.0127824188355522,0.00322711619480141,0.0342133109592509,0.0363266270424706,-0.00556838756279122,-0.0452753188440858,-0.0346349733468095,0.0101640628796885,0.0348699767885351,0.0223431401504138,0.00240670687207052,-0.00404606190813505,-0.00924665827733095,-0.0185645765752389,-0.00878187459964077,0.0250547486622649,0.0393564885653378,0.0022794381215553,-0.0396649270742705,-0.0139675526219505,0.0588421122037108,0.0689087286059745,-0.0272832326575061,-0.114130528402749,-0.0530987113969592,0.113215914763466,0.182867863293981,0.0407307051574623,-0.17130715089981,-0.204439432057282,-0.0091367266327653,0.206593808265074,0.212768675413449,0.00189900746011719,-0.206198312433251,-0.210916943687543,-0.0254702176529293,0.169463908820781,0.197656560537155,0.042356428053773,-0.14634167894572,-0.197034040755843,-0.0698677028640514,0.106156721607364,0.161303199091542,0.0583639253750421,-0.0809550360133411,-0.119304819493439,-0.0478278602708016,0.0337522358176835,0.0523609829539473,0.0271794474222945,0.00679191209261483,-0.00403255738523938,-0.0246769593631708,-0.0422699246751519,-0.0240851155402638,0.0218242675934626,0.0451316206138807,0.0214990216145224,-0.0145429717128254,-0.0222844480556647,-0.00977610718527343
-0.00307814185594417,-0.0170843314881623,-0.0181457606521559,0.00191969029660941,0.0228808801104298,0.0244897564840487,0.00894473475576845,-0.0102874114069739,-0.0242822523413769,-0.0242418374943546,-0.00191326255746455,0.0294630257560949,0.0365723940570279,0.00824808755509001,-0.0207981389788805,-0.0138661759758954,0.0102764820769449,0.00381095973426144,-0.0268602303607641,-0.0161508946456079,0.0558592898923513,0.10145207790803,0.0293250936514859,-0.107296140893421,-0.141752305329686,-0.00423010018626879,0.165493090835102,0.175296555452393,0.00568019384349018,-0.164388504125464,-0.161738231813063,-0.0116754169063703,0.129481868010154,0.151870925694869,0.0554381411623577,-0.0770398342710122,-0.152972916614779,-0.117861622767194,0.021381810026929,0.155922398092863,0.147248722259123,-0.0128071142452601,-0.168177342565941,-0.155251641233895,0.00691643756907127,0.13577082337302,0.104911491559266,-0.0207105252035264,-0.0901874029224513,-0.0547208556706081,0.00626783598755378,0.0202234491424205,0.00554319832880691,0.00924649067160041,0.0234994868239577,0.00954366404353222,-0.0273057074192221,-0.0396159978329889,-0.0103071035129544,0.0224332234578459,0.0228747686483885,0.00381995371111631,-0.00356610604886795,0.00123474561667796
0.0039889859069908,-0.0133362517356886,-0.0268640330355643,-0.0250624083217379,-0.00300240572308702,0.0297489049156902,0.0463796248470296,0.0234805888002162,-0.0260400876513348,-0.0542117023133075,-0.0295334245942689,0.0201948044913194,0.0417081342851104,0.0258424607588066,0.00939529762456043,0.00809172856035447,-0.00840337947268061,-0.0495048928563858,-0.0566377017839398,0.019493424194484,0.115052800130147,0.103268080041851,-0.0313671296883903,-0.139690492215811,-0.0841059566899369,0.0709606940754075,0.13364524763425,0.0437606148863912,-0.0612655950954148,-0.0502666016103865,0.0273346591718904,0.0248032289586818,-0.0590967121652944,-0.0653203233398111,0.0575316086705557,0.151657010466328,0.0592812006291668,-0.143735047438646,-0.20474973786711,-0.0300724424644338,0.176248253451965,0.176127600397627,-0.0153750377284765,-0.16807213063526,-0.128808161876401,0.0162827807434269,0.0947363987676447,0.0596576901255985,-0.00439594550659816,-0.0274792878959221,-0.0254566934155337,-0.030436682519426,-0.0282141335094901,0.00388655136652711,0.0421801378371039,0.04208144433594,0.00166527497470453,-0.0349235547581436,-0.0353034279656972,-0.0115464306988301,0.00839533905441933,0.0156720440787385,0.0170918222682125,0.0146715064659681
0.0111143234142804,-0.00459559218027672,-0.0211132629866516,-0.0336644380356388,-0.0240879856827004,0.0141537018306623,0.0499669774400669,0.0419224078231153,-0.00611749562385742,-0.0435936456030009,-0.0362530961723415,-0.00530977888209819,0.0144640093569484,0.0257420912702977,0.0420308067461369,0.0371790103660703,-0.0199466892329181,-0.0833506186896384,-0.0570321159379827,0.0606382406526016,0.12935986125677,0.039663395140146,-0.108146108659128,-0.108103994247662,0.0621135589811093,0.171054124159703,0.0364037421277851,-0.181541031962782,-0.165513792005286,0.109300286595661,0.300563278012881,0.118934914664851,-0.255956019534271,-0.351682454909925,-0.0236257800902301,0.348246488179082,0.32637586900095,-0.0668569442496272,-0.373608502590599,-0.263376297089428,0.0950833578169562,0.298271879554988,0.173734800345887,-0.0878545288338317,-0.20833669186962,-0.124746296077243,0.0247531068291883,0.10234087962141,0.0840411431167818,0.0212736670972124,-0.0369743138204262,-0.0649924380768108,-0.0519874591162893,-0.00810721329343694,0.0350586072381478,0.0484019111503959,0.0281969751589034,-0.00666214214241592,-0.0332870470267456,-0.0374663483661351,-0.0179841885764663,0.0109486147704023,0.0283476850053023,0.0254578563103691
0.0156795960919329,0.00401347252433253,-0.00826332876304625,-0.0243482414121768,-0.0274850815797586,-0.00344318762125337,0.0276920405036396,0.0319090564478741,0.00867764618426413,-0.0115148724065933,-0.0148579522590413,-0.0158742208475567,-0.0159390917061919,0.0074532059190871,0.0462545429814105,0.0427645416420754,-0.02513593189068,-0.0741792137975152,-0.0120263385566929,0.101440487444682,0.0932379277480668,-0.0725249377881658,-0.182686927984876,-0.036238629008008,0.234961165239478,0.266785007298588,-0.0636345812081731,-0.38887403198539,-0.267784731742225,0.216228897210504,0.508356917861968,0.228692736559571,-0.337799216951824,-0.536253586794214,-0.144451501565218,0.382544526156959,0.475951206161149,0.0686775935079544,-0.365768338078678,-0.385941463144253,-0.0485488428707031,0.261168867799497,0.269941760593234,0.0401228686681585,-0.168992310730224,-0.191762133971064,-0.063321751716197,0.0752755102707613,0.116296985806916,0.0588735697865576,-0.0221712165339841,-0.0592906895246886,-0.0451330386182697,-0.0158959101578519,0.0034350697224473,0.0185765068779598,0.0337677565609662,0.0307784562369696,-0.00200168467979021,-0.0390466782952439,-0.0417163610242165,-0.0085008948787185,0.0235409663616772,0.0281920530173903
0.01606014391244,0.00912741666249152,0.00173571591498139,-0.00918299914078897,-0.0142745326011021,-0.0059206067477254,0.00402926121569845,0.00267259270249341,4.46682031586265e-05,0.00974921246198492,0.017827575897034,0.0028685157541925,-0.0192139221346299,-0.0118909156957948,0.0156072064652093,0.0102676206593761,-0.0312602078230484,-0.0283781446424119,0.0613155111695614,0.12887060190423,0.029866573502337,-0.17447789691748,-0.217238021952264,0.033579883259451,0.332013605524284,0.295895685341957,-0.109561289790357,-0.44314374014853,-0.288254087811891,0.206837613388084,0.496942594806956,0.258658872499838,-0.248184056173169,-0.466404424791896,-0.200281359715096,0.218812674399556,0.372491608101436,0.158606099808501,-0.162616441632614,-0.283301367930025,-0.152274398326867,0.0693240223809358,0.190830119112458,0.133095692246277,-0.0238897886884552,-0.133358406849963,-0.11213225097385,-0.00465348893133875,0.0717549919360337,0.0580544740659843,0.00359673071719015,-0.0186951290033695,-0.00654162641716701,-0.00781411861241535,-0.0315448066286292,-0.0323012375003363,0.0115551700094759,0.0532253538478312,0.0394047580296083,-0.0146826558623271,-0.0467257424711057,-0.029395150360854,0.00525309610584229,0.0203143784305289
0.0122048618152192,0.0108681956567538,0.00405673850119771,-0.00138433403936928,0.00210247836078616,0.00795540706068542,-0.000739710290519467,-0.0216631402508751,-0.0259680342663822,0.00190185639996215,0.0347991388521891,0.0363933887065724,0.0101088329029239,-0.0137367068369517,-0.0278163353164632,-0.0432806986523402,-0.0387967896523837,0.0259024094552607,0.118704643965065,0.119937781769246,-0.0310888926243002,-0.199843481819019,-0.168760793647599,0.0748796928120518,0.274493715590657,0.194592882602474,-0.0950902252385834,-0.275962743178044,-0.155387216528982,0.10019134845859,0.216946251245763,0.124595386525118,-0.0418496362319053,-0.120355967870448,-0.101089633164613,-0.0552037704706434,0.0199928476110756,0.112225093319743,0.132102248549699,0.024405652070451,-0.135760490763997,-0.176390318119745,-0.0361531965022535,0.130100416858688,0.144925015473086,0.018058428276251,-0.0926680925553065,-0.0860841750257157,-0.0169122632725168,0.0201370196464826,0.0187100289138023,0.0259099587015007,0.0400208432928323,0.0157079130237137,-0.044151879928595,-0.0713561474482198,-0.025570338689476,0.044122721274251,0.0622087878743682,0.0198496219536119,-0.0272228318787746,-0.035967604721475,-0.0157658701202885,0.00423230547449776
0.00540273726352705,0.0113639758367595,0.00173581235649406,-0.00479023109061175,0.00735050782847989,0.0232004688135809,0.0133089687677063,-0.0219117938009263,-0.0444391056881205,-0.0246577071034982,0.021885082401023,0.0543804508477146,0.0475353331449892,0.00397916236736846,-0.0528091136910597,-0.08001912820343,-0.0359309496288395,0.0623169848865059,0.1191658990307,0.0551125620005657,-0.0760524038765526,-0.122366559515764,-0.0209921533658577,0.0956531874953393,0.070071301044685,-0.0453710845132586,-0.064776396758234,0.0551885280555889,0.12854261115411,-0.0154942592570228,-0.220911292039575,-0.165186712020295,0.150859836769071,0.352679593852268,0.144626267300098,-0.285332113222251,-0.41841033553331,-0.0697481280176952,0.355811184118602,0.377310697715223,-0.00649111378674604,-0.343945294908157,-0.282629291876603,0.0394079483171149,0.241886131372659,0.165771794237513,-0.0267195328158154,-0.121377192227513,-0.0880204567783322,-0.0242149369799067,0.0144275751488234,0.0423371863264174,0.0608793566951372,0.03825155615236,-0.0246214151655484,-0.070008025104958,-0.0513451848307801,0.00811870239779883,0.0483073634781306,0.0411008113900966,0.00679914392954688,-0.0213471813536603,-0.0271715478093605,-0.0133290895828848
-0.00242888811856455,0.0117957791861218,0.00162834921784508,-0.0115715039101733,-0.00173261662624968,0.0221080266468959,0.0270049832061812,0.000337936749711179,-0.0334931293696204,-0.0405111444614732,-0.00995734470804662,0.0370389641259244,0.0586579874707757,0.0238566767198981,-0.0446945880020248,-0.0710885932093744,-0.0090660549772233,0.074309841064507,0.0580749999244833,-0.0579861978739566,-0.109547366193366,0.0193598320557061,0.186529590229807,0.123198659222885,-0.177027437443645,-0.339924016002516,-0.0691512361717525,0.385564702463167,0.454379749538215,-0.0524138264759872,-0.594047528144195,-0.480310862142123,0.217226761437003,0.705052189008835,0.408280011856123,-0.352145278104838,-0.705052684317415,-0.275503778353542,0.395053728942564,0.569980300062099,0.140262160720233,-0.351404548041112,-0.396904883156576,-0.0642273445351298,0.221122014825879,0.214513300563256,0.0311567825977883,-0.0974259186406606,-0.0952591350961844,-0.0388080664036924,0.000979396674876159,0.0219956824976214,0.0381531823078801,0.0386930811518388,0.012090094149332,-0.0255211290493953,-0.0443985095619759,-0.0308756104939003,0.00402398690061233,0.0341298912264081,0.0353602330342692,0.00698706612224956,-0.0229100758870081,-0.0247345065950804
-0.00943502797533483,0.0107732681758008,0.00740656877070207,-0.0098041920796193,-0.0146640797632946,0.000194292181369932,0.0195456465886957,0.0240955668056074,0.00585686289578952,-0.023156192461607,-0.0336636896730874,-0.00759626809694764,0.0282274900733979,0.024561828957704,-0.0152516058705858,-0.0208850055697685,0.0392035371575489,0.0727919948003403,-0.0254083103372196,-0.173197678984841,-0.136745969877847,0.141684112655363,0.3591360171533,0.165863097143504,-0.327048778252661,-0.539719257082682,-0.1144436908678,0.535475722163842,0.643782900219632,0.00335846875680856,-0.698238859734531,-0.629700134186296,0.1430339948153,0.737567513312436,0.510685722492454,-0.245491546754965,-0.668497005874175,-0.34825510004204,0.256958373153066,0.4818463420577,0.188346777834094,-0.211430388139562,-0.300835473052025,-0.0953945157672164,0.109825121774958,0.133900236117142,0.0369007872721985,-0.0378372589059201,-0.0387131341950052,-0.0117508819505047,-0.00440301327042135,-0.0147665377904231,-0.0143963202456635,0.00966066541842036,0.0374478727776062,0.0349861575588797,-0.00536364106609882,-0.0467871911490458,-0.0434358845246228,0.00349584065584055,0.0420807200207332,0.0320788783531545,-0.00690701333635561,-0.0256173403462773
-0.0142027613711595,0.00558064449600008,0.0156638122591832,0.00547032897549696,-0.0162570641261337,-0.0287441471895837,-0.0123643201317034,0.026579954033192,0.0486215836903968,0.0223870598492468,-0.0287459939076467,-0.0493808381544735,-0.0256706604728526,0.00129879075435831,0.010133784945427,0.0350139840626411,0.0829448425977797,0.0679249487886736,-0.0759362547407012,-0.224880964899261,-0.146580949716198,0.170422353301652,0.391344687213207,0.188885249781163,-0.297822457719898,-0.515534791847531,-0.149933217393552,0.422026516014757,0.552303838755004,0.0771862272238324,-0.475590430915594,-0.482253799277271,0.0170484934059471,0.42513998778915,0.341554025756533,-0.0623320406225064,-0.313274167182667,-0.199113351379219,0.0495887971536451,0.15259311769171,0.084294416526431,-0.0143214112678126,-0.0418726810626535,-0.0253989267601922,-0.0219748479988092,-0.0254913782525654,-0.00929816595580193,0.0204679540896445,0.0392748539370991,0.033662956827249,0.00425706098507798,-0.0367751477488841,-0.0596484383404686,-0.0329818138382385,0.0320602057017316,0.0728206352789072,0.0414121468236893,-0.0307433049587628,-0.0648982218264631,-0.0296509826717838,0.0256280008336365,0.0393864221666852,0.0101337415611083,-0.0171258473300052
-0.0158849623534254,-0.00471856206745033,0.018438517992609,0.0268481096137987,7.52013232821143e-05,-0.0428591404355343,-0.0496953330759412,0.00253527169993414,0.0645333055712448,0.0654406624525683,0.00140854426101731,-0.0596185763780217,-0.0645724884372337,-0.0278646615240259,0.0150680590987813,0.0572731504385315,0.0877654956213505,0.0550202550145215,-0.0641849612133214,-0.17027081007297,-0.113842653253418,0.0939350358621266,0.237342277137775,0.136090069183423,-0.120390081997433,-0.246175375754096,-0.104784127557618,0.116240241551407,0.177313122719764,0.0678350130918701,-0.0520274159478774,-0.066338575313618,-0.0427477193508414,-0.0663385753136209,-0.0520274159478795,0.0678350130918712,0.177313122719766,0.116240241551408,-0.10478412755762,-0.246175375754098,-0.120390081997433,0.136090069183425,0.237342277137776,0.0939350358621258,-0.11384265325342,-0.170270810072971,-0.0641849612133203,0.0550202550145226,0.0877654956213504,0.0572731504385304,0.0150680590987805,-0.0278646615240259,-0.0645724884372329,-0.0596185763780208,0.00140854426101746,0.0654406624525676,0.0645333055712438,0.00253527169993376,-0.0496953330759407,-0.0428591404355333,7.52013232826813e-05,0.0268481096137984,0.0184385179926081,-0.00471856206745107
-0.0142027613711589,-0.0171258473300046,0.0101337415611083,0.0393864221666849,0.0256280008336363,-0.0296509826717837,-0.0648982218264629,-0.0307433049587631,0.0414121468236889,0.0728206352789072,0.0320602057017322,-0.032981813838238,-0.0596484383404687,-0.0367751477488847,0.00425706098507762,0.0336629568272491,0.0392748539370993,0.0204679540896445,-0.00929816595580176,-0.025491378252565,-0.021974847998809,-0.0253989267601931,-0.0418726810626548,-0.0143214112678127,0.0842944165264329,0.152593117691712,0.0495887971536445,-0.199113351379222,-0.313274167182669,-0.0623320406225047,0.341554025756536,0.425139987789151,0.0170484934059442,-0.482253799277274,-0.475590430915594,0.077186227223836,0.552303838755007,0.422026516014756,-0.149933217393556,-0.515534791847532,-0.297822457719896,0.188885249781166,0.391344687213208,0.17042235330165,-0.1465809497162,-0.224880964899261,-0.0759362547406994,0.0679249487886755,0.08294484259778,0.0350139840626397,0.0101337849454253,0.00129879075435773,-0.0256706604728516,-0.0493808381544718,-0.0287459939076459,0.0223870598492459,0.048621583690395,0.026579954033191,-0.0123643201317025,-0.0287441471895821,-0.0162570641261329,0.00547032897549622,0.015663812259182,0.00558064449599971
-0.0094350279753338,-0.0256173403462766,-0.00690701333635634,0.0320788783531534,0.0420807200207333,0.00349584065584177,-0.0434358845246218,-0.0467871911490463,-0.00536364106610044,0.0349861575588788,0.037447872777607,0.00966066541842197,-0.0143963202456628,-0.0147665377904238,-0.00440301327042267,-0.0117508819505055,-0.038713134195005,-0.0378372589059191,0.0369007872721997,0.133900236117143,0.109825121774957,-0.0953945157672185,-0.300835473052026,-0.21143038813956,0.188346777834097,0.481846342057702,0.256958373153064,-0.348255100042043,-0.668497005874176,-0.245491546754962,0.510685722492458,0.737567513312436,0.143033994815296,-0.6297001341863,-0.698238859734529,0.00335846875681339,0.643782900219633,0.535475722163839,-0.114443690867805,-0.539719257082682,-0.327048778252658,0.165863097143507,0.3591360171533,0.14168411265536,-0.136745969877849,-0.173197678984841,-0.0254083103372178,0.0727919948003419,0.0392035371575493,-0.0208850055697695,-0.0152516058705874,0.024561828957703,0.0282274900733984,-0.00759626809694592,-0.0336636896730861,-0.0231561924616075,0.00585686289578773,0.0240955668056062,0.0195456465886965,0.000194292181371597,-0.0146640797632941,-0.00980419207962022,0.00740656877070091,0.0107732681758007
-0.00242888811856334,-0.0247345065950801,-0.0229100758870094,0.0069870661222481,0.0353602330342693,0.0341298912264099,0.00402398690061384,-0.0308756104939008,-0.0443985095619779,-0.0255211290493966,0.0120900941493328,0.0386930811518407,0.0381531823078812,0.0219956824976208,0.000979396674874636,-0.0388080664036935,-0.0952591350961844,-0.0974259186406594,0.0311567825977898,0.214513300563256,0.221122014825878,-0.064227344535132,-0.396904883156577,-0.351404548041111,0.140262160720236,0.5699803000621,0.395053728942561,-0.275503778353545,-0.705052684317415,-0.352145278104834,0.408280011856126,0.705052189008833,0.217226761436998,-0.480310862142125,-0.594047528144192,-0.0524138264759829,0.454379749538215,0.385564702463163,-0.0691512361717557,-0.339924016002515,-0.177027437443642,0.123198659222887,0.186529590229806,0.0193598320557041,-0.109547366193367,-0.0579861978739561,0.0580749999244842,0.0743098410645076,-0.00906605497722304,-0.0710885932093745,-0.0446945880020254,0.0238566767198973,0.0586579874707755,0.0370389641259252,-0.00995734470804567,-0.0405111444614732,-0.0334931293696213,0.000337936749710444,0.0270049832061816,0.0221080266468967,-0.00173261662624954,-0.0115715039101741,0.00162834921784447,0.0117957791861224
0.00540273726352811,-0.0133290895828847,-0.0271715478093617,-0.0213471813536616,0.00679914392954695,0.0411008113900981,0.0483073634781319,0.00811870239779861,-0.0513451848307816,-0.0700080251049591,-0.0246214151655481,0.0382515561523612,0.060879356695138,0.0423371863264172,0.0144275751488225,-0.0242149369799075,-0.0880204567783324,-0.121377192227512,-0.0267195328158144,0.165771794237514,0.241886131372658,0.0394079483171135,-0.282629291876603,-0.343945294908156,-0.0064911137867442,0.377310697715223,0.3558111841186,-0.0697481280176969,-0.418410335533309,-0.285332113222248,0.144626267300099,0.352679593852265,0.150859836769067,-0.165186712020295,-0.220911292039572,-0.0154942592570205,0.128542611154109,0.0551885280555861,-0.064776396758235,-0.0453710845132569,0.070071301044687,0.0956531874953392,-0.0209921533658592,-0.122366559515764,-0.0760524038765518,0.0551125620005665,0.1191658990307,0.062316984886505,-0.0359309496288397,-0.0800191282034292,-0.0528091136910591,0.00397916236736821,0.0475353331449885,0.0543804508477143,0.0218850824010233,-0.0246577071034978,-0.0444391056881204,-0.0219117938009264,0.0133089687677064,0.023200468813581,0.00735050782847951,-0.00479023109061234,0.00173581235649397,0.0113639758367603
0.0122048618152197,0.00423230547449764,-0.0157658701202892,-0.0359676047214757,-0.0272228318787746,0.0198496219536124,0.0622087878743687,0.044122721274251,-0.0255703386894764,-0.0713561474482201,-0.044151879928595,0.0157079130237138,0.0400208432928323,0.0259099587015008,0.0187100289138024,0.0201370196464827,-0.0169122632725169,-0.0860841750257158,-0.0926680925553064,0.0180584282762511,0.144925015473085,0.130100416858688,-0.0361531965022532,-0.176390318119744,-0.135760490763997,0.0244056520704499,0.132102248549697,0.112225093319744,0.0199928476110774,-0.0552037704706421,-0.101089633164614,-0.12035596787045,-0.0418496362319059,0.12459538652512,0.216946251245765,0.10019134845859,-0.155387216528984,-0.275962743178045,-0.0950902252385819,0.194592882602476,0.274493715590657,0.0748796928120497,-0.168760793647601,-0.199843481819018,-0.0310888926242979,0.119937781769247,0.118704643965064,0.0259024094552588,-0.0387967896523844,-0.0432806986523391,-0.0278163353164617,-0.0137367068369511,0.0101088329029232,0.0363933887065713,0.0347991388521885,0.00190185639996245,-0.0259680342663813,-0.0216631402508744,-0.000739710290519446,0.00795540706068484,0.00210247836078542,-0.0013843340393696,0.00405673850119805,0.0108681956567545
0.0160601439124398,0.0203143784305285,0.00525309610584232,-0.0293951503608537,-0.0467257424711055,-0.0146826558623274,0.0394047580296078,0.0532253538478311,0.0115551700094765,-0.0323012375003356,-0.0315448066286292,-0.00781411861241618,-0.00654162641716781,-0.0186951290033695,0.00359673071719101,0.058054474065985,0.0717549919360336,-0.0046534889313394,-0.112132250973851,-0.133358406849963,-0.0238897886884549,0.133095692246278,0.190830119112459,0.0693240223809358,-0.152274398326868,-0.283301367930026,-0.162616441632614,0.158606099808503,0.372491608101438,0.218812674399556,-0.200281359715098,-0.466404424791897,-0.248184056173167,0.258658872499841,0.496942594806957,0.206837613388082,-0.288254087811894,-0.443143740148529,-0.109561289790354,0.295895685341959,0.332013605524282,0.0335798832594478,-0.217238021952265,-0.174477896917479,0.0298665735023397,0.128870601904231,0.0613155111695601,-0.0283781446424139,-0.0312602078230493,0.0102676206593768,0.0156072064652109,-0.0118909156957938,-0.0192139221346302,0.00286851575419129,0.0178275758970329,0.00974921246198489,4.46682031597229e-05,0.00267259270249453,0.00402926121569845,-0.00592060674772629,-0.0142745326011028,-0.00918299914078886,0.00173571591498209,0.00912741666249187
0.0156795960919321,0.0281920530173897,0.0235409663616777,-0.0085008948787174,-0.0417163610242161,-0.0390466782952449,-0.00200168467979142,0.0307784562369695,0.0337677565609674,0.0185765068779611,0.00343506972244725,-0.0158959101578531,-0.0451330386182708,-0.0592906895246884,-0.022171216533983,0.0588735697865585,0.116296985806916,0.0752755102707605,-0.0633217517161978,-0.191762133971064,-0.168992310730224,0.0401228686681595,0.269941760593235,0.261168867799497,-0.0485488428707047,-0.385941463144254,-0.365768338078677,0.0686775935079567,0.47595120616115,0.382544526156957,-0.144451501565221,-0.536253586794215,-0.337799216951821,0.228692736559574,0.508356917861968,0.2162288972105,-0.267784731742227,-0.388874031985388,-0.0636345812081695,0.266785007298589,0.234961165239476,-0.0362386290080108,-0.182686927984876,-0.072524937788164,0.0932379277480687,0.101440487444682,-0.0120263385566938,-0.0741792137975163,-0.0251359318906805,0.0427645416420756,0.0462545429814113,0.00745320591908799,-0.0159390917061916,-0.0158742208475574,-0.0148579522590423,-0.0115148724065936,0.00867764618426491,0.0319090564478751,0.0276920405036395,-0.0034431876212542,-0.0274850815797592,-0.0243482414121764,-0.00826332876304543,0.0040134725243326
0.0111143234142793,0.0254578563103684,0.028347685005303,0.0109486147704036,-0.0179841885764657,-0.0374663483661361,-0.033287047026747,-0.00666214214241612,0.0281969751589046,0.0484019111503971,0.0350586072381477,-0.00810721329343805,-0.0519874591162901,-0.0649924380768105,-0.0369743138204254,0.0212736670972129,0.0840411431167817,0.10234087962141,0.0247531068291879,-0.124746296077243,-0.20833669186962,-0.087854528833831,0.173734800345887,0.298271879554988,0.0950833578169548,-0.263376297089429,-0.373608502590598,-0.0668569442496251,0.32637586900095,0.348246488179079,-0.0236257800902324,-0.351682454909924,-0.255956019534268,0.118934914664853,0.30056327801288,0.109300286595657,-0.165513792005287,-0.18154103196278,0.0364037421277877,0.171054124159703,0.0621135589811073,-0.108103994247664,-0.108146108659127,0.0396633951401474,0.12935986125677,0.060638240652601,-0.0570321159379832,-0.0833506186896382,-0.0199466892329179,0.03717901036607,0.0420308067461366,0.025742091270298,0.014464009356949,-0.00530977888209815,-0.0362530961723421,-0.0435936456030013,-0.00611749562385704,0.0419224078231158,0.0499669774400667,0.0141537018306617,-0.0240879856827006,-0.0336644380356381,-0.0211132629866509,-0.00459559218027695
0.00398898590698989,0.0146715064659674,0.0170918222682129,0.0156720440787395,0.00839533905441978,-0.0115464306988306,-0.0353034279656982,-0.0349235547581438,0.00166527497470523,0.0420814443359405,0.0421801378371037,0.00388655136652655,-0.0282141335094903,-0.0304366825194255,-0.0254566934155334,-0.0274792878959223,-0.00439594550659851,0.0596576901255986,0.094736398767645,0.0162827807434269,-0.128808161876401,-0.16807213063526,-0.0153750377284762,0.176127600397626,0.176248253451965,-0.0300724424644341,-0.204749737867109,-0.143735047438645,0.0592812006291665,0.151657010466326,0.0575316086705546,-0.0653203233398102,-0.0590967121652923,0.0248032289586823,0.0273346591718887,-0.0502666016103882,-0.0612655950954144,0.0437606148863931,0.133645247634251,0.0709606940754064,-0.0841059566899384,-0.139690492215811,-0.0313671296883889,0.103268080041851,0.115052800130146,0.0194934241944827,-0.0566377017839398,-0.0495048928563847,-0.00840337947267983,0.00809172856035405,0.00939529762455953,0.0258424607588063,0.0417081342851109,0.0201948044913198,-0.0295334245942688,-0.0542117023133076,-0.0260400876513348,0.0234805888002162,0.0463796248470293,0.0297489049156898,-0.00300240572308697,-0.0250624083217372,-0.0268640330355637,-0.0133362517356888
-0.00307814185594463,0.00123474561667767,-0.00356610604886781,0.00381995371111668,0.0228747686483886,0.0224332234578457,-0.0103071035129546,-0.0396159978329888,-0.0273057074192219,0.00954366404353209,0.0234994868239573,0.00924649067160035,0.00554319832880741,0.020223449142421,0.00626783598755356,-0.0547208556706088,-0.0901874029224517,-0.0207105252035259,0.104911491559267,0.13577082337302,0.00691643756907081,-0.155251641233895,-0.168177342565941,-0.0128071142452599,0.147248722259123,0.155922398092863,0.0213818100269292,-0.117861622767193,-0.152972916614779,-0.0770398342710128,0.0554381411623579,0.15187092569487,0.129481868010155,-0.0116754169063711,-0.161738231813064,-0.164388504125464,0.00568019384349158,0.175296555452394,0.165493090835101,-0.00423010018627057,-0.141752305329686,-0.107296140893419,0.0293250936514876,0.10145207790803,0.0558592898923498,-0.0161508946456092,-0.0268602303607638,0.00381095973426277,0.0102764820769458,-0.0138661759758956,-0.0207981389788814,0.00824808755508948,0.036572394057028,0.0294630257560954,-0.00191326255746415,-0.0242418374943545,-0.024282252341377,-0.0102874114069742,0.00894473475576811,0.0244897564840486,0.02288088011043,0.00191969029660985,-0.0181457606521556,-0.0170843314881625
-0.00777843068600172,-0.00977610718527328,-0.0222844480556646,-0.0145429717128256,0.0214990216145222,0.0451316206138808,0.021824267593463,-0.0240851155402635,-0.0422699246751521,-0.0246769593631714,-0.00403255738523976,0.00679191209261512,0.0271794474222953,0.0523609829539476,0.033752235817683,-0.0478278602708024,-0.119304819493439,-0.0809550360133404,0.0583639253750428,0.161303199091542,0.106156721607364,-0.0698677028640518,-0.197034040755843,-0.146341678945719,0.0423564280537734,0.197656560537155,0.169463908820781,-0.0254702176529299,-0.210916943687544,-0.20619831243325,0.00189900746011815,0.21276867541345,0.206593808265073,-0.00913672663276673,-0.204439432057282,-0.171307150899809,0.040730705157464,0.182867863293981,0.113215914763464,-0.0530987113969607,-0.114130528402749,-0.0272832326575044,0.0689087286059757,0.0588421122037104,-0.0139675526219518,-0.0396649270742712,0.00227943812155566,0.0393564885653385,0.0250547486622654,-0.0087818745996408,-0.0185645765752392,-0.00924665827733137,-0.00404606190813533,0.00240670687207059,0.0223431401504143,0.0348699767885355,0.0101640628796885,-0.0346349733468099,-0.0452753188440862,-0.00556838756279112,0.0363266270424709,0.034213310959251,0.00322711619480127,-0.0127824188355524
-0.00938374411851012,-0.0158084787638255,-0.0297196192802081,-0.0250202267384214,0.0111911414802903,0.045587571290572,0.0383761742605373,-0.00357805154426929,-0.0375889168651094,-0.0393505536145893,-0.0206345490128355,0.0025079547555623,0.0280045325984603,0.047292156035232,0.0345358001619009,-0.0207030772860596,-0.0800451590940864,-0.0807718660599669,-0.00453879320468586,0.0894308396823021,0.110934673525819,0.0234349310174535,-0.106836071724309,-0.156229454524296,-0.0594272167486208,0.107268817289748,0.174724870415102,0.0575440261573378,-0.131774969931935,-0.187915823967452,-0.0411691891697698,0.143230400362705,0.153827419980378,-0.00741118131957361,-0.136991401799886,-0.0851218577283993,0.0636294017971414,0.112190168435349,0.0149733230955946,-0.0806567446849293,-0.0490339500860032,0.0533378581372706,0.0844309277076292,0.0140562046526854,-0.054988387502077,-0.0429751312732976,0.011868534540672,0.0348241878224494,0.0225882521713163,0.0174779256337177,0.0192523363835912,-0.00844731278207832,-0.053742992337873,-0.0498647988388075,0.0232779972324749,0.0875708786658714,0.0600508463162325,-0.0329652098914545,-0.0846638127555768,-0.0440002670770506,0.0289050307368363,0.0536061356841715,0.026259435072028,-0.00227497993886315
-0.00903283517054976,-0.0170609988185478,-0.0230843005228367,-0.0186165408996618,0.0025089541292723,0.0253904052570696,0.0282432378110942,0.00780094974303927,-0.017743526317814,-0.0283701861673781,-0.018986513009618,0.000262878817054418,0.0140709000266484,0.01492516220411,0.00839215200341028,0.00234190481365347,-0.00710109048752449,-0.026422835302214,-0.0408389933864834,-0.0203339466401061,0.0348047251911324,0.0677347432049421,0.0233540458684747,-0.0659972874718448,-0.0982432527342527,-0.0248944090553515,0.0734603180068086,0.0792092239877026,-0.00924700192258445,-0.0750333955675071,-0.0391774841249187,0.0342793427671269,0.0369012878322908,-0.023910271678704,-0.0425077054437736,0.0224047818659213,0.0791685916249741,0.0338507004898534,-0.0647319115652347,-0.085341608622365,0.003366299832377,0.0899621339407274,0.0735000740267975,-0.00849704468839685,-0.0501639685132796,-0.0245803283392601,0.0045243749681594,-2.65747008722089e-05,0.0021986747157913,0.0409270657331193,0.0641284098350848,0.0110055982636146,-0.0773011612213992,-0.0904799194771514,0.00237205911202609,0.0995938540689723,0.0904375438205015,-0.00939419068350987,-0.0846701218663355,-0.0647228366506592,0.00711769889172151,0.0490889444759011,0.0377641979846502,0.00836992556292028
-0.00867583595739357,-0.0151978365986238,-0.0064829558355232,0.00289865932890168,0.00147697761390991,-0.00494899474082212,-0.0029901864076779,0.0064705157627927,0.00879728485905351,-0.000361818635267918,-0.00715908148132558,-0.0036103069501925,-0.00358510171992977,-0.0167878234058429,-0.0212384060351264,0.0086209706281229,0.048148198124004,0.036442090656276,-0.0370681873586514,-0.0944011378579969,-0.0542531472684262,0.0532855285773386,0.106108335259675,0.0395075997456084,-0.0718560046319411,-0.106148354775762,-0.0381681098129934,0.0459561642126338,0.0670297562438753,0.0329358897453075,-0.00697849187761204,-0.034312658785307,-0.0524015465052889,-0.0420878053749854,0.0148093484501979,0.078712497696865,0.07501422366113,-0.00744793215669987,-0.0816636643761728,-0.0632353360232016,0.0211377853630833,0.0703997124579318,0.04139381203184,-0.00780468579708357,-0.0144836378211987,0.00365975120237396,-0.00510212860431454,-0.0323283714368414,-0.0195754933038513,0.0413009690365124,0.0773478651267958,0.0295055519993505,-0.0579152411312953,-0.0843489602952181,-0.0191917575415827,0.062498203971407,0.0746949498176445,0.0157090592092745,-0.044528304878728,-0.0510219916462703,-0.0132672612891734,0.0238893189311698,0.031197819395402,0.0128371189841733
-0.00933325722741358,-0.0118110793186103,0.0120725723794158,0.0286443803430984,0.00646291649460487,-0.0327803502431473,-0.0385039493167861,-0.00110088510012229,0.0342177039426011,0.0297859263974351,0.00128567410905704,-0.0157196206982562,-0.018612378681651,-0.0255328976927306,-0.0271542083191363,0.00485646626563081,0.0556445259365796,0.0596117655572415,-0.0138613439020018,-0.0971327946108513,-0.0894241338588551,0.0148350085250301,0.105069361816045,0.0829028156133329,-0.0244559834819451,-0.102719012308395,-0.0806793798110811,0.00475190583346837,0.0684067029667336,0.0659888391691362,0.0148215490638905,-0.0410302445577084,-0.0631269543610333,-0.0350639716924125,0.0226970000570626,0.0598344149109043,0.0416811591522418,-0.0100033649622409,-0.0387225342813011,-0.0200483743071528,0.0126429153470211,0.0187085785756904,0.00429640848612073,0.00341206687857543,0.0198697441891009,0.0213760237169312,-0.00697309759891558,-0.0333772212421046,-0.0211862792104687,0.0186427563046833,0.041244595482656,0.0246509704241022,-0.0089035815298038,-0.0262381936627965,-0.0193632180442095,-0.00127867942087966,0.0156872797620539,0.0227953953440843,0.0128890643817173,-0.008345006683504,-0.0195968931544917,-0.00760836032572024,0.0108549917827408,0.00896686973564575
-0.00995217678701207,-0.00763639915233832,0.0245976794331657,0.0451577935474563,0.011158253007188,-0.0484154124384236,-0.0605700368882704,-0.0061465520818482,0.0516280389378904,0.0492032055586628,-0.000217415668540172,-0.0354534480728248,-0.0301002179061489,-0.0109980952421638,-0.0025258101885957,0.00573098572484096,0.0240301191407093,0.0295267184868985,-0.0019768781705479,-0.0476939059321292,-0.0539605122021388,-0.00550689443939665,0.0472867792149288,0.0473910094564987,-0.00214859449771221,-0.0465269449667848,-0.0433284810215672,-0.00443837001130401,0.0267469801364148,0.0249013093808381,0.00151003820632282,-0.0155173862434861,-0.0116529556565368,0.00300426452177422,0.0079143090742405,-0.00236303945358509,-0.0101603490885039,0.00197103299302097,0.0236125079836556,0.0250911388862899,-0.00181569029796509,-0.0270590484882722,-0.0187452648191535,0.0132019311326354,0.029398432783482,0.0151420047769279,-0.00290210443612178,-0.00132952209734096,0.00453383757236985,-0.00888906979720799,-0.025340630564689,-0.00729432082062613,0.0381817007116898,0.0528731210346699,0.00520158636101803,-0.055426422002382,-0.0545006421620885,0.00852464638906436,0.0571467485080886,0.0390433772790579,-0.0111602340881229,-0.0298960420713476,-0.0114370374204194,0.000265127234669131
-0.00788366415856754,-0.00266937043168948,0.0261895545598187,0.043416862466326,0.0101440546380394,-0.0470764938562512,-0.0588528947720265,-0.00483826652352315,0.0540307030348573,0.05047554898034,-0.00717034220874618,-0.0503696666791322,-0.03627449966533,0.00874495906546646,0.032043716591014,0.0161536663423065,-0.0128999351943994,-0.0242541216877383,-0.0126997601598243,0.00555875855515648,0.0133379093311227,0.00535026659698594,-0.011363829026109,-0.0220400946879536,-0.0149667158958127,0.00608109019261523,0.0230979160767078,0.0184197311345815,-0.00856551666263297,-0.0355902293446611,-0.0340485546671883,0.00260174325920105,0.044848063250432,0.0481355841461254,0.000461568289242289,-0.0533515660029578,-0.0530376634217171,0.00641199078719431,0.0610955734420933,0.0503817860884584,-0.00821312720841228,-0.0424169380604033,-0.0192764824189346,0.0169398589697137,0.0146659826336101,-0.00895968783828855,-7.07275497244808e-05,0.0388325704158406,0.0411461334806848,-0.0223576971007381,-0.0803622037107582,-0.0454255468847482,0.0576721791408704,0.106549817308945,0.0357039017675051,-0.0744071830574044,-0.0961270871016551,-0.012868991213743,0.0696612254265948,0.0648363859677167,0.00213375187028858,-0.0355526121310226,-0.0243980935682862,-0.00670592395044532
-0.000941620045245922,0.00324994771607962,0.0165705763196394,0.0228742352796946,0.00252274530439966,-0.0291921512874763,-0.0334640462086706,0.000617611928740328,0.0364542480944352,0.0316822460561552,-0.0106580712046148,-0.0439689290168445,-0.0308268423840282,0.0153427545908935,0.0450134396199764,0.0247813778404901,-0.0264101704066831,-0.0552495959351606,-0.0294502107134097,0.0266889167992535,0.0553659565563079,0.0257781399026017,-0.0333113070675741,-0.0634166551878104,-0.035593604348939,0.0224645882448204,0.0575654292215497,0.0404850325880326,-0.0136427746550595,-0.0594046489314866,-0.0559372693272592,-0.00135134720567649,0.0590760706477458,0.0666551723533687,0.00851017943535196,-0.0584063848845319,-0.0629156191347271,-0.00130051164228072,0.0554918723835096,0.0469266384369269,-0.00409771405038048,-0.0282261181615517,-0.00550159201470152,0.0143481644402661,-0.00578971101495513,-0.0289064903456904,-0.000556826249897995,0.0567598189616126,0.059607623199312,-0.0178427272425852,-0.0897416978142519,-0.0600860181095093,0.0462508342908292,0.105017266517214,0.0469318678341111,-0.0572865490733779,-0.0883337355700496,-0.02269100830596,0.0524732513719007,0.0579417924389177,0.0090308369421874,-0.0276136743602758,-0.0241790721605101,-0.00714451606751797
0.0102789167834294,0.0097911186750004,7.14906822025171e-05,-0.00863939450214414,-0.00839412252615368,-0.000564774040657972,0.00629361747353206,0.00614640110456344,0.0013213987181584,-0.00319397953657886,-0.00709005738570346,-0.0106705452818399,-0.00806208841471563,0.0056591611230257,0.0203897130335319,0.0151799403362747,-0.0138296321729166,-0.0384569261611168,-0.0267691051852789,0.0150281914669704,0.0430827678554718,0.0251320386729164,-0.0212391278488786,-0.0484850592182985,-0.0311941163237986,0.0104618124687147,0.0377229971420497,0.0311163352648898,-0.00042966411516495,-0.0321942820327693,-0.0394643873086541,-0.0136894480513728,0.0262944915918318,0.0439170714670625,0.0197776824683724,-0.0221725312110537,-0.0373596821700033,-0.0124167992580602,0.0198021023079678,0.0240070206312726,0.00636338347066353,-0.0020370367237564,0.00572019981139531,0.00511418521241799,-0.0147020339873887,-0.0252389333063465,0.00101869243996675,0.0410116975522218,0.0421005340095026,-0.00662207062339643,-0.0514096281681742,-0.0375599788977515,0.0201295089984426,0.054399951715203,0.0286569519322344,-0.0226834174293142,-0.0413810241418767,-0.0137074853743277,0.0220019522985161,0.0277863276846353,0.00590127735063744,-0.01482245856999,-0.0153631787669602,-0.00138331616654885
0.0216296494000514,0.0156850290218382,-0.0159850839584505,-0.0383802590315598,-0.0179255874925785,0.0281478611009868,0.0454300568440072,0.00993274976650097,-0.0382434074111577,-0.0429306747004716,-0.00129006264305481,0.0354444812566079,0.0276988737161928,-0.0080892950898514,-0.0278576602925021,-0.0156919873393488,0.00536805926870481,0.0109816833092992,0.00270913587031927,-0.00466426632996248,-0.00577869157483119,-0.0048398650947536,-0.00317115136708134,0.00092697675192455,0.00352891358030419,-0.00167934547437177,-0.0103864513770707,-0.00896058793575571,0.0055450974096868,0.0162004680269673,0.00684187074765719,-0.0142110836174883,-0.0216510830456546,-0.00429248545686216,0.019756791361155,0.023861452603986,0.00411481184397064,-0.0174965781102739,-0.0189287617055438,-0.000605535884806401,0.0178737377272655,0.0190961982248242,0.0043845877235884,-0.00982598777402285,-0.00996915395282535,0.00128461914744683,0.00954963049868926,0.00624390546585822,-0.0014339261988936,-0.00131748434637833,0.00582534114221775,0.00745058773280345,-0.00169349984717073,-0.0104174781698505,-0.00557311042551933,0.00804818553549752,0.0131706823807131,0.0047160233642003,-0.00465871997540362,-0.00472399740672079,-0.0016678776678701,-0.00448614721520671,-0.00607981430710042,0.00571789474402933
0.0271637962627341,0.0187692355221294,-0.0242913319966338,-0.0539126114068125,-0.0226042634646554,0.0445142182747082,0.0681487563145507,0.0125888275781476,-0.0627909218420873,-0.0705325512003147,-0.000541096543903045,0.0675466079383498,0.0591809998983975,-0.0117562310918752,-0.0658268874562208,-0.0498720645348911,0.011388433336363,0.0528939963354974,0.0390033421771007,-0.0100890911366171,-0.0470562206814405,-0.0414195037294236,-0.000713284649620611,0.038998221360712,0.0418850480363371,0.00317237491518084,-0.0424452998249148,-0.0492822502854577,-0.00657937173887748,0.0444531431893852,0.0498231637183447,0.00202247463435122,-0.0483054993861739,-0.045980278079946,0.00635312226638006,0.0496354894275896,0.0364954432957083,-0.0138671284861748,-0.0406130876219422,-0.0154057516357139,0.0250634179641852,0.0287753801428581,-0.00396014186810254,-0.0238547047645408,-0.00203324738190521,0.0289986241599569,0.0205792307854787,-0.0213076655513553,-0.0394591727340953,-0.00289262627116897,0.0456973837751245,0.0425366761210031,-0.0120324986181649,-0.051966304368371,-0.0296740879278556,0.0246342076854345,0.0453626521885137,0.0159825893471732,-0.0194079884963757,-0.0223593463626155,-0.00510925988660368,0.0014383550360883,-0.00156245740317541,0.00870427462811928
0.0226116227759008,0.0168427927971422,-0.020973858322254,-0.0482887364938953,-0.0210355418853408,0.0402369899617163,0.0639591794487912,0.0143258587505166,-0.0580445014582018,-0.0706635259123186,-0.00633848250286898,0.0648333370221986,0.0655707221855605,-0.00290833300325055,-0.06633264494847,-0.0608371545555161,0.00214789266604149,0.056179557858477,0.0516687654890135,-0.000639819244510162,-0.0490240263116844,-0.0520716648001935,-0.0109997797277765,0.0371758413744341,0.0510365749928999,0.0175083127591276,-0.0352895879475207,-0.0580857462861714,-0.0249504904277327,0.0351727192000777,0.0607078078040727,0.0221017855751118,-0.0407956385266164,-0.0583585445519584,-0.0107724061067691,0.0461480852688804,0.0470068709422035,-0.00399050474011992,-0.0408933986559541,-0.0211562767226769,0.0220712378791348,0.0288684691178167,-0.00492936708560716,-0.025448279616426,-0.000238225480634954,0.0334008298376578,0.0215310290633086,-0.0259520786879767,-0.0438620489241013,-0.00144461455285035,0.050205105998807,0.0431519471601211,-0.0161322689300258,-0.0544616857424538,-0.0266720594658206,0.0290183337498462,0.0451153352855102,0.0112066428707681,-0.0232344862258332,-0.0214710065550836,-0.00100239525170141,0.00496019817051892,-0.00116069728390676,0.00560154853130451
0.00838073328216323,0.00913851876014251,-0.00768948455670576,-0.0234026807367563,-0.0136131297695602,0.0167425022432986,0.0335062136281164,0.0132224197343131,-0.0255754383856874,-0.0401663658713257,-0.0124193976910589,0.0286122535415329,0.0387033278783462,0.00779562743454004,-0.0302225780742912,-0.0363278063992143,-0.00805163812894561,0.0226721955606803,0.0273722264121707,0.00715784791637216,-0.0163289867247684,-0.0250932047810752,-0.0157040323947466,0.00475651092567963,0.0227267428164845,0.0220074204599508,-0.00237087637052471,-0.0305047023659259,-0.0304845905945887,0.00408715121351991,0.0377579612984702,0.0299754613224641,-0.0135956514566691,-0.0423827015583392,-0.0211626308657379,0.0244665130454244,0.0395347888196859,0.00892258791350131,-0.0262513743946254,-0.0241730643286399,0.00566801851667978,0.0217124122263421,0.00873396973801217,-0.00736726134642567,-0.00310251011524298,0.00893442582638015,0.00405720413000608,-0.0128204082300736,-0.0130442078754414,0.0106397053430564,0.027997248936987,0.0120917309868,-0.0204787591269835,-0.0290996903242533,-0.00240393813453303,0.0266081591212948,0.0238136113535564,-0.00338037582190627,-0.0201393338362547,-0.0107634319341067,0.00602208274069926,0.0080496955192385,-0.000486784595556302,-0.000951637108987792
-0.0100529482938373,-0.00249110127958396,0.00902191350265283,0.010157875546926,-0.0023815497154934,-0.0141166816407278,-0.0096292617939831,0.00712555574481799,0.0163375030946453,0.00664160945026902,-0.0110096889349627,-0.0175794336181016,-0.00753698633511405,0.00804464447077114,0.0151374050582853,0.00900854180748729,-0.00534509148185164,-0.0177166565634365,-0.0167963428211886,0.000188582991136688,0.0190239158630195,0.0186968230075518,-0.003956840601203,-0.0251017527447308,-0.0190630857849164,0.0082729405016228,0.0237824354300304,0.00844515040407428,-0.0172111632019001,-0.019442184467834,0.00408438552950083,0.0215455504440622,0.00945310926041251,-0.0163942942159862,-0.0217928981840755,0.00125311717299595,0.0250732204520879,0.0215261229284928,-0.00523835981484984,-0.0257367977837081,-0.0189441823483034,0.0073841071408854,0.0276031420164444,0.0231879439689022,-0.00184935671124175,-0.0248498007581187,-0.0239950313008327,0.00104402153494889,0.0266295284991259,0.0271305848342797,0.00175060218258781,-0.023223661454639,-0.022720247415148,0.000149414454862464,0.0200755676708959,0.0185589866754047,0.00134703614647954,-0.0124937588826243,-0.0122530078318972,-0.00205635999734979,0.00790777304284744,0.0103258699318303,0.00388345496340731,-0.00614968177997294
-0.0248859529042362,-0.0137583138203816,0.0210744439264921,0.0374485941618603,0.0088615105890515,-0.0361393296346364,-0.0443706109184533,-0.00283544094255031,0.0437294072549864,0.0443331538132309,-0.000950002439710038,-0.0446435105674644,-0.0445571605697088,-0.00352631401115039,0.0383529299565209,0.0435875747111561,0.00901793162607034,-0.0341392624363544,-0.0467336024940837,-0.016359140684985,0.0284144546135642,0.0438067731560699,0.0150108959830401,-0.0274031835696191,-0.0395402669833503,-0.0118538626521904,0.0224673233388331,0.0271696946573896,0.0026724477510228,-0.0191247398101783,-0.0146642652486443,0.00610862920654361,0.0155238177237674,0.00224206883868394,-0.015804066777299,-0.0135872732828931,0.0100520548809642,0.0281305482473387,0.0151919458056151,-0.0195779900815632,-0.0369266105443078,-0.0116767796295307,0.0326106394978577,0.0450734469819815,0.00753167609274285,-0.0390762012099881,-0.0405844470100607,0.00442009056866597,0.04242207422665,0.0307449892062952,-0.0119999791971953,-0.0333336227609462,-0.0135558199001645,0.0159485845731141,0.0201623521435941,0.00281071646922205,-0.00900214339334986,-0.00555045734664602,-0.000407419646346673,-0.00139844643295699,0.000879204101181794,0.010264187570735,0.011280487644724,-0.00685509357942922
-0.0301763187629827,-0.01984231220531,0.0231031050657371,0.0463088015375086,0.0154416535490532,-0.0383050451243052,-0.0534743990250119,-0.0115055752923138,0.0424728681918738,0.0521604273549897,0.0105575223756774,-0.0386011693870089,-0.0495105654273331,-0.0160531899866241,0.028255481093408,0.0440733960332972,0.0201663118363851,-0.0199780565016175,-0.0402662894283121,-0.0242134866577491,0.0106005918851889,0.031162180671846,0.0212291270401898,-0.00588679761256735,-0.0237120663395179,-0.0185617700702826,0.000787712493634778,0.0149147680714281,0.0120521313821038,-0.00229199784739028,-0.0114010639910632,-0.0048139214457518,0.00873486317545838,0.00982409920855086,-0.00621352895205912,-0.0186695849049623,-0.00595928782372696,0.0215856291722554,0.028311864321805,-0.000341406214301971,-0.0324199911537834,-0.0263887042069576,0.0132101064796827,0.0378187269126212,0.0172686014808042,-0.0202626576438379,-0.026796278215196,0.00112778301061918,0.0217921057353698,0.00920429717166545,-0.0130324544796163,-0.0103614286297678,0.0111634139186376,0.0165310233520204,-0.00343108810582534,-0.0186720561477849,-0.00656721159381695,0.0139114639215739,0.0120984218129108,-0.00687037002865386,-0.0107614697034525,0.00789212121374497,0.0176473918642998,-0.003720170764291
-0.0247594319411708,-0.0180605848678139,0.0151104269268129,0.0337867576696266,0.0143112919468779,-0.0211839848040749,-0.0340975164760105,-0.0135110108271948,0.0169395498210207,0.0285488729334793,0.0146789682522595,-0.00922188771000235,-0.023028269379172,-0.0175766407251782,0.000243754069633215,0.0146388986000357,0.0151463512819424,0.00472630239077204,-0.00626834821352989,-0.0113896588571216,-0.0108495779571586,-0.00537092058165764,0.00503080235364211,0.0141634149990298,0.011154777653594,-0.0045797610863277,-0.0169442072411549,-0.0109211891100215,0.00586723459155236,0.0114540221635448,0.00027324358620678,-0.00834540405744714,0.000747110891227025,0.0136771949797897,0.00670979923343215,-0.0159597914044281,-0.0232672859773565,-0.000287156720984272,0.0275459025307162,0.0262359324138472,-0.00242754531274101,-0.0250764082152153,-0.0202868029373454,3.43100296983788e-05,0.0142793124572586,0.0175405041545205,0.0146194362447158,0.00295616305326132,-0.0181427926771385,-0.0300131839463677,-0.0111560093559,0.0266973551546094,0.0409761459735378,0.010068067287825,-0.0323316042244508,-0.0358085688819376,0.00155770415131417,0.0310499248478797,0.0184048861505551,-0.0127976287988947,-0.0180107750228131,0.0055869395531119,0.0189610696011922,-5.45049097574538e-05
-0.0121473669041523,-0.00959535666536394,0.00185477510629434,0.00782321571214114,0.00671509003092931,0.00428297993872189,2.96444903324193e-05,-0.00852440269943704,-0.0144320375636152,-0.00721300515629339,0.00982989665469144,0.0194313820080918,0.0108730845270926,-0.00740955182026097,-0.0189965605868927,-0.0164343130916437,-0.00309293484164183,0.0136286602651719,0.0231037418995774,0.0140543390396187,-0.0117062122456168,-0.0314810185938048,-0.0214538793420532,0.011541102752791,0.031732813188912,0.01673657054094,-0.0135002174536525,-0.0224839137222803,-0.00488536710465789,0.00983849255188625,0.00217824759767077,-0.0102028904840777,-0.00163338311510314,0.0200476953147766,0.0217520888276489,-0.00718998695618078,-0.0358292588832745,-0.0284327415391414,0.0111822672066371,0.0435068790617614,0.0363874446894748,-0.00429873434057519,-0.0429258807570535,-0.045127239985812,-0.005526148694696,0.0441747515541728,0.0570653322078186,0.0147084432287572,-0.0456779329248132,-0.0612102716844824,-0.0124510268258368,0.0486753469945267,0.0552432602063503,0.00339332178678469,-0.044094325152845,-0.0357150791666492,0.0089786045131095,0.0320596369503155,0.0125477664776446,-0.0150915163777426,-0.0146793413419674,0.00579749956880778,0.0141984431863483,0.00134756235779056
0.00213251358697026,0.00101474089148581,-0.0104703100611815,-0.0174236797373254,-0.00170543263668994,0.0244369652470966,0.027226732802306,-0.00262284315106454,-0.0327698855931533,-0.0285775086597639,0.00372034457449463,0.0279737143575263,0.0236006782041359,0.00275025495983456,-0.0141057305749266,-0.0205307226209665,-0.0173882868754213,-0.00215249399588102,0.0205069745741105,0.0299457003074524,0.0103768145996863,-0.0227221620312807,-0.0340792511014952,-0.0113254492842336,0.0184482545583202,0.0236237805705743,0.00635220420128871,-0.0070036038144882,-0.00513305183759209,-0.00265685259897059,-0.0106090951739925,-0.0155853771369502,-0.000167389481740502,0.026170587265143,0.0326317649901273,0.00476183424136955,-0.0342244683357384,-0.0450631861705993,-0.0126609582009221,0.0367026773608613,0.056915266565076,0.0241887403097012,-0.0358221811375963,-0.0652143053814575,-0.0297622677147146,0.0387470084203717,0.0688804682910882,0.0270447145713972,-0.0408418338722867,-0.0594915336860321,-0.012670125011477,0.0400742594969413,0.0395627023454856,-0.00323621749900403,-0.0301596297266708,-0.0140688650371522,0.0137571851414011,0.0153099069012262,-0.00407164495517799,-0.0130640607083373,-0.00257772860973273,0.00788666832464824,0.00555350655403047,0.000564704784977501
0.0136357869157267,0.00850904638718153,-0.0177831939352005,-0.0299606350926557,-0.0044716064734427,0.0311904451701817,0.0319366005887949,-0.00340686726683698,-0.0308465259777127,-0.0209749747088569,0.00583695912242429,0.014717313197521,0.00474258020202052,0.000528791623750276,0.00817315861233904,0.0069625841836259,-0.0127562996475199,-0.0276348524074842,-0.0125533461100303,0.0205629759034809,0.0347424700920892,0.0139389743832033,-0.0189952328032829,-0.0318421279103124,-0.0175254324667872,0.00665397511168019,0.0223200621348314,0.0225263263116874,0.00873705151059884,-0.0119662340444388,-0.0262909342831429,-0.0218380345058115,0.00037729019494788,0.0239981500464584,0.0305091677760885,0.0138450382119736,-0.0155446458965712,-0.0362241839524808,-0.0284822191157775,0.0073743627570869,0.0422054887095402,0.0395834074931097,-0.00334418857881013,-0.0440039840693117,-0.0380194639012329,0.007052862839822,0.0389583213476572,0.0248077040888115,-0.0106860665087048,-0.022139288122415,-0.00381703936990076,0.00999071467391806,9.01950549389964e-06,-0.0119260639710961,-0.00148700452650776,0.0179834023305661,0.015776321395102,-0.00789425623068754,-0.0209680403780926,-0.00753872593159793,0.00993167819029396,0.00761027374255132,-0.00370542463754812,0.000126026478334055
0.0204758178482237,0.0100569790117502,-0.019427733522705,-0.0265275595797752,0.00073772422502298,0.0252815682751904,0.0145022390487333,-0.0125365226092282,-0.0150447494186355,0.00797580945051591,0.017094049829933,-0.00655910141585628,-0.0297167487434568,-0.013709283028696,0.0276187446378627,0.0424276114849239,0.00798032244772213,-0.0390168568998721,-0.0465923278137992,-0.00745394353869062,0.0375202512935397,0.0459904771653565,0.0133794332848222,-0.0288675475949374,-0.0443864319224394,-0.0216011764455502,0.0183483798477371,0.0397728766352633,0.0249530290979489,-0.00890144177524416,-0.0286779468190549,-0.0208542957115669,-0.00124277436293178,0.0102908964397832,0.0125253252816856,0.013544884905076,0.0105386352975976,-0.00486942727545245,-0.0244075432946706,-0.0248816740604175,0.000899499954712526,0.0285678166042101,0.0291692264010652,0.00393479318262328,-0.0199950893457684,-0.0239171583736261,-0.0125980801520356,0.00305926417583781,0.0186027765249783,0.0266897065480517,0.0140197634466626,-0.0177431135389089,-0.0385504797417237,-0.0201377566878842,0.0217869519849749,0.0394755318537337,0.0130115901055271,-0.022832959200069,-0.0249074522389835,0.00128365882244001,0.0146357991114184,0.000543299462629184,-0.0114138575504918,0.00233563026057595
