0.000649891365109849,9.86844450897873e-05,-0.000430208881661953,-0.000194555491350856,-5.88532571381537e-05,0.000540230886508206,-0.000432519901621568,-0.00025647547659724,-1.86185502524393e-05,0.000944985028935492,0.000451433911806158,-0.000622634536308347,-0.0010429364270892,-0.000623388317666502,0.000924731275827127,0.00112958348178276,0.00053293576526651,-0.000793273902655954,-0.00100427889118766,-0.000650804813842478,0.000401749083702024,0.000991565498961151,0.000686156784190088,-3.8226280298878e-05,-0.000797732606514087,-0.000889375450949365,0.000111302633116503,0.000484462714033046,0.000700050222623138,7.51497931896071e-05,-0.000306593359757597,-0.000195880438298241,-8.30326848832002e-05,-0.000195880438298241,-0.000306593359757576,7.51497931895718e-05,0.000700050222623149,0.000484462714033041,0.000111302633116554,-0.000889375450949352,-0.000797732606514097,-3.82262802989137e-05,0.000686156784190068,0.000991565498961173,0.000401749083702049,-0.000650804813842467,-0.00100427889118768,-0.000793273902655994,0.00053293576526651,0.00112958348178277,0.000924731275827166,-0.0006233883176665,-0.00104293642708919,-0.000622634536308372,0.000451433911806157,0.000944985028935517,-1.86185502524479e-05,-0.000256475476597231,-0.000432519901621589,0.000540230886508214,-5.88532571381597e-05,-0.000194555491350849,-0.000430208881661967,9.86844450897752e-05
0.000579805593833881,4.75018346670018e-05,-0.000294482562623552,-5.15088060315136e-05,0.000529115484552528,-0.00027718850936484,-0.000276511904231861,-0.000818020510465014,0.000619243424268539,0.000759316034425668,0.000625067246552842,-0.000669056017731952,-0.000956368320369492,-0.000277035325265056,0.000258637179514194,0.000760742163978648,0.000320708629166733,1.76591404277089e-05,-0.000321481417059945,-0.000540708777932683,-0.000445006555793674,9.5820378740341e-05,0.000686233745586013,0.000600462905871864,3.79166457780126e-05,-0.00064118632938525,-0.000672799420933121,3.77857492094467e-05,0.00011704071659316,0.000465714404315041,0.000171075705617858,0.000174411120208923,-6.40427862579509e-05,-0.000425531462492382,-0.000555646760017492,-0.000244041367264198,0.00052856266322209,0.000850671346303173,0.000331662358129738,-0.000226462371240903,-0.00111539670600243,-0.00055260587719374,0.000114888634910909,0.0010070586109941,0.000890196177335053,3.55177825176495e-05,-0.00109336482521283,-0.000755096460274559,-0.000121031440778184,0.00103362059209066,0.000530922920144095,-1.60452190866002e-06,-0.000701847390003223,-1.71863344072654e-05,0.00020635056478386,2.40118084074308e-05,-0.0002571766035479,-0.000238751415959999,0.000573553984903809,0.000462101971420981,3.83274439327729e-05,-0.000876289284430458,-0.000284058474134603,0.000239971477746283
0.000224248877680992,9.20749590165491e-05,-0.000128467228632523,7.52931417496262e-05,0.000245007627359554,-6.06358134733564e-05,-0.000606204867765024,-2.80750951195271e-05,0.000160617410154935,0.000496413266440213,3.71414121128695e-05,-0.000298603001286176,8.24547046465639e-05,0.000103138302453089,4.698668183853e-05,-0.000546861444143485,-0.000108403719103101,0.000524593337236634,0.000964767514005078,6.22617901965385e-05,-0.000777109582791529,-0.00113907280324191,5.28256590491896e-05,0.000895185923126064,0.000938558690334543,0.00017902908339598,-0.000818128588293312,-0.000814738228521086,-0.000163025503300558,0.00026726144527587,0.000811801807617242,0.000337536248503434,0.000100348742788309,-0.000452272225936364,-0.000496274571544801,-0.000325777805025447,0.00018429213334245,0.000326252172235536,0.000668673513854399,9.53181264081422e-06,-0.0001135210996017,-0.000880246021124518,-0.000336678016633741,0.000193702574423035,0.000670189409447137,0.000534920402942042,-0.000132438844578821,-0.000616595136262919,-0.000245808807585971,-0.000136713657901481,8.46374922713137e-05,0.000112592421922682,0.000236998168758253,0.000525602164445288,-0.000116481336924748,-0.000601366360412244,-0.000956013773677531,0.000177145362233339,0.00069302407843549,0.000995296404160566,-0.000478784247859308,-0.000557440944105862,-0.000725135674218057,0.000550665783939182
0.000221951501153407,8.10574743194413e-05,-5.19117812069524e-05,0.000268975689863718,-0.000238016945667533,-0.000363119309539364,-9.96255665204331e-05,0.000307879260154588,0.000193055625759883,-0.000305428900499886,-0.000813976711048411,0.000110930576679724,0.000739235488547656,0.00106130254858437,-0.000470503574536438,-0.00146210286008772,-0.000893903836981779,0.00067507686989169,0.00152603512431133,0.000843458648482145,-0.000914557250332242,-0.00154114659329254,-0.000756287778886523,0.000670448559115473,0.0013460170101882,0.000584755757221394,-0.00016017788136508,-0.0010616561232097,-0.000843032000425199,0.000255314013401687,0.000644546341878872,0.000760426733191625,2.25326752550708e-05,-0.00021365508657865,-0.000331910563282371,1.31743690584502e-05,-0.000120948648701802,2.4363176447144e-05,-6.61284379590158e-05,0.000608049684898644,0.000272543930936686,-9.45647368746239e-05,-0.000669410342985736,-0.000442016866773299,0.000276985758572342,0.000668560720150679,0.000489739626198237,0.000173665767051753,-0.000350262060357938,-0.000591537994645964,-0.000452877290847307,-0.000149330375386783,0.00100657619259455,0.000590766221074871,0.000343330205132079,-0.00101354566521836,-0.00081190860793414,-0.000135673338057214,0.000954252493093681,0.00041649155213995,9.37826068049219e-05,-0.000696019381906656,-8.50424225638207e-05,-4.47975102638421e-05
-0.000130951429198663,0.00013945052909602,0.000337855188798165,6.85811214837185e-05,-0.000354856622490666,-0.000303736424570404,0.000446005064749646,0.00104589336759455,0.000271834064789455,-0.0010611768118455,-0.00102010502361388,0.000139259573207656,0.00129550898441996,0.00112609941174214,-0.000371151577129252,-0.00148393041999257,-0.00109973597214352,0.000309358041167334,0.00125210944009804,0.00103017401179037,-9.62568318761242e-05,-0.000791065587822366,-0.000987895513286029,-6.82087880160361e-05,0.000941798281474138,0.000986318572693151,0.000269634289434112,-0.000728432424139665,-0.000940934319823616,-0.000306761117159134,0.000535271121613023,0.000492442153477701,-0.000156296948945614,-0.000389636844556804,2.19331753894307e-05,0.000162933323419165,0.000196872117583629,-0.000388815292555131,-0.000286957165431681,0.000234252254530402,0.000389211569661673,0.000428681243936795,-0.000257573238270956,-0.000455616728053478,-0.000450820375312213,1.45509776519845e-05,0.000156907974187083,0.000348513073108487,0.000132680400595963,-0.000275556316891933,-0.000648285482439407,-0.000214455782377854,0.000195094240775819,0.000667733862862871,0.000308318740255873,-4.51529246312511e-05,-0.000348515118082137,-0.000137411230775398,4.44523402930692e-05,-2.41858207393236e-06,0.000155414370240641,-1.7986599524705e-05,0.000199527077021484,-0.00052378681587835
-0.000746735626908633,-0.00012717069994944,0.000929243910807259,-0.000230411878588921,-0.000579577001647443,-0.000820133822517154,-4.60750070469293e-05,9.83934560321953e-05,0.000156941690192209,-0.000852145075426869,-0.000442004848651688,0.000184599006623337,0.00111895907586564,0.000444716262303624,-0.000630321686671632,-0.000554672915091989,-0.000337808354289727,0.000259852457908703,0.000410161680991271,0.000102564378230393,-0.00016183886599353,-0.000290681048412114,-0.000531163876552757,-0.000487766413055544,-0.000535474430579581,0.00127101666523814,0.000451083157709986,-5.71799888287919e-05,-0.000643391582900723,-0.000613654077880918,0.000667033259403516,0.0013538695874648,0.000495028733776523,-0.000378167977251372,-0.000805601963587073,0.000240163812731302,0.000193921277133673,0.000128218071514746,-0.000302041452445598,-0.000479895613535732,0.000294719836651665,0.000331495919731585,0.000362711469095345,2.13030878091567e-05,0.00017348846149439,0.00015994083683032,0.000320871829246138,-2.64564696708665e-05,0.000328222279602141,0.000467112127414868,-8.656383365394e-05,-1.20013947238659e-05,-0.000999668990405966,-0.000135547402908303,0.000501412929148285,0.000481500213494861,0.000345136106497669,-0.000971972631754906,-0.000819008996020019,-0.000249020560927584,0.000898126449297079,0.00112716945489125,2.03124860132032e-05,-0.000384939248230495
-0.000953703358098167,-8.80856610188178e-05,0.000327591095541034,0.000559963539375397,-0.000133304152347419,0.000348236605737768,0.00114383281436074,0.000229315255167052,-0.000159527491546492,-0.000589642685557205,-1.97479210789232e-05,0.000319298427096466,0.000443127786257203,-0.000919968343289305,0.000283589761311671,-0.000493004004151041,0.00087959939887686,-0.000437996625162782,-0.000451738032351265,0.000258612709658113,0.00122486471584052,0.00114697112608924,0.000288952192747226,-0.00100344098857215,-0.00049042171529927,-0.000242389976661447,0.00104854702824069,0.000506378849877878,-0.000858161240815174,-8.23147905460271e-05,-0.00124922333119276,0.000428644491979149,1.67967524097281e-05,0.000153461028306147,-8.36798997945414e-05,-0.00010212522633899,0.000362539289647309,0.000624651789875279,8.13047948583687e-05,-0.00052153522199794,-0.000523053984228718,-0.000126781083993827,0.000627510368484961,0.000625324643492275,-0.000498333764373998,-0.00124406790857796,-0.00148607348507339,-0.000258887320422039,0.000397786413428157,0.00109454426071102,0.00121919857184419,-0.000916560460894511,-0.000706908017352269,-0.00139244814022795,0.000373163755858477,0.00222507489321059,0.000832557443706884,0.000236928391878434,-0.0026676356410566,-0.00125084030577602,0.000166235195792897,0.00151899528550744,0.000564501199198178,-0.000606126008634275
-0.000881953174143684,-0.000237806173910684,7.10580719873584e-05,0.000529966637431912,-0.000130821024865333,-0.000564633640337091,-0.00111228517075477,0.000646854357329232,-0.00151236224619568,0.00215248401427017,-0.0013291658863364,0.00221542997618182,-0.00205793629275054,0.000629294359643112,-0.0015157346305338,0.00188676110333478,0.000260044077964059,0.000512598362277818,-0.00164256655560772,-0.00169504095498416,-0.000202768672028108,0.000841362846548439,0.000628188315481173,-0.000441865561665157,-0.000968285191943793,-0.000247173344402326,0.000154890911710574,0.00099371996687019,0.000164851280101426,-0.000773082544996703,0.00120858876540984,-0.00135036290111257,0.0021328712593853,-0.00207395633875607,0.000987538577490169,-0.00169936811712616,0.000841769854721176,-3.72263948456536e-05,0.00082207677200468,-0.000302655825238427,-0.00085212928664631,-0.000420732040440808,0.000259733649653018,0.00130747215471283,0.00159694409301276,5.8699639337279e-05,-0.000658518656888386,-0.00111716787679039,0.000682347763202055,0.00031662767029362,0.00178402504212798,-0.000746262457333019,-0.000825725301269338,-0.00121259956494843,-0.000179773658852932,0.00107006033715368,0.00113949596759716,-2.00032526028061e-06,-0.000285447983982381,-0.000905834677468939,0.000613770191056849,0.00105825677299488,0.000807505734289625,-0.000391592863828286
-0.000291235794936754,-0.00049162679768357,9.68331632227927e-05,0.00030298865922464,0.000444982826823964,0.000802717089839918,-0.000876869910355124,-0.000444032363918294,0.00066148575424471,-0.00128655722492266,0.00310811365905958,-0.00315633582291587,0.00226589882773546,-0.00286871489347584,0.0017396731892135,-0.000415056046257119,0.00116387012610961,-0.00038214561955432,6.74365161444818e-05,-0.000293872283501924,0.000116289513355184,0.000786006216669312,0.000715867582708833,0.000196049050974031,-0.000584911309476769,-0.000978648548454379,0.000310541024855917,-0.000137910937389953,0.00188552330045133,-0.00100760201678576,-0.000702412382371605,0.000321766268973537,-0.00170947570547572,0.00376066921683816,-0.00259342730796091,0.00261291189169549,-0.0024382104247456,0.0011637076140787,-0.000284976245126217,0.000452436617940813,-0.000169034730134088,-0.000377207682991193,-6.48497633629574e-05,-0.000131439946298195,-0.000184441871334276,-5.64345855811162e-06,-0.000359668136372155,-0.00022892421228185,-0.000278067685283715,0.000805777908414203,-0.000856763297706824,0.00174540758172093,-0.00176853910903187,0.000707509235763915,-0.000555181983699738,2.75848315214694e-06,0.00120737413943145,-0.00105026824326168,-6.78771089170674e-05,-0.000941712947611635,-0.000321442119882602,0.000422092940049196,0.00032362673851786,0.000115031742459056
0.000404067170529842,-0.000189465397214918,-0.000165415701894571,7.6544334285482e-05,0.000263020421881618,-0.000788351863093291,0.000729008317757478,-0.00193732964936716,0.00296828125935005,-0.00156812560606819,0.00159442954683767,-0.00167828653284189,-0.000515752292440857,0.000824129068371804,0.000103187213342805,0.000776644072280949,-0.000589590810391217,-0.000174825188095659,-0.000396605821724046,0.000134821230739833,-0.000511795536418932,-0.000128920408082468,0.000408490961075577,0.000646757375259337,-0.000192509916303043,-0.000986992826257242,-0.000656586770923994,0.000331321959310719,0.00115000719452448,0.00136080546719987,-0.0016237202401246,-0.000471436664181537,-0.00118514744106814,0.00057672774393722,0.00191460501483653,-0.0010207129214488,0.000643561501808842,-0.00190915751270854,0.000167194891073868,0.000310628187496079,0.000659056840893855,0.00043436299046225,-0.000216036929304509,-0.00036409851044906,-0.000438791547651422,6.36034697445088e-05,0.000670172112093569,0.00107199027326222,-0.000927900879412357,0.000557702540209569,-0.00239859051797775,0.00163284105588027,-0.000176501146376896,0.00139990948512492,-0.000668624695962459,-0.000617674638542172,-0.00113623401493067,0.00135059323075964,0.000324160371946763,0.000887550725453963,-0.000413725832602411,-0.000821950221130916,0.000214377220340318,0.000220484676020286
0.00062306908469114,0.000172783011962666,6.82738149110384e-05,-0.000146880503373545,8.48935424677993e-05,-0.000795612916029065,-0.000697371309641491,0.00161874119216291,-0.00153142729899313,0.00486561132057225,-0.00607995517260891,0.00437400510633761,-0.00553818098383423,0.00491346292677938,-0.0012725032278018,0.00119909157791527,-0.0012767309524247,-0.000607869357173426,0.000562621470132975,0.000243232110608874,0.000111773537693089,-0.000541401173864923,0.000239629365069608,0.000794475192962698,0.000196391130409119,-0.000563043418882859,-0.00162924252135932,0.00113781092807965,-0.000164484403035712,0.00268910518961249,-0.00138497010654886,-0.0014748467370629,0.00021916935581344,-0.0015368220737198,0.00375334956314978,-0.00115465731796502,0.000770017584043851,-0.00183612827160007,-0.000534653606433072,0.00022876709532056,0.00101340033150501,0.000829907594617871,-8.65369505954924e-05,-0.00088490064272895,-0.00112622145175303,-2.45842371752274e-05,0.000747845508480627,0.00125523065021954,0.000945679104562816,-0.00314111150713463,0.00164950875550257,-0.00459811335088665,0.00659244895106221,-0.00326042202607782,0.00369945771945881,-0.00426738439347261,-0.000189537298331521,-1.94872142129162e-05,0.00176189508958754,0.00102939897188127,-0.000730339694409589,-0.00114446730939257,-0.000797427851837538,0.000645950658282646
0.000639355011135864,0.000637085010798338,-0.000292657298961144,0.0003434521038754,-0.000725962874731147,-0.000421752030798541,-0.000624173280676734,0.000589959675045531,0.00150128428628909,-0.000677190631100876,0.00148239984343627,-0.00482894650162059,0.00394736452941795,-0.00328284513406674,0.0043796159901106,-0.00230258896751347,0.000391397580510703,-0.000947889701112468,0.00036210028521591,0.000488262150419202,-0.000177570805086147,-0.000370106690701548,0.000119374997499449,0.000350581820993058,0.000409622073670374,-0.000357568930138114,-0.000957410270373512,-1.90905081385834e-05,0.00061817711130053,0.000453861519519484,0.000841957276122415,-0.00153405232403911,-0.000360615425235979,0.000319067177294348,-0.000327350233625495,0.00226421589974439,-0.00163575055480018,0.000360839818470415,-0.00096011463876231,9.67030783015346e-05,0.000735995771919182,0.000371975546964985,8.84025562838283e-05,-0.00060905490736644,-0.000422609377071936,-0.000308988345465926,0.000805015224870143,0.000574043391023756,0.000732283927012738,-0.00114419910836655,-0.00151640234512198,0.00104496659661928,-0.00114853057470907,0.00505277049453693,-0.00379403950574347,0.00171925257195422,-0.00404928543903399,0.00179875912371365,0.00116091685193001,0.00131614195323513,-0.000455203482006342,-0.00148386635880828,-0.00076768369362237,0.000506105728205845
0.000640554625464444,0.000184383328051252,0.000235659895525724,-0.00038519280905484,-0.00016921867432727,-0.000141037073028249,-0.000491372771035989,0.000517180456933883,0.000510026570784422,-0.000759063749280322,0.00126758135190503,-0.00182651733791502,0.0010981241685845,-0.000401268295848531,-6.80440435208308e-05,0.000552787280004214,-0.000510149391685432,0.000306010784570242,-0.000138315611259525,-3.46278926397122e-05,5.88479404946643e-05,-1.2863003530425e-06,-0.000301867394762581,0.000124903752730596,8.00248153459527e-05,0.000207644248397447,0.000740719330531712,-0.00185589149198423,0.00175129342880838,-0.00287074068186687,0.00315060097970956,-0.00146683788495579,0.000978450020282995,-0.000112172738538258,-0.0010887062010721,0.000649727201697457,-0.000699737514283452,0.000581123404087355,0.00022812337392586,0.000491966439877608,-0.000368691201070348,-0.000511321446770514,-0.000427532502963541,0.000211946453286794,0.000594244048091526,0.000446733743777691,-0.000285311364179607,0.000237134884056616,-0.00109058742367025,0.00144159723044994,-0.00280042897168081,0.00336742837975395,-0.00269373202527759,0.00351613620363226,-0.0018644326379542,-0.000615644060875301,-0.000239618205661355,-0.000757025015301832,0.00221108077560508,-0.000126845498616353,6.01601609973407e-05,-0.0011297222999866,-0.000367762865895198,0.000158473469692146
0.000261958501057543,2.64454766168911e-05,-0.000225496471754595,-0.000357060998548951,-0.000180622827047169,0.000763811195006291,0.000361170023516057,-0.000307163319769154,-0.00100922511318599,-8.47673114783414e-05,-0.000387642693918216,0.00312063441585646,-0.00207539913317444,0.00132318172991281,-0.00301750366437714,0.00119488529041177,0.000259750668836606,0.0006811924574725,-0.000322072993126662,-0.000168479724805073,0.000112488193998575,0.000278649267288432,-0.000524293127822065,-0.000974015695587378,0.000222743320633712,0.00142066241633739,0.000670694264339528,0.000351164514015398,-0.00328668559530351,0.00134365614676526,-0.00235906049078678,0.00485241097972176,-0.00182012161127798,0.00144382609284392,-0.00175260029975474,-0.00134741553160917,0.000586086041317092,-0.000185327313967854,0.00185646350176576,0.000548474533184746,-0.000135235702711378,-0.00146187870608441,-0.0012035159292803,0.000415262491827669,0.00130328413613887,0.00128280969775479,-0.000107113487624773,-0.00171258037399588,-0.000118929971672779,-0.00125969104187378,0.00301540106478148,-0.00234420153267264,0.00394535883320702,-0.00478591490698886,0.00379357799351462,-0.00356641734928871,0.00233904145612291,-0.000765763901486063,0.000205288077461531,0.00033016041510641,-0.000404465749893066,-2.08658553165963e-05,-3.27031988778128e-06,-3.56326710449709e-05
-0.000130667879396949,-0.000136359788149904,-0.00057162833378253,-0.000754103203195238,0.000254640341225421,0.000778666271649615,0.00224020057715069,-0.00169106065132306,-0.00113035666422379,-0.00183677170188198,0.00127555019566263,0.00232892780795832,0.000943515074175745,-0.00164731760294979,-0.00163402780106413,-0.000743658957200714,0.00137360706340416,0.000406606689373651,5.51666790291195e-05,-0.00010874700163502,0.000565817468620522,-3.62665823309635e-05,-0.00103986429241845,-0.00139535064251595,9.63585904723972e-05,0.00209239259662181,0.00139331563641915,-0.000635249042651511,-0.00226059815807146,-0.00109278676540625,0.00087827852275771,0.00113625962433974,0.00203150020840019,-0.00196984867816162,0.000622296697708328,-0.00176232952499077,0.000158013727914787,1.09725999391559e-05,0.000601559521138755,0.00124090199349028,0.000198651083672508,-0.000514399203137615,-0.00146838944527016,-0.000479939878351535,0.00116537628254191,0.00125303584894248,0.000305768265338916,-0.000717768647170934,-0.00179293182834059,0.000642851638595716,0.000252446423033502,0.00191191390781086,-0.00118806466373098,0.000151992389780314,-0.00175642842682951,0.00211931748678012,-0.000646155956164534,0.00131554017130009,-0.00155871549552736,-0.000500417077608432,0.000361360691336106,0.000581757498379321,0.000404536658488867,5.13691888279226e-05
-0.000266201163344703,-0.000308425539586428,-0.000566320199103032,-0.000927159259565316,5.14494555435109e-05,0.00193256133557166,0.000951412287234139,0.000488190305062455,-0.00326424598477018,-0.000884110621552405,0.000380190843638419,0.00212162300562309,0.00183396392765086,-0.00158492160349924,-0.00071593969568111,-0.00114994078209968,0.00034487907567944,0.000329682365355846,0.000377161320564125,0.000700737767495309,0.000637363409465827,-0.000464312703392418,-0.0016974914198878,-0.000825717707676414,0.00089418634000579,0.00164476469953332,0.00090848585555725,-0.00164769744506366,-0.00059983500622126,-0.000890944340553612,0.00220000280247797,-0.000571416996447875,8.09034461673455e-05,-0.000805418365164804,1.76167470749855e-05,0.00157378444037938,-0.000446379604067754,-0.00069637496819377,-0.000962230136431745,-0.000152221197975397,0.00163987171710169,0.000631534149941297,4.33922183992006e-06,-0.0012404647450138,-0.000885100517847028,0.000293167997850375,0.000808211466992088,0.000557538897251716,-0.000249172380697892,-0.000407266968559422,7.63630526897739e-05,0.000344426692553453,-0.00062830078058116,-5.31092679892075e-05,-0.000836195482861269,0.00149321876539656,0.000819796471396799,-0.000200740738080956,-0.00119781319430141,-0.000925220537759876,3.68774357119034e-05,0.00146397040761209,0.000252262371390913,0.000160374637132439
-0.00018934869394573,9.32882479828522e-05,-0.000696655311007389,-0.00053364310568447,-0.000285255391058603,0.000957778284527627,0.00137855529100162,-4.41082685299512e-05,-0.00102950929438882,-0.00154261048488424,0.000121029805639399,0.000659142322963712,0.00104000572702849,0.000480264589774109,-0.00055060151262888,-0.000522937403796048,-0.00095366330038566,-0.00012899664712664,0.000787738012396178,0.00125773422859817,0.000130985581077051,-0.00127162069585136,-0.00108398898703535,0.000213131005464253,0.00166912717744778,0.000523636783134984,-0.00150377194325362,-0.00123825927879823,-0.000276736420404358,0.00274309979670106,0.000979747142743894,-0.000436581272002369,-0.00313769183214513,-0.000980885853229927,0.00107691686300218,0.00291957141503688,0.00160539938163928,-0.00133743521025633,-0.00303469577096054,-0.00159940057070136,0.000852021033398625,0.00312890106084972,0.00190899451138049,-0.000810184207953346,-0.00263949068239402,-0.00189435339555599,0.000708502258894218,0.00189048448824991,0.00165511329836378,-0.000490684475299236,-0.00051291879403024,-0.00120992677148917,-0.000135675334438253,-0.000397160676098112,0.000769630279405794,0.000692129586695002,0.00113398023736237,-0.000602614291443303,-0.0011813106133291,-0.00104440159599705,0.000560798430873231,0.000719452885218406,0.000832888685811345,-0.000192690653612264
-5.79555708843383e-05,0.000142603248238459,0.000124799594481534,-0.000278543362570594,-0.000554946590283909,-3.75801944547768e-05,0.000582551135584653,0.000958201315018685,0.000374598764644232,-0.000215800236087492,-0.00113321864546131,-0.000549942402441325,-0.000183595161665196,0.00142588684004944,0.000776707525870631,-0.000546574276300115,-0.00110822076368136,-0.000663603166307453,0.00107733108790871,0.000771440650843102,-0.000615811567953778,-0.00142343872979585,5.57040648977029e-05,0.00215603722432927,0.00178302980307301,-0.00121399983317251,-0.00314596396924118,-0.00182348076774987,0.00227770323706686,0.00326924724615367,0.00163188751004212,-0.00239732969502153,-0.00340748394947967,-0.00206254891604486,0.00155091363437198,0.00291921879906766,0.0025200277096782,1.33430945878851e-05,-0.00299451655413526,-0.00319737405997506,-0.000961165599093716,0.00299835130696564,0.00384845407691607,0.00116804349628857,-0.00277995857510073,-0.00377027292936327,-0.00134731772560642,0.00237326894801295,0.00256725679657373,0.00101416053717254,-0.00139200349006198,-0.00134732565597483,-0.000839728623857763,-1.6735946355448e-05,0.000915472386609488,0.000895218303776412,0.000809977009444918,8.94955709665728e-07,-0.000930286773368595,-0.000859366164828241,0.000176354021807552,0.000539573665077706,0.000379567081479903,-0.000241411410101776
6.34378052009341e-07,2.85228806357018e-05,0.00101719056329248,0.000212628163903922,-0.000239294336233062,-0.00179117433517431,-0.00130530749390275,8.21087008728026e-05,0.00208361865199864,0.00101486381275148,-0.00059169412403022,-0.00214213019926411,-0.000427761842783744,0.000802494676500068,0.00118491533656463,3.05365829844183e-05,-0.000675859406323075,0.000784165437191211,0.00110430465811528,-0.000642874974580291,-0.00266741041931074,-0.00144461274920537,0.00186264103468447,0.00376559890905801,0.000708717386112911,-0.00251469089783103,-0.00405215441787399,-5.67942051539854e-05,0.00280816604625472,0.0029466571979631,7.35642159998036e-05,-0.00099152559545619,-0.00111386449368765,-0.000270630716834796,-0.000721876216872122,0.00013785120991413,0.0014826227417425,0.00217219244047559,0.000715643017735093,-0.00316929462414513,-0.00316048312807487,-0.00035409643568541,0.00332550972625332,0.00349300780409971,3.75054221465571e-05,-0.00261408319973763,-0.00255108708967417,0.000267339593882505,0.00223489188039343,0.00168332962458748,-0.000126075842899287,-0.00111903725233211,-0.00109100714357312,-7.75352904830194e-05,0.000236617680788694,0.000270737788645039,-7.76158205224223e-05,-0.000371377753194529,4.4825209468465e-05,0.000117399609584521,9.72578625748079e-05,6.09308647932336e-06,-0.000216898478882806,-0.000255433733575584
-0.000373849680071695,0.000436426056932826,0.000613384999111988,0.00134597539624092,3.93270609638693e-05,-0.000706412144199228,-0.00149451853710539,0.000215676650465363,0.00173048838852077,0.00206152878105386,-0.000144855523866898,-0.00159868786495213,-0.00114986843060654,-7.31094707568825e-05,0.00044776526075884,-5.14612963299389e-05,0.00075435328293418,0.00111549842717899,0.000830569821457356,-0.0016809213646823,-0.00255867851686791,-0.000138372632662123,0.00370729758044764,0.00298610318789136,-0.00100858607311505,-0.00437121553439815,-0.00149716199224677,0.00262020013620994,0.00325612161537832,-0.00118805553783612,-0.00399894670168909,-0.00140648497327328,0.00354284755968756,0.0033525525916826,-0.00177865772946005,-0.00534267809882099,-0.00189623684606485,0.0040771345877415,0.00549527323572226,0.000614928051750462,-0.00489963785938581,-0.00469338195332812,0.00040760651910045,0.0040797693692554,0.00302194001459064,-0.000905676479577622,-0.00322662541837079,-0.0024783262215732,2.40469530668732e-05,0.00168072280168539,0.00165234770066615,0.000253165323148354,-0.000661900713129668,-0.000665115240733834,-0.000444129355327805,0.000380590222006272,0.000230360195300977,0.000417987389182034,-8.31868127170805e-05,0.000323244859212826,-5.05736409684051e-05,-0.000400358334270157,-0.000486009736247657,-0.000260940068854028
-0.000391379792013488,-6.13449423092117e-05,0.000703939978389262,0.00122641715053688,0.000361043122182875,-0.00152414810494439,-0.0019271465178887,-0.000924227381016412,0.00102566951266222,0.00146988761581208,0.000751446868245845,-0.000169765580667564,-0.00104738611799723,-0.000839674760750902,-0.00115773206339263,0.000419122031165393,0.0019116472415611,0.0022716528910357,-0.00115084487037571,-0.00362313526370906,-0.00253747350213126,0.00211148910302001,0.0042489027527903,0.00078939335768515,-0.0046262801336005,-0.00415543239493624,0.00208069949141978,0.00675802259077174,0.00263488268433972,-0.00538166672189574,-0.00748227534829748,-7.16147389208767e-05,0.00824556744226087,0.00740164703503561,-0.00205585526583507,-0.00956729171790502,-0.00645420084621182,0.00355447550362478,0.00900453546490279,0.0051346562132192,-0.00344502170125312,-0.00776460463990715,-0.00395375744025858,0.00294483120160244,0.00635645303657815,0.00356389377424256,-0.00129522011672541,-0.00398999612343348,-0.00264400920046059,0.000528131159464879,0.00239128758232755,0.0019141217830239,0.000183282164123061,-0.000970422706742737,-0.000914334963220261,-0.000971095844010451,-7.61849346506267e-05,0.000310227892823594,0.00123315900013237,0.000516856385294414,0.000503569730914287,-0.000513931998827032,-0.000476625845910414,-0.000386115358890308
-0.000248190591104045,-0.00046940085811391,0.000249204760167499,0.000957162411831199,0.000969377336837262,0.000179037516237416,-0.00115559253720354,-0.000737596264592323,-0.000339370079276035,0.000775458257450174,0.000933710188744911,0.000924246529462786,-0.000188514773069901,-0.00164249660054059,-0.00140492930261111,0.000346868360906038,0.00259166509274088,0.00155100701283541,-0.00177914603693016,-0.00357334496618772,0.000111046399936227,0.00487800622001078,0.00403394068104543,-0.00246004773088341,-0.00748749806802009,-0.00340228852678454,0.00599512768292086,0.00908281571442676,0.00192978918129029,-0.00884401912998605,-0.00971047563508678,-9.45020889984554e-05,0.00977877786568325,0.00919818960750354,-0.000821952802704516,-0.00902842665987972,-0.00820659758312441,0.000508036951312226,0.00785741114577814,0.00714278487296768,0.000528375628429409,-0.005905880556474,-0.00665199917424639,-0.00159859691417591,0.00418023524753694,0.00547130474792101,0.00161017978211504,-0.0031805516488609,-0.00416900685998108,-0.00146156375646273,0.00168049220142401,0.00240740473973593,0.00114893689421396,-0.000514133648052991,-0.000728203090033701,-0.000686076181438878,-0.000654753456667454,-0.000285321291433178,0.000394672197463761,0.000828768383524137,5.59478306769845e-05,-3.57158762431174e-05,-0.000502219994741378,-0.000330688488657788
-0.000147800216752998,-0.000385068771889441,-0.000401338688094844,4.69433839162928e-05,0.000481086308879065,0.000745882370793615,0.000420650956155614,-0.000853732973556176,-0.000799054813513337,-0.000556770106254907,0.00080692098570059,0.00102114053020756,0.000104522739702784,-0.00137567117989035,-0.000952361982549905,0.00143180011656939,0.00192448495693369,-0.000562306324854884,-0.00355502792483932,-0.00246554707953986,0.00263714515508536,0.00601287766576976,0.00201916589183884,-0.00561320207274633,-0.00756399450903612,-0.00107953237929552,0.00719659533065952,0.00783358929769425,-0.000234542126717471,-0.00718155319913601,-0.00685824236090805,0.000361299673562367,0.00561103670431915,0.00515359950511996,0.000960260390984426,-0.00322316517126232,-0.00429130695321988,-0.00310985399810276,0.000721555490809192,0.00442964482578155,0.00466667874095685,0.000842254700963619,-0.00459972088531374,-0.0053201846554535,-0.000810711478376915,0.00418516963347133,0.00460259965392311,0.000631004731282017,-0.00311490737962267,-0.0028394677381653,-0.000158214941045871,0.00147060080083296,0.00129842096821056,0.000559602005764972,-0.000132320744507303,-0.000137873475298834,-0.000576464088022541,-0.000572496862016344,-0.000249319036550066,0.000636624012318526,0.000815660141209227,0.000163588828643496,0.000179052013772574,-0.000248687793386738
-0.000183228701437769,-0.000263920992950314,-0.000438682514378108,-0.000633539188606222,6.12688059608047e-05,0.000547411974156186,0.00109970313204148,0.000188710358343618,-0.000680008169463418,-0.000716416966279851,8.82519787661787e-05,0.000223756735777664,-0.000237404652660099,-0.000590307212964771,0.000721676241948567,0.00211356257392835,0.000886960194690766,-0.00289549199342056,-0.0038862962973261,-0.000200736614183359,0.00505851773237817,0.00460084940709575,-0.00118039973542361,-0.0063049950416101,-0.00374962175218558,0.00302049074517954,0.00517342619456199,0.000988795471023473,-0.00333015108442351,-0.00218360937118764,0.00228981865951284,0.0020370218680825,-0.00241029134134013,-0.00436074246905551,0.00073129407285478,0.00659849278864277,0.00442562336635351,-0.00407686479156442,-0.00879018705052593,-0.00328889974845266,0.00645147969796328,0.00877879429145977,0.00155354795211363,-0.00666122896113473,-0.00697809337944935,-0.000251825575680512,0.00493665186691476,0.00462252024648116,7.44246480712382e-05,-0.00278105202980216,-0.00249271866252502,-0.000256858910619854,0.000582299571353194,0.00126283655536725,0.000842083180227838,0.00028174187762928,-0.000389780862396042,-0.000781505206919259,-0.000728638527169588,-5.87594463854999e-05,0.000418203488260707,0.000691551194904468,8.06670700820945e-05,0.000350613549421558
0.000171468585347387,6.20191854127424e-06,-0.000530661401341475,-0.000553864964107425,-0.00048722926679397,0.000439648487025265,0.000563502610834721,0.000758920578500966,1.71530201624598e-05,-4.03111448025167e-05,-0.000594392784057864,-0.000928357606309134,-0.00119718762322771,0.000376204347915214,0.00255894894586796,0.00231572809021735,-0.00110992006553164,-0.00427593444359834,-0.00259338787646037,0.00309645565208484,0.00536487666846179,0.000554822591048081,-0.00585560706710019,-0.00451326345742885,0.0036212530497113,0.0078179580588971,0.00102017651281152,-0.00889375182969284,-0.00802263899288775,0.00459114243988042,0.0133262540368857,0.00571977323794262,-0.0104630858414542,-0.0154362031495197,-0.00189460179537519,0.0144531948067706,0.0145956685188819,-0.00193949191166216,-0.0154912966337809,-0.0116600653797967,0.0042835214585864,0.0134764064295055,0.00821260480271992,-0.00438133737690049,-0.0100203848613515,-0.00530566372008246,0.00303518800786415,0.00618672767133626,0.00348730569346295,-0.00117430305595437,-0.00304605054574559,-0.00243812640511481,3.75420251171616e-05,0.00099689040796624,0.00140469624217316,0.000664244830652518,-7.82781527605205e-06,-0.000373761773631754,-0.000573497215039285,-0.000354401294695842,-0.000270437190357152,0.000286471872278134,0.000458201522595187,0.000528200800346798
0.000624039542377792,7.24414442513901e-05,-0.000301462641073917,-0.000340734629303716,-0.000647091561320454,-0.000135366559987415,0.000285923287937686,0.000483353417125004,0.000752904261200509,0.000413219644530658,-0.000478975328635472,-0.00162387127894813,-0.00134045525913011,0.00102471505124389,0.00296692392483936,0.00135092925081072,-0.00284103293298928,-0.00427340630731564,0.000593454651574126,0.00615904211957365,0.00407056352230841,-0.00486736126407271,-0.00973329487073308,-0.00195927776288394,0.0112687841629679,0.0118190204000233,-0.00285469284345771,-0.0172297239585896,-0.0119236793739009,0.00894494456864072,0.0209559552390191,0.00947643564305102,-0.0139840617573752,-0.0215946766206923,-0.00558119779038626,0.016160187708326,0.0190957470906625,0.00230820127530666,-0.0154685365991186,-0.0147628404149012,-0.000483924411000903,0.0122335649661447,0.0104374149989849,6.04188284552062e-05,-0.0080666761262129,-0.0069357581884175,-0.000694344349001753,0.00479231836091474,0.00421788719530045,0.00103875407211914,-0.00195720399912113,-0.00241193475363826,-0.000728326217631979,0.000354422017572374,0.000913188201074772,0.000237949761364308,0.000445257797881497,0.00029103501208822,0.000142884314570551,-0.000773640860177197,-0.000459931098329627,-0.00069374469443545,0.000773968638334906,0.000381393385821484
0.000595378677240353,0.000133230109338954,0.00013355856168798,-0.000445708499382858,-6.87586355769517e-05,-0.00028700486268882,-0.000186054128477817,0.000145422954905961,0.000663761004654808,0.000424289850606899,-0.000124165758025552,-0.00124972478970718,-0.000727518527027031,0.0016781317422924,0.00189846666581153,-0.00040677403176665,-0.00437545970444808,-0.00252104338713522,0.00390624952320304,0.00781001768658954,0.00191728105925624,-0.00896649525270643,-0.0112334104289433,0.00115947770324746,0.0141548622049097,0.0131561103082585,-0.00533072033248209,-0.018552976387689,-0.0117947054064517,0.00844455234522992,0.0202006098209317,0.00911769120935352,-0.0104772346435521,-0.018166351539068,-0.00622204791157667,0.00977894310350829,0.0143399117525141,0.00417293201159629,-0.00701231044977124,-0.0100685404469337,-0.00338949606371973,0.00379262815213529,0.00645638804249641,0.0033541947446903,-0.00130494791128925,-0.0041238865788149,-0.0029429390173178,-0.000341117351158386,0.00249815824827216,0.00222184381504122,0.000191676103179243,-0.000465772610936141,-0.00122510432186858,-4.07266309304864e-05,-0.000560841359030329,-0.000338993823863027,0.00032995033668754,0.000959178568100187,0.000989350943610169,-0.00022922152666538,-0.001136049551615,-0.000877360132642835,-0.000163781757308515,0.00073311058442039
0.000626534768035982,0.000249709310908774,-8.00540426357617e-05,-0.000307270021307113,2.45739247847616e-05,7.02444546847899e-05,0.000249208070816475,-0.000517594933801692,0.000251458075570764,-0.000415378563191615,9.08732857527852e-08,-0.000524183451265374,0.00133987659955593,0.00111173921280656,0.00128114485806703,-0.00352078237777374,-0.00378424780224006,-0.000739070856492603,0.0060420292026946,0.00678272291771451,-0.000721272949340705,-0.00935063547226075,-0.00813984737485799,0.00276396697841194,0.0116645173417645,0.00750633402729289,-0.00447237885122956,-0.0114163038360405,-0.0057830147282719,0.00541144453822027,0.00785483939087398,0.00393140328204581,-0.00372701858253071,-0.0035045704350927,-0.00241970130263917,2.97743406248882e-05,-0.000536550059085154,0.00245719877746069,0.00403828458671645,0.00252841898774039,-0.00300479540983176,-0.00662057363286441,-0.00297327615065342,0.00393832612292545,0.00644200766947869,0.00243788607129806,-0.00371609948985982,-0.0046458865403087,-0.00175842450673252,0.00218622020001388,0.00265100257261179,0.000892218614890835,0.000212856214352423,-0.00117525872949079,-0.000917728942831728,-0.00105789112823447,-0.000268029342492022,0.00133713520717995,0.00125261342188526,0.000604501218836697,-0.000978445575460063,-0.000962398463800943,-0.000650101184685948,0.000518605472213189
0.000355198653070309,0.000594302598427481,-0.000540456440323468,-6.83188106785116e-05,-0.000177074309721936,0.000597671960454943,0.000482086885883011,0.000413791866134552,-0.0017380463024578,0.000168253851941216,-0.00211072024508343,0.0024595905902578,0.000992866837348289,0.00270497235913464,-0.00196132990199676,-0.00314178129854741,-0.00331806177000493,0.002321690727298,0.00506509318033744,0.00272323860061573,-0.00324230900911407,-0.00539662777812196,-0.000645500719151119,0.00412144508370808,0.00318885848609178,-0.00266993111724339,-0.00392271804764636,0.00247482509634943,0.00571531300371635,0.000885366104894202,-0.00804166938001043,-0.00917088876758643,0.00601695895900571,0.0121996521407469,0.00916046887906978,-0.0113073870052262,-0.0157192360513491,-0.00527006628319087,0.0139449856172893,0.015895192127063,0.000920000984303187,-0.0138080145150781,-0.0126987412802045,0.00139000837962472,0.0115906485934742,0.0080798506276002,-0.00176603202502948,-0.00755647075770264,-0.00415095460877318,0.000286933351596689,0.00423838020473941,0.00137975010379265,0.000866553200530239,-0.000744101657152108,-0.00147104625444563,-0.000400730072508618,-0.0012739798346345,0.000906734835134098,0.000808921271085675,0.00094805158184078,-2.69185523675516e-05,-0.000856868933960237,-0.000541903465396332,-0.000160498444655349
9.23980806746341e-05,0.000239832532779761,0.000141363757558319,-0.000606430996482376,-0.000276585286399393,0.00100508101942068,0.000183042926875586,0.00129022426334032,-0.00161036419828547,-0.00142016338097159,-0.000423692316918837,0.000446558876036205,0.00345114644429625,0.000323285956649491,-0.00193401665011096,-0.00314253893282763,0.000285298535216028,0.00378763988524921,0.00261376988511954,-0.00363533118113657,-0.00560645551739025,0.000860969005186467,0.00870958116929287,0.00623193145569005,-0.00721969547649821,-0.0145486160701614,-0.00373620433493587,0.0145696777190332,0.0197203949609804,-0.00227845333083804,-0.0217701481098687,-0.0198213317919327,0.00715324539844904,0.0287569442656315,0.0145357293401766,-0.0115382559193951,-0.0288334455995964,-0.0100940785712021,0.0154405382117189,0.0234387532029188,0.00537062866985629,-0.0150191547522852,-0.0165251722307059,-0.00172342074296615,0.0111422483570238,0.00996955651176234,2.92132366599974e-06,-0.00660698284931438,-0.00472360749387753,0.00019815362078093,0.00237027658396653,0.00224602241126047,-0.000559898417064936,0.000102943449393412,4.94567949067412e-05,-0.00104211985663808,0.000652002229220347,-0.00199523836945212,0.00102395579483233,0.000240878684936437,0.000962209098617419,0.000110818017300938,-0.000681882360351343,-0.000348114553278365
-0.000211159750722044,0.000156038209837707,0.000201158724282159,-0.000159936010361045,-0.000637238348664712,-9.55541093710799e-05,0.00175888125166976,-0.000950190503363951,0.00253467430045583,-0.00508028522299067,0.00325108609451423,-0.00260940753925619,0.00434942820647754,-0.00238708801299816,-0.00138389157043867,-0.00197924947278213,0.00405165804606074,0.00481347099402604,-0.00138608791042375,-0.00900129277591354,-0.00747154073680793,0.00611032435549526,0.0159435245823428,0.00763971848068733,-0.013166605715062,-0.0225598233447956,-0.00470999420686592,0.0206175809430191,0.0257420956914506,0.000180159914069752,-0.0280455332304297,-0.0226229923709826,0.0036122416613171,0.0307967919516209,0.017761676037509,-0.00951984220135923,-0.0260808525618382,-0.0123966402332484,0.0116599828492009,0.0193824489540618,0.00643393261361768,-0.00983175987776142,-0.0120515704630166,-0.00212354978478054,0.00632630207673883,0.00587782033442666,0.000256060191217318,-0.00261883425635388,-0.00271576699635202,0.00198283884350015,-0.00128435567527502,0.00243719067478109,-0.00314637233235938,0.00179042995921147,-0.00029830235672341,0.00199277729355517,-0.000539029441333369,-0.000277962559708915,-0.0017820547034924,0.000358957317940869,0.000917628161346094,0.000920633672131462,0.000108815260253712,-0.000843983875447081
-0.000691995660904114,-9.51884054525647e-05,0.000828388385489633,5.06032407240466e-05,6.53391712162666e-05,-0.00136173299134679,0.00011506097010218,0.000694849492180195,-0.000762921399600385,0.0030581184925889,-0.00464556690556061,0.00589232447256943,-0.00550355093040974,0.0025596516254957,-0.0058907536316371,0.00289830217135025,0.00498762645725409,0.0059936847144191,-0.00297104124692453,-0.0115151844383974,-0.0075250576104236,0.00743639315205498,0.0171524291855617,0.00774323329519009,-0.0127448969172739,-0.0205544353950326,-0.0060378295268037,0.0179221422918586,0.0199890426226322,0.00277436832357705,-0.0195250510598698,-0.0173812910514759,0.00375257595616162,0.0142141894649514,0.0151586193457191,-0.00708565143754432,-0.00997272915787649,-0.00737146844099909,0.00437234796117863,0.00617804071096698,0.00177936400875793,-0.00170714380551531,-0.0017761508384455,0.000224152751358247,-5.26580230862587e-06,-0.0012418277978509,-0.00131378197066903,0.00112809807651797,0.00226398693626104,0.000554204158952857,0.00117957364260446,-0.0048287131397982,0.00215269963025152,-0.00395517672620375,0.00469878081535151,-0.00068041697348474,0.00141634250852126,-0.00146402557233108,-0.00173621336885472,-0.000659873945757849,0.000798899263315494,0.00115984828431326,0.000390647318331974,-0.000581156434636175
-0.000978503298073566,-0.000101953820817558,0.000395742082983322,0.00122808038675142,6.53158366206915e-05,-0.00036425377123376,-0.00161716744542326,0.000637178063228991,-9.5219745363172e-05,0.00278008497774222,0.000347962389246669,-0.000330967046114655,-8.94183053626882e-05,-0.00449868996932942,0.000120290242013259,2.45928369840196e-05,0.00627160057484719,0.00348417611801353,-0.00247990765751871,-0.00840451754933291,-0.00544289711438794,0.00424852978574626,0.010504811091831,0.00460196549437521,-0.00595411973094036,-0.00979118421270018,-0.00318627499192552,0.0067734570708984,0.00546670929820199,0.00134837408401069,-0.00408564058552345,-0.00163524216096925,0.000534191922208611,-0.00163524216096924,-0.00408564058552343,0.0013483740840107,0.00546670929820198,0.00677345707089838,-0.00318627499192554,-0.00979118421270016,-0.00595411973094036,0.00460196549437524,0.010504811091831,0.00424852978574623,-0.00544289711438796,-0.0084045175493329,-0.00247990765751869,0.00348417611801353,0.00627160057484719,2.45928369840156e-05,0.000120290242013287,-0.0044986899693294,-8.94183053626839e-05,-0.000330967046114692,0.000347962389246652,0.00278008497774221,-9.52197453631457e-05,0.000637178063228972,-0.00161716744542328,-0.000364253771233769,6.53158366207181e-05,0.00122808038675143,0.000395742082983348,-0.000101953820817612
-0.000691995660904061,-0.000581156434636175,0.000390647318331999,0.00115984828431322,0.000798899263315458,-0.000659873945757776,-0.00173621336885473,-0.00146402557233109,0.00141634250852116,-0.000680416973484725,0.00469878081535153,-0.00395517672620371,0.00215269963025152,-0.00482871313979823,0.00117957364260446,0.000554204158952834,0.00226398693626112,0.00112809807651794,-0.00131378197066901,-0.00124182779785098,-5.26580230861113e-06,0.000224152751358285,-0.00177615083844549,-0.00170714380551525,0.00177936400875786,0.00617804071096701,0.00437234796117863,-0.00737146844099904,-0.00997272915787646,-0.00708565143754434,0.0151586193457191,0.0142141894649514,0.00375257595616163,-0.0173812910514759,-0.0195250510598697,0.00277436832357703,0.0199890426226322,0.0179221422918586,-0.00603782952680368,-0.0205544353950325,-0.012744896917274,0.00774323329519006,0.0171524291855617,0.00743639315205499,-0.0075250576104236,-0.0115151844383974,-0.00297104124692452,0.00599368471441908,0.00498762645725417,0.00289830217135026,-0.00589075363163713,0.00255965162549567,-0.00550355093040982,0.00589232447256946,-0.00464556690556059,0.00305811849258893,-0.000762921399600503,0.000694849492180155,0.000115060970102171,-0.00136173299134665,6.53391712162993e-05,5.06032407240453e-05,0.00082838838548962,-9.51884054526361e-05
-0.000211159750722002,-0.000843983875446984,0.000108815260253653,0.000920633672131441,0.000917628161346055,0.000358957317940994,-0.00178205470349236,-0.000277962559708975,-0.000539029441333426,0.0019927772935551,-0.000298302356723342,0.00179042995921151,-0.0031463723323594,0.00243719067478104,-0.00128435567527513,0.00198283884350016,-0.00271576699635199,-0.00261883425635384,0.000256060191217287,0.00587782033442664,0.00632630207673882,-0.00212354978478048,-0.0120515704630166,-0.00983175987776142,0.00643393261361765,0.0193824489540617,0.0116599828492009,-0.0123966402332484,-0.0260808525618382,-0.00951984220135923,0.017761676037509,0.030796791951621,0.00361224166131709,-0.0226229923709825,-0.0280455332304297,0.000180159914069731,0.0257420956914506,0.0206175809430191,-0.00470999420686591,-0.0225598233447957,-0.013166605715062,0.00763971848068732,0.0159435245823429,0.00611032435549526,-0.00747154073680788,-0.00900129277591357,-0.00138608791042378,0.00481347099402608,0.00405165804606074,-0.00197924947278211,-0.00138389157043877,-0.00238708801299818,0.00434942820647749,-0.00260940753925613,0.00325108609451426,-0.0050802852229907,0.00253467430045576,-0.000950190503363961,0.00175888125166977,-9.55541093709768e-05,-0.000637238348664658,-0.000159936010361085,0.000201158724282117,0.000156038209837706
9.23980806746616e-05,-0.000348114553278302,-0.000681882360351423,0.000110818017300875,0.000962209098617416,0.000240878684936551,0.00102395579483235,-0.00199523836945216,0.000652002229220229,-0.00104211985663808,4.9456794906742e-05,0.0001029434493935,-0.000559898417064972,0.00224602241126047,0.00237027658396643,0.000198153620780937,-0.00472360749387751,-0.00660698284931439,2.92132366595149e-06,0.00996955651176233,0.0111422483570238,-0.00172342074296612,-0.0165251722307059,-0.0150191547522852,0.00537062866985626,0.0234387532029187,0.0154405382117189,-0.0100940785712021,-0.0288334455995964,-0.0115382559193951,0.0145357293401766,0.0287569442656315,0.00715324539844907,-0.0198213317919327,-0.0217701481098687,-0.00227845333083809,0.0197203949609804,0.0145696777190332,-0.00373620433493587,-0.0145486160701614,-0.00721969547649821,0.00623193145569005,0.0087095811692929,0.000860969005186492,-0.00560645551739022,-0.00363533118113655,0.00261376988511948,0.00378763988524922,0.000285298535216056,-0.00314253893282759,-0.00193401665011101,0.000323285956649434,0.00345114644429622,0.000446558876036234,-0.00042369231691879,-0.00142016338097161,-0.00161036419828556,0.00129022426334028,0.0001830429268756,0.00100508101942076,-0.000276585286399369,-0.000606430996482421,0.000141363757558271,0.000239832532779824
0.000355198653070361,-0.000160498444655356,-0.000541903465396361,-0.000856868933960297,-2.69185523675166e-05,0.00094805158184089,0.000808921271085708,0.000906734835134046,-0.00127397983463461,-0.000400730072508625,-0.00147104625444557,-0.000744101657152046,0.000866553200530225,0.00137975010379261,0.00423838020473937,0.000286933351596694,-0.00415095460877314,-0.00755647075770261,-0.00176603202502948,0.00807985062760017,0.0115906485934743,0.00139000837962471,-0.0126987412802045,-0.0138080145150781,0.000920000984303129,0.015895192127063,0.0139449856172893,-0.00527006628319084,-0.0157192360513491,-0.0113073870052262,0.00916046887906976,0.0121996521407469,0.00601695895900568,-0.00917088876758641,-0.00804166938001047,0.000885366104894204,0.00571531300371635,0.00247482509634944,-0.00392271804764639,-0.00266993111724344,0.00318885848609176,0.00412144508370806,-0.000645500719151113,-0.00539662777812192,-0.00324230900911409,0.00272323860061573,0.00506509318033745,0.00232169072729798,-0.0033180617700049,-0.0031417812985474,-0.00196132990199676,0.00270497235913459,0.000992866837348245,0.00245959059025781,-0.00211072024508338,0.000168253851941194,-0.00173804630245784,0.000413791866134493,0.000482086885883011,0.00059767196045502,-0.000177074309721948,-6.83188106785378e-05,-0.0005404564403235,0.000594302598427529
0.000626534768036007,0.000518605472213143,-0.000650101184685944,-0.00096239846380096,-0.000978445575460045,0.000604501218836702,0.00125261342188525,0.00133713520717993,-0.000268029342492025,-0.00105789112823449,-0.000917728942831676,-0.00117525872949082,0.000212856214352479,0.00089221861489081,0.00265100257261182,0.00218622020001386,-0.00175842450673252,-0.00464588654030874,-0.0037160994898598,0.00243788607129806,0.00644200766947869,0.00393832612292543,-0.00297327615065342,-0.00662057363286439,-0.00300479540983176,0.00252841898774042,0.00403828458671643,0.00245719877746063,-0.000536550059085166,2.97743406248857e-05,-0.00241970130263912,-0.0035045704350927,-0.00372701858253073,0.00393140328204579,0.00785483939087396,0.0054114445382203,-0.0057830147282719,-0.0114163038360405,-0.00447237885122956,0.00750633402729284,0.0116645173417645,0.00276396697841197,-0.00813984737485795,-0.0093506354722607,-0.000721272949340695,0.00678272291771451,0.0060420292026946,-0.000739070856492636,-0.00378424780224007,-0.00352078237777372,0.00128114485806701,0.00111173921280658,0.00133987659955591,-0.000524183451265362,9.08732857557131e-08,-0.000415378563191603,0.000251458075570752,-0.000517594933801688,0.000249208070816523,7.0244454684821e-05,2.45739247847176e-05,-0.000307270021307141,-8.00540426357877e-05,0.000249709310908811
0.000595378677240347,0.000733110584420351,-0.000163781757308539,-0.000877360132642801,-0.00113604955161496,-0.000229221526665391,0.000989350943610167,0.000959178568100154,0.000329950336687535,-0.000338993823863005,-0.000560841359030374,-4.07266309304924e-05,-0.00122510432186859,-0.000465772610936122,0.000191676103179285,0.00222184381504122,0.00249815824827218,-0.000341117351158412,-0.00294293901731777,-0.00412388657881485,-0.00130494791128926,0.00335419474469026,0.00645638804249637,0.00379262815213528,-0.00338949606371971,-0.0100685404469337,-0.00701231044977127,0.00417293201159625,0.0143399117525141,0.00977894310350832,-0.00622204791157664,-0.018166351539068,-0.0104772346435521,0.00911769120935347,0.0202006098209317,0.00844455234522991,-0.0117947054064517,-0.018552976387689,-0.00533072033248211,0.0131561103082585,0.0141548622049097,0.00115947770324747,-0.0112334104289433,-0.00896649525270645,0.0019172810592562,0.00781001768658954,0.00390624952320305,-0.00252104338713522,-0.0043754597044481,-0.000406774031766649,0.00189846666581154,0.00167813174229239,-0.000727518527026997,-0.0012497247897072,-0.000124165758025529,0.000424289850606886,0.000663761004654797,0.000145422954905961,-0.000186054128477809,-0.000287004862688847,-6.8758635577007e-05,-0.000445708499382889,0.000133558561688008,0.000133230109338987
0.000624039542377748,0.000381393385821427,0.000773968638334905,-0.000693744694435412,-0.000459931098329584,-0.000773640860177275,0.000142884314570542,0.000291035012088215,0.000445257797881568,0.000237949761364359,0.000913188201074732,0.000354422017572338,-0.000728326217631995,-0.00241193475363824,-0.00195720399912105,0.00103875407211912,0.00421788719530042,0.00479231836091471,-0.000694344349001724,-0.00693575818841749,-0.00806667612621288,6.04188284551847e-05,0.0104374149989848,0.0122335649661446,-0.000483924411000866,-0.0147628404149012,-0.0154685365991186,0.00230820127530665,0.0190957470906624,0.0161601877083261,-0.00558119779038626,-0.0215946766206923,-0.0139840617573752,0.00947643564305099,0.0209559552390191,0.00894494456864074,-0.0119236793739009,-0.0172297239585896,-0.0028546928434577,0.0118190204000233,0.0112687841629679,-0.00195927776288395,-0.00973329487073309,-0.00486736126407269,0.00407056352230841,0.00615904211957367,0.000593454651574107,-0.00427340630731563,-0.00284103293298932,0.00135092925081072,0.00296692392483941,0.00102471505124391,-0.00134045525913004,-0.00162387127894819,-0.000478975328635479,0.00041321964453063,0.000752904261200587,0.000483353417125032,0.000285923287937721,-0.00013536655998751,-0.000647091561320474,-0.000340734629303716,-0.00030146264107384,7.24414442514169e-05
0.000171468585347356,0.000528200800346739,0.000458201522595189,0.000286471872278188,-0.000270437190357121,-0.0003544012946959,-0.000573497215039337,-0.000373761773631713,-7.8278152760283e-06,0.000664244830652566,0.00140469624217311,0.00099689040796619,3.75420251171728e-05,-0.0024381264051148,-0.00304605054574552,-0.00117430305595439,0.00348730569346292,0.00618672767133625,0.00303518800786418,-0.00530566372008247,-0.0100203848613515,-0.0043813373769005,0.00821260480271992,0.0134764064295055,0.00428352145858641,-0.0116600653797967,-0.0154912966337809,-0.0019394919116622,0.014595668518882,0.0144531948067706,-0.00189460179537517,-0.0154362031495197,-0.0104630858414541,0.0057197732379426,0.0133262540368857,0.00459114243988045,-0.00802263899288775,-0.00889375182969286,0.00102017651281154,0.00781795805889711,0.00362125304971128,-0.00451326345742885,-0.00585560706710019,0.000554822591048102,0.00536487666846178,0.00309645565208483,-0.00259338787646034,-0.00427593444359832,-0.00110992006553164,0.00231572809021732,0.00255894894586797,0.000376204347915236,-0.00119718762322767,-0.000928357606309127,-0.000594392784057894,-4.03111448025256e-05,1.71530201624572e-05,0.000758920578501021,0.000563502610834731,0.00043964848702517,-0.000487229266794007,-0.00055386496410739,-0.000530661401341404,6.20191854128232e-06
-0.000183228701437811,0.000350613549421543,8.06670700821173e-05,0.000691551194904523,0.000418203488260713,-5.87594463855666e-05,-0.000728638527169638,-0.000781505206919234,-0.000389780862395986,0.000281741877629299,0.000842083180227806,0.00126283655536725,0.000582299571353197,-0.000256858910619847,-0.002492718662525,-0.00278105202980218,7.44246480712318e-05,0.00462252024648117,0.00493665186691481,-0.000251825575680546,-0.00697809337944935,-0.00666122896113467,0.00155354795211366,0.00877879429145979,0.00645147969796327,-0.00328889974845271,-0.00879018705052591,-0.0040768647915644,0.00442562336635355,0.00659849278864276,0.00073129407285476,-0.00436074246905554,-0.00241029134134011,0.00203702186808256,0.00228981865951285,-0.00218360937118763,-0.00333015108442356,0.000988795471023466,0.00517342619456202,0.00302049074517958,-0.00374962175218557,-0.0063049950416101,-0.00118039973542362,0.00460084940709577,0.00505851773237815,-0.000200736614183379,-0.00388629629732609,-0.00289549199342054,0.000886960194690747,0.00211356257392835,0.00072167624194857,-0.000590307212964768,-0.000237404652660066,0.000223756735777684,8.82519787661654e-05,-0.000716416966279862,-0.000680008169463389,0.000188710358343639,0.00109970313204148,0.000547411974156139,6.12688059607873e-05,-0.000633539188606206,-0.000438682514378085,-0.000263920992950341
-0.00014780021675302,-0.000248687793386725,0.00017905201377259,0.000163588828643515,0.000815660141209221,0.000636624012318472,-0.000249319036550065,-0.000572496862016339,-0.000576464088022497,-0.000137873475298845,-0.000132320744507308,0.000559602005764966,0.00129842096821058,0.00147060080083297,-0.000158214941045909,-0.00283946773816532,-0.0031149073796227,0.000631004731282034,0.00460259965392312,0.0041851696334713,-0.000810711478376914,-0.00532018465545349,-0.00459972088531372,0.000842254700963612,0.00466667874095684,0.0044296448257815,0.000721555490809197,-0.00310985399810271,-0.00429130695321984,-0.00322316517126232,0.000960260390984384,0.00515359950511995,0.00561103670431915,0.000361299673562403,-0.00685824236090803,-0.00718155319913603,-0.000234542126717513,0.00783358929769424,0.00719659533065955,-0.00107953237929554,-0.0075639945090361,-0.00561320207274635,0.00201916589183884,0.00601287766576978,0.00263714515508537,-0.00246554707953983,-0.00355502792483932,-0.000562306324854863,0.00192448495693368,0.00143180011656939,-0.000952361982549914,-0.00137567117989034,0.000104522739702806,0.00102114053020757,0.000806920985700598,-0.00055677010625492,-0.000799054813513323,-0.000853732973556172,0.000420650956155614,0.000745882370793597,0.00048108630887909,4.69433839163262e-05,-0.000401338688094856,-0.000385068771889445
-0.000248190591104045,-0.00033068848865777,-0.000502219994741359,-3.57158762431131e-05,5.59478306769667e-05,0.000828768383524131,0.000394672197463765,-0.000285321291433181,-0.000654753456667483,-0.000686076181438857,-0.000728203090033727,-0.000514133648052927,0.0011489368942139,0.00240740473973594,0.00168049220142398,-0.00146156375646271,-0.00416900685998103,-0.00318055164886085,0.00161017978211502,0.00547130474792099,0.00418023524753693,-0.00159859691417589,-0.00665199917424636,-0.00590588055647401,0.000528375628429374,0.00714278487296765,0.00785741114577816,0.000508036951312269,-0.00820659758312437,-0.00902842665987974,-0.00082195280270454,0.00919818960750351,0.00977877786568328,-9.45020889984318e-05,-0.00971047563508677,-0.00884401912998606,0.00192978918129027,0.00908281571442675,0.00599512768292087,-0.0034022885267845,-0.00748749806802009,-0.00246004773088341,0.00403394068104541,0.00487800622001078,0.000111046399936222,-0.00357334496618769,-0.00177914603693014,0.0015510070128354,0.0025916650927409,0.000346868360906026,-0.00140492930261106,-0.0016424966005406,-0.000188514773069899,0.000924246529462745,0.000933710188744885,0.000775458257450181,-0.00033937007927603,-0.000737596264592299,-0.00115559253720359,0.000179037516237405,0.000969377336837279,0.000957162411831219,0.000249204760167516,-0.000469400858113949
-0.00039137979201346,-0.000386115358890258,-0.000476625845910414,-0.000513931998827046,0.000503569730914232,0.000516856385294442,0.0012331590001324,0.000310227892823597,-7.61849346506798e-05,-0.000971095844010478,-0.000914334963220261,-0.000970422706742734,0.000183282164123094,0.00191412178302392,0.00239128758232755,0.000528131159464862,-0.00264400920046057,-0.00398999612343346,-0.00129522011672544,0.00356389377424255,0.00635645303657814,0.00294483120160245,-0.0039537574402586,-0.00776460463990712,-0.00344502170125312,0.00513465621321917,0.0090045354649028,0.00355447550362478,-0.00645420084621182,-0.00956729171790505,-0.00205585526583505,0.00740164703503558,0.00824556744226087,-7.16147389208746e-05,-0.00748227534829747,-0.00538166672189574,0.00263488268433969,0.00675802259077175,0.00208069949141975,-0.00415543239493624,-0.00462628013360051,0.000789393357685149,0.00424890275279029,0.00211148910302,-0.00253747350213124,-0.00362313526370906,-0.0011508448703757,0.00227165289103569,0.00191164724156111,0.000419122031165418,-0.00115773206339262,-0.000839674760750882,-0.00104738611799728,-0.000169765580667533,0.00075144686824582,0.0014698876158121,0.00102566951266219,-0.000924227381016422,-0.00192714651788871,-0.00152414810494436,0.000361043122182909,0.00122641715053687,0.000703939978389253,-6.13449423092231e-05
-0.000373849680071683,-0.000260940068853993,-0.000486009736247662,-0.000400358334270205,-5.05736409684359e-05,0.000323244859212856,-8.31868127170504e-05,0.000417987389182024,0.000230360195300955,0.000380590222006231,-0.00044412935532779,-0.000665115240733839,-0.000661900713129642,0.000253165323148324,0.00165234770066613,0.00168072280168536,2.40469530668641e-05,-0.00247832622157319,-0.00322662541837079,-0.00090567647957759,0.00302194001459065,0.00407976936925539,0.000407606519100435,-0.00469338195332812,-0.0048996378593858,0.000614928051750466,0.00549527323572227,0.00407713458774147,-0.0018962368460649,-0.00534267809882098,-0.00177865772946001,0.00335255259168264,0.00354284755968754,-0.00140648497327331,-0.00399894670168916,-0.00118805553783608,0.00325612161537833,0.00262020013620997,-0.00149716199224678,-0.00437121553439818,-0.00100858607311503,0.00298610318789137,0.00370729758044769,-0.000138372632662157,-0.00255867851686791,-0.0016809213646823,0.000830569821457344,0.00111549842717897,0.000754353282934165,-5.14612963299333e-05,0.000447765260758852,-7.31094707568713e-05,-0.00114986843060657,-0.00159868786495212,-0.000144855523866924,0.00206152878105385,0.00173048838852081,0.000215676650465352,-0.0014945185371054,-0.000706412144199233,3.93270609638871e-05,0.00134597539624091,0.000613384999111997,0.0004364260569328
6.34378052028895e-07,-0.000255433733575551,-0.000216898478882852,6.09308647928799e-06,9.72578625747637e-05,0.000117399609584561,4.48252094684468e-05,-0.000371377753194571,-7.7615820522474e-05,0.000270737788645024,0.000236617680788736,-7.75352904829689e-05,-0.00109100714357312,-0.00111903725233211,-0.0001260758428993,0.00168332962458749,0.00223489188039343,0.000267339593882523,-0.00255108708967418,-0.00261408319973764,3.75054221465628e-05,0.00349300780409972,0.00332550972625331,-0.000354096435685411,-0.00316048312807488,-0.00316929462414511,0.0007156430177351,0.00217219244047555,0.00148262274174249,0.000137851209914134,-0.000721876216872078,-0.000270630716834786,-0.00111386449368765,-0.000991525595456235,7.35642159998172e-05,0.00294665719796312,0.00280816604625477,-5.67942051540223e-05,-0.00405215441787405,-0.00251469089783108,0.000708717386112923,0.00376559890905805,0.00186264103468448,-0.00144461274920538,-0.00266741041931076,-0.000642874974580297,0.00110430465811532,0.000784165437191209,-0.000675859406323072,3.05365829844183e-05,0.00118491533656464,0.000802494676500068,-0.000427761842783749,-0.00214213019926414,-0.000591694124030199,0.00101486381275146,0.00208361865199863,8.21087008727824e-05,-0.00130530749390276,-0.00179117433517429,-0.000239294336233069,0.000212628163903932,0.00101719056329247,2.85228806357055e-05
-5.79555708843243e-05,-0.000241411410101751,0.000379567081479881,0.000539573665077682,0.000176354021807556,-0.00085936616482821,-0.000930286773368595,8.94955709642216e-07,0.000809977009444929,0.000895218303776405,0.000915472386609518,-1.67359463554212e-05,-0.00083972862385782,-0.00134732565597485,-0.00139200349006198,0.00101416053717256,0.00256725679657374,0.00237326894801296,-0.00134731772560644,-0.00377027292936327,-0.00277995857510072,0.00116804349628857,0.00384845407691607,0.00299835130696561,-0.000961165599093712,-0.00319737405997507,-0.00299451655413525,1.33430945878899e-05,0.00252002770967818,0.00291921879906768,0.00155091363437196,-0.00206254891604485,-0.00340748394947968,-0.0023973296950215,0.00163188751004214,0.00326924724615368,0.00227770323706684,-0.00182348076774991,-0.0031459639692412,-0.0012139998331725,0.00178302980307302,0.00215603722432928,5.5704064897682e-05,-0.00142343872979585,-0.000615811567953756,0.000771440650843121,0.00107733108790872,-0.000663603166307458,-0.00110822076368139,-0.000546574276300092,0.000776707525870643,0.00142588684004946,-0.000183595161665201,-0.00054994240244134,-0.00113321864546131,-0.000215800236087485,0.00037459876464421,0.000958201315018699,0.000582551135584661,-3.75801944547554e-05,-0.000554946590283904,-0.000278543362570614,0.000124799594481538,0.000142603248238457
-0.00018934869394573,-0.000192690653612263,0.000832888685811318,0.00071945288521838,0.000560798430873238,-0.00104440159599706,-0.00118131061332909,-0.000602614291443334,0.0011339802373624,0.000692129586694985,0.00076963027940584,-0.00039716067609815,-0.000135675334438218,-0.00120992677148922,-0.000512918794030193,-0.000490684475299248,0.00165511329836378,0.00189048448824987,0.00070850225889425,-0.00189435339555598,-0.00263949068239402,-0.000810184207953354,0.00190899451138046,0.0031289010608497,0.000852021033398671,-0.00159940057070129,-0.00303469577096054,-0.0013374352102564,0.00160539938163922,0.00291957141503689,0.00107691686300224,-0.000980885853229871,-0.00313769183214513,-0.000436581272002425,0.000979747142743844,0.00274309979670112,-0.000276736420404335,-0.00123825927879819,-0.00150377194325364,0.000523636783134952,0.00166912717744776,0.000213131005464253,-0.00108398898703532,-0.00127162069585132,0.000130985581077073,0.00125773422859815,0.00078773801239616,-0.00012899664712663,-0.00095366330038566,-0.000522937403796025,-0.000550601512628888,0.000480264589774109,0.00104000572702844,0.000659142322963744,0.000121029805639401,-0.00154261048488421,-0.00102950929438885,-4.41082685299701e-05,0.00137855529100164,0.000957778284527648,-0.00028525539105858,-0.000533643105684494,-0.000696655311007414,9.32882479828731e-05
-0.000266201163344704,0.000160374637132411,0.000252262371390926,0.00146397040761208,3.68774357119454e-05,-0.000925220537759885,-0.00119781319430141,-0.000200740738080935,0.000819796471396752,0.00149321876539657,-0.000836195482861299,-5.31092679892549e-05,-0.000628300780581142,0.000344426692553457,7.63630526898057e-05,-0.000407266968559441,-0.0002491723806979,0.000557538897251696,0.000808211466992091,0.000293167997850399,-0.000885100517846993,-0.00124046474501382,4.33922183989911e-06,0.000631534149941289,0.00163987171710169,-0.000152221197975382,-0.000962230136431754,-0.000696374968193777,-0.000446379604067746,0.00157378444037937,1.76167470749964e-05,-0.000805418365164813,8.09034461673439e-05,-0.00057141699644785,0.00220000280247794,-0.000890944340553607,-0.000599835006221286,-0.00164769744506362,0.000908485855557269,0.0016447646995333,0.000894186340005784,-0.000825717707676409,-0.00169749141988779,-0.000464312703392377,0.000637363409465814,0.00070073776749532,0.000377161320564105,0.000329682365355829,0.000344879075679448,-0.00114994078209967,-0.000715939695681132,-0.00158492160349923,0.00183396392765086,0.00212162300562312,0.000380190843638427,-0.000884110621552419,-0.0032642459847702,0.00048819030506245,0.000951412287234169,0.00193256133557166,5.14494555435029e-05,-0.000927159259565317,-0.000566320199103058,-0.000308425539586393
-0.000130667879396938,5.13691888278934e-05,0.000404536658488869,0.000581757498379361,0.00036136069133611,-0.000500417077608432,-0.00155871549552739,0.00131554017130011,-0.000646155956164517,0.00211931748678015,-0.00175642842682954,0.000151992389780312,-0.00118806466373099,0.00191191390781087,0.000252446423033515,0.000642851638595737,-0.00179293182834063,-0.000717768647170965,0.000305768265338929,0.00125303584894246,0.00116537628254193,-0.000479939878351538,-0.00146838944527014,-0.000514399203137603,0.000198651083672536,0.00124090199349027,0.000601559521138768,1.09725999391457e-05,0.000158013727914787,-0.00176232952499078,0.000622296697708336,-0.00196984867816161,0.00203150020840018,0.00113625962433973,0.000878278522757705,-0.00109278676540628,-0.00226059815807144,-0.00063524904265151,0.00139331563641916,0.00209239259662182,9.63585904723749e-05,-0.00139535064251597,-0.00103986429241847,-3.62665823308782e-05,0.000565817468620563,-0.000108747001635023,5.51666790290906e-05,0.000406606689373658,0.00137360706340417,-0.000743658957200662,-0.00163402780106412,-0.00164731760294982,0.000943515074175721,0.0023289278079583,0.00127555019566264,-0.00183677170188197,-0.00113035666422378,-0.00169106065132307,0.00224020057715071,0.000778666271649653,0.000254640341225409,-0.000754103203195239,-0.000571628333782545,-0.000136359788149907
0.000261958501057562,-3.56326710450065e-05,-3.27031988776718e-06,-2.08658553165725e-05,-0.000404465749893064,0.000330160415106421,0.000205288077461494,-0.000765763901486076,0.00233904145612288,-0.00356641734928869,0.00379357799351459,-0.00478591490698887,0.003945358833207,-0.00234420153267263,0.00301540106478154,-0.0012596910418738,-0.000118929971672779,-0.00171258037399591,-0.000107113487624758,0.00128280969775482,0.00130328413613883,0.000415262491827679,-0.00120351592928035,-0.00146187870608442,-0.000135235702711404,0.000548474533184765,0.00185646350176577,-0.000185327313967843,0.000586086041317149,-0.00134741553160921,-0.00175260029975478,0.00144382609284386,-0.00182012161127797,0.00485241097972182,-0.00235906049078676,0.00134365614676521,-0.00328668559530356,0.000351164514015415,0.000670694264339551,0.00142066241633748,0.000222743320633681,-0.00097401569558739,-0.000524293127822097,0.000278649267288407,0.000112488193998613,-0.000168479724805081,-0.000322072993126648,0.000681192457472487,0.000259750668836616,0.00119488529041179,-0.00301750366437714,0.00132318172991284,-0.00207539913317443,0.00312063441585651,-0.000387642693918234,-8.47673114783175e-05,-0.00100922511318603,-0.000307163319769123,0.000361170023516065,0.000763811195006289,-0.000180622827047148,-0.000357060998548958,-0.000225496471754531,2.64454766168553e-05
0.000640554625464408,0.000158473469692179,-0.000367762865895213,-0.00112972229998659,6.01601609973391e-05,-0.0001268454986164,0.00221108077560509,-0.00075702501530182,-0.000239618205661295,-0.000615644060875312,-0.00186443263795421,0.00351613620363225,-0.00269373202527756,0.00336742837975396,-0.00280042897168084,0.00144159723044992,-0.00109058742367028,0.000237134884056645,-0.000285311364179604,0.000446733743777695,0.000594244048091485,0.00021194645328678,-0.00042753250296349,-0.000511321446770478,-0.000368691201070325,0.000491966439877533,0.000228123373925813,0.000581123404087384,-0.000699737514283421,0.000649727201697519,-0.00108870620107215,-0.000112172738538314,0.000978450020282983,-0.00146683788495576,0.00315060097970959,-0.0028707406818669,0.00175129342880835,-0.00185589149198426,0.000740719330531735,0.000207644248397402,8.00248153460176e-05,0.000124903752730575,-0.000301867394762554,-1.28630035308801e-06,5.88479404946599e-05,-3.46278926397147e-05,-0.000138315611259529,0.000306010784570253,-0.000510149391685447,0.000552787280004179,-6.80440435208762e-05,-0.000401268295848528,0.00109812416858454,-0.00182651733791501,0.00126758135190501,-0.000759063749280354,0.000510026570784419,0.000517180456933901,-0.000491372771035977,-0.00014103707302827,-0.000169218674327291,-0.000385192809054842,0.000235659895525698,0.000184383328051295
0.000639355011135839,0.000506105728205876,-0.000767683693622372,-0.00148386635880829,-0.000455203482006338,0.00131614195323508,0.00116091685193001,0.00179875912371367,-0.00404928543903398,0.00171925257195419,-0.00379403950574353,0.00505277049453693,-0.0011485305747091,0.00104496659661933,-0.00151640234512201,-0.00114419910836654,0.000732283927012718,0.000574043391023798,0.000805015224870128,-0.000308988345465926,-0.000422609377071939,-0.000609054907366498,8.84025562838652e-05,0.000371975546964988,0.000735995771919204,9.67030783014807e-05,-0.000960114638762326,0.000360839818470421,-0.00163575055480015,0.00226421589974442,-0.000327350233625513,0.000319067177294343,-0.000360615425235992,-0.00153405232403911,0.000841957276122436,0.000453861519519474,0.000618177111300539,-1.90905081385924e-05,-0.000957410270373485,-0.000357568930138127,0.000409622073670409,0.00035058182099305,0.000119374997499455,-0.000370106690701558,-0.000177570805086175,0.000488262150419237,0.000362100285215871,-0.000947889701112427,0.00039139758051068,-0.00230258896751346,0.00437961599011058,-0.00328284513406674,0.00394736452941797,-0.00482894650162065,0.0014823998434363,-0.000677190631100921,0.00150128428628915,0.000589959675045513,-0.000624173280676702,-0.000421752030798569,-0.000725962874731156,0.000343452103875399,-0.000292657298961165,0.000637085010798372
0.00062306908469116,0.000645950658282582,-0.000797427851837501,-0.00114446730939256,-0.000730339694409588,0.0010293989718813,0.00176189508958752,-1.94872142129095e-05,-0.000189537298331572,-0.00426738439347257,0.00369945771945881,-0.0032604220260778,0.00659244895106221,-0.00459811335088664,0.00164950875550259,-0.00314111150713467,0.000945679104562828,0.00125523065021951,0.000747845508480677,-2.45842371752422e-05,-0.00112622145175302,-0.000884900642728964,-8.65369505955035e-05,0.000829907594617903,0.00101340033150498,0.000228767095320619,-0.000534653606433079,-0.00183612827160008,0.000770017584043827,-0.00115465731796503,0.0037533495631498,-0.00153682207371981,0.000219169355813452,-0.00147484673706293,-0.00138497010654887,0.00268910518961251,-0.000164484403035701,0.00113781092807965,-0.00162924252135933,-0.000563043418882841,0.000196391130409065,0.000794475192962721,0.000239629365069582,-0.000541401173864919,0.000111773537693077,0.000243232110608839,0.000562621470133028,-0.000607869357173477,-0.00127673095242466,0.00119909157791524,-0.00127250322780176,0.00491346292677941,-0.00553818098383427,0.0043740051063376,-0.00607995517260893,0.0048656113205723,-0.00153142729899313,0.00161874119216291,-0.000697371309641537,-0.000795612916029068,8.48935424677924e-05,-0.000146880503373517,6.8273814911098e-05,0.000172783011962601
0.000404067170529858,0.000220484676020278,0.000214377220340318,-0.000821950221130911,-0.000413725832602433,0.000887550725453974,0.000324160371946785,0.00135059323075962,-0.00113623401493066,-0.000617674638542192,-0.00066862469596243,0.0013999094851249,-0.000176501146376852,0.00163284105588024,-0.00239859051797778,0.000557702540209565,-0.000927900879412361,0.00107199027326222,0.000670172112093573,6.36034697445135e-05,-0.000438791547651433,-0.000364098510449057,-0.000216036929304525,0.000434362990462278,0.000659056840893865,0.000310628187496087,0.000167194891073911,-0.00190915751270857,0.000643561501808793,-0.00102071292144885,0.00191460501483655,0.000576727743937252,-0.00118514744106815,-0.000471436664181512,-0.00162372024012464,0.0013608054671999,0.00115000719452447,0.000331321959310736,-0.000656586770924001,-0.00098699282625726,-0.000192509916303065,0.00064675737525933,0.000408490961075581,-0.000128920408082467,-0.000511795536418916,0.000134821230739848,-0.00039660582172402,-0.000174825188095658,-0.000589590810391227,0.000776644072280955,0.000103187213342802,0.000824129068371835,-0.000515752292440897,-0.00167828653284189,0.00159442954683766,-0.00156812560606817,0.00296828125935006,-0.00193732964936715,0.000729008317757477,-0.000788351863093283,0.000263020421881629,7.65443342854814e-05,-0.000165415701894572,-0.000189465397214947
-0.000291235794936787,0.0001150317424591,0.00032362673851783,0.000422092940049183,-0.00032144211988261,-0.000941712947611652,-6.78771089170374e-05,-0.00105026824326171,0.0012073741394315,2.75848315211371e-06,-0.000555181983699716,0.000707509235763878,-0.00176853910903187,0.00174540758172092,-0.000856763297706828,0.000805777908414226,-0.000278067685283721,-0.00022892421228184,-0.000359668136372214,-5.64345855809553e-06,-0.000184441871334291,-0.000131439946298158,-6.48497633629313e-05,-0.000377207682991246,-0.000169034730134077,0.000452436617940779,-0.000284976245126166,0.00116370761407873,-0.00243821042474564,0.00261291189169542,-0.00259342730796091,0.00376066921683823,-0.00170947570547565,0.000321766268973504,-0.000702412382371677,-0.00100760201678581,0.00188552330045134,-0.000137910937389849,0.000310541024855914,-0.000978648548454407,-0.000584911309476773,0.000196049050974013,0.000715867582708892,0.000786006216669331,0.000116289513355199,-0.000293872283501921,6.74365161444502e-05,-0.000382145619554329,0.0011638701261096,-0.000415056046257101,0.00173967318921347,-0.00286871489347585,0.00226589882773544,-0.00315633582291587,0.00310811365905957,-0.00128655722492265,0.000661485754244725,-0.000444032363918276,-0.000876869910355114,0.000802717089839917,0.000444982826823993,0.000302988659224605,9.6833163222753e-05,-0.000491626797683569
-0.000881953174143669,-0.00039159286382827,0.00080750573428962,0.00105825677299489,0.000613770191056863,-0.000905834677468944,-0.000285447983982411,-2.00032526024689e-06,0.00113949596759713,0.00107006033715371,-0.000179773658852948,-0.00121259956494841,-0.000825725301269335,-0.000746262457333024,0.00178402504212798,0.000316627670293634,0.000682347763202054,-0.00111716787679042,-0.000658518656888403,5.86996393373053e-05,0.00159694409301281,0.00130747215471285,0.000259733649653002,-0.000420732040440858,-0.00085212928664632,-0.000302655825238414,0.000822076772004706,-3.72263948456351e-05,0.000841769854721158,-0.00169936811712622,0.000987538577490177,-0.00207395633875604,0.00213287125938533,-0.00135036290111257,0.00120858876540979,-0.000773082544996724,0.000164851280101402,0.000993719966870225,0.000154890911710551,-0.000247173344402347,-0.000968285191943813,-0.000441865561665173,0.000628188315481169,0.000841362846548469,-0.000202768672028104,-0.00169504095498414,-0.00164256655560773,0.000512598362277788,0.000260044077964063,0.0018867611033348,-0.00151573463053378,0.000629294359643105,-0.00205793629275056,0.00221542997618181,-0.00132916588633641,0.00215248401427018,-0.0015123622461957,0.000646854357329245,-0.00111228517075476,-0.000564633640337085,-0.00013082102486533,0.000529966637431909,7.10580719873466e-05,-0.000237806173910668
-0.000953703358098164,-0.000606126008634304,0.000564501199198187,0.00151899528550741,0.000166235195792907,-0.00125084030577601,-0.00266763564105662,0.000236928391878429,0.000832557443706909,0.0022250748932106,0.000373163755858505,-0.00139244814022796,-0.000706908017352289,-0.000916560460894537,0.00121919857184415,0.00109454426071104,0.000397786413428147,-0.000258887320422035,-0.0014860734850734,-0.00124406790857797,-0.000498333764373981,0.000625324643492281,0.000627510368484963,-0.000126781083993822,-0.000523053984228749,-0.000521535221997914,8.13047948583948e-05,0.00062465178987529,0.000362539289647279,-0.000102125226338999,-8.36798997945568e-05,0.000153461028306176,1.67967524097147e-05,0.000428644491979145,-0.00124922333119281,-8.23147905460184e-05,-0.000858161240815132,0.000506378849877898,0.00104854702824071,-0.000242389976661471,-0.000490421715299282,-0.00100344098857213,0.000288952192747263,0.00114697112608926,0.00122486471584051,0.000258612709658073,-0.000451738032351276,-0.000437996625162795,0.000879599398876868,-0.000493004004151023,0.000283589761311662,-0.000919968343289311,0.000443127786257188,0.000319298427096499,-1.97479210789203e-05,-0.000589642685557191,-0.000159527491546472,0.000229315255167041,0.00114383281436075,0.000348236605737765,-0.000133304152347426,0.000559963539375388,0.000327591095541035,-8.80856610188384e-05
-0.000746735626908633,-0.000384939248230485,2.03124860131884e-05,0.00112716945489127,0.000898126449297067,-0.000249020560927577,-0.000819008996020042,-0.000971972631754905,0.000345136106497681,0.000481500213494857,0.000501412929148304,-0.000135547402908292,-0.00099966899040597,-1.20013947238609e-05,-8.65638336538971e-05,0.000467112127414896,0.00032822227960213,-2.64564696708904e-05,0.000320871829246136,0.000159940836830335,0.000173488461494418,2.1303087809175e-05,0.000362711469095302,0.000331495919731535,0.000294719836651668,-0.000479895613535709,-0.000302041452445537,0.000128218071514729,0.000193921277133627,0.00024016381273126,-0.000805601963587015,-0.000378167977251326,0.000495028733776551,0.00135386958746475,0.000667033259403504,-0.000613654077880927,-0.000643391582900646,-5.71799888288043e-05,0.00045108315770999,0.00127101666523814,-0.00053547443057959,-0.000487766413055553,-0.000531163876552758,-0.000290681048412101,-0.000161838865993541,0.000102564378230362,0.000410161680991277,0.000259852457908728,-0.000337808354289708,-0.00055467291509197,-0.000630321686671669,0.000444716262303611,0.00111895907586562,0.000184599006623407,-0.000442004848651643,-0.000852145075426885,0.000156941690192124,9.83934560321599e-05,-4.60750070469256e-05,-0.000820133822517101,-0.000579577001647479,-0.000230411878588922,0.000929243910807194,-0.000127170699949404
-0.000130951429198676,-0.000523786815878351,0.000199527077021481,-1.79865995246882e-05,0.000155414370240653,-2.41858207394732e-06,4.44523402930552e-05,-0.000137411230775373,-0.000348515118082125,-4.51529246312491e-05,0.000308318740255841,0.00066773386286287,0.00019509424077579,-0.000214455782377818,-0.000648285482439421,-0.00027555631689193,0.000132680400595943,0.000348513073108482,0.000156907974187092,1.45509776520235e-05,-0.00045082037531221,-0.000455616728053501,-0.000257573238270956,0.000428681243936762,0.00038921156966169,0.000234252254530407,-0.000286957165431678,-0.000388815292555161,0.000196872117583635,0.000162933323419213,2.19331753894249e-05,-0.000389636844556795,-0.000156296948945645,0.000492442153477665,0.000535271121613051,-0.000306761117159123,-0.000940934319823602,-0.000728432424139709,0.000269634289434091,0.000986318572693149,0.000941798281474176,-6.82087880160018e-05,-0.000987895513286023,-0.000791065587822425,-9.62568318761399e-05,0.00103017401179036,0.00125210944009803,0.00030935804116735,-0.00109973597214354,-0.00148393041999259,-0.000371151577129257,0.00112609941174212,0.00129550898442004,0.000139259573207632,-0.00102010502361386,-0.00106117681184553,0.000271834064789484,0.00104589336759458,0.000446005064749653,-0.000303736424570436,-0.000354856622490665,6.85811214837223e-05,0.000337855188798203,0.000139450529096017
0.000221951501153397,-4.47975102638469e-05,-8.50424225638049e-05,-0.000696019381906662,9.37826068049195e-05,0.000416491552139933,0.000954252493093676,-0.00013567333805721,-0.000811908607934105,-0.00101354566521836,0.000343330205132092,0.00059076622107485,0.00100657619259456,-0.000149330375386793,-0.000452877290847304,-0.000591537994645966,-0.000350262060357955,0.000173665767051775,0.000489739626198236,0.000668560720150693,0.00027698575857233,-0.000442016866773307,-0.000669410342985737,-9.4564736874582e-05,0.00027254393093671,0.000608049684898635,-6.61284379590699e-05,2.43631764471314e-05,-0.000120948648701767,1.31743690584689e-05,-0.000331910563282346,-0.000213655086578684,2.2532675255036e-05,0.000760426733191604,0.000644546341878862,0.000255314013401738,-0.000843032000425184,-0.00106165612320972,-0.000160177881365137,0.000584755757221367,0.00134601701018824,0.000670448559115501,-0.000756287778886494,-0.00154114659329256,-0.00091455725033227,0.00084345864848212,0.00152603512431138,0.000675076869891695,-0.000893903836981753,-0.00146210286008778,-0.000470503574536467,0.00106130254858436,0.000739235488547681,0.000110930576679753,-0.000813976711048406,-0.000305428900499899,0.000193055625759872,0.000307879260154582,-9.96255665204217e-05,-0.000363119309539363,-0.000238016945667566,0.000268975689863711,-5.19117812069841e-05,8.1057474319441e-05
0.000224248877680988,0.000550665783939181,-0.000725135674218047,-0.000557440944105849,-0.000478784247859336,0.000995296404160591,0.000693024078435465,0.000177145362233384,-0.000956013773677535,-0.000601366360412243,-0.000116481336924762,0.000525602164445287,0.000236998168758266,0.000112592421922679,8.46374922712883e-05,-0.000136713657901488,-0.000245808807585961,-0.00061659513626291,-0.000132438844578791,0.000534920402942046,0.000670189409447121,0.000193702574423035,-0.000336678016633725,-0.000880246021124488,-0.000113521099601695,9.53181264079839e-06,0.000668673513854358,0.000326252172235502,0.000184292133342465,-0.000325777805025432,-0.000496274571544803,-0.000452272225936416,0.00010034874278829,0.000337536248503422,0.000811801807617266,0.000267261445275872,-0.000163025503300503,-0.00081473822852111,-0.00081812858829331,0.00017902908339599,0.000938558690334555,0.000895185923126052,5.28256590491714e-05,-0.00113907280324197,-0.000777109582791531,6.22617901965347e-05,0.00096476751400508,0.000524593337236668,-0.000108403719103103,-0.000546861444143466,4.69866818385415e-05,0.000103138302453155,8.24547046465143e-05,-0.000298603001286155,3.71414121128204e-05,0.000496413266440204,0.000160617410154946,-2.80750951195233e-05,-0.000606204867765049,-6.06358134734109e-05,0.000245007627359551,7.52931417496513e-05,-0.000128467228632437,9.20749590165732e-05
0.000579805593833874,0.000239971477746306,-0.000284058474134589,-0.000876289284430467,3.83274439327584e-05,0.000462101971420948,0.000573553984903831,-0.000238751415960033,-0.000257176603547877,2.40118084073947e-05,0.000206350564783891,-1.71863344072576e-05,-0.000701847390003151,-1.60452190866534e-06,0.000530922920144073,0.00103362059209064,-0.00012103144077819,-0.00075509646027452,-0.00109336482521282,3.55177825176436e-05,0.000890196177334973,0.00100705861099408,0.000114888634910959,-0.000552605877193673,-0.00111539670600241,-0.000226462371240982,0.000331662358129663,0.000850671346303188,0.000528562663222207,-0.000244041367264114,-0.000555646760017555,-0.000425531462492438,-6.4042786258045e-05,0.000174411120209028,0.000171075705617893,0.000465714404315083,0.000117040716593067,3.77857492094095e-05,-0.00067279942093313,-0.000641186329385208,3.79166457780278e-05,0.000600462905871857,0.000686233745585995,9.582037874033e-05,-0.000445006555793649,-0.000540708777932634,-0.000321481417059946,1.76591404276976e-05,0.000320708629166704,0.000760742163978645,0.0002586371795142,-0.000277035325265025,-0.000956368320369486,-0.000669056017731998,0.000625067246552853,0.000759316034425646,0.000619243424268577,-0.000818020510465029,-0.000276511904231839,-0.000277188509364867,0.00052911548455256,-5.15088060315111e-05,-0.000294482562623549,4.7501834666986e-05
