1.86109785515752e-05,-3.99006758910535e-05,-0.000128727434492371,0.000108251329801249,0.000185805938852571,8.12100742386388e-05,-0.000180048189061958,-0.000268147178169939,-1.31069390570247e-05,0.000251616892754883,0.000167691126782404,-5.04969667876069e-05,-0.000116086662557021,-6.16173431344109e-05,1.09363135591078e-05,-3.21979232126339e-05,-1.61899765211395e-05,6.69089225483385e-05,0.000125663857546908,-5.75370633875677e-05,-4.34619903658057e-05,-4.24811068621735e-05,3.42271760605924e-05,5.32291964879413e-05,-5.47233444945764e-05,-8.22663471301226e-05,9.61460262842428e-06,0.000101861651256046,4.64340340217352e-05,-6.49901341663888e-06,-3.93575950703668e-05,-2.19344465727766e-05,4.04718074106601e-06,-2.19344465726894e-05,-3.93575950702729e-05,-6.49901341666546e-06,4.64340340216871e-05,0.000101861651255966,9.61460262847507e-06,-8.22663471300623e-05,-5.47233444945322e-05,5.32291964879104e-05,3.42271760605265e-05,-4.24811068621889e-05,-4.34619903658039e-05,-5.753706338752e-05,0.000125663857546911,6.69089225482881e-05,-1.61899765211395e-05,-3.21979232126451e-05,1.09363135591799e-05,-6.16173431344396e-05,-0.000116086662556985,-5.04969667876814e-05,0.000167691126782455,0.000251616892754884,-1.3106939056983e-05,-0.000268147178169972,-0.000180048189061983,8.12100742386405e-05,0.000185805938852554,0.00010825132980127,-0.000128727434492391,-3.99006758910666e-05
-1.63136985842535e-05,1.05287149127284e-05,8.67999931161557e-06,3.00070638690255e-05,0.000122589189361602,2.39586853618975e-05,-0.000139309068766269,-0.000118336970632412,-2.57795636010444e-05,0.000125192399038567,6.58541616008548e-05,1.36879059781585e-05,9.86735408129822e-07,-1.19665511906445e-05,-4.69179033510494e-06,-8.69957674350919e-05,-2.89118390939035e-05,7.5445926702216e-05,2.18917869390466e-05,-2.27829852230187e-05,-6.06716721015953e-05,4.95514908031343e-05,8.43413955033134e-05,3.7461295717219e-05,-0.000108757962188765,-0.0001121584511759,-7.62001864395481e-06,8.46000838127027e-05,9.69378800958364e-05,7.78285681129292e-06,-4.77413232414365e-05,-4.38374064903212e-05,4.11977798531693e-05,-4.61060164946848e-06,-3.70308527831432e-05,-5.05403778480551e-05,-1.02157466117698e-05,8.35526295928019e-05,5.66137016916805e-05,-7.21477847493332e-05,-4.82114536011832e-06,1.72052603921172e-05,6.92045608159255e-05,-7.04775657015348e-05,-8.74752048647283e-05,-1.40676026542946e-06,6.2620974651603e-05,7.0711776399594e-05,-4.0994498277476e-06,-1.21440942856124e-05,6.88111585686108e-05,-6.06161071497103e-05,-0.000179428192364325,-9.98428829702066e-05,0.000150272060117506,0.000301006902593334,2.20171931960682e-05,-0.000249209827571856,-0.000209703976960728,9.49074163260241e-05,0.000242745993723986,9.81211900038857e-05,-0.000142193068958343,-0.00010664746052784
-2.09416551326892e-05,-1.64914028172288e-05,3.75243187664897e-05,-2.61839782294111e-05,5.01776773751424e-05,-3.17804640531148e-06,-3.01517622811002e-05,-4.47431369294403e-06,-4.43944422188863e-05,-4.84599928495124e-05,-5.03267999804317e-05,4.37963326164092e-05,9.08069305479379e-05,4.65787799748975e-05,2.70596549274794e-05,-1.4058748835961e-05,-1.98930808246489e-06,2.11060906094251e-06,-4.67545243275403e-05,-9.16501882285962e-05,-5.13315763037571e-05,0.000126112460410583,8.09612484046426e-05,3.50154391236236e-05,-0.000141463296572438,-0.000151946024396828,-1.42430405671119e-05,0.000113081050402969,8.36792985947317e-05,-3.23617426872837e-05,-3.93093752933228e-05,-2.65026531084417e-05,0.000114323946343543,4.46502888054991e-05,-7.60128503627805e-05,-6.88129651125587e-05,-4.04313568092228e-05,8.76169914758502e-05,2.01801414099791e-05,-7.46630804542446e-05,-4.78592351138852e-05,6.05033204907232e-05,7.08290366665694e-05,-1.45658666431481e-05,-7.68308008263694e-05,-6.93217579428928e-05,8.54905217114252e-05,-1.84109535587339e-05,-3.36998852399203e-06,2.93255348807277e-05,8.68131255715833e-05,4.63729488440706e-05,-0.000116805707917792,-0.000162836360773647,3.43083190438203e-05,0.000193823925626834,7.85615670154512e-05,-7.86052726863376e-05,-0.000163225967906673,1.14952828884808e-05,0.000127868248884544,0.000166302590648184,-2.31423498022824e-05,-0.000104262204067268
-3.71530503355666e-05,-9.62076274350486e-05,-9.13275565502854e-05,0.000156427452131722,7.86392149047665e-05,-1.70997727353904e-05,7.52837497928427e-05,9.71733272655023e-05,-0.000147032010772545,-0.00016686946821197,2.80238513528676e-07,-0.000136489173770693,0.00012488287985069,0.000139266010791873,-3.88213398402885e-05,0.000139414118987267,5.1623639813549e-05,8.5586357669279e-05,-0.00026353278714712,-1.7502477857943e-05,4.63332800797748e-06,9.8740009409611e-05,0.000211042079190531,-8.10489545379097e-05,-0.000254536705449289,-5.87559538926129e-05,-2.97581256246188e-05,7.6170962813402e-05,1.5512647021449e-05,-6.56929363233242e-05,-3.91037317004248e-05,-1.45863060949592e-05,0.000511032310385271,-8.60377885143463e-05,-6.73039560177614e-05,-8.8443430780109e-05,1.02402446210117e-05,5.50922108898781e-05,1.37442281148903e-06,2.62301566241646e-05,-0.000297426182923163,0.000184083608364879,8.52438148707871e-05,-1.90485321488716e-05,-0.00015592794145713,1.2461834711324e-05,-1.92186276176582e-05,-6.1678929457919e-05,7.91274603849184e-05,-1.29899085809909e-05,0.000154427171692548,0.000198955641593716,-4.90826621376958e-05,-0.000328313413573974,-9.02287129590808e-05,-5.79392205057795e-06,7.29299072468507e-05,2.30958361999688e-05,-2.12647360103342e-05,-0.000317070550083353,-7.46279576926602e-06,0.000233641046568772,0.000132907809464659,4.72905757679706e-05
4.83205019474609e-06,-0.000168945148958429,-0.000220412256543376,-0.000104930600314882,0.000248724179589481,0.000519724266897753,7.78165459324536e-05,8.90775805736005e-05,-1.84423482513738e-05,-6.92126178691868e-05,0.000120837932738604,-0.000227599848609809,8.5654469834801e-05,-0.000216542972615514,0.000354549406893041,3.32723547656272e-05,3.91341238840082e-05,-0.000215463082461331,-0.000177472838096199,-4.83895470687533e-05,-2.1933834025997e-05,3.9717267710185e-05,-0.000278747824081045,-3.52762621813299e-05,1.90723361915631e-05,0.000160000426633171,8.94841779626127e-05,-3.52572059924961e-05,4.00022258394832e-05,-0.00025021408539962,-2.48202054674087e-05,-0.00028435674957745,-0.000197221811179953,1.47863581496058e-05,-0.000261764685867547,-4.29664552055729e-05,-3.33505801530752e-05,0.000162135611194846,-6.54084415659634e-05,-6.81735878168932e-05,-3.60167001867115e-05,-0.000125565262080895,0.000109832751968091,5.9559692714698e-05,-0.000178332667625975,-8.35825802046342e-05,-5.82139532803503e-05,7.69460621359433e-05,-6.16455599223988e-05,0.000187031618977871,6.95919904372886e-05,-3.95391691144255e-05,-0.000107822353281095,-0.000150137900600181,-2.39364501219417e-05,0.000128566078614445,0.00036704935156358,0.000205259701829741,7.87540746630203e-05,0.000269641211131335,-0.000149702714909821,-8.99145315569219e-06,0.000209909603827825,0.000229426300938024
8.66859765348758e-05,-0.000164053046568121,-0.000245678852828095,-8.36712217241311e-05,-0.000158861575637896,8.10488157486214e-07,8.95747244301927e-06,-0.000577920651309801,-0.000197393951119327,-0.000497307471688209,8.69028788006264e-05,1.18481807727744e-06,-3.77280477298739e-06,1.09847636538458e-05,-0.000113241082890263,0.000336191181652005,9.74833469455809e-05,8.50271095644588e-05,1.58714316146805e-05,4.54091769693695e-06,0.00021076471385669,1.13613174243162e-05,-0.000143842751409029,-0.000362594527069591,0.00011149635731799,0.000101313858931211,0.000122058521419084,9.77218652736318e-06,-3.90849227285133e-05,0.000196448405232739,4.97259723734042e-05,0.000575208011856965,9.49776922040866e-05,0.000322546157264621,0.00044795482596611,-6.33713279282529e-05,0.000209234881585431,-8.81429926932255e-05,2.08893845559179e-05,-0.000194098480246987,-6.87277340685641e-05,0.000158435769884619,-5.46487027328519e-05,0.000147917967513528,5.9155691077694e-05,4.13005674212176e-06,0.000104700654495242,0.000402768707580605,2.82856232098801e-05,0.000130262970365331,9.63587190860782e-06,7.60757731467237e-05,-0.000131064918963277,-0.000198542584794355,-0.000105251649903796,-0.000200023110495272,-0.000140721056277324,2.35897684286819e-05,-0.000377342776148459,-0.000355696957468942,-0.000158457358207881,-9.68643871392779e-05,0.000173308838543426,0.00028371653226115
0.000116783951135769,-3.80587977747986e-05,-0.000108848342900755,-1.44492788206317e-05,0.00058316307627995,0.000109739135718388,0.000680967416914179,0.000537893124493697,0.000374873198821013,0.000671801005829842,-0.000651759821508257,0.00076641283926129,-0.000650184957969613,0.000567030160536949,-0.000383582334290052,0.000114900744958062,-0.000111746344593198,0.000178418077396563,8.36157446234861e-05,0.000104512081028301,0.000142326825176368,0.000397633197847404,0.000223294504003081,0.000142341879057624,-7.16105452642775e-05,0.000106939302880526,-7.86959354765473e-05,0.000383744247692184,-0.000624391123246364,0.00037418404030362,-0.000857196826752941,-0.000138362862035476,-0.000384113680066571,-0.000572303605886755,-0.000202734731209975,8.28496640637546e-05,2.56113350281737e-05,5.99158093587279e-05,-7.96885414574161e-05,-0.000117851148118125,-7.91670850317631e-05,2.78781377837391e-05,0.000120107365916374,-0.000326618732437572,-0.000403100579539577,-0.000334060043818978,-0.000640129113258667,-0.000383076383289764,-9.7883653885453e-05,-0.000290803272252002,0.000492601460134376,-0.000801159164720488,0.00087026459997639,-0.000940537646439349,0.000742849550740471,-0.000302606467047526,0.000616515540550761,-0.000168948141904247,0.000608333312573295,-0.00015843612695466,-0.000307339826770623,-0.000148826997330505,5.08655636387969e-05,0.00010990521832986
8.42130849514859e-05,3.30923719307054e-05,6.26261796093989e-05,-0.000147165439917231,-0.000171036980402454,0.000221498648348165,-0.0010566828172882,0.00055912582838494,-0.00179120297794525,0.00111880284836997,-0.000141048815698671,-0.000757425417021326,0.00163415361463522,-0.00185515394521323,0.00140124719018522,-0.00101689046082623,0.000521321976238659,-0.000383435071727591,7.40933431993681e-05,-0.000228524500463435,-0.000544524595898003,-0.000596326043358767,-0.000293739839593619,-1.87347522741293e-05,-0.000158892450365011,0.00017102526921761,-0.000163694022707172,0.000258348275024245,0.000287191231714624,-0.00096500014292722,0.00142860995379822,-0.00167476472878968,0.00189961462173495,-0.000397368085929736,-0.000310343484654691,0.000297006043911951,-0.000579945947374758,0.000397383194476885,-0.000257446297282164,7.51632601353837e-05,-2.73997619514485e-05,0.00014240218956227,5.0180523845034e-05,2.54474744417725e-05,0.00012356724473366,0.000586772450145956,0.000951594219336793,-6.84995566802771e-05,0.00050504543933425,-0.000801499553229823,0.000736937461714334,3.13177864955675e-05,-0.000963409776584224,0.0016028093373897,-0.00201051299996384,0.00202686512733758,-0.00123616455861502,0.000619320384423184,-0.000391574722542457,0.00063758435405991,0.000417471084921428,0.000105676902184464,-8.02471180124314e-05,1.14594944506105e-06
2.88873936532158e-05,0.000149900094173597,6.39945618688462e-05,0.000162788962614722,-0.00062196666593303,0.000477151100926918,-0.000529315734160314,0.000664382063106777,0.000394477943736746,-0.00150157175511258,0.00166379973204229,-0.00136313484536751,0.000535941279215458,0.000400457838715614,-0.00096283695121352,0.000722540651734729,-0.000251162159422623,0.000336687044662784,-0.000187947243869211,0.000100746749327989,0.00038565889945772,0.000410575739350957,0.000192233931194456,-3.05151567644592e-06,-0.00010705182292791,-0.000201266036748498,0.000660704887475798,-0.00107087460508625,0.00184479024028247,-0.00226500438122292,0.00207937982629701,-0.00139092553839215,0.000683721306758531,-9.72618272045436e-05,0.000663797706341746,-0.000669817424979288,0.000824765728570911,-0.000546898565244928,0.00036970008858097,-0.000125154748939567,8.7656650984248e-05,-6.7871452652203e-05,-0.000101191273104668,1.67741792967365e-05,-8.92833387929161e-06,-0.000287809232519486,5.74809057111884e-05,-0.00021541236385289,-0.000463619081860871,0.000830593305844234,-0.00186142304456419,0.00310789754200648,-0.00309572445196894,0.00250408010645903,-0.00162760962622804,0.000380606929188067,-5.59126071184288e-05,-3.84616628799318e-05,-0.000246121280245464,-0.000212421398416614,-0.000181533128152199,-0.000103301052622509,-0.000234647678942002,-0.000104943899071386
-1.23417557183287e-05,0.000135541696995223,0.000127542836008075,3.32836114943284e-05,5.98306389085565e-05,-0.000821260478936936,0.00161221502777123,-0.00288831514619965,0.00411337500281489,-0.00367462910329403,0.00210836924379065,0.000410330339462349,-0.00210530263641638,0.00277129577430064,-0.00262868943185579,0.0015137717475684,-0.000534952100335806,0.000481241126407994,-0.000202831520357774,-0.000297183144212326,-0.000134769363338127,0.000107315924973426,0.000135515576495597,-0.000173606743881133,-5.74448128179788e-05,-0.000258486936671251,0.000504271854973875,0.000219948938318899,-0.00129564691544864,0.00309914202560719,-0.00590313403233404,0.00772556718154376,-0.00745199605352777,0.00586683259596942,-0.00398347749413515,0.00139596050962655,-0.000430815521710178,8.3833873335418e-05,0.000205689843080722,-4.92679981839001e-05,3.66482372972142e-05,-7.77267585240202e-06,-0.000172187742048426,-0.000226554908691631,4.45268678880574e-05,0.000436109290843099,9.50974138472389e-05,0.000505109645793151,-0.00141047432790257,0.00108581961130508,-0.000921700992336714,-0.000711710591872095,0.00406759645137061,-0.00644328222960442,0.00753250176998984,-0.00722895196237978,0.00494553691639972,-0.00279322507657015,0.00160657625068461,-0.000154142067971972,0.000166229309082102,-6.84778087204283e-05,-0.000115758543381336,-7.42370172407157e-05
4.73650282593098e-06,2.84843864432359e-05,0.000132350218291413,-4.34400665001215e-05,0.000341230339456085,-0.000875896704256343,0.000852446901668694,-0.000407685043991423,-0.000537368288930644,0.00182915747529583,-0.00272934649752474,0.00252033749326946,-0.00103985558990612,-0.000633916697427837,0.00124986633631241,-0.00137775409147763,0.00127500103374497,-0.000480679432728708,-0.000155319018359296,-0.00023417793294421,0.000150278984746719,0.000334734858768594,5.93118400433256e-05,-0.000274626452340795,-0.00033294766936278,0.000271221470705076,-0.00020548668349052,0.00134457333288493,-0.00210820821926333,0.00175041530129627,-0.000935990840759893,-0.000960379172812425,0.00378176470918091,-0.00477254634196408,0.00408355093230439,-0.00296903611142515,0.00141662197796476,-0.000152714064523693,-4.75759855131544e-05,0.000127168617858648,-0.000141514772103231,0.000149346718569046,-4.54074301868961e-05,-0.000229699076340017,-0.000148447922884836,0.000280238001122077,0.000152502568916842,0.00017143051629169,1.95766990788428e-05,-0.00124196305283723,0.00171627841892575,-0.00221790719381033,0.00223066175035803,1.024163899907e-05,-0.00246166693819293,0.00370036327047841,-0.00448179311972141,0.00346148430858484,-0.00161094201302709,0.000851985905585262,-0.000429738702131339,4.23903270590452e-05,-5.45695430492443e-05,-1.15216724296438e-06
-2.48646141738663e-05,-6.03544491870452e-05,0.000147580006688701,0.000155748437443118,-0.000347028996016559,0.000753297603643618,-0.00222118182583473,0.00441128645229605,-0.0064154961912035,0.00717562928515849,-0.00608128558555364,0.00332257719495751,-0.000224729756436261,-0.00181422647720739,0.00200245822063747,-0.00133537536758363,0.000941466067586475,-0.000315345024287672,-0.000358370265448316,-2.2374855222847e-05,0.00030063900193857,0.000365509571243144,-7.22654202213198e-05,-0.000377391423478863,-0.000258848764892078,0.000502170776205737,0.000167569463372053,-0.00026147370395337,0.00120201971917656,-0.00428381323020959,0.00722174359395655,-0.00873362631783377,0.00924764119412544,-0.00736322026854457,0.00347143310773271,-0.000902060407854997,-0.000199542696213643,0.000872007144763359,-0.000745174030440703,-3.62453725688569e-05,1.76145207532676e-05,0.000314373014206974,7.7634056984703e-05,-0.000203234059898164,-0.000280972339074224,-8.01613689392533e-05,0.000394533058975355,-0.000239305386479215,0.00119151622531937,-0.00212487824886218,0.00172660630725727,-0.00083276127795564,-0.00125921774304308,0.00434211273997196,-0.00555611345804781,0.00499757287666235,-0.0039729799405129,0.0019338567731106,-0.000201338630349524,1.2683889840679e-05,8.27816063318762e-05,-0.00021695705579338,2.61740870463573e-05,4.39785559361276e-05
-9.17725065125465e-05,-6.90845286949545e-05,7.95728227713236e-05,0.000126681545127581,7.78785565231227e-07,-0.000112413145581619,0.000472950692399359,-0.00132580808274669,0.00304410538934335,-0.00517032780112951,0.00660662110151056,-0.00650136923839322,0.00476825264274683,-0.00247272948468737,0.000395148548493808,0.0010322034398193,-0.000730600798439035,0.000193427681191319,-0.000605949600497256,0.000180213894275146,0.000438426592091792,0.000220756872100444,-0.000288352225423052,-0.000434452133139547,-3.85603577973676e-05,0.000492428333357984,0.000315789319878649,-0.000192200471142426,-0.000813150797540226,0.000945251673692598,-0.00224044185922992,0.00532508190454614,-0.00700077600677464,0.00710311956259493,-0.00701349964222003,0.00495506907585179,-0.00183272810368172,0.000849036186912187,-0.000574046497038651,-0.000491002504355863,0.000172778126231819,0.000441782776390542,0.000260771358287898,-0.000175096856706061,-0.000352708128076393,-0.000267679024564056,0.000107457381023229,0.00025463883007486,0.000106658395090365,0.000525420834149061,-0.00145074010583013,0.00144413194933127,-0.001533035303348,0.000702960108828414,0.00165723112585319,-0.00328777420366183,0.00348615888656883,-0.00324538717936456,0.00223892109910743,-0.000916434678279018,0.000376172430527365,-0.000136560711211863,3.85672250665799e-05,6.11538526690052e-06
-0.000141796967716527,-2.65023863128523e-05,4.60622371157037e-05,-7.11299247231805e-05,0.000249633048003933,-2.7687541647983e-05,0.000654062325531746,-0.00164246486167852,0.00260766834469994,-0.00278595438366973,0.00197462223573121,-0.000425860219264973,-0.00166045511180933,0.00226546075839149,-0.00166953600068324,0.00186024555603902,-0.000872867485355311,-0.0002575600254623,-0.000145713178388715,0.00029666912284952,0.00052740840972721,1.36588344313195e-05,-0.000845751993384126,-0.000410913949337909,0.000705211385800318,0.000506050078561589,0.000518824609786619,-0.00117028368197813,-0.000115753939088485,3.31656096758251e-05,-8.55849340152008e-05,0.00225559667482795,-0.00278975426552275,0.000762364200178568,-0.000287644665051555,-0.000442599622501649,0.00203304995670094,-0.00112271913046894,0.000120872144943244,-0.000818610737737931,0.000296477008380249,0.000108444513778531,0.000205375530164274,0.000110084206751774,-0.000244857215310378,-0.000257963531404577,-0.000350295967898938,0.000543225522256151,-0.000612415278015145,0.00207080843859389,-0.00229727609488761,0.00147089650290915,-0.00131388172836924,-0.000372740124901073,0.0023603489378381,-0.00231445762017284,0.00162422186382516,-0.00106036763194378,-0.000124219536318936,0.0008166509401627,-0.000291886908978017,0.000151543362062041,-7.41467668440127e-05,-5.70489488742905e-05
-0.000101438160667264,-2.21628161992879e-06,2.32114398001766e-05,0.000249243412488699,-0.000200477236682479,0.000136158928707843,-0.000616963979247536,0.00132970235057507,-0.0018400114844528,0.00293461749465718,-0.00341999073246127,0.00290654214995884,-0.00242292311869942,0.00156796985112129,6.05993336536034e-05,-0.000319417548463677,8.91817969087065e-05,-0.000770892705962545,0.000409951880537309,0.000566814091072506,0.000319020672978842,-0.000599328521836365,-0.000632334263870389,-5.20758368513992e-05,0.000828114832670326,0.0008893729957742,-0.000318355873333093,-0.000861385662322313,-0.000590268313232043,0.000436878727270371,0.00120840657351497,-0.00092449657919602,0.00153452572850229,-0.00340139579541106,0.0024457068108824,-0.00135907215726867,0.00150751873710445,-0.000261233632267625,-0.00024562633698399,-0.00020648554700593,-0.000438435058858353,0.000224829333079591,0.000114402710648287,0.000234109269786294,0.000213225329848096,-0.000187730608915275,-0.000317569145351396,-0.000448897728195299,0.00073898768789616,-0.000671043039032319,0.00149717156886206,-0.0022688061504012,0.00171723911785529,-0.00159924156663611,0.000904289876066705,0.000920617438039169,-0.00138168861880042,0.00116732174497839,-0.00110120559528051,0.000354697409941364,2.74291473852638e-05,0.000135932592207267,-1.16953293096661e-05,-0.000121088426156579
-4.56373230243221e-05,1.89728971133231e-05,4.47960637560076e-05,-4.56136447004633e-05,2.27219089780947e-05,-0.000433392574253526,0.000173212090082075,-0.000120748708706839,0.000588419901559703,-0.000142106052912632,0.000186913287249922,-0.000862484155910289,0.000939442599344897,-0.000512119746797329,0.00119176701452656,-0.000999563895715094,-0.000417229856573852,-0.000215967639504108,0.000708607144010166,0.000830022473400612,-0.000217376029639014,-0.00119850940868801,-0.000718365255751557,0.000785355080594504,0.00123605487598645,0.000422130128408218,-0.00100696422217598,-0.000724395408622655,-0.000326987645119799,0.00140120424259574,0.000357439161869473,-0.000527828629046057,-0.000431846092318582,-0.000199417978327318,0.000143585434777372,0.000635953079938114,-0.000777151165115498,0.000335322935371141,6.84776172364659e-05,0.00053378685359633,-0.00028611923838858,-0.000744686858235688,-0.000332713319842074,0.000393318548263479,0.000827629976348048,0.000381940488216021,-0.000419266024348094,-0.000691396164963681,-9.75853849110264e-05,0.000211012248839626,0.000285114921393666,-8.32079264468984e-05,-0.000502796327069809,0.000496616634777632,-0.000742531882896717,0.00117809884944062,-0.000524462831704988,0.000155458873318144,-1.11602830418247e-05,-0.000267035002303117,1.2923020945087e-05,2.35406058030161e-05,7.10878614609998e-05,-3.4260142145929e-05
3.96508137858979e-05,1.60528366853162e-05,7.57836177959217e-05,3.7687534857587e-05,-0.000135974217074862,-0.000112126986494024,-3.33537125790275e-05,0.000184054262689817,0.000289008533501065,-0.000247001907690292,-5.77484089457769e-05,-0.000509908418760158,0.000572016557243798,0.000399948235417829,2.03070283888895e-05,-0.000583546468008651,-0.000884521383493517,0.000473206221031032,0.00124721219812387,0.000768207818674228,-0.000927505353987336,-0.00150552852829614,-0.000136119904332643,0.00153636890261174,0.00138493242663246,-0.000712220448366198,-0.00173719923656038,-0.000831423127921638,0.00159619543836746,0.00126000328401973,-8.61724882008351e-05,-0.00161197630172866,-0.000838248391425498,0.00139216970637955,0.00101061099147132,0.000105731861685743,-0.00171026403772207,-0.000792532863286902,0.000961366303107298,0.00159820582693031,0.000436937325074289,-0.00131665675899323,-0.00151660895358948,-0.00010789609601234,0.00115501432543473,0.00111234474230048,-0.000142159676398554,-0.000874307810000175,-0.000767375508564788,0.000385383133961502,0.000275083237298272,0.000605173743014264,-0.000448953038579608,-6.62065991937399e-05,-0.000200086604337364,-9.96657690146706e-05,0.00038399808201304,-0.000196610986587608,0.000247148261942224,-0.000317612853133319,-0.000144911539550391,-9.02244375114715e-05,7.19373083752167e-05,0.000100908257526469
2.42509545202563e-05,1.30629640455712e-05,5.94990834517262e-05,4.25844618987065e-05,-0.000156478948530633,-0.000136498166753223,2.8141954814271e-05,0.000320945091632214,0.00030820312385973,-5.36940184362938e-05,-0.000395548816831686,8.0218038389281e-05,0.000423731736152541,0.000725927544073203,-0.000473010958709784,-0.00105651644620236,-0.000593453950096704,0.000780103783278369,0.00124169394840331,-0.000251225123455681,-0.00215621729146071,-0.00156269533178833,0.00119717399413791,0.00262753153380887,0.000662089762186338,-0.00229248710871331,-0.00257416058650739,0.000585282035261656,0.00306708438586893,0.00185931155588812,-0.00202806466802144,-0.00316773149569434,-0.000776383122422206,0.00242828925780955,0.00242909527448445,-0.000622281080212018,-0.00280585949817983,-0.00206652512834515,0.00114393788648902,0.00271767335904772,0.00142327637633075,-0.00107655068005269,-0.0021298263658049,-0.00090963144369157,0.00111089854861201,0.00167064967546889,0.000624102727897312,-0.000930145013379849,-0.000940118196073476,-0.000334224966861778,0.000524296916690241,0.000389882908927133,0.000209988079588295,-0.000430418465924865,-0.000125972696136594,-0.000125332706244732,0.000410443958889546,0.000555397846636557,0.000412024254717434,0.000135992167161785,-0.000211455732610266,-7.96504733709881e-05,6.66178616841841e-05,0.00016275542840661
9.67384501882549e-06,-5.70427639414468e-05,0.000122852012030406,-0.000150469301336966,-6.68207002246863e-05,-0.000205954571578618,-9.61736808591355e-05,-0.000499402331285935,-0.000710943533822095,-0.000657550116378833,-0.000513139330628971,0.000390159337940667,0.000792675558745571,0.000336340814797074,-0.000852484496627603,-0.00119832797913993,0.000371245501083273,0.00207322731164914,0.00173539857359939,-0.000757399590339958,-0.00245570047303748,-0.000713176057632718,0.00270854112903787,0.00302309423773213,-0.000776014188815066,-0.00412401151808149,-0.00255783176129464,0.00246204481100892,0.00455407243631417,0.00134318852385613,-0.00327100972606444,-0.00359120867598554,0.000660152171712208,0.00451518363419575,0.00379647236506766,-0.000409691738432539,-0.0032465732959238,-0.00268299957470357,0.000158445780502211,0.00245603864978687,0.00226141373280586,6.81247601169979e-05,-0.00186044023636455,-0.0019850165624703,-0.000502423366319467,0.00110767644020449,0.00161838432397497,0.000727492000686361,-0.000577514973949832,-0.000591486600950636,-5.77716906331433e-05,0.000353235780506337,0.000307368433504951,2.77055933516963e-05,-0.000329536668906233,-0.000458939989281932,-0.000420454553894501,-0.000355722182765852,-0.000679060332697118,-0.000491930376215253,-0.000200155670851017,-8.35061042056364e-05,7.73528225922015e-05,0.000130324133819697
-1.78853468309291e-05,-6.13316550460141e-05,-2.78689307960087e-05,-5.43321599915093e-05,4.48734068954224e-05,0.000355001140628657,0.00104396318524775,0.00140814873934814,0.000655446975967646,-0.000230293107796438,-9.14443718561926e-05,0.000647831152206701,0.000754586329714506,-0.000237085048838831,-0.00134255210244255,-0.00085310859847621,0.00114150058407012,0.00203159918353871,-0.000285254890365104,-0.0033322154187725,-0.00256777090163208,0.00181560793298338,0.00472992026835059,0.00237171882714053,-0.00309241670354217,-0.00513894694067131,-0.00082723922469302,0.0044985290425545,0.0044213338315328,-0.000764412756141504,-0.00483303707712187,-0.00384398064623185,-0.000189595128108031,0.00214382626300685,0.00160421038045116,-0.000269037243292221,-0.0012719895033281,-0.0014056552134037,-0.00117362882206819,-2.2138156847209e-05,0.00156999695715794,0.00209031833271593,0.000653926959842163,-0.00141637233809805,-0.00202018012688103,-0.00115698005639855,0.000238018835309635,0.000816122955288963,0.000110648496651183,-0.000716538036232234,-0.00073814316030853,-0.000141804126807372,0.000348857965203075,0.000324219172245438,2.07699916188486e-05,6.17798970230595e-05,0.000446299662531979,0.00110173951445835,0.000962290306646456,0.000109380016220289,-0.000333704084842804,-0.000151071254417171,6.60662513454351e-05,1.94805743830506e-05
-2.1659276591548e-05,-2.1211476642217e-05,-9.89857611482416e-05,-0.000117843194091784,3.61049173715784e-05,-6.45152762940252e-06,-0.000638033097465193,-0.00112035921871064,-0.000965405168692115,-0.000424682385473102,0.000266427775014104,0.00087565880291588,0.000388082393714368,-0.000964874576160872,-0.00155921358920671,7.33397118986857e-06,0.00233396805348291,0.00218337167817363,-0.00107140153180406,-0.00396115021270814,-0.00212136190410338,0.00294135670637163,0.00453058568171759,-0.000477469297164284,-0.00556273943862912,-0.00397494465403015,0.00279474113674353,0.0059143036644053,0.00149956547802858,-0.00417021875478043,-0.00367558788033971,0.00193029392230993,0.00442272958218027,0.000678169112953085,-0.00290757676016314,-0.00109525542496573,0.00297325551446511,0.00285118092176981,-0.00172079623655617,-0.00457096530869485,-0.00170068556579987,0.00331408472376946,0.00420098188305188,0.000412541341912863,-0.00305232011593484,-0.00206962506342981,0.000974740050956308,0.00273158119414279,0.00182377556012857,-0.000233210359435191,-0.0012167506442901,-0.000835254931608848,0.000147612026611413,0.000564980988917247,0.00033311857370525,-2.98859005047952e-05,-0.000617859438324395,-0.000816537849595586,-0.000284889062166654,0.000374205719670259,0.000416940895403803,0.000148610589493075,7.26359602077118e-05,-3.77332139368047e-05
2.42243374383254e-05,5.19109179004732e-05,-0.000217466418969363,-0.000180257204893212,-7.28649175536409e-07,0.00053087718626723,0.000753498256733631,8.85936858322085e-05,-0.000426262127406776,-0.000110500191357944,0.00066782559646,0.000812501982804369,-0.000309390148479327,-0.00159368026202307,-0.00106349154673181,0.0013600278699208,0.00284507204409551,0.000498086249689675,-0.00352772380926409,-0.00356299974317521,0.00181024840691813,0.00626531038812309,0.00323832044076429,-0.00452866168673431,-0.00711569877564645,-8.66445635752861e-05,0.00782367937557968,0.00556653691151166,-0.00447333065552947,-0.00877985271565127,-0.0012331139450322,0.00806552935902331,0.00662162544986873,-0.00420364555185632,-0.0100252124346118,-0.00292167031720362,0.00809085196550133,0.00919456355248004,-0.000580123774822864,-0.00894922674059284,-0.00662303429925868,0.00250582539250012,0.00752935485435339,0.00398604766672518,-0.00288896059956096,-0.00554486786443015,-0.00227548940910972,0.00177363941585892,0.00268378796873707,0.000720377688780911,-0.00119033497127395,-0.00129433796324536,-0.000208741889067068,0.000576795234634403,0.000499742769598167,0.00015439566382431,3.33576863862486e-05,-6.1432689784492e-05,-0.000261279183919688,-0.000307591170417489,-6.30160279866448e-05,3.68757944782952e-05,-0.000138190478968102,-6.25263030346421e-05
6.38415658195679e-05,7.70241703867845e-05,-0.000106895337547641,-0.000267386882146684,0.000212589106398897,0.000503543445752254,-0.000174933010236412,-0.000556816032540873,-0.000484605445652068,0.000380566708494469,0.00107251419138455,0.000557954343881124,-0.00111437592885926,-0.00198331995432773,0.000238241861392853,0.00271513140709177,0.00246708388377865,-0.00158192070393755,-0.00500962978136506,-0.00218615759332656,0.00491468508088481,0.00692194263833079,-0.000859982406779698,-0.00933896713446076,-0.00644958091363557,0.00586446841445274,0.0125079897003299,0.00309379011392438,-0.0118146701221295,-0.0128208540263296,0.0028273404091465,0.0160385728349426,0.00970434957244158,-0.00810848940880042,-0.0165837200348024,-0.00575636236935737,0.0107782084935815,0.0140696784079007,0.00217284102671459,-0.0102212599013734,-0.00995574299426312,-0.00045829063267723,0.00737075797158946,0.00639481260415605,-0.000215488626581904,-0.00452022194256311,-0.00334286934127624,0.000481342115004489,0.00237664999614192,0.00151540263449557,-0.000269935464484849,-0.00140755336665431,-0.000448099011384199,0.000284671417424512,0.000395471166544995,0.000151674313032431,-0.000142601386637223,-0.000208570880244934,-0.000139709276773983,0.000353350682343462,0.000107762969386936,6.43694427988641e-05,-9.74879138630875e-05,-5.21248649380396e-05
8.92658303260369e-05,4.07877199502826e-05,-0.000102115282571532,0.000102022766796246,0.00013360111669942,-2.16654016131469e-05,-5.73104933863157e-05,-0.00064825061780136,-0.000311262408507101,0.000731054528995757,0.00109036416890818,-0.000150137290936262,-0.0017329641022755,-0.00112880358021685,0.00119935853963792,0.00341306096804597,0.00108073560413231,-0.00415905077419342,-0.00529592700686445,0.00116370016955351,0.00820540016769492,0.00575058813020503,-0.00537738030925448,-0.0120802587869126,-0.0037465954111281,0.0117841575275145,0.0142431357041039,-0.00121513342707504,-0.0168587079733459,-0.0131207438237678,0.00631182956143165,0.018686151263928,0.0102274087274306,-0.00937936609020596,-0.0169075763596025,-0.00626015565381019,0.00882611420929556,0.0127896775956808,0.00417235340215969,-0.00617316262200042,-0.00880892423919412,-0.00303937528980277,0.00345957563688633,0.00515760995168758,0.00255922605858317,-0.00141133814488233,-0.00300819136355089,-0.00161000958745545,0.000654955170352845,0.00123720845595643,0.000428522423808524,4.82476549085429e-05,-0.000528603081714064,-0.000289136023728363,-5.03935958122728e-07,0.000189526878834128,0.000157046841965161,2.13832299529048e-05,-7.00970727466006e-05,-0.000546291306240888,5.33104461059061e-05,0.000194624058760742,-8.6044581110445e-05,-7.69224684404999e-05
1.18431945844508e-05,3.38112724252601e-05,-6.59319893145917e-06,4.77350674395913e-05,0.000238120111965782,5.15057016744365e-05,-0.000416691073571484,-0.000521083469372597,2.2329494577198e-05,0.00101827605726376,0.000734759003378516,-0.000847067939843965,-0.00202125051358073,-0.000425674744608288,0.00283498900753523,0.0032153216035016,-0.00122348004213995,-0.00586474491408976,-0.00365204073242441,0.00479626312248773,0.00928267200670034,0.00198914144003154,-0.009916230029226,-0.0110935487245001,0.00205994602561504,0.0145111212414739,0.0102130122009358,-0.00658744136433394,-0.0158535436133134,-0.00682925422219423,0.00883012429982037,0.012991372489054,0.0032677993705774,-0.00689978818790412,-0.00757645752033994,-0.00166896602787297,0.00235591024552106,0.00259860172970222,0.00238949025721279,0.00207691238088261,-0.000102860705461225,-0.00369324543679437,-0.00414730127367488,-0.000162030516106546,0.00391883602363984,0.00369360843629748,-0.000211799044910192,-0.00298345275390354,-0.00216618566897595,0.000249329047598608,0.00155598838893709,0.000950251418782244,-0.000133924786478733,-0.000714502241179979,-0.000522269468642406,0.000117427539538442,0.000403908067146531,0.000184574563334329,-0.000123662401557078,-0.000241197056818987,-6.01121993033213e-05,9.72450987711726e-05,1.46745643519886e-05,-9.05006007034385e-05
-6.39646676342415e-05,3.95542028444936e-05,0.000103101034145972,-5.9024108884348e-05,0.000117252178378097,1.66500695070179e-05,-0.000446329479158994,-0.000238845145005503,0.000366285238902012,0.000929407937186897,6.5762358548502e-05,-0.00133789954056352,-0.00155430068822095,0.000790224307905763,0.00341058939550115,0.00182652809464301,-0.00353291374122616,-0.00575327453100743,-6.05740483381242e-05,0.00767953575714442,0.00683434201647312,-0.00387341191957927,-0.0115202077083988,-0.00489693101868543,0.00923942172167097,0.0119967521487589,-0.000623253508779058,-0.0121333974638381,-0.00713757027711425,0.0067537864949486,0.0100961259749335,-0.00153556099486141,-0.0105808582829335,-0.0029199608444781,0.0100306781944391,0.00921443364562869,-0.00558384073612419,-0.0140222978688171,-0.00458309080077219,0.0108831633755106,0.0127663118166508,-0.00027622864097948,-0.0113809683081913,-0.00831154290136807,0.00280683340396395,0.008185020932687,0.00406161975697765,-0.00282871939050404,-0.00450316292886722,-0.00135232415830781,0.00182165915026703,0.00207455277043361,0.000195218969201319,-0.000681356187012343,-0.000975699713240131,-4.21111482286105e-06,0.000539632818874222,0.000268079969187955,-7.81598017230493e-05,-0.000226071377813869,9.13190485616663e-05,-0.000100614281661645,7.8741611099367e-05,-0.000106018216062422
-0.000105243859199599,1.65107229759981e-05,0.000147402775713055,0.000123575335251997,4.74371838568939e-05,-0.000213376134745783,-0.000269817644214035,-5.08772711754582e-05,0.000803509609466079,0.000330687834149297,-0.000396553214308123,-0.00165396268686524,-0.000531767304367017,0.00201071940184764,0.00296340617492409,-0.000621115304330676,-0.00506044237406335,-0.0035528317129066,0.00441017205975798,0.00850493858224411,0.00120074250076189,-0.0103531237553243,-0.00945579048482816,0.00568687554941535,0.0158830250359019,0.00444944296395388,-0.015598839401274,-0.0167644725066597,0.00650265372677183,0.0242463807993264,0.0105471983731794,-0.0195093857960378,-0.0270440512234713,0.000477983799126854,0.0286038221903221,0.0223451012983448,-0.0106190619551607,-0.0297119572336847,-0.0135032484053373,0.0157476470363582,0.0234995205530769,0.00503025781214177,-0.014556850972976,-0.0144966302035422,-4.59716500739892e-05,0.00987540430567074,0.00692156072989786,-0.0015319985885597,-0.0052729293208362,-0.00231867152632903,0.00122329184753857,0.00237038932378288,0.000537958185275931,-0.000724173379116652,-0.000890657762517292,-5.26479700162008e-05,0.000342336752721266,0.000310557959053806,-0.000156644704374026,-4.27439998058454e-05,-0.000137712276384701,0.000126198266236757,1.15448633756015e-05,-5.47029299369718e-05
-5.28560915038389e-05,1.76061346058052e-05,0.000125527146132944,0.000124854382850672,3.2188046372278e-05,-0.00054388032469571,0.000168372024983665,5.59106027311068e-05,0.000821697042978361,0.000106754492864274,-0.00147257478096691,-0.000650110134211059,0.00013505171512257,0.00334940399087325,0.00101789031178157,-0.00292145759814303,-0.00555373474876515,0.000352719550543174,0.00829682638319998,0.00708241485241546,-0.00611249518225605,-0.0150730776631516,-0.00435535001509698,0.0166548488293703,0.0198981322216126,-0.00484343405801819,-0.0292285269132971,-0.0184703800418735,0.0186422816448948,0.0381846994885195,0.0098280847113365,-0.0319721085369894,-0.0380864982050347,0.00135736095738277,0.0386814530380443,0.0298067729211684,-0.0107487496051054,-0.0353145741258548,-0.0182472754292757,0.0143512200200422,0.0253521659914364,0.00813226823977269,-0.012155062994036,-0.014459257225167,-0.00219289529119375,0.00768932599969853,0.00636487666296231,-2.61674358791466e-05,-0.00381913234079869,-0.00217007643801214,0.000862991769351339,0.000997172047400545,0.00114664727302043,-0.00104315018851042,8.34763993849899e-05,-0.000434970214038735,0.000474857164708785,-0.000193011577361981,7.86027559289841e-05,-5.93333045365093e-05,6.33408399485221e-05,-8.92240367430049e-06,-4.93115516686424e-05,-7.94212343254462e-05
-1.66191417591499e-05,-2.91479716934935e-05,0.000167225542403169,2.69881207731819e-06,-9.51708103629183e-05,-0.000285713461812747,-0.000267303749305415,0.00128508878317634,-0.000649270544531312,0.000684794831425484,-0.002077613300589,-0.000409821433105487,0.0024508509013292,0.00174808215437897,0.000397066050844097,-0.00562880667416284,-0.00379402343324805,0.00384482898900595,0.0103280823619368,0.0035763229355307,-0.0117945134906213,-0.016064648055265,0.0015985738816914,0.023128848329474,0.0187575396464776,-0.0119044945203803,-0.0340285424647341,-0.0153555257874583,0.0241080910567908,0.038390139193648,0.00795531770392433,-0.0335532410205207,-0.0339949878541738,0.00184085655112123,0.0325403085491673,0.0252575405217957,-0.00852557272856438,-0.0251613540826717,-0.0136688858874474,0.00859821463117381,0.0153180720618725,0.00532855105319477,-0.00572325330637715,-0.00689278184449903,-0.00135311522910402,0.00264637541139635,0.00223756626553775,-3.05933980105546e-05,-0.000285797379577696,-0.00115777993811551,0.00100570999672406,-0.000773814257688497,0.00021819338945656,0.000241848159638821,-0.000408051820845362,0.00066358541686964,-0.000450279496501417,-6.94378453729956e-05,1.11692558676231e-06,0.00011272898311543,0.000106600049517256,-5.28878991121698e-05,-5.7313783305208e-05,1.95434706331466e-05
3.9441773955822e-05,-4.97425339601135e-05,4.60560988345658e-06,0.000213814257373696,-0.000447906720310995,0.000581494966226047,-0.000831209259532269,0.00171294580281043,-0.000569087513546687,-0.00112780563699887,0.00012050386960743,-0.00153691300155038,0.00411218628026448,0.00059932687086744,-0.00144269306965133,-0.00540553195888287,-0.00165511725677469,0.00628072028509453,0.00897462335790463,-0.00053939664263016,-0.0131611830317241,-0.0117130840476805,0.00646738674213739,0.0209130998827694,0.0110220615249082,-0.0144080566202002,-0.0246799430969505,-0.00698835303046738,0.0218118334671329,0.0199667053572036,0.0021744050149828,-0.0225499231926774,-0.0121853196047682,0.00401171474222264,0.0141214750531569,0.00379335796511537,-0.00473030994261032,-0.00427658710419889,0.00215010214605362,0.00181520681483859,-0.00296624346783333,-0.00366266817099686,0.00158578338583884,0.00524763053295038,0.00227401526668145,-0.00326564894449919,-0.00395886896510421,-0.000899756179399203,0.00277621258819755,0.00239105525619869,-0.00133493595030436,0.000871163808811108,-0.00422763092966394,0.00409850594338646,-0.00261661535531964,0.00282686344195355,-0.00203808176130159,0.000640345806890268,-0.000665528997111201,0.000431584400611245,-5.48769365734469e-05,-6.62656785324835e-05,-6.90842759240393e-05,9.4196661649923e-05
3.46175942996454e-05,-3.54300208732943e-05,-0.000140934659880921,2.60978025027583e-05,-0.000306719876873745,-0.000356137176849014,0.00100232607904511,-0.00152236694714897,0.00335587154425761,-0.00404140681112561,0.00148139678798681,0.000922923087063527,-0.000185646487523948,0.00362907582548487,-0.00568968239479642,-0.00150020409613484,-8.82910036397227e-05,0.00637756697611996,0.00372619501248619,-0.00495030817847913,-0.00986519164200078,-0.0025179789215729,0.0093921677767688,0.0100430175152453,-0.00256450151425224,-0.0124732194048559,-0.00409679786391304,0.00886368015297106,0.00970176843654788,-0.00479001895230806,-0.0169802264170609,0.00446668166246276,0.0116217798331689,0.0164507314890138,-0.0145777852904103,-0.0223890266459866,-0.00553080059300757,0.0199495929168484,0.0218790776351741,-0.00254301764606061,-0.0214758845718409,-0.0143685496752185,0.00727269735546733,0.0168282207036586,0.00682697849367987,-0.00710464369413636,-0.00962728144688555,-0.00123893008360454,0.00388041631709076,0.0057738461304463,-0.0022983112348936,-0.00161193307674127,-3.48694642178916e-05,-0.00334820670951963,0.00681361087411893,-0.00554987884396115,0.00447510172974159,-0.00294943014308361,0.00189902257813066,3.06583473799327e-05,0.000155360719793765,-0.000195785521058346,-5.54643915737875e-05,0.000124380024535139
6.87911592283738e-05,-2.26972589521134e-05,6.55533839074582e-05,-0.000162547896618104,0.000489495262742455,-0.000745416730270491,0.00157624611631255,-0.00308176083460533,0.00120593262027257,-0.00200044334991914,-0.000209070388451472,0.00213890275451737,-4.00321526344644e-05,-0.000754071217405044,-0.00210794191271204,-0.00112194999208953,0.00422027494000458,0.00397100628254801,-0.00123621137007712,-0.00669763528348158,-0.00213987609755462,0.00886542215177871,0.0102263112815582,-0.00502240826684819,-0.0184854214900183,-0.00817119341588643,0.0183027304251317,0.028045631662103,-0.0041590091872145,-0.0307057770473039,-0.0329828784449255,0.0218059297105742,0.0438261860359292,0.0225881112699181,-0.0296495810649506,-0.0463727874215674,-0.00717770694961772,0.036089592521035,0.0350895999550405,-0.00420127477435964,-0.0319809263114724,-0.0202859894728735,0.00955055769246799,0.0212249644021251,0.00727240392904687,-0.00932526292541522,-0.0108158636754536,-0.000304906459333009,0.0056550626648389,0.00403380350809849,0.000531872122082511,-0.00577237224614562,0.00290636973415504,-0.00312062159780906,0.00360281911437675,-0.000815965702414167,-0.00159162399231482,-0.00031438357438129,-0.00198121622371418,0.000265711946170959,-6.99351269921672e-05,-0.000102077140737107,3.70878615140289e-05,7.24664890485521e-05
7.51236014029233e-05,9.76873990609755e-06,-4.35549040003419e-05,-0.000112897923507483,-0.000215821693574872,0.000322179239955321,-0.000393020733818419,0.00499345981027946,-0.00561784689417172,0.007587071312244,-0.00663170777281268,0.0059525019973927,-0.00170735784276793,-0.00286277483786826,0.000135157741518871,0.000450872434574245,0.00634503986672167,2.63250943895793e-05,-0.0089674986538501,-0.0100943981062093,0.00467634209750182,0.018861474841916,0.0111828710507427,-0.0165569532379272,-0.0306369256721486,-0.00530653295408526,0.0339831129182453,0.0380893605815813,-0.00652466232649534,-0.0539318107996757,-0.0292653512162539,0.0125723538287009,0.0672873244255777,0.0125723538287009,-0.0292653512162538,-0.0539318107996758,-0.00652466232649533,0.0380893605815813,0.0339831129182453,-0.00530653295408519,-0.0306369256721486,-0.0165569532379272,0.0111828710507425,0.018861474841916,0.00467634209750175,-0.0100943981062092,-0.00896749865385013,2.63250943894448e-05,0.00634503986672167,0.000450872434574266,0.000135157741519097,-0.00286277483786825,-0.00170735784276803,0.00595250199739253,-0.00663170777281276,0.00758707131224409,-0.00561784689417166,0.00499345981027937,-0.000393020733818538,0.000322179239955307,-0.000215821693574796,-0.000112897923507301,-4.35549040004208e-05,9.76873990591728e-06
6.87911592284419e-05,7.24664890486935e-05,3.70878615140866e-05,-0.000102077140737219,-6.99351269924571e-05,0.000265711946171045,-0.00198121622371409,-0.000314383574381277,-0.00159162399231496,-0.000815965702414184,0.00360281911437676,-0.00312062159780899,0.00290636973415512,-0.00577237224614563,0.000531872122082439,0.00403380350809844,0.00565506266483892,-0.000304906459332984,-0.0108158636754535,-0.0093252629254153,0.00727240392904682,0.0212249644021251,0.00955055769246801,-0.0202859894728734,-0.0319809263114724,-0.00420127477435967,0.0350895999550406,0.036089592521035,-0.00717770694961762,-0.0463727874215674,-0.0296495810649506,0.022588111269918,0.0438261860359293,0.0218059297105742,-0.0329828784449255,-0.0307057770473039,-0.00415900918721456,0.028045631662103,0.0183027304251317,-0.00817119341588633,-0.0184854214900183,-0.00502240826684826,0.0102263112815582,0.00886542215177871,-0.00213987609755455,-0.00669763528348151,-0.00123621137007709,0.0039710062825479,0.0042202749400046,-0.00112194999208947,-0.00210794191271199,-0.000754071217405058,-4.00321526346585e-05,0.00213890275451732,-0.000209070388451491,-0.00200044334991902,0.00120593262027257,-0.00308176083460543,0.00157624611631252,-0.000745416730270414,0.000489495262742658,-0.000162547896618081,6.55533839074107e-05,-2.26972589523374e-05
3.46175942997123e-05,0.000124380024535308,-5.5464391573822e-05,-0.000195785521058371,0.000155360719793592,3.06583473800535e-05,0.00189902257813071,-0.00294943014308369,0.00447510172974152,-0.00554987884396119,0.00681361087411899,-0.00334820670951963,-3.48694642179194e-05,-0.00161193307674129,-0.00229831123489364,0.00577384613044631,0.00388041631709076,-0.00123893008360457,-0.00962728144688549,-0.00710464369413633,0.00682697849367978,0.0168282207036586,0.00727269735546727,-0.0143685496752185,-0.0214758845718409,-0.0025430176460607,0.0218790776351741,0.0199495929168484,-0.00553080059300757,-0.0223890266459866,-0.0145777852904103,0.0164507314890138,0.0116217798331689,0.00446668166246277,-0.0169802264170609,-0.00479001895230809,0.00970176843654787,0.0088636801529711,-0.0040967978639131,-0.0124732194048559,-0.0025645015142523,0.0100430175152453,0.00939216777676885,-0.00251797892157297,-0.00986519164200066,-0.00495030817847913,0.00372619501248623,0.00637756697611989,-8.82910036397908e-05,-0.00150020409613479,-0.00568968239479642,0.00362907582548489,-0.000185646487523972,0.000922923087063549,0.0014813967879868,-0.00404140681112557,0.0033558715442576,-0.00152236694714896,0.00100232607904512,-0.00035613717684893,-0.00030671987687357,2.6097802502693e-05,-0.000140934659880918,-3.54300208734021e-05
3.94417739558609e-05,9.41966616499521e-05,-6.90842759241197e-05,-6.6265678532555e-05,-5.48769365733918e-05,0.000431584400611305,-0.000665528997111189,0.000640345806890187,-0.00203808176130162,0.00282686344195358,-0.00261661535531962,0.0040985059433865,-0.00422763092966401,0.000871163808811086,-0.00133493595030439,0.00239105525619869,0.00277621258819753,-0.000899756179399305,-0.00395886896510423,-0.00326564894449913,0.00227401526668154,0.00524763053295039,0.00158578338583882,-0.00366266817099687,-0.0029662434678333,0.00181520681483858,0.00215010214605363,-0.00427658710419884,-0.00473030994261039,0.00379335796511534,0.0141214750531568,0.00401171474222273,-0.0121853196047682,-0.0225499231926773,0.00217440501498272,0.0199667053572035,0.0218118334671329,-0.00698835303046732,-0.0246799430969505,-0.0144080566202003,0.0110220615249082,0.0209130998827694,0.00646738674213745,-0.0117130840476805,-0.0131611830317241,-0.000539396642630122,0.00897462335790458,0.00628072028509458,-0.00165511725677471,-0.00540553195888282,-0.00144269306965137,0.000599326870867384,0.00411218628026448,-0.0015369130015504,0.00012050386960747,-0.00112780563699892,-0.000569087513546744,0.00171294580281037,-0.000831209259532219,0.000581494966226146,-0.000447906720311065,0.000213814257373617,4.60560988342265e-06,-4.97425339600079e-05
-1.66191417591105e-05,1.95434706330781e-05,-5.73137833052922e-05,-5.28878991122154e-05,0.000106600049517449,0.000112728983115542,1.11692558675534e-06,-6.94378453730879e-05,-0.000450279496501511,0.000663585416869702,-0.000408051820845308,0.000241848159638849,0.000218193389456488,-0.000773814257688537,0.00100570999672413,-0.00115777993811547,-0.000285797379577721,-3.0593398010606e-05,0.00223756626553775,0.00264637541139635,-0.00135311522910396,-0.00689278184449902,-0.00572325330637715,0.00532855105319474,0.0153180720618724,0.00859821463117388,-0.0136688858874474,-0.0251613540826717,-0.00852557272856443,0.0252575405217956,0.0325403085491674,0.00184085655112129,-0.0339949878541738,-0.0335532410205208,0.00795531770392426,0.038390139193648,0.0241080910567908,-0.0153555257874582,-0.0340285424647341,-0.0119044945203805,0.0187575396464775,0.0231288483294739,0.00159857388169147,-0.0160646480552649,-0.0117945134906213,0.00357632293553069,0.0103280823619369,0.00384482898900599,-0.00379402343324803,-0.00562880667416285,0.000397066050844005,0.00174808215437897,0.00245085090132913,-0.000409821433105395,-0.00207761330058896,0.000684794831425432,-0.000649270544531418,0.0012850887831763,-0.000267303749305334,-0.000285713461812631,-9.51708103630352e-05,2.69881207721957e-06,0.000167225542403159,-2.91479716933325e-05
-5.2856091503798e-05,-7.94212343256036e-05,-4.9311551668699e-05,-8.92240367427372e-06,6.33408399487166e-05,-5.93333045364358e-05,7.86027559289057e-05,-0.000193011577362054,0.00047485716470876,-0.000434970214038681,8.34763993850886e-05,-0.00104315018851046,0.00114664727302036,0.000997172047400549,0.000862991769351416,-0.00217007643801212,-0.00381913234079868,-2.61674358792693e-05,0.00636487666296233,0.00768932599969855,-0.00219289529119369,-0.0144592572251671,-0.012155062994036,0.00813226823977272,0.0253521659914363,0.0143512200200423,-0.0182472754292757,-0.0353145741258548,-0.0107487496051054,0.0298067729211684,0.0386814530380443,0.00135736095738281,-0.0380864982050347,-0.0319721085369894,0.00982808471133648,0.0381846994885196,0.0186422816448948,-0.0184703800418735,-0.0292285269132971,-0.00484343405801834,0.0198981322216126,0.0166548488293704,-0.00435535001509689,-0.0150730776631514,-0.00611249518225608,0.00708241485241543,0.00829682638320001,0.000352719550543233,-0.00555373474876512,-0.00292145759814306,0.00101789031178145,0.00334940399087326,0.000135051715122622,-0.000650110134211055,-0.00147257478096685,0.000106754492864189,0.000821697042978238,5.59106027311297e-05,0.000168372024983748,-0.000543880324695605,3.21880463721133e-05,0.000124854382850609,0.000125527146132934,1.76061346059541e-05
-0.000105243859199587,-5.4702929937079e-05,1.15448633754717e-05,0.000126198266236871,-0.000137712276384522,-4.2743999805739e-05,-0.000156644704374089,0.000310557959053664,0.000342336752721246,-5.26479700161913e-05,-0.000890657762517234,-0.000724173379116727,0.000537958185275874,0.00237038932378287,0.00122329184753868,-0.00231867152632902,-0.00527292932083612,-0.00153199858855971,0.00692156072989789,0.00987540430567078,-4.59716500739771e-05,-0.0144966302035422,-0.014556850972976,0.00503025781214179,0.0234995205530769,0.0157476470363582,-0.0135032484053373,-0.0297119572336847,-0.0106190619551607,0.0223451012983448,0.0286038221903221,0.000477983799126923,-0.0270440512234714,-0.0195093857960378,0.0105471983731794,0.0242463807993265,0.0065026537267719,-0.0167644725066597,-0.015598839401274,0.00444944296395381,0.0158830250359019,0.00568687554941539,-0.00945579048482812,-0.0103531237553242,0.00120074250076185,0.00850493858224406,0.00441017205975797,-0.00355283171290656,-0.00506044237406334,-0.000621115304330678,0.002963406174924,0.00201071940184762,-0.000531767304366959,-0.00165396268686521,-0.000396553214307997,0.000330687834149173,0.00080350960946599,-5.08772711754408e-05,-0.000269817644213978,-0.00021337613474575,4.74371838567548e-05,0.000123575335251913,0.00014740277571309,1.65107229761269e-05
-6.39646676342659e-05,-0.0001060182160625,7.87416110993122e-05,-0.000100614281661568,9.13190485617791e-05,-0.000226071377813875,-7.815980172309e-05,0.000268079969187889,0.00053963281887425,-4.21111482278054e-06,-0.000975699713240141,-0.000681356187012378,0.000195218969201301,0.0020745527704336,0.00182165915026715,-0.00135232415830787,-0.00450316292886723,-0.00282871939050403,0.00406161975697767,0.00818502093268698,0.00280683340396395,-0.00831154290136811,-0.0113809683081913,-0.000276228640979482,0.0127663118166508,0.0108831633755106,-0.00458309080077223,-0.0140222978688171,-0.00558384073612425,0.00921443364562873,0.0100306781944391,-0.00291996084447814,-0.0105808582829335,-0.00153556099486147,0.0100961259749336,0.00675378649494861,-0.00713757027711425,-0.0121333974638381,-0.000623253508779063,0.011996752148759,0.00923942172167098,-0.00489693101868542,-0.0115202077083988,-0.00387341191957921,0.00683434201647314,0.00767953575714444,-6.05740483381589e-05,-0.00575327453100742,-0.00353291374122618,0.00182652809464302,0.00341058939550117,0.000790224307905752,-0.00155430068822091,-0.00133789954056352,6.57623585485038e-05,0.000929407937186864,0.000366285238902003,-0.000238845145005457,-0.000446329479158947,1.66500695069489e-05,0.000117252178378038,-5.90241088843809e-05,0.000103101034146053,3.95542028445821e-05
1.18431945844323e-05,-9.05006007034954e-05,1.4674564351989e-05,9.72450987712379e-05,-6.01121993033187e-05,-0.00024119705681901,-0.00012366240155717,0.000184574563334365,0.00040390806714645,0.000117427539538542,-0.000522269468642487,-0.000714502241179986,-0.000133924786478741,0.000950251418782256,0.00155598838893708,0.000249329047598589,-0.00216618566897593,-0.00298345275390352,-0.000211799044910164,0.00369360843629743,0.0039188360236398,-0.000162030516106616,-0.0041473012736748,-0.00369324543679436,-0.000102860705461231,0.00207691238088261,0.00238949025721277,0.00259860172970217,0.00235591024552109,-0.00166896602787295,-0.00757645752033988,-0.00689978818790418,0.00326779937057746,0.0129913724890539,0.00883012429982045,-0.00682925422219416,-0.0158535436133134,-0.006587441364334,0.0102130122009358,0.0145111212414739,0.00205994602561502,-0.0110935487245001,-0.00991623002922603,0.00198914144003156,0.0092826720067003,0.00479626312248772,-0.00365204073242438,-0.00586474491408979,-0.00122348004213991,0.00321532160350157,0.00283498900753528,-0.000425674744608323,-0.00202125051358066,-0.000847067939843955,0.000734759003378508,0.00101827605726372,2.23294945771828e-05,-0.000521083469372549,-0.000416691073571479,5.15057016743359e-05,0.000238120111965759,4.77350674396267e-05,-6.59319893139725e-06,3.38112724252911e-05
8.92658303260004e-05,-7.69224684404931e-05,-8.604458111043e-05,0.000194624058760806,5.33104461058662e-05,-0.000546291306240973,-7.00970727466259e-05,2.13832299529066e-05,0.000157046841965246,0.000189526878834123,-5.03935958130304e-07,-0.000289136023728393,-0.000528603081713999,4.82476549085639e-05,0.000428522423808503,0.00123720845595634,0.000654955170352844,-0.00161000958745541,-0.00300819136355082,-0.00141133814488238,0.00255922605858313,0.00515760995168762,0.00345957563688637,-0.00303937528980271,-0.00880892423919413,-0.00617316262200052,0.0041723534021597,0.0127896775956808,0.0088261142092956,-0.00626015565381013,-0.0169075763596025,-0.00937936609020595,0.0102274087274305,0.0186861512639281,0.00631182956143162,-0.0131207438237678,-0.016858707973346,-0.00121513342707504,0.014243135704104,0.0117841575275146,-0.00374659541112809,-0.0120802587869126,-0.00537738030925447,0.00575058813020506,0.00820540016769488,0.00116370016955351,-0.00529592700686446,-0.00415905077419346,0.00108073560413225,0.00341306096804605,0.00119935853963795,-0.00112880358021683,-0.00173296410227549,-0.000150137290936256,0.00109036416890817,0.000731054528995759,-0.000311262408507057,-0.000648250617801358,-5.73104933863228e-05,-2.1665401613201e-05,0.000133601116699451,0.00010202276679625,-0.000102115282571522,4.07877199502304e-05
6.38415658195285e-05,-5.2124864938016e-05,-9.74879138630313e-05,6.43694427988926e-05,0.0001077629693869,0.000353350682343351,-0.000139709276773969,-0.000208570880244917,-0.000142601386637141,0.000151674313032414,0.000395471166544975,0.0002846714174245,-0.000448099011384139,-0.00140755336665428,-0.000269935464484901,0.00151540263449553,0.00237664999614187,0.000481342115004502,-0.00334286934127618,-0.0045202219425631,-0.000215488626581904,0.00639481260415606,0.00737075797158944,-0.000458290632677262,-0.00995574299426307,-0.0102212599013734,0.00217284102671461,0.0140696784079007,0.0107782084935815,-0.00575636236935736,-0.0165837200348025,-0.00810848940880038,0.00970434957244155,0.0160385728349427,0.00282734040914647,-0.0128208540263296,-0.0118146701221295,0.00309379011392439,0.01250798970033,0.0058644684144527,-0.00644958091363554,-0.00933896713446077,-0.000859982406779694,0.00692194263833079,0.00491468508088482,-0.00218615759332651,-0.00500962978136507,-0.00158192070393752,0.00246708388377861,0.00271513140709177,0.000238241861392885,-0.00198331995432773,-0.00111437592885924,0.000557954343881079,0.00107251419138453,0.000380566708494516,-0.000484605445652012,-0.000556816032540862,-0.000174933010236443,0.000503543445752203,0.000212589106398969,-0.000267386882146621,-0.000106895337547659,7.7024170386727e-05
2.42243374382984e-05,-6.25263030346035e-05,-0.000138190478968048,3.68757944782857e-05,-6.30160279866934e-05,-0.000307591170417557,-0.000261279183919681,-6.14326897844076e-05,3.33576863862559e-05,0.000154395663824336,0.000499742769598044,0.000576795234634469,-0.000208741889067108,-0.00129433796324531,-0.00119033497127396,0.000720377688780894,0.00268378796873706,0.00177363941585895,-0.00227548940910973,-0.00554486786443015,-0.00288896059956097,0.0039860476667252,0.0075293548543534,0.00250582539250008,-0.00662303429925868,-0.00894922674059283,-0.000580123774822842,0.00919456355248009,0.00809085196550132,-0.00292167031720369,-0.0100252124346118,-0.00420364555185627,0.00662162544986878,0.00806552935902331,-0.00123311394503225,-0.00877985271565129,-0.00447333065552944,0.00556653691151169,0.0078236793755797,-8.6644563575228e-05,-0.00711569877564649,-0.00452866168673431,0.0032383204407643,0.00626531038812308,0.00181024840691812,-0.00356299974317516,-0.00352772380926408,0.00049808624968965,0.00284507204409552,0.00136002786992077,-0.00106349154673167,-0.00159368026202308,-0.000309390148479301,0.000812501982804258,0.000667825596459961,-0.000110500191357928,-0.000426262127406703,8.85936858322473e-05,0.000753498256733569,0.000530877186267183,-7.28649175501607e-07,-0.000180257204893182,-0.000217466418969327,5.19109179003725e-05
-2.16592765915507e-05,-3.77332139367531e-05,7.2635960207731e-05,0.000148610589493077,0.000416940895403714,0.00037420571967024,-0.000284889062166639,-0.000816537849595538,-0.000617859438324402,-2.98859005048516e-05,0.000333118573705246,0.000564980988917281,0.000147612026611476,-0.000835254931608816,-0.00121675064429005,-0.000233210359435239,0.00182377556012861,0.00273158119414279,0.000974740050956279,-0.00206962506342987,-0.00305232011593485,0.000412541341912918,0.00420098188305183,0.00331408472376945,-0.00170068556579991,-0.00457096530869482,-0.00172079623655611,0.00285118092176987,0.00297325551446511,-0.00109525542496584,-0.00290757676016316,0.000678169112953098,0.00442272958218035,0.00193029392230994,-0.00367558788033976,-0.00417021875478052,0.00149956547802855,0.00591430366440536,0.00279474113674353,-0.00397494465403016,-0.00556273943862917,-0.000477469297164318,0.00453058568171762,0.00294135670637161,-0.00212136190410333,-0.00396115021270815,-0.00107140153180402,0.00218337167817362,0.00233396805348289,7.33397118987478e-06,-0.00155921358920671,-0.000964874576160841,0.000388082393714323,0.000875658802915892,0.000266427775014036,-0.000424682385473058,-0.000965405168692157,-0.00112035921871061,-0.000638033097465226,-6.45152762937368e-06,3.61049173716216e-05,-0.000117843194091759,-9.89857611482421e-05,-2.12114766422492e-05
-1.78853468309348e-05,1.94805743831051e-05,6.60662513454555e-05,-0.000151071254417184,-0.000333704084842821,0.000109380016220306,0.000962290306646447,0.00110173951445837,0.000446299662531961,6.17798970230139e-05,2.07699916188493e-05,0.000324219172245411,0.000348857965203093,-0.000141804126807438,-0.000738143160308552,-0.000716538036232268,0.000110648496651198,0.000816122955289012,0.000238018835309615,-0.00115698005639853,-0.00202018012688101,-0.00141637233809799,0.000653926959842161,0.00209031833271587,0.00156999695715787,-2.21381568472348e-05,-0.00117362882206814,-0.00140565521340369,-0.00127198950332815,-0.00026903724329226,0.00160421038045114,0.0021438262630069,-0.000189595128108,-0.00384398064623181,-0.00483303707712194,-0.000764412756141496,0.00442133383153277,0.00449852904255453,-0.000827239224692989,-0.00513894694067127,-0.00309241670354211,0.00237171882714053,0.00472992026835059,0.00181560793298332,-0.00256777090163208,-0.00333221541877248,-0.000285254890365101,0.00203159918353868,0.00114150058407007,-0.000853108598476199,-0.0013425521024425,-0.000237085048838795,0.000754586329714491,0.000647831152206738,-9.14443718562644e-05,-0.000230293107796422,0.000655446975967688,0.00140814873934817,0.00104396318524774,0.000355001140628626,4.48734068954128e-05,-5.43321599915152e-05,-2.7868930795971e-05,-6.13316550460589e-05
9.67384501885302e-06,0.000130324133819713,7.73528225921187e-05,-8.3506104205667e-05,-0.000200155670851111,-0.0004919303762152,-0.000679060332697121,-0.000355722182765888,-0.000420454553894552,-0.000458939989281971,-0.000329536668906173,2.77055933517936e-05,0.000307368433504965,0.000353235780506364,-5.77716906332015e-05,-0.000591486600950633,-0.000577514973949814,0.000727492000686414,0.00161838432397494,0.00110767644020442,-0.000502423366319464,-0.0019850165624703,-0.00186044023636453,6.8124760116981e-05,0.0022614137328058,0.00245603864978689,0.000158445780502265,-0.00268299957470355,-0.00324657329592379,-0.00040969173843254,0.0037964723650676,0.00451518363419581,0.000660152171712162,-0.00359120867598548,-0.00327100972606446,0.00134318852385613,0.00455407243631419,0.00246204481100889,-0.00255783176129466,-0.0041240115180815,-0.000776014188815038,0.00302309423773215,0.00270854112903781,-0.000713176057632724,-0.00245570047303746,-0.000757399590339949,0.00173539857359943,0.00207322731164911,0.000371245501083249,-0.00119832797913994,-0.0008524844966276,0.000336340814797071,0.000792675558745577,0.00039015933794059,-0.000513139330628893,-0.000657550116378902,-0.000710943533822041,-0.000499402331285991,-9.6173680859126e-05,-0.000205954571578588,-6.682070022469e-05,-0.000150469301336951,0.000122852012030368,-5.70427639414587e-05
2.42509545202888e-05,0.000162755428406639,6.66178616841673e-05,-7.96504733710037e-05,-0.00021145573261026,0.000135992167161837,0.000412024254717439,0.000555397846636523,0.000410443958889516,-0.00012533270624473,-0.000125972696136569,-0.000430418465924799,0.000209988079588213,0.000389882908927056,0.000524296916690252,-0.000334224966861757,-0.000940118196073428,-0.000930145013379805,0.000624102727897261,0.00167064967546886,0.00111089854861201,-0.000909631443691565,-0.00212982636580491,-0.00107655068005273,0.00142327637633075,0.0027176733590477,0.00114393788648901,-0.0020665251283452,-0.00280585949817988,-0.000622281080211961,0.00242909527448445,0.00242828925780955,-0.000776383122422249,-0.00316773149569433,-0.00202806466802138,0.00185931155588816,0.00306708438586887,0.000585282035261612,-0.00257416058650742,-0.00229248710871327,0.000662089762186356,0.00262753153380883,0.00119717399413786,-0.00156269533178831,-0.00215621729146062,-0.000251225123455634,0.00124169394840328,0.000780103783278342,-0.000593453950096757,-0.00105651644620227,-0.000473010958709743,0.000725927544073219,0.000423731736152521,8.0218038389255e-05,-0.000395548816831675,-5.36940184362949e-05,0.000308203123859696,0.000320945091632242,2.81419548142735e-05,-0.000136498166753213,-0.000156478948530616,4.25844618986896e-05,5.94990834517467e-05,1.30629640455767e-05
3.96508137858979e-05,0.000100908257526478,7.19373083751866e-05,-9.02244375115076e-05,-0.000144911539550368,-0.000317612853133307,0.000247148261942243,-0.000196610986587637,0.000383998082012957,-9.96657690146243e-05,-0.000200086604337363,-6.62065991936848e-05,-0.000448953038579637,0.000605173743014219,0.000275083237298265,0.000385383133961518,-0.000767375508564788,-0.000874307810000179,-0.000142159676398543,0.0011123447423005,0.00115501432543474,-0.000107896096012356,-0.0015166089535895,-0.0013166567589932,0.000436937325074355,0.00159820582693035,0.00096136630310723,-0.000792532863286997,-0.00171026403772211,0.000105731861685842,0.00101061099147144,0.00139216970637946,-0.000838248391425498,-0.00161197630172875,-8.61724882007343e-05,0.00126000328401986,0.00159619543836744,-0.000831423127921715,-0.00173719923656042,-0.000712220448366193,0.00138493242663252,0.00153636890261172,-0.00013611990433266,-0.00150552852829614,-0.000927505353987303,0.000768207818674255,0.00124721219812385,0.00047320622103101,-0.000884521383493517,-0.000583546468008639,2.03070283888996e-05,0.000399948235417773,0.000572016557243771,-0.000509908418760122,-5.77484089457646e-05,-0.000247001907690234,0.000289008533501014,0.000184054262689764,-3.33537125790222e-05,-0.000112126986494009,-0.000135974217074847,3.76875348575526e-05,7.57836177958684e-05,1.60528366853448e-05
-4.5637323024309e-05,-3.42601421459548e-05,7.10878614609908e-05,2.35406058029744e-05,1.29230209451403e-05,-0.000267035002303128,-1.11602830417871e-05,0.000155458873318142,-0.000524462831705027,0.00117809884944062,-0.000742531882896731,0.000496616634777593,-0.000502796327069794,-8.32079264469289e-05,0.000285114921393685,0.000211012248839599,-9.75853849110082e-05,-0.000691396164963688,-0.000419266024348082,0.000381940488216012,0.000827629976348086,0.00039331854826341,-0.000332713319842119,-0.000744686858235663,-0.000286119238388513,0.000533786853596371,6.84776172363866e-05,0.000335322935371049,-0.000777151165115506,0.00063595307993824,0.000143585434777442,-0.000199417978327335,-0.00043184609231876,-0.000527828629046047,0.000357439161869494,0.00140120424259586,-0.000326987645119821,-0.00072439540862273,-0.00100696422217602,0.00042213012840821,0.00123605487598649,0.000785355080594573,-0.00071836525575156,-0.00119850940868799,-0.000217376029639031,0.000830022473400607,0.000708607144010155,-0.000215967639504144,-0.000417229856573839,-0.000999563895715091,0.00119176701452651,-0.00051211974679735,0.00093944259934491,-0.000862484155910235,0.000186913287249988,-0.000142106052912683,0.000588419901559689,-0.000120748708706872,0.000173212090082149,-0.000433392574253511,2.27219089780656e-05,-4.56136447004644e-05,4.47960637559684e-05,1.89728971133591e-05
-0.000101438160667247,-0.00012108842615664,-1.16953293096458e-05,0.000135932592207274,2.74291473853061e-05,0.000354697409941376,-0.00110120559528055,0.00116732174497837,-0.00138168861880045,0.000920617438039229,0.000904289876066723,-0.00159924156663616,0.00171723911785526,-0.00226880615040121,0.00149717156886212,-0.000671043039032284,0.00073898768789611,-0.000448897728195382,-0.000317569145351382,-0.000187730608915249,0.000213225329848173,0.00023410926978624,0.000114402710648225,0.000224829333079582,-0.000438435058858294,-0.000206485547005869,-0.000245626336983997,-0.000261233632267673,0.00150751873710443,-0.00135907215726863,0.00244570681088247,-0.00340139579541104,0.00153452572850221,-0.000924496579196071,0.00120840657351497,0.000436878727270394,-0.000590268313231998,-0.000861385662322346,-0.000318355873333118,0.000889372995774246,0.00082811483267031,-5.20758368514203e-05,-0.000632334263870432,-0.000599328521836281,0.000319020672978861,0.000566814091072502,0.000409951880537291,-0.000770892705962531,8.91817969087655e-05,-0.000319417548463611,6.05993336536074e-05,0.00156796985112127,-0.0024229231186995,0.00290654214995883,-0.0034199907324613,0.00293461749465722,-0.00184001148445283,0.00132970235057504,-0.000616963979247537,0.000136158928707919,-0.000200477236682508,0.000249243412488716,2.32114398001612e-05,-2.21628161993878e-06
-0.000141796967716528,-5.70489488743083e-05,-7.41467668440046e-05,0.000151543362062091,-0.00029188690897801,0.0008166509401627,-0.000124219536318948,-0.00106036763194382,0.00162422186382519,-0.0023144576201728,0.00236034893783808,-0.000372740124901097,-0.00131388172836928,0.00147089650290919,-0.00229727609488756,0.00207080843859389,-0.000612415278015178,0.000543225522256131,-0.000350295967898931,-0.000257963531404485,-0.000244857215310456,0.000110084206751766,0.000205375530164198,0.000108444513778548,0.000296477008380313,-0.000818610737737904,0.000120872144943187,-0.00112271913046901,0.00203304995670099,-0.000442599622501578,-0.00028764466505157,0.000762364200178533,-0.00278975426552282,0.00225559667482797,-8.55849340151676e-05,3.31656096758225e-05,-0.000115753939088465,-0.00117028368197813,0.000518824609786598,0.000506050078561599,0.000705211385800303,-0.000410913949337921,-0.000845751993384074,1.36588344312848e-05,0.000527408409727242,0.000296669122849475,-0.000145713178388753,-0.000257560025462234,-0.000872867485355291,0.00186024555603905,-0.00166953600068328,0.0022654607583915,-0.00166045511180929,-0.000425860219264931,0.00197462223573121,-0.00278595438366975,0.00260766834469992,-0.00164246486167848,0.000654062325531773,-2.76875416480015e-05,0.00024963304800396,-7.11299247231993e-05,4.60622371157541e-05,-2.65023863128584e-05
-9.17725065125916e-05,6.11538526697853e-06,3.8567225066544e-05,-0.000136560711211852,0.000376172430527334,-0.000916434678279047,0.00223892109910739,-0.00324538717936459,0.0034861588865689,-0.00328777420366184,0.00165723112585317,0.000702960108828344,-0.00153303530334798,0.00144413194933123,-0.0014507401058301,0.00052542083414899,0.000106658395090348,0.000254638830074909,0.000107457381023218,-0.000267679024564018,-0.000352708128076501,-0.000175096856706069,0.000260771358287901,0.000441782776390577,0.000172778126231876,-0.000491002504355994,-0.0005740464970387,0.000849036186912156,-0.00183272810368167,0.00495506907585184,-0.00701349964222004,0.00710311956259487,-0.00700077600677467,0.00532508190454614,-0.00224044185922995,0.000945251673692588,-0.00081315079754027,-0.000192200471142347,0.00031578931987865,0.000492428333357926,-3.85603577973292e-05,-0.000434452133139533,-0.000288352225422918,0.000220756872100398,0.000438426592091825,0.000180213894275089,-0.00060594960049725,0.000193427681191365,-0.000730600798439033,0.00103220343981926,0.000395148548493689,-0.00247272948468734,0.00476825264274688,-0.00650136923839314,0.00660662110151055,-0.00517032780112953,0.00304410538934337,-0.00132580808274663,0.000472950692399431,-0.000112413145581686,7.78785565261544e-07,0.000126681545127515,7.95728227713357e-05,-6.90845286949454e-05
-2.48646141739017e-05,4.39785559361056e-05,2.61740870464092e-05,-0.000216957055793431,8.27816063319558e-05,1.26838898405995e-05,-0.000201338630349508,0.00193385677311065,-0.00397297994051284,0.00499757287666228,-0.00555611345804783,0.00434211273997195,-0.00125921774304307,-0.000832761277955589,0.00172660630725728,-0.00212487824886219,0.00119151622531938,-0.000239305386479191,0.000394533058975358,-8.01613689392909e-05,-0.000280972339074141,-0.000203234059898248,7.76340569847886e-05,0.000314373014206967,1.76145207532029e-05,-3.62453725688409e-05,-0.000745174030440717,0.000872007144763497,-0.000199542696213621,-0.000902060407855004,0.00347143310773256,-0.00736322026854451,0.00924764119412549,-0.00873362631783371,0.00722174359395655,-0.00428381323020972,0.00120201971917658,-0.000261473703953329,0.000167569463372172,0.00050217077620569,-0.000258848764892092,-0.000377391423478909,-7.22654202213554e-05,0.00036550957124319,0.00030063900193844,-2.23748552228233e-05,-0.000358370265448378,-0.000315345024287667,0.000941466067586482,-0.0013353753675836,0.00200245822063748,-0.0018142264772074,-0.000224729756436252,0.0033225771949574,-0.00608128558555363,0.00717562928515845,-0.00641549619120349,0.00441128645229602,-0.00222118182583476,0.000753297603643606,-0.000347028996016628,0.000155748437443188,0.000147580006688656,-6.03544491869574e-05
4.73650282595856e-06,-1.1521672430437e-06,-5.45695430491942e-05,4.23903270590503e-05,-0.000429738702131316,0.000851985905585286,-0.00161094201302705,0.00346148430858488,-0.00448179311972139,0.00370036327047845,-0.00246166693819294,1.02416389990765e-05,0.00223066175035804,-0.00221790719381036,0.00171627841892574,-0.00124196305283724,1.95766990788359e-05,0.00017143051629173,0.000152502568916856,0.000280238001122018,-0.000148447922884775,-0.000229699076339987,-4.5407430186832e-05,0.000149346718569028,-0.000141514772103329,0.000127168617858641,-4.75759855130858e-05,-0.000152714064523607,0.00141662197796476,-0.00296903611142525,0.00408355093230428,-0.00477254634196406,0.00378176470918098,-0.000960379172812372,-0.000935990840759931,0.00175041530129618,-0.00210820821926341,0.00134457333288493,-0.000205486683490424,0.000271221470705021,-0.000332947669362841,-0.000274626452340847,5.9311840043267e-05,0.000334734858768649,0.000150278984746733,-0.000234177932944241,-0.00015531901835925,-0.000480679432728731,0.00127500103374497,-0.00137775409147766,0.00124986633631246,-0.00063391669742781,-0.00103985558990618,0.00252033749326941,-0.00272934649752479,0.00182915747529587,-0.000537368288930577,-0.000407685043991413,0.000852446901668677,-0.000875896704256342,0.00034123033945605,-4.34400665000671e-05,0.000132350218291458,2.84843864431826e-05
-1.23417557183164e-05,-7.42370172406959e-05,-0.00011575854338135,-6.84778087203858e-05,0.00016622930908199,-0.000154142067971957,0.00160657625068458,-0.0027932250765702,0.00494553691639966,-0.00722895196237977,0.00753250176998979,-0.00644328222960443,0.00406759645137061,-0.00071171059187216,-0.000921700992336757,0.00108581961130508,-0.00141047432790254,0.000505109645793121,9.50974138472425e-05,0.000436109290843056,4.45268678879456e-05,-0.000226554908691587,-0.000172187742048432,-7.77267585235286e-06,3.66482372971901e-05,-4.92679981840259e-05,0.000205689843080794,8.3833873335422e-05,-0.000430815521710154,0.00139596050962646,-0.00398347749413515,0.0058668325959694,-0.00745199605352771,0.00772556718154384,-0.00590313403233408,0.00309914202560722,-0.00129564691544864,0.000219948938318964,0.000504271854973828,-0.000258486936671204,-5.74448128180629e-05,-0.000173606743881118,0.000135515576495647,0.000107315924973404,-0.000134769363338072,-0.000297183144212327,-0.000202831520357661,0.000481241126407977,-0.000534952100335801,0.00151377174756841,-0.00262868943185581,0.00277129577430066,-0.00210530263641639,0.000410330339462375,0.00210836924379065,-0.00367462910329397,0.00411337500281489,-0.00288831514619963,0.00161221502777122,-0.00082126047893696,5.98306389086406e-05,3.32836114942999e-05,0.000127542836008129,0.000135541696995127
2.88873936531962e-05,-0.000104943899071345,-0.000234647678942021,-0.000103301052622476,-0.0001815331281522,-0.000212421398416617,-0.000246121280245377,-3.8461662879951e-05,-5.5912607118391e-05,0.000380606929188038,-0.00162760962622804,0.00250408010645901,-0.00309572445196899,0.00310789754200648,-0.0018614230445642,0.00083059330584427,-0.000463619081860856,-0.000215412363852859,5.7480905711102e-05,-0.000287809232519511,-8.92833387925935e-06,1.67741792968654e-05,-0.000101191273104585,-6.787145265228e-05,8.76566509841423e-05,-0.00012515474893966,0.000369700088581063,-0.000546898565244717,0.000824765728570871,-0.000669817424979426,0.000663797706341619,-9.7261827204444e-05,0.000683721306758624,-0.00139092553839206,0.0020793798262969,-0.002265004381223,0.00184479024028243,-0.00107087460508612,0.000660704887475785,-0.00020126603674849,-0.000107051822927919,-3.05151567648184e-06,0.000192233931194489,0.000410575739350978,0.00038565889945772,0.000100746749327986,-0.000187947243869236,0.000336687044662757,-0.000251162159422627,0.000722540651734704,-0.000962836951213496,0.000400457838715556,0.000535941279215492,-0.00136313484536755,0.00166379973204233,-0.00150157175511261,0.00039447794373679,0.000664382063106789,-0.000529315734160299,0.000477151100926943,-0.000621966665933024,0.000162788962614683,6.39945618687806e-05,0.000149900094173572
8.42130849514828e-05,1.14594944508838e-06,-8.0247118012438e-05,0.000105676902184432,0.00041747108492146,0.000637584354059864,-0.000391574722542451,0.000619320384423211,-0.00123616455861504,0.00202686512733759,-0.00201051299996382,0.0016028093373897,-0.000963409776584167,3.13177864955153e-05,0.000736937461714342,-0.000801499553229799,0.000505045439334237,-6.8499556680251e-05,0.000951594219336719,0.000586772450145977,0.000123567244733712,2.54474744417753e-05,5.01805238450457e-05,0.000142402189562235,-2.73997619514377e-05,7.51632601353532e-05,-0.000257446297282187,0.00039738319447691,-0.000579945947374752,0.000297006043911923,-0.000310343484654654,-0.000397368085929697,0.00189961462173495,-0.00167476472878969,0.00142860995379815,-0.00096500014292722,0.000287191231714607,0.000258348275024281,-0.000163694022707253,0.000171025269217554,-0.00015889245036499,-1.87347522741138e-05,-0.000293739839593596,-0.000596326043358732,-0.000544524595898002,-0.000228524500463387,7.40933431993212e-05,-0.000383435071727603,0.000521321976238662,-0.00101689046082621,0.00140124719018519,-0.00185515394521324,0.00163415361463518,-0.000757425417021322,-0.000141048815698715,0.00111880284837,-0.00179120297794525,0.000559125828384969,-0.00105668281728816,0.000221498648348149,-0.000171036980402451,-0.000147165439917233,6.26261796093716e-05,3.30923719307296e-05
0.00011678395113578,0.00010990521832983,5.08655636388106e-05,-0.000148826997330544,-0.00030733982677059,-0.000158436126954651,0.000608333312573244,-0.000168948141904262,0.000616515540550718,-0.000302606467047498,0.000742849550740461,-0.000940537646439401,0.000870264599976318,-0.000801159164720491,0.000492601460134297,-0.000290803272251948,-9.78836538854656e-05,-0.000383076383289782,-0.00064012911325867,-0.000334060043818948,-0.000403100579539529,-0.000326618732437547,0.000120107365916351,2.78781377837041e-05,-7.91670850318178e-05,-0.000117851148118077,-7.96885414573797e-05,5.9915809358734e-05,2.56113350281065e-05,8.28496640637499e-05,-0.000202734731209995,-0.000572303605886713,-0.000384113680066574,-0.000138362862035457,-0.000857196826752964,0.000374184040303639,-0.000624391123246323,0.000383744247692154,-7.86959354765129e-05,0.000106939302880499,-7.16105452642788e-05,0.000142341879057637,0.000223294504003105,0.000397633197847419,0.000142326825176341,0.000104512081028253,8.36157446234772e-05,0.000178418077396544,-0.000111746344593149,0.000114900744958086,-0.000383582334290045,0.000567030160536936,-0.000650184957969606,0.000766412839261321,-0.000651759821508227,0.000671801005829824,0.000374873198821018,0.000537893124493682,0.000680967416914181,0.000109739135718399,0.00058316307627994,-1.44492788206318e-05,-0.000108848342900761,-3.80587977748175e-05
8.66859765348862e-05,0.000283716532261133,0.000173308838543423,-9.68643871392638e-05,-0.000158457358207904,-0.000355696957468937,-0.000377342776148457,2.35897684286344e-05,-0.000140721056277253,-0.00020002311049531,-0.00010525164990372,-0.000198542584794367,-0.000131064918963283,7.60757731467627e-05,9.63587190866746e-06,0.000130262970365345,2.82856232098343e-05,0.000402768707580581,0.000104700654495292,4.13005674216893e-06,5.91556910777185e-05,0.000147917967513485,-5.46487027329434e-05,0.000158435769884621,-6.87277340684746e-05,-0.000194098480246903,2.08893845559048e-05,-8.8142992693379e-05,0.000209234881585358,-6.33713279281547e-05,0.00044795482596626,0.000322546157264765,9.49776922039015e-05,0.000575208011856827,4.97259723733254e-05,0.000196448405232905,-3.90849227282746e-05,9.77218652735778e-06,0.000122058521418995,0.00010131385893111,0.000111496357317971,-0.000362594527069524,-0.000143842751408932,1.13613174243209e-05,0.000210764713856611,4.54091769683682e-06,1.58714316147037e-05,8.50271095645143e-05,9.7483346945643e-05,0.000336191181651987,-0.000113241082890345,1.09847636538221e-05,-3.77280477297969e-06,1.1848180773405e-06,8.6902878800787e-05,-0.00049730747168829,-0.000197393951119402,-0.000577920651309917,8.95747244303327e-06,8.10488157556931e-07,-0.000158861575637957,-8.36712217241218e-05,-0.000245678852828225,-0.000164053046568074
4.8320501947426e-06,0.000229426300938032,0.00020990960382781,-8.99145315567228e-06,-0.000149702714909824,0.000269641211131322,7.87540746630275e-05,0.000205259701829754,0.000367049351563597,0.000128566078614421,-2.39364501219929e-05,-0.000150137900600205,-0.000107822353281122,-3.95391691143672e-05,6.95919904373099e-05,0.000187031618977836,-6.16455599224575e-05,7.69460621359176e-05,-5.82139532803224e-05,-8.35825802045469e-05,-0.000178332667625983,5.95596927146296e-05,0.000109832751968056,-0.000125565262080924,-3.60167001866467e-05,-6.81735878168659e-05,-6.54084415659685e-05,0.000162135611194708,-3.33505801530652e-05,-4.29664552054691e-05,-0.000261764685867497,1.47863581496325e-05,-0.000197221811180055,-0.000284356749577583,-2.4820205467387e-05,-0.000250214085399543,4.00022258395249e-05,-3.52572059925384e-05,8.94841779625545e-05,0.000160000426633126,1.90723361915989e-05,-3.52762621812848e-05,-0.000278747824081026,3.97172677101013e-05,-2.19338340260071e-05,-4.83895470687615e-05,-0.000177472838096185,-0.000215463082461289,3.91341238839605e-05,3.32723547656239e-05,0.000354549406892991,-0.000216542972615492,8.56544698348625e-05,-0.00022759984860981,0.000120837932738563,-6.9212617869191e-05,-1.84423482513521e-05,8.90775805737036e-05,7.7816545932458e-05,0.000519724266897701,0.000248724179589497,-0.000104930600314876,-0.000220412256543308,-0.000168945148958414
-3.71530503355819e-05,4.72905757679773e-05,0.000132907809464676,0.000233641046568765,-7.46279576926677e-06,-0.00031707055008336,-2.12647360103862e-05,2.30958361999977e-05,7.2929907246855e-05,-5.7939220505188e-06,-9.02287129591356e-05,-0.000328313413573982,-4.90826621376963e-05,0.000198955641593732,0.000154427171692564,-1.2989908581006e-05,7.91274603848623e-05,-6.16789294578867e-05,-1.92186276176382e-05,1.24618347113682e-05,-0.000155927941457139,-1.90485321488842e-05,8.52438148707768e-05,0.000184083608364907,-0.000297426182923136,2.62301566241652e-05,1.37442281144666e-06,5.50922108898897e-05,1.02402446210066e-05,-8.84434307801358e-05,-6.73039560177236e-05,-8.60377885143351e-05,0.000511032310385326,-1.45863060950037e-05,-3.91037317004644e-05,-6.56929363233122e-05,1.5512647021463e-05,7.61709628134239e-05,-2.97581256246988e-05,-5.87559538926415e-05,-0.000254536705449249,-8.10489545378961e-05,0.000211042079190555,9.87400094096177e-05,4.63332800797311e-06,-1.75024778579683e-05,-0.000263532787147042,8.55863576692728e-05,5.16236398135511e-05,0.000139414118987163,-3.88213398402836e-05,0.000139266010791863,0.000124882879850728,-0.000136489173770664,2.80238513512765e-07,-0.000166869468211966,-0.000147032010772552,9.71733272654889e-05,7.52837497928389e-05,-1.70997727354003e-05,7.86392149047431e-05,0.000156427452131699,-9.13275565503451e-05,-9.62076274350512e-05
-2.09416551326951e-05,-0.000104262204067255,-2.31423498022888e-05,0.000166302590648191,0.000127868248884529,1.14952828884958e-05,-0.000163225967906713,-7.86052726862666e-05,7.85615670155084e-05,0.000193823925626808,3.43083190438264e-05,-0.000162836360773677,-0.00011680570791776,4.63729488440538e-05,8.68131255715417e-05,2.93255348807004e-05,-3.36998852397801e-06,-1.84109535587403e-05,8.54905217114683e-05,-6.9321757942891e-05,-7.68308008263858e-05,-1.45658666431285e-05,7.08290366665686e-05,6.05033204907327e-05,-4.78592351139003e-05,-7.46630804542358e-05,2.01801414100081e-05,8.76169914758449e-05,-4.04313568092547e-05,-6.88129651125955e-05,-7.60128503628754e-05,4.46502888055068e-05,0.000114323946343504,-2.6502653108398e-05,-3.93093752933755e-05,-3.23617426873103e-05,8.36792985947941e-05,0.000113081050402967,-1.42430405670674e-05,-0.000151946024396789,-0.000141463296572427,3.50154391235628e-05,8.09612484045866e-05,0.000126112460410489,-5.13315763037455e-05,-9.16501882285731e-05,-4.67545243275374e-05,2.11060906098605e-06,-1.98930808249564e-06,-1.40587488359468e-05,2.70596549275291e-05,4.65787799749897e-05,9.08069305479021e-05,4.37963326163772e-05,-5.03267999804837e-05,-4.84599928495587e-05,-4.43944422188299e-05,-4.47431369292549e-06,-3.01517622811321e-05,-3.17804640539619e-06,5.01776773751428e-05,-2.61839782293601e-05,3.75243187666277e-05,-1.64914028171778e-05
-1.63136985842681e-05,-0.000106647460527817,-0.00014219306895834,9.81211900039015e-05,0.000242745993723973,9.4907416325968e-05,-0.000209703976960681,-0.000249209827571882,2.20171931961016e-05,0.000301006902593258,0.000150272060117543,-9.98428829702212e-05,-0.000179428192364219,-6.06161071496911e-05,6.88111585685375e-05,-1.21440942856289e-05,-4.09944982780009e-06,7.07117763996642e-05,6.26209746516304e-05,-1.40676026540357e-06,-8.74752048648283e-05,-7.04775657016128e-05,6.92045608159562e-05,1.7205260392206e-05,-4.82114536004681e-06,-7.21477847493998e-05,5.66137016915654e-05,8.35526295927808e-05,-1.02157466116582e-05,-5.05403778479032e-05,-3.70308527832104e-05,-4.61060164948393e-06,4.11977798529888e-05,-4.38374064901592e-05,-4.77413232413771e-05,7.78285681134447e-06,9.69378800957316e-05,8.46000838126154e-05,-7.62001864393988e-06,-0.000112158451175842,-0.000108757962188711,3.74612957172013e-05,8.43413955032612e-05,4.95514908030911e-05,-6.06716721015573e-05,-2.27829852229248e-05,2.18917869390609e-05,7.544592670221e-05,-2.89118390939698e-05,-8.69957674350784e-05,-4.69179033510356e-06,-1.19665511905804e-05,9.86735408112546e-07,1.3687905978096e-05,6.58541616008646e-05,0.000125192399038546,-2.5779563601001e-05,-0.000118336970632449,-0.000139309068766244,2.39586853618627e-05,0.000122589189361637,3.00070638690354e-05,8.67999931161595e-06,1.05287149127166e-05
