0.00173917530671568,-0.0416552634422193,-0.0537963307130925,-0.0271245987675794,0.0167405525755951,0.0461615406432771,0.0437835742802284,0.0171918852355634,-0.00917565375869221,-0.0150991942304441,-0.00249762564011028,0.00782908235712945,-0.00172621094121454,-0.0280960154027563,-0.0500861485521484,-0.0450094242659137,-0.00799782621472347,0.0404808443922209,0.0692365840553675,0.0608087494249644,0.0229490891276502,-0.0192781862483783,-0.0411047826726989,-0.0345502964896681,-0.0121024252120606,0.00714605175986404,0.0134101794600885,0.00844492763671169,-3.21863853410754e-05,-0.00417947866892723,-0.00224071319614156,0.000563987576653294,7.80835528099044e-05,-0.000630075944552404,0.00193511243885436,0.00412297356642987,0.000481119159670772,-0.00782699295128276,-0.0132427301609974,-0.00790386174883751,0.0105247847186424,0.0332074339919053,0.0413931432195098,0.0215720413660955,-0.0198289106278255,-0.0588120561452545,-0.0697774901227002,-0.0433601785567954,0.00463535681730767,0.0432806652118665,0.050686912725285,0.0299684142655004,0.00313987628762686,-0.0078963741519814,0.0014796976985698,0.0147356047877383,0.010475896017945,-0.0149544282656425,-0.0424645850955049,-0.0471158574421441,-0.0196565588983409,0.0241805095862144,0.0530479135399824,0.0438037770172409
-0.0140971158414936,-0.0515447230927665,-0.0550571310047017,-0.0216908455823006,0.0240851753941699,0.0510168351805796,0.0445279037671246,0.0154745463952006,-0.00996228468847572,-0.0126110520920421,0.00305290094627711,0.0148295633841313,0.00544706289056967,-0.0216845635859448,-0.0458862779626133,-0.0453206921428317,-0.0153611660155401,0.0252745806624066,0.0493442658768647,0.0431666530831123,0.0149646556944372,-0.0137474505640309,-0.0240501468482413,-0.0133763893765212,0.00415993971177458,0.0128729193440826,0.00892148439190796,-0.00101857918722635,-0.00800992546507037,-0.00711115629136576,-0.000838391365732544,0.00312737330198316,0.000985804503151409,-0.00262210870443347,-0.00302249596144906,-0.00265082950908328,-0.00612415823428911,-0.0126545969470515,-0.0153392562441292,-0.00657672349252834,0.0156305080717579,0.0414211309433735,0.0507716584569879,0.0300168234041356,-0.0135667314191806,-0.0553322332846635,-0.0696046235466189,-0.0472861565784298,-0.0038342863106167,0.0313835291296992,0.0381787762092988,0.0201855709205596,-0.00155573361727064,-0.00705012379489276,0.00642190915320319,0.0216470078889727,0.0183289724816047,-0.00569991770709303,-0.0314889010745194,-0.035977900536135,-0.0119008315557374,0.0245283997540697,0.0441562322126543,0.0282899623174557
-0.023259525203734,-0.0505247406647996,-0.0461102109699263,-0.0118228957402341,0.0278888708228741,0.0458767697415397,0.0327617666772317,0.00286051664713788,-0.0176623362495254,-0.0130275182796159,0.00857064119657901,0.0240954883724815,0.0176527688418117,-0.00695636373642115,-0.0308276292689595,-0.034892816752854,-0.0160385420240132,0.00963081646037321,0.0219780508041263,0.0145376896611537,-0.00259432610921148,-0.0129532029552577,-0.00692446815301034,0.00981298840045671,0.0211389759664189,0.0165539331265927,0.000865315293223496,-0.0123370303613612,-0.013302115937288,-0.00311987319414898,0.00806463477285719,0.00979369527293762,0.00114174295612133,-0.00868585387789492,-0.0115759403787924,-0.00849350161869869,-0.00618918914023078,-0.00911572412009839,-0.014020516898045,-0.0118873723419273,0.00430648749770203,0.0294082304357283,0.0449254822242554,0.0352157024056569,0.00328129895083157,-0.031223954153047,-0.04648746404974,-0.0342287509960038,-0.00637698459114361,0.0142760468961364,0.0132033872353743,-0.00409461053910017,-0.0184304579210975,-0.0137820479500221,0.00875567729758583,0.0303780988551252,0.0312921448107236,0.00985162261142419,-0.0157702145304712,-0.0237062191783683,-0.00689245376489597,0.0199633354765885,0.0313886616652909,0.0133519074215483
-0.021534165779336,-0.0374655839154001,-0.0286589767307057,-0.000602195653625837,0.0255272003786561,0.0301522656533914,0.0107891438880942,-0.0157157437740507,-0.0262558330030695,-0.0115722681705029,0.0153409610622942,0.0319771027480045,0.0262605688623038,0.00434526579290501,-0.0161951766544285,-0.0204493755918913,-0.00908101503522004,0.00268893770422126,0.00148098323601167,-0.0108719327684559,-0.0206473003392508,-0.0153837373368156,0.00491301710234456,0.0259475252872111,0.03028846596312,0.0134924094309111,-0.0109153796076829,-0.0231789885930109,-0.014164226467473,0.00721765996951123,0.022034391359789,0.0178442505824246,-0.00100850808637945,-0.0182496561520138,-0.0207536811413947,-0.00907224120004266,0.00406556554188762,0.00516795280841285,-0.00741920323319193,-0.0214433531680793,-0.0209779108601175,-0.00200529159663031,0.0216222543120843,0.0315972622317867,0.0223482775055963,0.00372163176922937,-0.00899106668402626,-0.00813997630816019,-0.000251790367731225,0.000611226768355175,-0.0127397553360789,-0.03217406914039,-0.0402872614478629,-0.0253973137883389,0.00699234544763909,0.036127088530247,0.0423827664210017,0.0239516784000463,-0.00221767256359778,-0.0149622988741157,-0.00617082880922555,0.0123710844626627,0.0194965195213837,0.0047429739689584
-0.00932023028230556,-0.0156445118557888,-0.00724935106009035,0.00868729972967531,0.0167843865105487,0.00704921257205689,-0.015502482805418,-0.0330248114244181,-0.0288523021044544,-0.00332507681267383,0.0250499165643587,0.0361286739934442,0.0248476120631004,0.00285158951128014,-0.0119954313603707,-0.00974986001426927,0.00261531347667733,0.00778963068480673,-0.00352405699392071,-0.0225409340786887,-0.0310048963443493,-0.01789246014891,0.00987974816533574,0.0313648910695998,0.0288510290841933,0.00354717712770331,-0.0242839560044732,-0.0312883725366507,-0.0107819619159787,0.0204068538995255,0.0359268635584561,0.0230258040404525,-0.00734295658455206,-0.0307867741579926,-0.0288326360440129,-0.003360857177506,0.0238771142618398,0.0288783877286515,0.00577004344501585,-0.0288734067378917,-0.0496484684116474,-0.0421355298473778,-0.0132672279319149,0.017066773679065,0.0334321851364,0.0339890013261755,0.0269325027117266,0.0198754092141388,0.0118198791237397,-0.00358097320248712,-0.0274987357338997,-0.0500511582854842,-0.0555195801531345,-0.0353981810739222,0.00192883966813042,0.0349799964840015,0.0448609528319231,0.0294128659345661,0.00376217495988902,-0.012191265095274,-0.00931640525341597,0.0041721142601441,0.0116126220481004,0.00462855912217265
0.00824497548444166,0.00841350560529867,0.0127811913584778,0.0143559388817976,0.00444688707881542,-0.0172791214840475,-0.0388432255727727,-0.0429676321015627,-0.0217910885896513,0.0130993987491467,0.0378285904063963,0.0362154895201719,0.0125766078250985,-0.0133377621793476,-0.021524448100139,-0.00704072371454116,0.0149385683854108,0.0221883381026125,0.00640982563155606,-0.0190087072698698,-0.0314043850114873,-0.0186251348675331,0.00947349662177137,0.0283037331309387,0.0205161233546025,-0.00857445892820109,-0.0348748091757421,-0.0344251839321448,-0.00439280353848866,0.0320139125674774,0.044367468607474,0.0216668601384541,-0.0186823193604136,-0.0451634529286601,-0.0353248479832241,0.0059340015149761,0.047322020913372,0.0559223933405892,0.0236844736917069,-0.0286122214713917,-0.0686443779758628,-0.0741660817279396,-0.0457861875627584,-0.00349273992999839,0.0303106083554685,0.0453720569148687,0.0449982363749273,0.0368362456165873,0.023267363012004,0.00217024080019114,-0.0249425527046433,-0.0485065035293175,-0.0548395353483518,-0.0369500994226844,-0.00314895232330399,0.0269253120717683,0.0364740248516709,0.0233375650949724,0.000290558055569828,-0.015318198856852,-0.0145623966718719,-0.00254857331700654,0.008279134804064,0.0107101431253276
0.0232699105220996,0.0271865764015281,0.0271392813736067,0.0169403996085356,-0.00646331403009489,-0.0355245746163145,-0.0530067996020926,-0.0433081284806478,-0.00729609879561755,0.0333649300398374,0.0508132753164903,0.0333569417786931,-0.00543980121656162,-0.0374082097570874,-0.0394843588058159,-0.010914883493722,0.0247923891357566,0.0392197944050231,0.023099110996325,-0.0074983997011868,-0.0262433620564876,-0.0184432960540751,0.00625342694372611,0.0221939811754628,0.0123680141104504,-0.0160359703075401,-0.0380038356807534,-0.0312252390892214,0.00320488747809495,0.0386072568910938,0.0444626417868152,0.0131312949123708,-0.0331388707509759,-0.0586873392435799,-0.0399792080573362,0.0141146697243453,0.0654764163952526,0.0768387048727186,0.0404573153708489,-0.0201159978550263,-0.0697681170947329,-0.0835521485278175,-0.0599395641753836,-0.018942300025224,0.0156559792925101,0.0329426832513809,0.0363182826106122,0.0334867489037527,0.0266199333795146,0.012881264545486,-0.00776151133329117,-0.0282444426927612,-0.0371474594140479,-0.0273950808078825,-0.00444968285868433,0.016204644275176,0.0211574460549546,0.00891084356890615,-0.0101105182248542,-0.0220253272946967,-0.0197195468982748,-0.00676374240979448,0.00766775969114177,0.0175088594462087
0.0284368002281127,0.0346193661834429,0.0333739170190905,0.018371079148608,-0.0106094139752663,-0.0415742730512697,-0.054761940431187,-0.0363878442428183,0.00717559793451125,0.0486233877214844,0.0585661466842687,0.0287239619488463,-0.0212255580961142,-0.0573585346745301,-0.0545751504350384,-0.0152863562408683,0.0309644935704033,0.0512574458011721,0.0354597144424649,0.00120585654813676,-0.022795531008937,-0.0196295183051133,0.0024106666305614,0.0180532965375996,0.0102395894141242,-0.0142161647644437,-0.0316887072471267,-0.0224964706151697,0.00983040216295462,0.0387771176526944,0.0370070907886717,0.000717497377980674,-0.0456832436435488,-0.0667155608634499,-0.0414581139159574,0.0174145217290533,0.0703012937867219,0.0821039358916913,0.0478145902532969,-0.00855394278134854,-0.05364562598309,-0.0657607696441283,-0.0470212880070201,-0.0185026712767325,-6.15855780780915e-06,0.00483882524220563,0.00508116238807193,0.00943444949016846,0.0171715582012594,0.0203827336691525,0.0137163047183866,0.000230898080330964,-0.0105008833772013,-0.0100918912217325,-2.18680939016835e-05,0.0088728603479371,0.00687738090350895,-0.00620514380090468,-0.0215326212086509,-0.0284785899848485,-0.0228041167397291,-0.00856775645802675,0.0068766114901131,0.0191716905269961
0.0201718420805261,0.028023859463019,0.03090665394524,0.0205201860201097,-0.004625892129768,-0.0327962426664406,-0.0447675748697046,-0.0274465029731619,0.0129124138375293,0.0499551995043674,0.0556415324877169,0.0227406307916074,-0.0281171728133691,-0.0623127513271494,-0.0557961749957885,-0.0133972711163923,0.0337078693250904,0.0528637554151978,0.0352193289708376,-0.000715562394014709,-0.0259042135500884,-0.0231832183527696,-0.0002864245541994,0.0182954516785522,0.015342573035188,-0.00401515200718574,-0.0187669259284962,-0.0117414225301114,0.0132832705281364,0.0331508862012292,0.0256079623383143,-0.0099306690082455,-0.0500254180368709,-0.0639601072738621,-0.0369366977826113,0.0156280355901262,0.0587972069370195,0.0663107072872872,0.0384183352264242,-0.00233420400304438,-0.0288083194344076,-0.0282974887997095,-0.0111108532886355,0.000436244973321866,-0.00594939095888534,-0.0226371212257635,-0.0322992626160209,-0.0242541448408268,-0.00271590879146351,0.0179439016133241,0.0260985589944698,0.0211281116524101,0.0116994650618337,0.00743662958803135,0.00938911974699731,0.00963690532102755,0.00125033449643888,-0.0141634137741895,-0.0277964161581228,-0.0309655304334841,-0.0224181923432159,-0.00837639680545168,0.00398221560073083,0.0125609289992918
0.000355835808227334,0.00902202662070431,0.0208703724986803,0.0240096016977783,0.0111269376202181,-0.0113138377921738,-0.0269879393789185,-0.0214361838834018,0.00507517476639978,0.0335872045379073,0.0400429944779187,0.0157487525171457,-0.0233067952945691,-0.0479653116773115,-0.039083941562567,-0.00284918344910295,0.0333570202797985,0.0429480261758276,0.0210663721506531,-0.0136147945671361,-0.0343962941440493,-0.0268598466956677,-2.95229149215443e-05,0.0223575680386138,0.0237655916477333,0.00810791876951858,-0.00617435334092293,-0.00395885492236163,0.0121412053319251,0.0238804646706051,0.0146413103207938,-0.0139798977266889,-0.0422419546162013,-0.0477042924675195,-0.0238745996668073,0.0124483846752434,0.035416844386601,0.0320849977113773,0.0104408235522186,-0.00868331204974347,-0.00761863745968965,0.0130261365052771,0.0329258910979861,0.0299670256217876,0.00100370685665131,-0.0356727203849667,-0.0562014605028031,-0.0491014522079669,-0.0221068681241228,0.00582527160230824,0.0203858641993642,0.020880209213693,0.0166989410699102,0.0168550889576701,0.0207595553162674,0.0196988717275262,0.0076942581759639,-0.0112590083113669,-0.0261026847773585,-0.0280392768846253,-0.0181773676060279,-0.00602635465338889,-0.00029086976678403,-0.00080740886987245
-0.024158269409068,-0.0167126566270129,0.00587188065802619,0.0276701531244222,0.0320696810722773,0.0163996346073729,-0.00699199035309597,-0.0203122040570181,-0.0141504656463743,0.00387290750299613,0.0155879166325518,0.00928011921655754,-0.0083036585300453,-0.0187536627568078,-0.0101889973462327,0.0120191861542428,0.0291014982465904,0.0245738389876223,-0.0010846312442094,-0.0301649006088622,-0.0411379082234965,-0.0254835448093973,0.00481798296469179,0.0274259850180686,0.0287402063151562,0.0135748521172314,-0.00137542617970265,-0.00307550743227146,0.00668798906620817,0.0140312010240364,0.00742892337653679,-0.0101239595872186,-0.0238907494788866,-0.0209329057427341,-0.00312035126542687,0.0125682603240378,0.0103713935983615,-0.00892331583145362,-0.028498870614252,-0.0281019721478896,-5.38855795097905e-05,0.0410152148561706,0.0661746857578808,0.0555626222017765,0.0147624018357181,-0.0307464347102381,-0.0550702812741811,-0.0495587246044582,-0.0267548959425589,-0.00723845412054435,-0.00144157166758358,-0.00376985202419411,-0.00131136957136568,0.0122908908774082,0.0295221831375875,0.0357862619545901,0.023617815729385,0.000146766359103291,-0.01868419129537,-0.0215231933048058,-0.0109457184194236,-0.000684019033536124,-0.00266072892389334,-0.0151818141463705
-0.0443248859359236,-0.0412214073423022,-0.0105573987481043,0.0289104468680943,0.0506351606011638,0.0414902606041144,0.00979445754828159,-0.0226103158523866,-0.036385782268461,-0.0276945068551155,-0.00845040665506669,0.00621675337223051,0.0116856721697473,0.0137422219018958,0.0178945557169531,0.0223566756787955,0.0192920046321425,0.00297917735486834,-0.0215816987846017,-0.0394786940252465,-0.0370653847186002,-0.0140444438707583,0.0144953587624889,0.0298012134415851,0.0244445190614626,0.00663166281528702,-0.00799590345106908,-0.00939159955776506,-0.000515648705460452,0.00694861193402112,0.00525454381711757,-0.0013907266188661,-0.00234674736954016,0.00744301836688665,0.0196116063553687,0.0177138103164727,-0.00606346271260709,-0.0407127017419497,-0.0624017020528303,-0.0510052330552271,-0.006799312910096,0.0456011266084665,0.0737092333622464,0.0622645719053536,0.0233633797987654,-0.0152100948565931,-0.0308440412062116,-0.0221779535021035,-0.00844237467817194,-0.00958548594999108,-0.0266800089933526,-0.0422568880585629,-0.0366783811767334,-0.00631458505179437,0.0310945700852793,0.0506338444698353,0.0409674328810961,0.0127381298288833,-0.0113291527759227,-0.0152571844614343,-0.00237489426444258,0.0084622405562125,0.000752871176727606,-0.0234237664359229
-0.0529933799565496,-0.057273232599387,-0.0248304092925822,0.0251388322956897,0.0591165251290855,0.0555204936577356,0.0191676954838475,-0.025213455647952,-0.0512462361133118,-0.0472397184349337,-0.0210108607009139,0.0091577524885226,0.029200460011463,0.0356420561169839,0.0314104624750651,0.0200083292299852,0.00334228111321198,-0.0161417478413804,-0.0315424118571862,-0.033222525026017,-0.0174214241317338,0.00779312465941359,0.0264507790600578,0.0265439384746868,0.00936758575993219,-0.0121124641881286,-0.0232754851688504,-0.018548239326123,-0.00486809466242298,0.00551401538093659,0.00719916479862542,0.00626697526589075,0.0122164652074447,0.0260506343220656,0.0356772165369678,0.0251055869006671,-0.00922734395319217,-0.051445859045536,-0.075039103915035,-0.0616368512820274,-0.0170158955935031,0.0306818456403403,0.052613271668081,0.0414846588903598,0.014232254629047,-0.00342955007681002,0.00274165400191751,0.0227296127863164,0.029512576607362,0.00525306183608345,-0.0398755306083225,-0.0752520788895406,-0.0732519232012035,-0.0312665771648579,0.0236947996338231,0.0559149285639102,0.049381208156771,0.0176472822656678,-0.00997307152994044,-0.0124801663946042,0.00611996715850497,0.021426648682097,0.0119330578553538,-0.0208110438768569
-0.0482285343425463,-0.0612070923003279,-0.0340965848969766,0.0156948184917303,0.0531360045141364,0.0532855865847512,0.0187703857270714,-0.0254492145528725,-0.0510999440616052,-0.0449202797659333,-0.0150317453284402,0.0180500630980083,0.0370755682400393,0.0370289360048911,0.0227764976313341,0.00259827306983942,-0.0159414443833281,-0.0271363883727051,-0.0260939272258807,-0.0106744664382078,0.0134543747984708,0.0331241899747736,0.0353213516026519,0.0167249045186276,-0.0126237452276032,-0.035471839436498,-0.038834733416551,-0.0230689342187438,-0.00144675541949866,0.0111016661069144,0.0108434782385994,0.00716804956124646,0.0119766931785871,0.0264892879701104,0.037607531853982,0.0291692361391334,-0.0018616035573634,-0.0397819867758797,-0.0601128507456136,-0.048746690194909,-0.015491286659413,0.0128024372648111,0.016052657441152,-0.0019617431203074,-0.0184701327365264,-0.0105419846074788,0.0253948315940764,0.0654333154149088,0.0738649514445246,0.0348420517525045,-0.0317980538338196,-0.0853007482221957,-0.092218521659759,-0.0498031891301023,0.0103422138705655,0.046875071031172,0.0413418033328281,0.00889438807630871,-0.0173788303090806,-0.0137616853365991,0.0141290576904822,0.0369491983570204,0.0293291516546522,-0.00771743063750547
-0.0340125826516729,-0.0539235554719289,-0.0366037406966624,0.0030178146358227,0.0340444032702142,0.0349558409570999,0.00881746534957273,-0.0220479583126312,-0.0339992428483418,-0.0197291688494934,0.00797135197943952,0.0289099741013455,0.0311156584210799,0.016339105803992,-0.00551420373688049,-0.0237677081442795,-0.0310078459883743,-0.024713317122724,-0.00617555888153646,0.0195242923757107,0.0422380193001906,0.0498124287281222,0.0350155032481747,0.00189176480772837,-0.0337358581532281,-0.0525739539312664,-0.0444951717697457,-0.0164733137110969,0.0116053758153083,0.0221445973319854,0.0134779186142974,-0.000559081676338725,-0.00365562404557308,0.00832781174327486,0.0233446298596608,0.0248245523175694,0.00786025514254325,-0.0154468850020972,-0.0257687326211746,-0.0145320862374841,0.00539781972950679,0.00985057506821627,-0.0127077737371695,-0.0480338521770246,-0.0660042747437345,-0.0427648955636479,0.0187626812066049,0.0833876548243405,0.106130131591464,0.0693031891422467,-0.00298737011042731,-0.0651360572389505,-0.0820328045449384,-0.0511379327669703,-0.00267673959474486,0.0251882239410958,0.0164888887333313,-0.0130902719643719,-0.0312906877163004,-0.0164807767851289,0.0221898177571802,0.0522608020700042,0.0476439996847948,0.0101077376183208
-0.0181287758181759,-0.039673856253264,-0.031738017734429,-0.0079541607361277,0.00877792855953136,0.00663034868152214,-0.00724821067980603,-0.0150505063451432,-0.00427017695804814,0.0197787717312944,0.0379327757271202,0.0348563152597652,0.011076332343345,-0.0197445102713495,-0.0417420694345484,-0.0454353752965897,-0.0308202213663068,-0.00558526789698432,0.0210515047862492,0.0422164081525202,0.0523402311683027,0.0462152097337683,0.0218736093579674,-0.0139026599749948,-0.0447262691531265,-0.0531729619909615,-0.0335721355180655,0.00181544590457554,0.0298716708031565,0.0331703476488581,0.0128135772198942,-0.0136778385893412,-0.0265107029575304,-0.0187183016730261,-0.000626411028168057,0.0113561945497673,0.010496917624819,0.00489254519997531,0.008551555742235,0.0251726685678171,0.0395320162994636,0.0287827568051739,-0.0145252516730068,-0.0709077125638492,-0.105071780536364,-0.0886722027731002,-0.0215020021319838,0.0607581922262193,0.107722207965095,0.0938493916852659,0.0372520618825051,-0.0194261228477552,-0.0434532359136975,-0.0325044646392756,-0.00994728823811007,-0.0024577085846145,-0.0181683609776319,-0.0411696192338445,-0.0449239840066674,-0.015834227159033,0.0311087415507471,0.0633721516527005,0.0592295959035972,0.023676680619509
-0.00859324286781626,-0.0238177372799394,-0.0201031483044578,-0.0120058998475019,-0.0130483874258251,-0.0216082220329843,-0.0232948266619267,-0.00543729371214673,0.0290461347324291,0.0590819909651288,0.060965067284972,0.0289953151084791,-0.0202801298916707,-0.0600713359763001,-0.0696729611195255,-0.0462713160927225,-0.00592332690929465,0.0285931516588727,0.0442250823189255,0.0427227550317445,0.0322556162535622,0.0172116138539059,-0.00256530069736827,-0.0240403584217191,-0.0373016464449345,-0.0319857115097635,-0.00734296391861947,0.0240500104999397,0.0428444383199794,0.0359782756310182,0.00694778539500274,-0.0261107007150587,-0.0433993981321127,-0.037899027481216,-0.0196205847018132,-0.00438938459664802,0.00143338981258925,0.00544809766535112,0.0202744688879657,0.0476332130971885,0.0700720676091581,0.0624136626345357,0.014937523400018,-0.054395719100435,-0.110608444626997,-0.122094618980189,-0.078118691744899,-6.20509105077887e-05,0.0681595549382749,0.0922959506142726,0.0728273985469431,0.0376428589485922,0.0122759931742885,0.000442659776745676,-0.00971418267246607,-0.0283159734078869,-0.0521613158653503,-0.0650256456564787,-0.0501171934078038,-0.00725326465478148,0.0411295387842234,0.0664198917898996,0.0571391886989571,0.0245225928008221
-0.0102643593517782,-0.010866204885883,-0.0036967120167652,-0.00632914464391227,-0.0235432024679061,-0.0399186602269934,-0.0329012407140925,0.00518781136949249,0.055738132539387,0.0838912344783338,0.06557029129666,0.00738021415227194,-0.058353352119639,-0.092995020680314,-0.0746696118210409,-0.015628444515179,0.0444037719621077,0.0692328071262204,0.052330014570104,0.0143664655417182,-0.0182994301849395,-0.0322061997939963,-0.0298594573424798,-0.0197292715892721,-0.00692952379506425,0.00780230663469605,0.0238362992607561,0.0368395100118342,0.0387364352307733,0.0233769615494961,-0.00530726835963658,-0.0326304699829293,-0.0432297029183567,-0.0340688536152882,-0.0175836806300547,-0.00954775716723167,-0.0137693835820601,-0.0181337940159359,-0.0045876739722497,0.0327303081446212,0.0760542695368058,0.0935529961505584,0.0651153311218289,3.7604530230758e-05,-0.0716022625620548,-0.118518753746802,-0.119874466216134,-0.074534389434945,-0.00514504825934503,0.0550600899443803,0.0851289493826964,0.0861111007973974,0.0684725794459231,0.037774811817553,-0.00325514861086957,-0.0464334856686107,-0.0762537202066772,-0.0762856647375615,-0.0419509659553675,0.0104515304553237,0.0512522604399058,0.0596727744170395,0.038862266749988,0.00878175545991452
-0.0226602114068219,-0.00325185189393174,0.0141347499625176,0.00773779344681475,-0.0202472599424969,-0.0432238458360152,-0.0324647873259072,0.0150376064080961,0.0687122065284392,0.0860585072146631,0.0471587505609467,-0.0290397172487011,-0.0966863477713274,-0.108562337430119,-0.0492321256897694,0.0444592158372957,0.10808117048899,0.102484856193538,0.0392066216457908,-0.0385928044684721,-0.0875776929844923,-0.0865414487371414,-0.0450499347853069,0.00738933627008064,0.0435355587867257,0.053580552673433,0.0444061695351552,0.0281904507315755,0.0113503912507444,-0.00623327759122063,-0.0228469459533272,-0.0308050417394292,-0.023042641040879,-0.00344424870494138,0.0117088071256584,0.00618473730227687,-0.0211699192042673,-0.0522597508982165,-0.0593526070716391,-0.0248938345309692,0.0405283772528169,0.0997035005017267,0.114718412839762,0.0760417305166094,0.00418807581664712,-0.0706954665349866,-0.121510278103446,-0.128144038444955,-0.0857110143798428,-0.0115128099570573,0.0621408193681755,0.106432709353663,0.108050430340166,0.069618675515784,0.00735151764970218,-0.0531664291414423,-0.0850783482050754,-0.0721574666993151,-0.0221140561775441,0.0331454594049867,0.0590676692048281,0.0447372988721949,0.00851515672591528,-0.0201678270374988
-0.0396866313881224,-0.000823240858908833,0.0291812171517413,0.0247913664622726,-0.00710735421391009,-0.0332566323818453,-0.0228469021407719,0.0226676889273589,0.0665745757011852,0.0662954567070111,0.00964718528361914,-0.0733301485160708,-0.126301283409087,-0.100113771175945,0.0031741109310909,0.117426600696436,0.163543290775346,0.114495281361142,0.00486984080337353,-0.104139806371496,-0.155495334628647,-0.122833939417229,-0.0313134702202183,0.0593831647985454,0.101281082278226,0.0869655450499175,0.0411192630541216,-0.00545896920642256,-0.0350238948810826,-0.0453331409289516,-0.0399452520707673,-0.020863265646453,0.00942639168253186,0.0414888770556397,0.0575174573779496,0.0411010489110382,-0.00869732006601764,-0.0719499794196261,-0.114592233406393,-0.105131716636439,-0.0366213880879631,0.0609500369797056,0.134829659836497,0.146516971662828,0.0959632205487347,0.0101968515233857,-0.0779003916504542,-0.136978874499094,-0.141356114501773,-0.084740719141822,0.00744377530491671,0.0883492034727532,0.118593947369903,0.0886075516277856,0.0205262008695619,-0.0468761433521062,-0.0777308738588974,-0.0561224247755963,0.00126833908489535,0.0524139303853274,0.0614242346893729,0.0259562908939551,-0.0242472522443013,-0.0521342840116088
-0.0519127115637118,-0.0013263043449406,0.0372693979978742,0.0372824964055634,0.00782142821459966,-0.0167624894776151,-0.00840417128669678,0.0271694687865179,0.052868430406079,0.0325301620301278,-0.0359458585992794,-0.112917537668102,-0.136483547022591,-0.0665126276974695,0.0679227953367351,0.17800666684833,0.188965342119103,0.0965037676699625,-0.0465330971038739,-0.167554861051928,-0.198712087257789,-0.117814228824352,0.0206077954181214,0.125875736485149,0.145476580293972,0.0911956831509155,0.00922241019283575,-0.0569126878787056,-0.0848571299574736,-0.076034768922606,-0.0449161218566564,-0.00491050944813705,0.0369129185064818,0.0745413524326005,0.094811144474592,0.0802822189957554,0.0246289310131913,-0.0573968191655405,-0.133709472492089,-0.166223902042723,-0.127948482470522,-0.0240523869215486,0.0985857549374795,0.176419975490135,0.174388778191979,0.102941435372124,-0.00140387743052764,-0.0985015083725681,-0.152210589143025,-0.137590274275691,-0.0599629340287237,0.0370251486661502,0.0971481184921864,0.0913793266253948,0.035212999796377,-0.0280614233923038,-0.0573366849835093,-0.0359541102585035,0.0173187597569801,0.0591946290400587,0.0556592979714622,0.00851032301672316,-0.0480630545271626,-0.0739095372744841
-0.0510832585908519,-0.00203675010125481,0.0354815953731402,0.0386761528544997,0.0165962024410143,-0.00128500106508928,0.00570972893380373,0.0279940248503106,0.0329229398800333,-0.00466643052947032,-0.0755496142608384,-0.133029807479472,-0.118506658356875,-0.0136386658039885,0.124607389314899,0.203368019477374,0.171178590545118,0.0464905689981375,-0.108749835664194,-0.213352794529088,-0.195779395595453,-0.058573369962231,0.102927273360888,0.183939839808358,0.154933163863338,0.0575400328900308,-0.0472102586089362,-0.111330036915572,-0.114789286231814,-0.0735320921381528,-0.0227386751653615,0.014327816524297,0.0394613673685534,0.0659863496244116,0.0939060792303896,0.102053796979917,0.0689859741717357,-0.00457855245052044,-0.0952529561298876,-0.168414505745518,-0.187088839982541,-0.125830298958638,0.00192266199777272,0.13515390790726,0.204173714401005,0.180706238433289,0.0883695945096561,-0.0257338277293036,-0.117755290663839,-0.1531223991737,-0.116173947468263,-0.0294945719379139,0.0515164117160871,0.0793331394298364,0.0504938032825082,0.00047910331628584,-0.0295860238790535,-0.0199089280325902,0.0175375962995064,0.0477341177367555,0.0406787255272199,-0.00345175157122945,-0.0542025218104315,-0.0748704200476005
-0.0347410139822334,-0.0017840844216787,0.0232931543024613,0.0266173319668896,0.0153406045704998,0.00862539596617211,0.0159695829265642,0.0248031017492811,0.0109324751067919,-0.0366808433064674,-0.0974818426977216,-0.123097485012036,-0.0708097250908335,0.0469667278399754,0.156235990359261,0.183158460665064,0.109344857556409,-0.0313470299893246,-0.172181092519018,-0.22484792624603,-0.13393260914629,0.0476281529767459,0.189531643566527,0.207359611710845,0.117377161823887,-0.0134602119925148,-0.119168015466703,-0.15085449229476,-0.100721876314554,-0.0170350390011744,0.0360360564550656,0.0349244302496617,0.00730904017438484,-0.000558053881199552,0.033055281336912,0.0846712106801439,0.108313202055372,0.0769049489977665,-0.00178078986633446,-0.0991847180116004,-0.178439851239064,-0.195944901897169,-0.122203911799132,0.0204990527804042,0.156889556768683,0.212276533104637,0.168422311962917,0.0634359002095255,-0.0500599700833036,-0.129554705505321,-0.144357040930565,-0.0900776787541311,-0.00412180284438601,0.0572299746891373,0.0649578650058476,0.0341173287495671,-0.000251846419334573,-0.0125749017135134,-0.000104731779052864,0.01802292328364,0.0175451880511904,-0.00784342750071247,-0.039602477740541,-0.051808861710393
-0.0080289413245672,-0.00192958210461255,0.00289218883244844,0.00433433424506315,0.00608957017163006,0.0130714274873765,0.0214820128009877,0.0174934006252617,-0.0111773681120944,-0.0593904079103776,-0.0969694091317442,-0.0824792620649878,-0.00160615281980866,0.102189662190157,0.156319463749291,0.122380671832335,0.0134987954704095,-0.125853085254289,-0.220838244129066,-0.186814800319388,-0.017317588029032,0.171764913099318,0.246980134141143,0.180020285326667,0.0336881299473399,-0.114447882069519,-0.194274062304451,-0.157364001823303,-0.0281791687535556,0.0944454793704942,0.123744549200956,0.0551587438631769,-0.0491285008857675,-0.111936034260443,-0.0858262099659696,0.014766011561945,0.121669523408142,0.16614854076804,0.125717822228828,0.0231554292432188,-0.101186147017275,-0.19967171889232,-0.218477821941574,-0.128078911413032,0.0337787229582955,0.172715700797488,0.212173826189304,0.149596390857261,0.0355500349310679,-0.0753174239027772,-0.13973699724047,-0.1301127113433,-0.0565628240423487,0.029730218787266,0.075809555211948,0.067307712568863,0.0269860445840344,-0.0126568412097038,-0.0299131409717258,-0.0237183887745545,-0.0102740013358367,-0.00489161754544919,-0.00803342756636348,-0.0107645438582435
0.0187417816344561,-0.0054774517399626,-0.0216452807257449,-0.0207302770855901,-0.00426803578274825,0.0162343149450306,0.0238134210270128,0.00634650905729607,-0.0334597692074176,-0.0734326748546995,-0.0775194115565773,-0.0212046689671057,0.0737960153564302,0.14177188746257,0.129085478850905,0.0362175408221676,-0.099029079314749,-0.217396912329235,-0.233437822573175,-0.0936181940465863,0.129145387397818,0.274031718015894,0.251642214738481,0.103048001159648,-0.0847782234456522,-0.231401038353793,-0.253266290371668,-0.115725251575565,0.0959039174255597,0.23193226542383,0.212179950978248,0.0706144057012398,-0.104978946392685,-0.225478117397811,-0.224382245932673,-0.0958715674404704,0.0888081203930352,0.226143358611034,0.249837565373231,0.163831381461179,0.0168915672401164,-0.137418317237799,-0.245264044371602,-0.248098552884326,-0.124239019851558,0.0624271034903874,0.197172891817509,0.21101942329536,0.12339860466555,-0.0024391948393339,-0.107325499571117,-0.145363970109245,-0.098769390481197,-0.00140422583529155,0.0786353863576712,0.0945536657748585,0.0510561739227557,-0.0141279646297082,-0.0606683957539233,-0.0665461403613418,-0.0372376760209365,0.00309804885072258,0.0308900182617364,0.035210181816493
0.0353103722634303,-0.0149325951276606,-0.045745105663729,-0.0401992467209286,-0.00738136735944206,0.0239465805558621,0.0259489915221315,-0.00776341046805898,-0.0569225070317344,-0.0827304348352859,-0.0484519092184547,0.0449597574722223,0.13941195989573,0.160668423692451,0.0839609290818732,-0.0582268732605657,-0.207316382332029,-0.28042801379909,-0.192248668262408,0.0427079642767466,0.266742875854606,0.322400298046017,0.20019083574689,-0.00950534249095687,-0.220414566888271,-0.338809046431195,-0.267272896992501,-0.0213901237354007,0.23621086829868,0.342119536062757,0.263621536211297,0.0726987423773414,-0.140069043939626,-0.291630875083096,-0.315014360965769,-0.197100371030093,0.00863521315501172,0.209204271908765,0.31305266044212,0.280240122388032,0.143564160859197,-0.032939310917664,-0.196795624489182,-0.292449864957204,-0.256632320299844,-0.0856181697200971,0.119505282230049,0.228612588362029,0.197138457575528,0.0764163244365577,-0.0571462541940134,-0.140048213773122,-0.130290094233832,-0.0371188304467797,0.0688090442286223,0.111483095018366,0.0725522900603046,-0.00977893508169418,-0.0803412044944214,-0.0984692096811854,-0.057397556242906,0.0123761289270031,0.0650823324482796,0.071596243069704
0.0362657115768515,-0.0303359735970389,-0.0652918286343276,-0.047927386613342,0.00246914860171613,0.0401614916958063,0.0303668658754981,-0.0234388682659761,-0.0820576370108802,-0.0915899163513007,-0.0198481455808702,0.10172660197291,0.184484123955369,0.158770225033448,0.0297459138628123,-0.147263779564116,-0.290925958861036,-0.292700197502976,-0.0949305346648292,0.192989687566906,0.359249647319048,0.30611673314176,0.10556877164003,-0.140931496268619,-0.349730144834034,-0.396634024478065,-0.204352229481333,0.112031219726375,0.337227040971143,0.367998035764254,0.245752667703221,0.0493489445809755,-0.15055494963882,-0.278720717762036,-0.293314474005436,-0.217560052450682,-0.0854978256175211,0.087483739170044,0.252083728621485,0.320210872775614,0.251806391455949,0.0927158339190896,-0.0914970958141274,-0.252004670971311,-0.318993459754451,-0.22311944265076,-0.000767743686132497,0.195707203566504,0.24301341627393,0.149345683007199,-7.06432055872832e-05,-0.122114966676976,-0.154074359512325,-0.0784014804853323,0.0440977432076049,0.116063310655254,0.0925025472158445,0.00520451866185408,-0.081159462462222,-0.111450799057701,-0.0672255345681868,0.0188052455324496,0.084752302522878,0.0885669562947932
0.0230280476104523,-0.0485636705039053,-0.0768782333381285,-0.041672080156056,0.025488864068935,0.0639949195050931,0.036987845550948,-0.0393691491562294,-0.107687450640653,-0.10161414112254,0.00239093586141425,0.141641189523791,0.205991190088014,0.139358998257383,-0.0274516903582125,-0.221529807774644,-0.335184384272202,-0.24664198777368,0.0405418214136536,0.322415214581478,0.388290933846213,0.234905232784574,-0.0163676982194889,-0.277851745858463,-0.442244288414138,-0.360059796299784,-0.0463832203521293,0.255309017269824,0.351010457062024,0.274129320682027,0.135079551401204,-0.017214355883163,-0.140975131128847,-0.173608887984674,-0.131758600569097,-0.11327371345064,-0.141056959988656,-0.113689168549699,0.0404282322768668,0.233458230675557,0.310983679193117,0.228230318309667,0.0526832184832458,-0.146469923253862,-0.303832736346741,-0.314646954838532,-0.131079098556574,0.122318622336851,0.255748497422938,0.207862189202659,0.0553122921982334,-0.0987002033338757,-0.172593358298606,-0.12347011205503,0.00686393833746241,0.109495064639506,0.111538920357011,0.0311883001008659,-0.0628390461248428,-0.105242355631212,-0.0677673013800417,0.0191624413227459,0.086206452376337,0.0846457924712503
0.00274628535989354,-0.0641685300315286,-0.0782110355273246,-0.0234255467321834,0.0560303321576028,0.0893583292642989,0.0425805432804055,-0.05506696489653,-0.13117822966377,-0.110726316136551,0.0184891748191225,0.165425098919678,0.207963429684674,0.108065629060935,-0.0829307160364548,-0.275447535424652,-0.336527720431232,-0.154549986701499,0.183040669364109,0.406045077994623,0.357893230027178,0.127245623873958,-0.156007112536508,-0.407937704634763,-0.46598221703902,-0.203478916567937,0.193405600672565,0.377641334848865,0.270686353559969,0.067171184723585,-0.083744794731483,-0.152491668221215,-0.113772419200174,0.0307555840586382,0.151487713626452,0.0935152604883313,-0.128162545635621,-0.320676159915497,-0.275934964639605,0.00738012846392541,0.289889113656688,0.359489041951401,0.223997927367614,-0.00367096079962868,-0.234409162719341,-0.35331121331039,-0.244396608237838,0.0292918683475541,0.240856479266911,0.249266973580091,0.104307045536966,-0.0738630722052063,-0.185856237771807,-0.166905899376889,-0.0356494500546042,0.0961699141337922,0.129479292921825,0.0637687842049836,-0.0326979360097323,-0.0875005876919953,-0.0643152553729339,0.0121483863338692,0.0726409874501719,0.0663525266781987
-0.0148627684002848,-0.0714894907762211,-0.0692769916088738,0.00104246913513952,0.0849452301979378,0.107845493276907,0.0424937597403947,-0.0709408738072121,-0.149923984054182,-0.115174504899454,0.0326947426679531,0.179405104758708,0.19899621067682,0.0725508433408607,-0.131789406155667,-0.307621549362257,-0.304393999541986,-0.0432708930344427,0.302768327164982,0.438103177455959,0.287471825543926,0.000167096414415075,-0.306964045835241,-0.516013963267149,-0.403334067095007,0.0563172350762268,0.467276810920225,0.461062446458249,0.140935909326642,-0.197338998112863,-0.400850598640594,-0.374261745492246,-0.0750293106603392,0.324518706848607,0.503847116695593,0.327733452357671,-0.0652182494285882,-0.461155392275345,-0.596044922624596,-0.304526357887736,0.185466379215248,0.465760623128233,0.403368308104381,0.147930987600749,-0.145874897632541,-0.35568328162325,-0.329016229134611,-0.0616618159157158,0.211203383695358,0.276126211042509,0.145406848041797,-0.0492731637850156,-0.192265469338599,-0.201486213312542,-0.0735363969427232,0.0823941344570059,0.1453632542942,0.0952301266466663,-0.00248418996674003,-0.0698376825780693,-0.0636360209890108,-0.00134046837938624,0.0518384420621406,0.0445794474027436
-0.0216113302804912,-0.0674259440816022,-0.0533494180409524,0.0237832128906952,0.103545645113999,0.113220928233561,0.0337616591496801,-0.0873983864566281,-0.162685057264451,-0.112679597848002,0.0489524714663075,0.190770658164146,0.188713778644195,0.041453517291192,-0.169009018745452,-0.321094824657009,-0.257137561498969,0.0579942321466517,0.383043995639542,0.430344167202086,0.201312410399101,-0.130788468221872,-0.456285450436343,-0.587780027390087,-0.269311551218472,0.357809012747202,0.712820106484498,0.505210556812935,0.027921000798271,-0.435834433803154,-0.755154163079784,-0.657323802186368,-0.0427782277169651,0.650247584937665,0.850226854896569,0.517627009433306,0.003704281143381,-0.513831358207433,-0.828727563014232,-0.60031044241928,0.0450734136954923,0.534662685227938,0.557429382529226,0.275949426710732,-0.0710021616392197,-0.346213330884196,-0.386148304211284,-0.134305179701654,0.181403254783794,0.293423498386952,0.178032346622632,-0.0265115069104264,-0.191133321871052,-0.221683673935664,-0.0981547017894542,0.0740676189656611,0.157977360484756,0.117764131279229,0.0169017835869086,-0.0620801561745911,-0.070357448725521,-0.0184694723140201,0.0325253942461518,0.0297582486220005
-0.0146414037280261,-0.0536901272298305,-0.0364371176066586,0.0376437188706254,0.107394612054397,0.104802586336828,0.0175633094984414,-0.103476587383794,-0.169606554536661,-0.104225609740355,0.0674546918662488,0.203298776606524,0.183999921441982,0.0218631378443853,-0.190848610855987,-0.321685964240538,-0.213968460321569,0.12850043937243,0.422677475139864,0.403072305775576,0.12239975673198,-0.245098684021819,-0.579657228315936,-0.61938306501104,-0.115970679509745,0.61748596191613,0.884498012638064,0.523809071282322,-0.0289853071136888,-0.583505753642532,-1.04135824560969,-0.914748422138836,-0.0344458164571516,0.903055192740121,1.10337248954061,0.634216658244813,0.0517254040810632,-0.510157346826474,-0.942156812851672,-0.783117359306073,-0.0530803599366987,0.57279050865225,0.650651694224433,0.347895388067228,-0.0332902297791009,-0.344408820463892,-0.421634583964982,-0.178494709960929,0.163880786040137,0.305795309697944,0.200723164922934,-0.00873490696455256,-0.18462755865414,-0.226517753137243,-0.10565548445974,0.0742545084641807,0.166457374802642,0.127038283872233,0.0201914969751702,-0.0678775899126856,-0.0843494703920175,-0.0348119714291034,0.0213825542973001,0.0278170172097479
0.0018630463405127,-0.0369077695847283,-0.0251236611213952,0.0392102450154438,0.0981300396729605,0.0880245554779113,-0.000371398046713419,-0.11595482771649,-0.17122132452034,-0.093677266512828,0.0839354266397452,0.21559291990407,0.186627563523476,0.0168440054083292,-0.196054172512086,-0.315069334788016,-0.188028363784769,0.159504908251593,0.429754706313658,0.375619342333545,0.0706480083573242,-0.315771244506299,-0.647170750544382,-0.619530450038005,-0.0122485212651534,0.760473684639784,0.966963321965973,0.536286014769612,-0.0346949666462012,-0.627686649790859,-1.16281450220433,-1.03387055506785,-0.0447549932505545,0.985070356233496,1.18459809129444,0.674578370953882,0.0763065505604157,-0.493624446930498,-0.95197018662038,-0.802775982196318,-0.0494214885685628,0.594223382563077,0.663107880044262,0.345315204182924,-0.0429864475016962,-0.359304764027678,-0.438656446256328,-0.187745773677951,0.167079212023682,0.315936284383664,0.21093045293767,-0.000469059910506866,-0.177645807451935,-0.219859336283295,-0.098056790316631,0.08205008839929,0.170448599027952,0.123691000154859,0.00938527292845115,-0.0836121724302302,-0.10036827761229,-0.0449827148797848,0.0215432072242129,0.0382242141124221
0.0186043240364298,-0.0258412185324455,-0.024108083115886,0.0297062632782922,0.082313643244834,0.0720565861540871,-0.0116669718154396,-0.119883469189341,-0.167668809746257,-0.0859991971677827,0.0915785251202266,0.22220911131759,0.193491968021729,0.0249857923583835,-0.185906588580258,-0.304598759990593,-0.183910565080675,0.151188962843146,0.412846838203502,0.360195308361243,0.060434589809316,-0.319237810506945,-0.635960766564831,-0.597811027086117,-0.00636070155610617,0.741748562498447,0.955247084446809,0.551351766954073,-0.0103827228244206,-0.589651986247069,-1.08441296164421,-0.948799591461841,-0.0460723227780119,0.871283893161954,1.05918491021751,0.62521160260391,0.0698169439894119,-0.483894441122149,-0.875772470164743,-0.661442873274912,0.0603418128299747,0.601274107895653,0.597983887317561,0.273716530245028,-0.0959972875843871,-0.388723202150898,-0.434002285848978,-0.157551775153095,0.194049869684913,0.323706746967315,0.206034671244346,-0.00582315675325561,-0.175655705151451,-0.208089524891513,-0.0814783958219354,0.0933576397108109,0.169746256499615,0.111829685687003,-0.00836955923947503,-0.100699737373619,-0.110348806879324,-0.0442432658642995,0.0322296540924353,0.0547749144601636
0.0261889883330778,-0.0270250856675888,-0.0345983216826451,0.0135221074874354,0.0678705389703237,0.0655224572368689,-0.00902050537161613,-0.11088002836222,-0.158823448909286,-0.085047440235238,0.0843637662213243,0.216754949054382,0.199039230210663,0.0420724699849834,-0.163181265726882,-0.290681838942594,-0.198806574077575,0.108053409686571,0.37532711132279,0.358984968446741,0.0957019817355704,-0.249894153679194,-0.542587988881517,-0.552050785094051,-0.0941004072913801,0.560059674071933,0.832724764781025,0.54872219461739,0.0356739718208306,-0.48153983494782,-0.839746934063204,-0.686968652022568,-0.0150526276509065,0.626839120490552,0.76644912391481,0.467544269052499,0.00900582592783993,-0.473494117726565,-0.71583727599906,-0.401846457848083,0.226503733998841,0.581168621650979,0.476865004920544,0.157258561236692,-0.17758152836369,-0.42045501839179,-0.398641096992492,-0.0871343756387213,0.240354979295242,0.325626314398993,0.184709939418497,-0.0261268039238927,-0.181626516220669,-0.196517588118627,-0.0627539279940447,0.102938892526327,0.163819877222019,0.0960899673515191,-0.024857393478037,-0.109912053986367,-0.107427880811857,-0.0309338396795064,0.0491366689984448,0.0688926471340197
0.0201901040370168,-0.0412814899938026,-0.0537061363517532,-0.00404607967981712,0.0601272297122804,0.0721742710415164,0.00968483540753153,-0.0882013727943726,-0.144977337733987,-0.0916761950974162,0.0603937588575816,0.195483505414035,0.198385318389378,0.0635023691088604,-0.130672589782396,-0.27111743966417,-0.224535979798019,0.0370806484706082,0.314744229895468,0.363097050439212,0.166436736426335,-0.125420459511032,-0.387865832384477,-0.471759191711192,-0.218066176287076,0.268865741508391,0.588584876385914,0.48390780573629,0.0977319276110143,-0.302855410130277,-0.501978675098025,-0.349393168465109,0.043813699010635,0.360039245033859,0.40827599798059,0.219068192752644,-0.11268231755537,-0.443474291551598,-0.482811921646046,-0.0959897072380694,0.377096040718919,0.520761308671371,0.328549538609078,0.0237086628905756,-0.267773730674365,-0.434993950625728,-0.323273165139461,0.0157341848617798,0.292684533088261,0.3154143945311,0.147918225113547,-0.0583195840444534,-0.19364536363444,-0.186314484756239,-0.0460543193793713,0.106766039961209,0.151863026066398,0.0794653912336371,-0.034440643683064,-0.105659189307638,-0.0896048400802725,-0.008134267805843,0.0658049887829764,0.0738502587517307
0.00316417082875845,-0.0628496915724666,-0.0747204790088302,-0.0183218427615962,0.0595386610315705,0.0885811431821483,0.0392324264584118,-0.056320358455988,-0.12729520899357,-0.103042134358838,0.0235947505205589,0.159624369560395,0.189511750539926,0.0861039492393466,-0.0900773830731588,-0.241844619110744,-0.249047346881633,-0.0508642469526088,0.226589865809854,0.353574744603741,0.249375932581254,0.0225387290244328,-0.208264419117585,-0.355126155970455,-0.304478023873641,-0.0330921424313776,0.260798689178886,0.327684453482786,0.147320892384151,-0.0801477436643834,-0.153895433646324,-0.0434151067196701,0.104447840178006,0.152576101539194,0.0917146545071716,-0.0525045491191016,-0.254870002393554,-0.37705560954404,-0.217547259089081,0.173138883213056,0.455982034336018,0.420677364905582,0.177226033059625,-0.106180981920921,-0.343975864466718,-0.411213639104244,-0.207224372418783,0.131106937195995,0.331107805171985,0.286304244836743,0.0989613590854897,-0.0954266032733341,-0.204731713406519,-0.173441004047875,-0.0310024444225706,0.103852507124531,0.133656461579218,0.0628712199721881,-0.0358880405328912,-0.0883998286076879,-0.0610299810753508,0.0170897324147789,0.0760058850679574,0.0675759693094646
-0.0169895789136216,-0.0813510393086393,-0.0886520546642487,-0.0259517839692318,0.0619815006542586,0.105171198574111,0.0686727438724705,-0.023388231839494,-0.107540482106387,-0.113682479947976,-0.0173942847507328,0.11503803254098,0.173382984039693,0.108347159089992,-0.0421447562047103,-0.198439158274951,-0.258334465800988,-0.139026860708736,0.111418878923481,0.307246480996407,0.311747529075685,0.161611427297,-0.0373960029117766,-0.21745767087305,-0.310973302197312,-0.246034038922383,-0.0560363319031071,0.107071482355101,0.143769315396723,0.115770496682372,0.129041855018392,0.171391515637269,0.145523984996723,0.0267842096156805,-0.124380775205773,-0.264261832678905,-0.348306777795206,-0.26900636981274,0.0203228832441851,0.341722164031006,0.444636237515954,0.294424229085396,0.0362638046819706,-0.217523426581617,-0.382094260904213,-0.335568037147424,-0.0652781943192749,0.229788146811681,0.336055753968822,0.234337488927536,0.0424712861464632,-0.129008529631906,-0.205225635909979,-0.150458297526283,-0.0134555060934898,0.0965672547598296,0.110538026858543,0.0460525699016883,-0.0319507811609764,-0.0641364172496512,-0.0302941326326638,0.0365987579890288,0.0760325579711242,0.0527230364936817
-0.0307676076113524,-0.085848752274735,-0.087349299829917,-0.0254708874868357,0.0611922654353376,0.110539325490867,0.0861170453062342,0.00247928485937774,-0.0872267493126178,-0.117769692530808,-0.052736538082123,0.069298818783845,0.151961002587778,0.12867560500158,0.0115318580486437,-0.138788965797948,-0.24038587425625,-0.205870514183696,-0.0175192787507949,0.209630342508858,0.318763537848756,0.262316231531191,0.105471554714867,-0.0794770262071807,-0.243325193091125,-0.321156732434654,-0.262300637354593,-0.100533235235476,0.0752869821391793,0.21101117740056,0.290885705723674,0.283111545684138,0.161945814036133,-0.035166539875615,-0.233526393794939,-0.362722349604588,-0.344943583288206,-0.132854226113519,0.182822029283587,0.389648164388667,0.359328732161687,0.158185942703076,-0.0879599474655749,-0.294262641540368,-0.361848981076956,-0.211474194315141,0.073740963200336,0.283902726493926,0.296841532206327,0.160423987932759,-0.0168623842683995,-0.151605798563367,-0.186471422230134,-0.110806809936752,0.0109501682210308,0.0887073623713665,0.0852596246346864,0.0288614757186718,-0.0269801431600967,-0.0410882924072135,-0.00663546249299597,0.0442700427437762,0.0654644152708732,0.0345901935582909
-0.0310763976641102,-0.0696779194773396,-0.0673064699221637,-0.0178437210719433,0.0521381164116008,0.0971214448262417,0.0841153102997695,0.0165950980492049,-0.0668816471519015,-0.111242028042915,-0.0752735169000503,0.0281276599026364,0.125646682710497,0.143206298789832,0.0662369324492452,-0.0658485801640128,-0.190579905647322,-0.231640024580953,-0.13282170487821,0.0698471848040782,0.248777418357693,0.296007923243584,0.207657211784266,0.0458749627874602,-0.132114164284872,-0.274271311775113,-0.316206313152164,-0.220891568041786,-0.0236052284579853,0.185383968426228,0.31151328005916,0.297842591055932,0.153140169915745,-0.0579312391954073,-0.252884766646269,-0.341829976237833,-0.249450891113882,0.00128683994992031,0.253948641331369,0.340249801831016,0.23291960897268,0.0255179731330054,-0.186461384537588,-0.318055136947466,-0.277155984182087,-0.0620740319547535,0.178095519416732,0.279508668100071,0.216335387821976,0.0702022555848189,-0.0743967204392495,-0.157633029273298,-0.144186792326413,-0.0535299342285676,0.0423996148118253,0.0822341117934771,0.0604939679001303,0.0119882953732336,-0.0239610635756608,-0.0252420904387467,0.00413745542511368,0.0377972656397658,0.0463214425883057,0.0184478247690265
-0.0163257539042948,-0.0340948509878192,-0.0321221728900681,-0.00639279285335726,0.0336381668642769,0.0651278723609088,0.0629409599075781,0.0192812348228674,-0.0459167736539373,-0.0929823565762593,-0.0827104882391764,-0.00650652464738933,0.0923765954900841,0.145054442149755,0.11339812701667,0.0118638412407351,-0.114744547960472,-0.207918363794991,-0.203251285580597,-0.0756767300158772,0.111857789277667,0.244014479995804,0.250353934782884,0.147596175198234,-0.00590167767198565,-0.155434097263738,-0.247562634366189,-0.232110775227206,-0.100851128998632,0.0840804488465911,0.219442918897196,0.229838346846369,0.11588013425564,-0.0586677656689364,-0.205502660313019,-0.235785344803335,-0.109472137740869,0.101492206461009,0.248379888249503,0.237880539574108,0.0975727919423728,-0.0897504722426216,-0.243778289167347,-0.277805458714905,-0.144113133619722,0.0779573744092496,0.227834931131358,0.222743165118342,0.109290361166084,-0.0265953116983405,-0.123928491975598,-0.143481345861712,-0.0808604711594241,0.0141033236925532,0.0747597806053072,0.0752480044272804,0.0372830244849151,-0.00322621246940111,-0.0228898734196791,-0.0174897839263371,0.00210172239090145,0.0192946261569064,0.0219804580689457,0.00748724292017695
0.00845131223498906,0.0112801165440804,0.00822310839674452,0.00422807490812702,0.00874162196697821,0.0224425418448617,0.0304891924060477,0.0155765179484537,-0.0230547884749241,-0.0648909870978002,-0.0773547803069127,-0.0355908738151906,0.0495313704729172,0.126628396605928,0.142219572280383,0.0825323725011329,-0.0266359824404947,-0.142580621736706,-0.21116920617544,-0.179868955447296,-0.0458338347742923,0.118305826864445,0.216138572103847,0.204468575039694,0.109499468262303,-0.0149063806823987,-0.120364114481309,-0.166055344783914,-0.127217627457989,-0.0227100081328895,0.0808211941605665,0.11321436167184,0.0554988831047891,-0.0483442444386915,-0.121867507114512,-0.100246273547523,0.0179266193251316,0.150357983741978,0.195755799409725,0.123261096624302,-0.0221357484038196,-0.170936514298397,-0.246184449674275,-0.181968508910466,0.00214848416808217,0.177754809101725,0.222987296084436,0.135219905496913,-0.00336239129567166,-0.115925340422836,-0.156259659156186,-0.108431496456155,-0.00657036238384102,0.077795457478739,0.0975263721333555,0.0630537512002081,0.0149011415028953,-0.0155043724943105,-0.0213772076419392,-0.0139974880879134,-0.00711352313868775,-0.00503631143910908,-0.00321796874354365,0.00200977951215602
0.0334605027247731,0.0520221010755649,0.0412454399781453,0.00957442480485933,-0.0172133662708721,-0.0191752131538932,-0.00102819472288146,0.0131141787852425,0.0027404023447084,-0.0311178299899607,-0.0639802460427554,-0.0603168092156686,-0.0022866637049383,0.0841986186848344,0.142959518165472,0.133601025252354,0.057728020761231,-0.0549349540206884,-0.162521587400969,-0.212614123427814,-0.164463372761859,-0.0315537212829905,0.113791535493234,0.193939495134925,0.182225357070347,0.105809379587919,0.00843897828399166,-0.0725372354091981,-0.107849252286206,-0.0876370528163167,-0.0365714232154656,-0.000530405942426454,-0.00575997510598168,-0.0334629909283744,-0.0377780640878836,0.0116001530106368,0.0950102375189261,0.149659711748085,0.124275525200151,0.0226457692957662,-0.108312451420841,-0.203542799129843,-0.195095715275491,-0.0607741581570759,0.122149082843846,0.222732879153333,0.179732861896207,0.0425818971799817,-0.100346518185996,-0.180414305972308,-0.161126527395456,-0.0563872677689385,0.0631899666939236,0.121460375559126,0.100863681809237,0.041396946682319,-0.00784552953841824,-0.0241148485641535,-0.0166038716821675,-0.0091223286861674,-0.0152559661296917,-0.0266865411734437,-0.0243066464145046,5.88785745264168e-05
0.0487788134374035,0.0750483263918727,0.0569157278060054,0.00676613936254121,-0.0391928644811023,-0.0490115615881764,-0.0202034620826682,0.018409512202947,0.0308572564507974,0.00299673654996783,-0.0472755903948293,-0.0794233148518117,-0.0561726053891266,0.0225345430880749,0.111279681624499,0.153323760119863,0.122942673082454,0.033748980379781,-0.0803648103428705,-0.17608605068972,-0.205855927275382,-0.143142407693058,-0.0122950547211745,0.118435534345973,0.185576227675251,0.172084553444863,0.101630402475912,0.0109694172632665,-0.0648744940580915,-0.101274476803057,-0.0955885371831049,-0.0681907854346591,-0.0412205732484091,-0.0163286399434629,0.0196099188495016,0.0698718159195065,0.112901044048422,0.113485637714584,0.0534843514383925,-0.0495808057122736,-0.149354032536163,-0.185129205356941,-0.112216009780232,0.0461944936987985,0.188925842407287,0.216476226532996,0.11895092862521,-0.0352254006614883,-0.164283901181958,-0.204486654474457,-0.133185641630859,0.00330837202920141,0.113075681300901,0.134500758279982,0.0808541904511401,0.00950219663005773,-0.0310447179595628,-0.0288159291371348,-0.00711408101243198,0.00114243457264634,-0.015554732219284,-0.0381246954198394,-0.036838320492811,-0.000828480870511158
0.0494428494707946,0.0742483763804658,0.0512295842333299,-0.00469332322699402,-0.0539817088119871,-0.0609511509364454,-0.0211420840725852,0.0331588957801843,0.0579087323331881,0.0319001907941057,-0.0304078505690156,-0.0889127954993309,-0.09939879809185,-0.043429974402053,0.0529494193297958,0.134049265629283,0.15394241864387,0.104466762475039,0.00918842739358455,-0.0961176114737962,-0.171445341780938,-0.179361194632028,-0.106581098328502,0.0150513485050708,0.12248772279948,0.16625485470878,0.138169661679958,0.0636235082246674,-0.0194020518864882,-0.0778576940369865,-0.0953933820866876,-0.0769505263816234,-0.0398090334503644,0.0021416356611265,0.0424993902770186,0.0745205044347659,0.0852906138740483,0.0601324760788126,-0.00371865747129846,-0.0857232519032242,-0.143555272766299,-0.130258447369047,-0.0302347733930848,0.108655029767758,0.196307236309713,0.173400580304681,0.0569729695028947,-0.0868258588162862,-0.185048141349154,-0.182450315295209,-0.0780203276924825,0.0576701067922138,0.134222522683346,0.116956899038596,0.0421188034005534,-0.0284067442009544,-0.0526129075904132,-0.0295747087404784,0.00623741154443334,0.0168228778324859,-0.00608235859537549,-0.0361441312090124,-0.038474645596309,-0.0017372989647954
0.0378348081380971,0.0527978420393634,0.0272825971969061,-0.0226490678842795,-0.0604572190896444,-0.0548993376943377,-0.00567453254517959,0.052963317706605,0.0781514186180516,0.0508160148378482,-0.0151174429635525,-0.0846367254069388,-0.118521630869114,-0.092754996952558,-0.0143864626026059,0.0788034156812452,0.139375782581775,0.139592778832806,0.0836815466773869,-0.00347654694412694,-0.0906797991362152,-0.144991515587507,-0.138261891382066,-0.0678122624747869,0.0301338325211694,0.102338104216331,0.116219943675159,0.0762585096912757,0.0130058730733581,-0.038860298763975,-0.0579227285228479,-0.043613067450093,-0.0117576872266499,0.0193172529588465,0.0393810428900707,0.0456561266778878,0.0363738953680742,0.00808318107891506,-0.0377007021459419,-0.0844884966584244,-0.102025956717122,-0.0643671614300648,0.0240215663965946,0.117605292328907,0.155989772304925,0.110419813837069,0.00393674144976581,-0.107739027028455,-0.16293766965833,-0.123847931385018,-0.0124298757571014,0.0943725289964298,0.127202426531193,0.0789677653039994,-0.00358608006399936,-0.0634494988909895,-0.0680132698756969,-0.0263985678194487,0.0201285026290052,0.0334057649994919,0.00920651630673238,-0.0232359014019515,-0.0298876983258689,-0.00161208896614043
0.0219187622768041,0.0213100077803309,-0.00595413166223041,-0.0426042132487044,-0.059364282479353,-0.0363293091458242,0.0178185107658642,0.0694887104979051,0.0857053168622635,0.0567713891261,-0.00245891072233876,-0.0655096708277271,-0.10643648010016,-0.108139122480714,-0.0668204939289657,0.00554861335792377,0.0810378463440681,0.126807888055573,0.123890147464369,0.0756492725697668,0.00147954075905614,-0.0717913423314464,-0.11387700987549,-0.102744886511507,-0.0454519379187356,0.0211704451755483,0.0586202219715598,0.0540131407318946,0.0234486667603371,-0.00518430863793366,-0.0124990191066394,0.00178649844920762,0.0219880252112927,0.0311177334742443,0.0241670987922795,0.00773679726429815,-0.0101080978744766,-0.027123420525375,-0.0435493659214766,-0.0535820747875324,-0.0452203139468084,-0.0108069341813791,0.0412526231854866,0.0846675451302492,0.0893478752876845,0.0436791883362219,-0.033309833350505,-0.0993124345130695,-0.110191791142207,-0.0510479147123174,0.0425311073071977,0.106278146848309,0.0998719905050673,0.0351116633062437,-0.0420358247234046,-0.0847408669129569,-0.0714719961665414,-0.019393439047062,0.0296958641874596,0.0434475693824988,0.0223155239706208,-0.00613142596631288,-0.0143421375650154,0.00185500278349624
0.0107286102301494,-0.0070625272356646,-0.0368148642342531,-0.0588745796998428,-0.0528472298305947,-0.0139905731348663,0.0384147171657105,0.0746732959494227,0.0771827754684913,0.0491934002368423,0.00662378079496331,-0.0347932117935269,-0.0664088111482305,-0.085330495608011,-0.0863084116362616,-0.0587133842320861,-0.000113331806649831,0.0699810009821911,0.118273931835051,0.120564444673372,0.0762639911521161,0.00522832083649059,-0.0615731908643982,-0.0932781333494342,-0.078530915258386,-0.0357890271864816,0.00287519171685863,0.0180542637324248,0.0141859355379421,0.0092222313260234,0.0162940641912363,0.0327880489108544,0.0432525811716822,0.0343275498251013,0.00778135791651815,-0.0214920320227929,-0.0382432227934778,-0.0375679214346025,-0.0250960643416697,-0.00904593860722521,0.00587512182140021,0.0188389499794368,0.0292979736033759,0.0325418530620104,0.0201123709187223,-0.0113838131216905,-0.0498003930261415,-0.0692560251775037,-0.0478311113814324,0.0104667322201865,0.0711112231129907,0.0934423830834906,0.0625072534974963,-0.00202918769464878,-0.0620456056120195,-0.0840558102332969,-0.059062106521072,-0.0091334158677955,0.0307942207331521,0.0403035687006981,0.0251832971183458,0.00746330082035718,0.0036371873140118,0.0104274691698911
0.010006234131326,-0.0222437838612261,-0.0554223214720601,-0.0666475490369024,-0.0435865001138801,0.00387868424694177,0.0477803973053883,0.0646837902229885,0.0533097171612733,0.0298267014776477,0.0108822787735522,0.000567866794002883,-0.0106858641856181,-0.0351754519578806,-0.0706176341734702,-0.0925007425048658,-0.0719161648897423,-0.00580412200440221,0.0733654495839507,0.120992096574689,0.113381872491857,0.0593030409161763,-0.0104613067326521,-0.0604149492436727,-0.0707928421774574,-0.0495803068587309,-0.0217469814447812,-0.00594932544213422,-0.00169702691791983,0.003496757119799,0.0181013404119625,0.0367698266774456,0.0438261491624622,0.0282229855672997,-0.00431927241927056,-0.0344521116776842,-0.0433371517750339,-0.0261409640035518,0.00503055105686636,0.0307691087340413,0.0376344387880234,0.0254167684015025,0.00413785444359118,-0.0159072894450142,-0.0312046128336114,-0.0420318666041352,-0.0445105710718524,-0.0304684313677915,0.00276812633350599,0.0433659173228833,0.0688261961445128,0.0620099911388711,0.0241021984415874,-0.0253230476335069,-0.0594469093076688,-0.0604167457767294,-0.0320344483289342,0.00291774461942294,0.0225213598216855,0.0222976780132161,0.0139583099680772,0.0121414682966158,0.0196532917479262,0.0239022402251786
0.0200447470397449,-0.0209756780442236,-0.0575905329263988,-0.0640683285833321,-0.0337794021105467,0.0130899678773573,0.0439275088676482,0.0420257916626947,0.0194318226200996,0.00261854354888511,0.00875521913500468,0.0312696824796958,0.0440526777076507,0.0226533225167523,-0.0327476079759657,-0.0910367763014051,-0.109061839001577,-0.0659557759296582,0.0155792741707046,0.0854888566061471,0.105908727207579,0.0745312436802917,0.0184202920915288,-0.0267698345868768,-0.0398254807819155,-0.0264663990186894,-0.00928271260638589,-0.00466826174446354,-0.0101332682226174,-0.0117889241021197,-0.000643885970268359,0.0176057853702349,0.0267088599313858,0.015323927196074,-0.0108541551459467,-0.0324513530219066,-0.0311692033210868,-0.00443690296475687,0.0313258162705146,0.0527416328785016,0.0463300822780298,0.0165558037871777,-0.0195346860366888,-0.0450487475818726,-0.052447897570065,-0.0433094845254174,-0.0228090169993121,0.00351982189285482,0.0290427286543858,0.0447486060728319,0.0426416158785577,0.0219753187352854,-0.00853604361888213,-0.0333944342577949,-0.0384206114238377,-0.0217804262706362,0.00232069193928265,0.0145302460742956,0.00814580956444514,-0.00551072972450116,-0.00869264388666076,0.00677672597426931,0.0304180859017398,0.0397316719939805
0.0359813259173961,-0.00719914366843386,-0.0459050911531476,-0.0529140278082292,-0.0245351233042614,0.0145854892497359,0.0314671398165601,0.0148779327787579,-0.0151319769423064,-0.0260598111761284,-0.000396116383786741,0.0479904766561804,0.0815072201324042,0.0682972164049172,0.00834790698298347,-0.0649130155785309,-0.105540421033545,-0.0869179529178579,-0.0238365834076882,0.0394288925850712,0.065883737744895,0.0502357061082833,0.0150669703683382,-0.00914062055942255,-0.00646000427934082,0.0131936153808466,0.0257005274141198,0.0168099065157658,-0.00622556180916925,-0.0241956901883566,-0.0240073923468436,-0.00939717902240818,0.00335812998440477,0.00132845812867034,-0.0125202281098787,-0.022243516677121,-0.0132444186244272,0.0141319759972713,0.0430314255182277,0.0530652333879634,0.0359893347416128,0.000884646053682158,-0.0331302954476868,-0.0495647426687038,-0.0434441426513498,-0.0214101515193675,0.00444782356637187,0.0236733958747644,0.0308936980496343,0.0246460478867402,0.00712956346311814,-0.0146374919817399,-0.0302207144329881,-0.0295404446378165,-0.00997974049227337,0.0175919456991461,0.033316160486495,0.0234183357349792,-0.00640620881073248,-0.0333807832619658,-0.034630560739067,-0.0054430881589915,0.0342235185034756,0.0535284666503885
0.0499133032488435,0.0105750613920001,-0.0274812895078021,-0.0373048603569599,-0.0159158094211666,0.012632713966223,0.0183209143273786,-0.00656688530970196,-0.0398500663018091,-0.0481307800010068,-0.0142577940607036,0.0456237215341998,0.0907602679918128,0.087733148227056,0.036665211884803,-0.0305044637512168,-0.0725694874570928,-0.0674276763170922,-0.0285504065495678,0.00871402334028335,0.0188135531163849,0.0034254105186747,-0.0153118311866363,-0.0139405192635274,0.0130454348873894,0.046897863523302,0.0603877641855672,0.0420317080519696,0.00455489863746439,-0.0276196946317871,-0.0377008757027792,-0.0274536418347778,-0.0126450761732182,-0.00711504332748293,-0.0106579781388828,-0.0116631506146286,-5.50932891460296e-05,0.0214687032268156,0.0383430550765019,0.0366227571473404,0.0148364905453186,-0.014730009138672,-0.0346701073024479,-0.0340660319469375,-0.0152779189853526,0.00905261905230545,0.0254178270982494,0.0274909651455069,0.0170307384837078,-0.00110185952041253,-0.0212997191477095,-0.0361815973756463,-0.0374905027562724,-0.0199528720289095,0.0123498896162722,0.0430109603710663,0.051366416120246,0.0279901396495214,-0.0154484863474879,-0.051379312989676,-0.05405242895695,-0.0188951803058737,0.0308807843856277,0.0602155589583595
0.0542069714513857,0.0233312604308825,-0.0101566036889759,-0.021532431198812,-0.00742146323171527,0.011828852910742,0.0111842200970117,-0.015209081437118,-0.0477420941647257,-0.0568714469689958,-0.0272421310473722,0.0272243924959585,0.0713695527716957,0.0766040740086038,0.0432509198143421,-0.0022533950798325,-0.0286819363185131,-0.0238705391790766,-0.00398450331402286,0.0036966313649567,-0.0125310045306446,-0.0398830806699144,-0.0528440348909265,-0.0332645815852204,0.0134212925723568,0.0593081223528979,0.0753681369635223,0.0539616035744624,0.0121808549196455,-0.0233672696061568,-0.0356376205671413,-0.0269231077876968,-0.0128941555199983,-0.00637328147331823,-0.00721385544623752,-0.00608556156898285,0.00375562239839588,0.0177114331797933,0.0235562286797639,0.0135510401944102,-0.00765629545936085,-0.0257511101495502,-0.0272078865478355,-0.00965910084821023,0.015651662971085,0.0325792684376554,0.0322016620810819,0.0175172550151822,-0.00193311072806602,-0.0188769708374829,-0.0306695967074536,-0.0355157867280184,-0.0300315579133893,-0.0110803453530732,0.0185819404878856,0.045663851671039,0.0517749601615117,0.0278949369269986,-0.0157643731377244,-0.0535245983656289,-0.0599486692414378,-0.0283687627115253,0.0213676776135672,0.0558485279741695
0.045019057944843,0.0253343978332486,0.000651083728411952,-0.00856765664321847,0.00131271634766243,0.014759288532004,0.012413842648512,-0.010527503056132,-0.0392492754733255,-0.0508968135750099,-0.0334297761832048,0.00339355520600549,0.0350597682155722,0.0426621015757373,0.0281957570726846,0.010613117939868,0.00811804614555649,0.021218699173854,0.0308879146246688,0.0171185474965688,-0.0204123624305107,-0.0602018613466841,-0.074180782011365,-0.0486239240430216,0.00305149516599945,0.0488105237467826,0.062766288874218,0.0428743491904507,0.00831804493504757,-0.0167326881634975,-0.0200374747227577,-0.00828443925610733,0.00207794586861686,0.00176440227286406,-0.00491370780947521,-0.00726374235876017,-0.000276437043649161,0.00900754245990847,0.00867339871542712,-0.00518788647909026,-0.0233406204318281,-0.0300930246365121,-0.0162826879124473,0.0118378600411798,0.0359033376363693,0.0400280772271836,0.0232862665450349,-0.00130591772434569,-0.0184865003842838,-0.0223798227352442,-0.0181779117087635,-0.01390506236075,-0.0118986682437524,-0.00700030631049641,0.00697239751167124,0.0263671882420518,0.0364332640452094,0.0244571261703904,-0.00707341070882656,-0.0396422021988528,-0.0510024968772675,-0.031403673484654,0.00757008236280038,0.0397183185663055
0.0243932156728753,0.0163068457546356,0.0034136263170489,0.00030265816186485,0.00987880149714381,0.0209725823938815,0.0194767571954088,0.00168586271331255,-0.0219461349300497,-0.0353880421305074,-0.0305107976350984,-0.0137360511638825,0.000482306870695355,0.00376339018008491,0.00150915986201047,0.00651693571495487,0.0252348008455042,0.0483726214934815,0.0556051640770652,0.0333027395834426,-0.0114254633893879,-0.053448426590305,-0.066610046587505,-0.0435476313594832,-0.00265297408847449,0.0269790463586545,0.029245027961575,0.0104523900172078,-0.00951061951619761,-0.0131043102206057,0.00175891061319959,0.0200986097334786,0.0243565418046146,0.0114103211417881,-0.00646005877321321,-0.0141252132196227,-0.0074800219159565,0.00268985865720204,0.00208180032148999,-0.0122342008573698,-0.0280300759333802,-0.0283068411330709,-0.00699739720918513,0.0234930909800715,0.0408250873511652,0.0317316205092981,0.00332835427338686,-0.0232629527422616,-0.0295217553905563,-0.0135711877137215,0.00893126758724112,0.0187825907754856,0.00939441303046324,-0.00834363140231794,-0.0158557086042294,-0.00511118268303371,0.013208067372223,0.0207139551838431,0.00859360964181456,-0.014795105713747,-0.0317039791879725,-0.0289093895044866,-0.00783486200529596,0.0154858799434948
-0.000456596676520953,0.00114180575265656,0.000284402558732699,0.00523070598328959,0.017005771984699,0.0274267390766801,0.0266707420847318,0.0127426597846943,-0.00621092713433256,-0.0190088259670903,-0.020907467524527,-0.0171927389791767,-0.0166802851699568,-0.0207255944676261,-0.0208253930782301,-0.00731555291026272,0.02000620574285,0.0476657231420093,0.056573958544814,0.0378343239839174,0.00162983996478574,-0.0285789311643774,-0.0335140727058354,-0.0146530175059015,0.00668825878669495,0.00934651226665489,-0.00882783642558773,-0.031029759884942,-0.0360960332391935,-0.0147559562025984,0.0214517982157879,0.0469341575510613,0.0435733365613304,0.0162547781503768,-0.0131218388357771,-0.0240144639668992,-0.0133250407580755,0.00318008660075374,0.00668660071644895,-0.00680766901918601,-0.0230811187775632,-0.0232668611743065,-0.00201759506027144,0.0253480805121007,0.0348371537208148,0.0158378640276515,-0.0187065437101437,-0.0423105230999693,-0.0350920869859268,-6.436095791188e-05,0.0371813497033614,0.0484715597615529,0.0257573832866448,-0.0132566742438953,-0.039322169370531,-0.0349142319087749,-0.00713337100846573,0.0203314626210175,0.0274990619521137,0.0127672684966597,-0.00993861114667743,-0.0238995720963764,-0.0216536233835687,-0.00978415959044416
-0.0204652410972512,-0.0128320387928848,-0.00461720765943546,0.00723864960815958,0.0212269265451065,0.0304553158620797,0.028352448399886,0.0154251722773055,-9.05147035769652e-05,-0.0091593326235163,-0.00948678704098984,-0.00745243915135423,-0.0112186803556841,-0.0205218838100606,-0.0261236360239076,-0.0190102447971403,0.000999157699338716,0.0229443366864545,0.0322567056846782,0.0237158068253902,0.0070489538282088,-0.000443535822479055,0.0100177865528789,0.0274713755240542,0.0296459650598631,0.00485417306619903,-0.035708905425452,-0.065367722549147,-0.0606319830311021,-0.0193501821390656,0.0337431298185586,0.0633836852624035,0.05213458859263,0.0129372659738032,-0.0238652427979775,-0.0336431156560834,-0.0151194309611606,0.0104162595717718,0.0190805734229591,0.00543576062905931,-0.0143785839980424,-0.0188964674480194,-0.00144501481973415,0.0220531828881706,0.0267549097737788,0.00319432011876599,-0.0329630840447566,-0.0527813775662428,-0.0362882092685211,0.00976433543994659,0.0537185284705557,0.0632900091013027,0.0314157301378343,-0.0194281150732591,-0.0545083121797194,-0.0515435230046394,-0.0158382024965288,0.0253139125356874,0.0446336065174946,0.0342932345837903,0.00649486945013389,-0.0193972878611346,-0.0307742542195574,-0.0283593710004708
-0.0287715538989108,-0.0197111315126928,-0.00781435185288937,0.00731129456073894,0.0217682832935039,0.0282838551901133,0.022317177327521,0.00740180549706982,-0.006127558532977,-0.00903325274131907,-0.000721398912302981,0.00964338242766202,0.0109331407820152,0.000804527461617255,-0.0128612493940941,-0.0202848176282472,-0.0177739573175939,-0.0101166952515801,-0.00533131644169869,-0.00488483283978701,-0.000605371990577844,0.0169058017407789,0.0451847808619419,0.0653093492146746,0.0556274706325527,0.0123490600443376,-0.0442463943417791,-0.081036144535386,-0.072658984091027,-0.0217693779276871,0.03808083200779,0.066485369819948,0.048316528296214,0.00257821524478534,-0.0354377442107995,-0.0398349266463398,-0.0123105636069775,0.0207810003206606,0.0319937152853129,0.0159061164892343,-0.00890810412849071,-0.0183416232828767,-0.00396370379975571,0.0185574005583293,0.0236171539698724,0.00116946174414471,-0.0333637865691326,-0.0513431694895171,-0.0336123965929703,0.0117856477262888,0.0527924877477133,0.0586151606312156,0.0246154327832126,-0.0255334929828142,-0.057709474829868,-0.0505825766924507,-0.0104604715046019,0.0340311757942315,0.054613112769678,0.0432542486935699,0.012786675214012,-0.0168654092305275,-0.0328609640953365,-0.034728292403564
-0.0234608101381757,-0.0179028620800939,-0.00851697322268409,0.00561347506567027,0.018936760954348,0.0222417413675679,0.0112759301495636,-0.00762827444698327,-0.02078524580169,-0.0171668813939848,0.00272651059395395,0.0261183385407454,0.037207876117328,0.0295312785329962,0.00942947528143701,-0.0116370049504801,-0.02606366467452,-0.0333585536744288,-0.036390827262691,-0.0335412331869084,-0.0173381862585986,0.0162445978930432,0.0574179332106391,0.0829526432866141,0.0719631534436003,0.0242362115770277,-0.0366367120356725,-0.0756664108949175,-0.0677755117708192,-0.0182475293400966,0.0370373446234531,0.0588930106384832,0.0359555312768578,-0.010008886301888,-0.0433631620862587,-0.0402155942871403,-0.00603639282316432,0.0295034595925791,0.0385609437805313,0.0180384513618691,-0.0108116685843019,-0.0224031241977983,-0.00788983846267033,0.0171196686937213,0.0266944038812418,0.0095154774259005,-0.0211731997947043,-0.0391271819905565,-0.0268507396769699,0.00824615479860514,0.0383640904435352,0.0387679239122236,0.00829849559527666,-0.0310507464241506,-0.0507536163780447,-0.0356630573572106,0.004247607220022,0.0415275588998811,0.053361596179217,0.0373506001555329,0.00842863452662803,-0.0157649218670938,-0.0268257623766784,-0.027284769132803
-0.00805206016535855,-0.0105745678463502,-0.00874015027473663,0.00158934058409502,0.0139403646706462,0.0158235301008483,0.00123363762723408,-0.0218635823955666,-0.0363001036287473,-0.0285063508775006,0.000589848253384682,0.0349313959728479,0.0545109385827365,0.049850180348014,0.027001982329743,-0.000396782626658747,-0.0221828089016647,-0.0362487422764165,-0.0447146401847594,-0.0457396744866333,-0.0318931727750436,0.000755640631389364,0.0430176373974972,0.0730559216943643,0.0701630350202884,0.0320789213567078,-0.0203240996499935,-0.0548279302855585,-0.0491743969537627,-0.00921324498221344,0.0332182561127886,0.0457528745599476,0.0213222622894326,-0.0190859658964695,-0.0438485484916221,-0.0339280400881637,0.00167608727945321,0.0331169050389851,0.0358520272370652,0.0107805658092686,-0.0190102005368584,-0.0287051371008307,-0.0113419480010271,0.0169891240699811,0.0314135554208075,0.0205632021898401,-0.00472724290714369,-0.0218733611130911,-0.0162162968803969,0.00546644129306292,0.0212407383912335,0.0147595723391788,-0.0104923921604603,-0.0350974529042822,-0.0387059601227837,-0.0155322371025855,0.0194775571874364,0.042273593647711,0.0399056192708205,0.0190252648425268,-0.0032224383192939,-0.0141010386411029,-0.0130788629869511,-0.00858053707137223
0.0101606797839038,-0.00372867784577305,-0.0116027712381458,-0.0050527609036729,0.00859214042164692,0.0126858237882241,-0.002071882802982,-0.0277254541317282,-0.0446269721784864,-0.0367391875236419,-0.00479477111988127,0.0331212475712596,0.055055602889929,0.0513275084538176,0.0294234492768421,0.00504570402279403,-0.011133777277926,-0.0195171350437898,-0.0264375988752158,-0.0335789414025836,-0.0338379522626885,-0.0187094560728062,0.0109261435925197,0.0405090720672562,0.049968625251444,0.0309880569041162,-0.00341653667678023,-0.0280335202607734,-0.0250966121174343,0.00121087589220863,0.0276336142038959,0.0315636281652819,0.00949505984003574,-0.0212022610634648,-0.0359267407088121,-0.0222605505087363,0.00863522014096918,0.0306572701748901,0.0256401320371963,-0.00139760375510081,-0.027691440898745,-0.0320994447156286,-0.0118602713973911,0.016247148265436,0.030841648060286,0.0236934848221803,0.00478745699999465,-0.00757300030103912,-0.0034469189895716,0.00903396935778149,0.0124689569835184,-0.00130400984431181,-0.0233830707911891,-0.0359903119895777,-0.0265977311628997,0.00107454637894872,0.0275487523349548,0.0335223927715653,0.0171419769098369,-0.00570533169808017,-0.0166917831314335,-0.00966693785179263,0.00623251243513831,0.01553932584822
0.0232214918663685,-0.00307362396194238,-0.0191877105046535,-0.0134437832268788,0.00502820616314109,0.0151235418782528,0.00383136741077601,-0.0220956702183922,-0.0418711713835127,-0.0376046347747579,-0.00955228762009636,0.0234703070637344,0.0400828259418829,0.0334030284266997,0.0141507795600321,-0.000130774018273373,-0.000238291464822365,0.00763282380649273,0.00940401190651747,-0.00240641516616364,-0.0211056086183387,-0.0315274841055826,-0.0229962875141782,0.000159404824918093,0.0201035227898328,0.0220206186635116,0.00859561641648747,-0.00460803521505157,-0.00462844039490483,0.00798021011345521,0.0202513165477676,0.0189603384641132,0.00249012335392995,-0.0168155467615122,-0.0223874493221705,-0.00868560359960832,0.0128610981726366,0.0232382596831725,0.0123933102773419,-0.0117611131464256,-0.0297232253861228,-0.0269814330889922,-0.00664202189411637,0.0143045657574444,0.0208360832576848,0.0118381088190388,-0.000832162980374149,-0.00308961226495058,0.0080504907537532,0.0200313952251043,0.0171324175701795,-0.00260606139726016,-0.0250442718608457,-0.0323005519586598,-0.0170740765820729,0.00980319644064578,0.0259836563994074,0.017178677987812,-0.00889996566640109,-0.0294840541521646,-0.0267003491779394,-0.00157165282452152,0.0271297650937726,0.0377051256926638
0.0258217141629104,-0.0111347134836564,-0.0311263181891571,-0.0215429989498806,0.00509992447370724,0.0233569360843341,0.0171780238799447,-0.00786856886874413,-0.0304123350978325,-0.0313335693153078,-0.0106517421183642,0.0125988986004643,0.0188100884780467,0.00543293751742741,-0.0123553028919859,-0.0149915818627828,0.00442206211172088,0.0325784689874161,0.0465846467216854,0.0332133977704659,-0.000630277958150956,-0.0335850919396192,-0.045255335977436,-0.0311502378856878,-0.00595717791272954,0.0112954708576219,0.0142921153129551,0.00951889672138733,0.00618684505735332,0.00814582269866961,0.0114163598377988,0.00913497074852874,-0.000327679951344676,-0.00941978244234194,-0.0085695248893975,0.00220092194727274,0.0128516388915425,0.0128776627720193,0.000372755988204396,-0.0155888323935997,-0.0213252445398588,-0.0110163990382909,0.00584088458772771,0.0129924902426688,0.00367489860506306,-0.0134383917943089,-0.0219892858639924,-0.0110464470153868,0.0142134330239565,0.0341867721610834,0.0318605868305085,0.00887797607278605,-0.0163574024790718,-0.0243940054704794,-0.0100764250684712,0.0118834271738286,0.0182365672813632,-0.00081360233921738,-0.0309522225936034,-0.0459735381440646,-0.0301434905466245,0.00882689795569976,0.0444730860364617,0.0513813195315507
0.0173256810593307,-0.0258991030702359,-0.0442958290833348,-0.0268165672131954,0.00942710919515949,0.0351807021536125,0.0327546279161872,0.00781168746417501,-0.0171405263526253,-0.022152006526929,-0.00770322079631324,0.00659760509009593,0.00257365768178508,-0.0185826380001572,-0.0376306046555909,-0.0329474403202564,0.000762939654304398,0.0447043072007655,0.0693145375285459,0.057554124634077,0.0168943109408322,-0.0275728918714532,-0.0504686474501791,-0.042932702735014,-0.0174925381336963,0.0055320468637302,0.015273765155766,0.0131046887017489,0.00648989030594126,0.00263943537837095,0.00287855291858713,0.00275538743693681,-0.000654617487974343,-0.00313363211445578,0.000370097461468155,0.00671404441136103,0.00818548402378269,0.00172743105765264,-0.0082058036262998,-0.0128434096168076,-0.00511824184860836,0.0121059744253902,0.0237673412509989,0.0150907616719128,-0.0127432451186096,-0.041648921695592,-0.0498073145957103,-0.0276807258083784,0.0125591740933047,0.0440195544739081,0.0467354016556203,0.0236751735303156,-0.00398964958488183,-0.0149194483114477,-0.00421024275459277,0.0120042355446588,0.0110728671839522,-0.0132097669927234,-0.0429768903742054,-0.051720450118925,-0.0269598390887061,0.0184419783062741,0.0537302283075672,0.0531174041721011
