0.000629348169684582,-0.0157293880217762,-0.026534983036702,-0.0287237880588858,-0.0234856031309163,-0.0150603536894317,-0.00755689926574589,-0.00254026610348783,0.00107800519286872,0.0051839385964045,0.0104072317254639,0.0156513716982373,0.0191984424333076,0.0199043372291685,0.017541949179418,0.0124095799478886,0.00470039775114052,-0.00540071528015209,-0.0167629829833858,-0.026670613082885,-0.0314687318766263,-0.0282520614113484,-0.0167180311192966,-0.000381579282853968,0.0146237644782425,0.0232453932138886,0.0240261497946253,0.0186998416249679,0.0107250466350072,0.00373880972386818,-5.29928220452894e-05,-0.000773734914805069,-5.6812252532496e-06,0.000795908844309251,0.000211448722471575,-0.00335851917532827,-0.0101819337868222,-0.0182026000603306,-0.0238371998130563,-0.0235700001396646,-0.0155036803898222,-0.000829039784425937,0.0156215993205543,0.0276652013885392,0.0315190597156681,0.0272319128239662,0.0175766147927653,0.00621308035810912,-0.00403482414328376,-0.0119239796882983,-0.0172337248311947,-0.0197948545519573,-0.0193095139204467,-0.0159550250777901,-0.0108105602296541,-0.00557418466016586,-0.00141612873175389,0.00217726618634584,0.00706127402192457,0.014444928781365,0.0229577393196486,0.0286003195053196,0.0270289658315735,0.0167720522988669
-0.00481459350309224,-0.0147023451871383,-0.0155928786277909,-0.0096335841661321,-0.0023487223783355,0.000851895809698098,-0.00213847993245863,-0.00925541339949976,-0.0159548020401522,-0.0183073739099222,-0.0151737005069749,-0.00772052164956352,0.0025619508085407,0.0146458699642198,0.026975883913163,0.0362624021468232,0.0375555402469927,0.0267963155943493,0.00472602083204869,-0.0216447537847472,-0.0419181210206626,-0.0474522074531754,-0.0359346078488886,-0.0133228909555357,0.00910733575367221,0.0216293141039776,0.0213625618327508,0.0126215804691963,0.00343549372412558,0.000208937938842649,0.00364726508688254,0.0094009418892857,0.0125091981005963,0.0108630571040881,0.00514246411099029,-0.00225024806435176,-0.00808590124357928,-0.0105798873017633,-0.0110172385726821,-0.0120436703678424,-0.0145504973078481,-0.0167382892218301,-0.015931733319619,-0.0104391431159007,2.79160265456523e-05,0.0140701159230158,0.0281546511441339,0.037167520803766,0.036592369960335,0.0253652900341913,0.00689838197151746,-0.0127086675214968,-0.0276557372718072,-0.0347617408866477,-0.0340813738498281,-0.0277012127067982,-0.0177717351994076,-0.00544768091342519,0.00846446696799978,0.022087009475042,0.0319276758153912,0.0339721641207769,0.0262110055149402,0.0110983561582382
-0.00966559181632325,-0.0082078445556983,0.00275834088577062,0.0158448692037878,0.0222550466402431,0.0173056322300756,0.00273940416675026,-0.0148780549280062,-0.028069612446556,-0.0326281933233458,-0.0292601949076187,-0.0211658799389968,-0.0103125667255713,0.00342679117669532,0.0199675258721895,0.0362872422342307,0.0458393461345502,0.0417459587291804,0.0223149467633242,-0.00596131805540922,-0.0309885573533524,-0.0414778399730624,-0.033611013330339,-0.0138914772557267,0.00507175604246316,0.0130863370977423,0.0082827778439356,-0.00286950215128427,-0.0103183663749528,-0.00758785946311326,0.00334896350834712,0.0143580415370622,0.0183384337482029,0.0138903614430229,0.00496505528723977,-0.00179076459942367,-0.00108349721830646,0.00649026871973995,0.0137250545629544,0.0119506774055872,-0.00220930235708941,-0.0240288898148269,-0.0432739679285797,-0.0498025687160426,-0.0385464717185532,-0.0117016728609774,0.0219376284397977,0.0501243234438459,0.062344587639336,0.0548786637500097,0.0321508973184852,0.00347854473797307,-0.0216644262075079,-0.0371306095183614,-0.0415062927626531,-0.0368431651011121,-0.0259477904344077,-0.0111023893658344,0.00507486577262668,0.018797005891421,0.0259208461725848,0.0237874212455654,0.0131846238458884,-0.000621606140252112
-0.0131807374067787,0.000164456836854757,0.0206451580711297,0.037224291010183,0.0400407101962062,0.0267637541974504,0.00349979395694074,-0.0191028086056344,-0.0318522057035762,-0.03221643363298,-0.0249580568208104,-0.017053284027047,-0.0115987041874093,-0.00645555565644856,0.00221525783604487,0.0152102363392235,0.0280028639638667,0.0332027851951363,0.0262364830746688,0.00950896124019137,-0.00831708744908672,-0.0174797699853818,-0.0139245024049696,-0.00276110241981976,0.0058010647480134,0.00457996881554688,-0.00577022577251381,-0.0176953482712064,-0.0218969852532534,-0.0141914067912856,0.000716984333518521,0.0128247083050558,0.0148240326298156,0.0069020784065435,-0.00373204894209585,-0.00702954773256774,0.0028023761155663,0.0218686915117404,0.038172226673604,0.0392129930672387,0.019757578047101,-0.0147445954472484,-0.0500566603410077,-0.0700814222393164,-0.0654201686790395,-0.0377696759048463,0.00170181955825263,0.0379194322918201,0.058606349384163,0.0591674554186072,0.043303826357086,0.0194383232146117,-0.00365573059231284,-0.0198072990528887,-0.0271220937684406,-0.027119995478898,-0.021819391285562,-0.0125913824981515,-0.00170821520981133,0.00682099413280111,0.00903817153253748,0.00367910260542172,-0.00632065070764373,-0.0143585551579249
-0.0149488913242628,0.00601151474458518,0.0303246830543698,0.0459287110089328,0.044164414996847,0.0255259867353135,-0.000646876021282707,-0.0213449311438547,-0.0273077443272742,-0.0189043247464862,-0.00555969498814345,0.00180646404282238,-0.00108486326158896,-0.00993656499873615,-0.0162360787364288,-0.0138415674482396,-0.00334313723761234,0.00902153940067375,0.0165404499654546,0.016681474949417,0.0122457653641011,0.00871999685633304,0.00925719561077011,0.0113251911375422,0.00923178161350484,0.000135076225029126,-0.0129002026839551,-0.0227094904081933,-0.0229411235402402,-0.0131178463248238,0.000230425487874879,0.00796585816276321,0.00482497414786898,-0.0070143335173215,-0.0184280728103421,-0.0182409757841511,-0.00166318228259538,0.0249831494438968,0.0481675012442434,0.055295399715444,0.0406530901379529,0.00785631703324422,-0.0304885165348354,-0.058226069854551,-0.0646151692576482,-0.0494942471162586,-0.0216552536076276,0.00682338095734643,0.0265457908381209,0.0341652038836115,0.0319432503245573,0.0244896733613966,0.0158920516152469,0.00861704906069866,0.00294414458290488,-0.00212498699867677,-0.00643563296943895,-0.00841425590962017,-0.00778385056127764,-0.0071107377099439,-0.009733734443265,-0.0163574456753951,-0.0234819795213735,-0.0248032946018977
-0.0149177025725087,0.00602009667189442,0.0273372758899424,0.0386829775608866,0.0339064465433364,0.0154094640087647,-0.00671614356996836,-0.0199302098774269,-0.0167408896999965,-0.000276624331408938,0.0173178000479576,0.0234645886639993,0.0136102260257251,-0.00673746805951652,-0.0262528761769665,-0.0348657485015453,-0.0295350910191464,-0.0147352378993366,0.00192294370851576,0.0144667827179998,0.0208370432628695,0.022384147519762,0.0212082235732855,0.0174792056374454,0.00997289920565973,-0.000714198039587692,-0.0107001149594349,-0.0148987858840818,-0.0110515023298821,-0.00226496444393456,0.00480232562335912,0.00433949074944221,-0.00522108565539205,-0.0199248638787273,-0.0310149892000519,-0.0293820990317538,-0.0125590131283732,0.0129002392444903,0.0362709616045114,0.0488078778780538,0.046287188650265,0.0296399165113129,0.00532247338708658,-0.0174854441902506,-0.0321214245214765,-0.0368824551654542,-0.0338724430191062,-0.0266942214244228,-0.0181124016996066,-0.00876625258865501,0.00201398479538114,0.014042481089141,0.0252136332156026,0.0324231602443932,0.0329153546451172,0.0257661660598205,0.0134080839100225,0.00070603710787848,-0.00876321801733802,-0.0151418790462502,-0.0207424989983159,-0.0265648652858448,-0.030346911686453,-0.0275885081271072
-0.0131574836123999,-0.000282670215008836,0.0123854324667672,0.0183469123044511,0.0141725813807031,0.00236256786991345,-0.00947189980640229,-0.0126847360984114,-0.00316978331910303,0.0147812448230963,0.030419444968892,0.0336459650568456,0.0213100942226951,-0.00138613098994958,-0.0240620235006037,-0.0368634719145534,-0.0357159964557032,-0.0235708639444738,-0.00716085312050331,0.00715852140958339,0.0157243334906929,0.017975944882807,0.0154892994375092,0.0103075765011494,0.00413393315401543,-0.0010132270812182,-0.00254606441469983,0.00109893052511465,0.00812661285674644,0.0134852979062338,0.0124672105713466,0.0039396702887478,-0.00963842907938203,-0.0235209497271669,-0.0319434526034362,-0.0309699454710011,-0.0214064092302283,-0.00760760622299998,0.0064505738164569,0.0188613587365038,0.0286671020838163,0.0349494749770426,0.0366235656977721,0.0318527154609599,0.0187463940613624,-0.00180753122756696,-0.0248451274726092,-0.0436465805218336,-0.0526074718548273,-0.0486659135090063,-0.0322043546161155,-0.00746099580778008,0.0184552659391594,0.0380789560858833,0.0462445094140423,0.0417137074111458,0.0278125318039443,0.0109454134462818,-0.00322766440565711,-0.0126242439926212,-0.0182800627096232,-0.0218602240890655,-0.0234529168456406,-0.0212000657146908
-0.00952496104193884,-0.00998329435321386,-0.00889449023346641,-0.0076210673819269,-0.00719859898454371,-0.00696221802466771,-0.00484888065761112,0.00100103307422968,0.0105105389750032,0.0205999405989753,0.0263969070784129,0.0243214395352786,0.0143230488871187,0.000144372073255287,-0.012521529664983,-0.0191081973914816,-0.0184204502101906,-0.0126493520825535,-0.00544673055251307,6.37727563015588e-05,0.00219023123467777,0.000822784412799247,-0.00271248617638506,-0.0060271082962093,-0.00657332932774865,-0.00273749252686265,0.00550460021994626,0.0159269412232123,0.0238899829502412,0.0246182762644495,0.0169282692876393,0.00437605855286405,-0.007480794924891,-0.0145809794079357,-0.0163189364718562,-0.0159887239611636,-0.0181668739575177,-0.0236389017549851,-0.0276008820965579,-0.023522892009202,-0.00789157709656094,0.0176138597168942,0.0454258383571174,0.0637308159666507,0.0622967521906871,0.0393197143875775,0.0030578318782598,-0.0332420244431767,-0.0578446042430518,-0.0643485664273651,-0.0528936489587128,-0.0291213820294175,-0.00152680385045211,0.0216964359879075,0.0350739805290142,0.0368204883301495,0.0290719711221013,0.0169480146265681,0.0058396403422977,-0.00111241347835215,-0.00380980819729486,-0.00441723039922819,-0.00538999153111388,-0.00749784200635399
-0.00365833348478517,-0.0179320253346144,-0.0281316494113349,-0.0300959912363642,-0.0228287410893906,-0.00879401849296398,0.00688182407763715,0.0183116757256955,0.021636893667136,0.0168597798448035,0.00752763216610742,-0.00142456278471581,-0.00602664465124969,-0.00450384139789624,0.00185913002998331,0.008962728686403,0.0124425088524526,0.0104217031862251,0.00403008026279054,-0.00411760584683688,-0.0116517548555409,-0.0172557413582214,-0.0203917540460968,-0.0201598126017365,-0.0151094230038164,-0.00482749484636826,0.00872921122246119,0.0211153991830356,0.0268736188908632,0.0230244120698356,0.012038635355164,0.00102298437260103,-0.00291908695362545,0.00229344759228813,0.0113996579473636,0.0138869456485379,0.00156453910304522,-0.0234443156981501,-0.0487594040238434,-0.0598084839632408,-0.0480459065555666,-0.0150016302162994,0.027536477133353,0.0623059439770807,0.075375568097508,0.0632351749477882,0.0333427730460373,-0.00143972559172695,-0.0296106812383961,-0.0448970497504543,-0.046748672855856,-0.038464812821912,-0.0245716942427248,-0.00920145539234069,0.00419708154960065,0.0130028545815901,0.0162342211149645,0.0151922744372105,0.0128701370391655,0.0122430654296094,0.0143013596135502,0.0169818333536691,0.0162511028322713,0.00914724450515469
0.00441611139477311,-0.0191325123332952,-0.0374452754093103,-0.0415349841921787,-0.0286023243743316,-0.00414871799939626,0.0203925295542509,0.0330996242461882,0.0277464481836582,0.00761755867216914,-0.0161212374854586,-0.0309299605503186,-0.0292706394831424,-0.0116502041763592,0.0134062911295917,0.0334020125696161,0.0391864357589549,0.0299249661980745,0.0118749467116842,-0.00660696053057765,-0.0194712297081768,-0.0249053905005268,-0.0245652487802925,-0.0206673234513421,-0.0139220048805732,-0.00448466160392065,0.00604242284676765,0.0138783163823503,0.0147702843335159,0.00764577824143126,-0.00291174371449822,-0.00828036225882738,-0.0014303931746612,0.0172917483287383,0.0381795041381837,0.0462201739203448,0.0309995314788404,-0.00464467169527582,-0.0452689641472711,-0.0717878046667043,-0.0717722427224875,-0.0456259758168277,-0.00590169787454602,0.0303793540970891,0.0512785960323281,0.0544786232788688,0.0452850355763468,0.0311340775758309,0.0165850377863039,0.0022011620062748,-0.0127539300588502,-0.0271806326883662,-0.037293857097332,-0.0390071799941818,-0.0315322294124422,-0.0182563398537557,-0.00440715673704461,0.00618350000490353,0.013141141933356,0.0188000932329108,0.0252003980221331,0.0311997972334233,0.0321784508911164,0.0234002636348731
0.0135542651814671,-0.0113128467651163,-0.0326206989136268,-0.0385899149380278,-0.0247995396168715,0.00206825427661938,0.027787729582749,0.0382446677625807,0.0267306809743901,-0.00172833106077918,-0.0322532140695998,-0.048437677414185,-0.0413763889095702,-0.0141814970582531,0.0195599925947494,0.0431732304104706,0.0466372935714885,0.031655238241001,0.0085780715124875,-0.0107973628901053,-0.0193265944534153,-0.0171555688894503,-0.00993847850279054,-0.00372602700890376,-0.000863020321728626,-0.000231950592639066,-0.000321708481346477,-0.00163407692010529,-0.00611499911249503,-0.0140170954859169,-0.0211715001794572,-0.0200377186342586,-0.00506539685731206,0.0217457761402837,0.04955282036695,0.063474254539263,0.0536162258189412,0.0217919171660237,-0.0189933817779744,-0.051466915805016,-0.0635342612897187,-0.054650014761819,-0.0342415817344204,-0.0134262951811527,0.00249897120555354,0.0150283122948287,0.028106757352514,0.0426741280141199,0.0536316948884655,0.0524459671711829,0.0342160914984782,0.00283654245892459,-0.0299109047135244,-0.050938717062449,-0.0537742387917922,-0.0414478717444934,-0.0228160608413797,-0.00620825740319069,0.00515147762083562,0.0132825885835806,0.0216750899002841,0.030649317553276,0.0357203029796559,0.030813921072295
0.0214879437383003,0.00356679530316821,-0.0151445805751434,-0.0232287257554133,-0.0151126551697867,0.00432282609193908,0.02303700259757,0.0292240895965614,0.017531506442663,-0.00741887546665139,-0.0324332607027599,-0.0431236124571573,-0.0328681069191368,-0.00702351020556898,0.0203775080327117,0.0349321231206794,0.0303553360701169,0.011803050337311,-0.00828789691041689,-0.0180604064236141,-0.0128795581507391,0.00243719154683054,0.0174119719346467,0.0232560532950895,0.0179841408783407,0.00585395590070396,-0.00705557628912935,-0.017089647767396,-0.0241729978811707,-0.0293918569172112,-0.0314834299676922,-0.0263664023530852,-0.0107704133918494,0.0134823208859742,0.0384277067771115,0.0538001391909302,0.0531206370561697,0.0372151006961122,0.0134766078250002,-0.00843852325903355,-0.0226855191813462,-0.0305175986386009,-0.0368925542266417,-0.0435976290938886,-0.0462166814304667,-0.0373300625747764,-0.0126323791553964,0.0239488574394161,0.0594765506060382,0.0778697892287337,0.0695520450523505,0.037643002613346,-0.00343932302716404,-0.0359864764497825,-0.0491327470412222,-0.0439866310673592,-0.0300247996303202,-0.016981574425485,-0.0089273939538525,-0.00348687695855496,0.00411286006096278,0.0153244648158933,0.0260636151212175,0.0296047572576751
0.0256198688527811,0.0197635648636043,0.00802875930976323,-0.0018245725617598,-0.00427399648574002,1.98808669017312e-05,0.00571454179453243,0.00708706547350235,0.00156905168353782,-0.00831064039926736,-0.0159638750524384,-0.0151575676107896,-0.00501559884722677,0.00864224520157183,0.016927896862905,0.0133297114475085,-0.00185377185072471,-0.02048615321837,-0.0307820695162701,-0.0245172916077151,-0.00273769384015476,0.0241767329809785,0.0428297319246642,0.0448441419149034,0.0308163902709343,0.00854622529329956,-0.0121575020117341,-0.0248063289445308,-0.0288254946766082,-0.0277226995342671,-0.0246566556977927,-0.0200270765696086,-0.0125922803006705,-0.00203472304364023,0.0095478311052281,0.0190571850303414,0.0250038376515447,0.0283105239065834,0.0309646205382445,0.0333130877609768,0.0317153174399564,0.0197613671744285,-0.00583591506811215,-0.0396165823870164,-0.0681642725548475,-0.0769335525417617,-0.0584690323981197,-0.0177315205864971,0.0292228455337024,0.0635059264116188,0.0731672489054106,0.0582342537726528,0.0292340587348492,0.000754242100981766,-0.0168882679249713,-0.0225914453709909,-0.0222002375301445,-0.0220510712836708,-0.0240562992617157,-0.0248991559630008,-0.0197246659752478,-0.00730088161244857,0.00852474203205757,0.0213547526933492
0.0239236431063188,0.0301017393379583,0.0273315188781512,0.0175032588919014,0.0041443250470367,-0.00891636025527141,-0.0181207616594895,-0.0208933410381444,-0.0162143390500697,-0.00483509441647088,0.0101578399931757,0.0235051234082093,0.0295878632606311,0.0249231881064376,0.00965371088618021,-0.0125119099963716,-0.0346214648101579,-0.0475908911342522,-0.0438706936600854,-0.0224275225077246,0.00900575224345926,0.0373322757481484,0.0511515732775227,0.0463057997531292,0.0269509821875847,0.00287998755848653,-0.0152958308266724,-0.021386798309417,-0.0164891275994819,-0.00717775327481025,-0.000507347761728591,-0.000226794700759113,-0.00602074611309108,-0.014757677673182,-0.0223974815678252,-0.0250289939831834,-0.0192231453869509,-0.00303740584657813,0.0221588278045269,0.0500391204412253,0.0697035667775069,0.0697000683586432,0.0447232476995002,0.000521195400720998,-0.0472503564869151,-0.0799715191715435,-0.0850903453873353,-0.0625395184423475,-0.0240822370418784,0.0143230757107394,0.0410354525361177,0.0524293956762275,0.051185527989993,0.0421409451228868,0.0290634537290761,0.0137663060438026,-0.00298736955554054,-0.0199634076685118,-0.0342093735184119,-0.0413354309653314,-0.0382958171043027,-0.025965648597084,-0.00830100713212709,0.00989481147650625
0.0155591524812757,0.0291513346634979,0.0348224569781831,0.0281127017990556,0.00863069651069349,-0.0173277763314727,-0.03833576646566,-0.04354054055817,-0.0284420426931391,0.00211154765993508,0.0349894861337604,0.0549825438081312,0.0530729124710265,0.0306659932592845,-0.00256121455633028,-0.0339449942465031,-0.0524653285794932,-0.052067551325886,-0.03382733418507,-0.00586660217066877,0.020265198200235,0.0351255250619116,0.0350029872470132,0.0223108583209062,0.00399498294244446,-0.011072828931597,-0.0157212871186239,-0.00809074894874127,0.00734729093056524,0.0223899207927346,0.029370970567572,0.0242486298825997,0.00756036234842241,-0.0161257613662762,-0.0397281096482159,-0.0554878100410475,-0.0567555392274093,-0.0401249513538084,-0.0075917886979325,0.0327832380906416,0.0687818187857287,0.0881553153444896,0.0832534319234271,0.0542339836734177,0.00951191161969806,-0.0371477910178642,-0.0716834792588456,-0.0848864164472658,-0.0754657545489814,-0.0491155342382396,-0.014303989481062,0.0215048080341475,0.0517183086600113,0.0689016456190862,0.0672857078810265,0.0476314180937591,0.0174837117488472,-0.0130678454587272,-0.0353127925639518,-0.0445005906017141,-0.0414289303743081,-0.0308074114604777,-0.016770616690322,-0.000876604056088479
0.00142955057215928,0.0157848862209493,0.0276188305565465,0.0272186188567689,0.00944082250576212,-0.0199306541458687,-0.0453529505689051,-0.0504390980133676,-0.0286333694140424,0.0112172220694021,0.0488790460050774,0.0648678025310891,0.0518550257442144,0.0174446800320364,-0.0211399827247331,-0.0458211809680563,-0.046487758062879,-0.0259349719055584,0.00256081953998343,0.0235722379697848,0.0282214237180788,0.0173640228991393,-0.00164561674696413,-0.0197088258708022,-0.0290950697061481,-0.0256437980784244,-0.0103621321397221,0.0110477021607702,0.031201620518995,0.0441703137984851,0.0466517389861258,0.0378487995375978,0.0192487456025215,-0.00561587783510624,-0.0316892603988533,-0.0530331299505346,-0.0636862822379246,-0.0594339352458512,-0.0398500243358603,-0.008815677624494,0.0268453430583151,0.0593402839539421,0.0812332923851027,0.0864327641680764,0.0712569084879256,0.0356287770785121,-0.0143196417595375,-0.0644105870031498,-0.0967377457976428,-0.099097834011989,-0.0711070202312431,-0.0225472335502295,0.030633827531513,0.0697006774454339,0.0806206183514488,0.0626017204705043,0.0278986447783161,-0.00648680620669759,-0.0275227872253297,-0.0317099195282284,-0.025407787578402,-0.0181005789942454,-0.0136200988070549,-0.00857131002385226
-0.015383774548351,-0.0059709510942986,0.00898747931785184,0.0166280273194306,0.00785796570670948,-0.0142997925348152,-0.0349828558184383,-0.0371744744299051,-0.0148549047438923,0.0206305529873406,0.047599848852938,0.0491864424754918,0.0238242892624516,-0.0146666919657468,-0.044135494568501,-0.0459722737564905,-0.0177821492607479,0.0236125067790224,0.0534681719507399,0.055276421877082,0.0292971379792466,-0.0105051287153956,-0.045843720167279,-0.0624514779645612,-0.0549238308342824,-0.0283131709055517,0.00468804357377045,0.0309398904737319,0.043790913051936,0.0443044590664446,0.0373103607197518,0.0273819843507282,0.0172760134387083,0.00768187694489686,-0.00245150849949473,-0.0145121382946032,-0.0284385486915621,-0.0420352009028377,-0.0513703528183289,-0.0514893953318586,-0.0377838840856743,-0.0086799466913789,0.0316306839675988,0.0730535429764074,0.101538972522791,0.101893004197699,0.0651001843251741,-0.000967137956144056,-0.0697635657882577,-0.110329322594986,-0.106327778215676,-0.0635496140912664,-0.00412275027713217,0.0448812969169202,0.0643345283863698,0.0522655600819479,0.0226758579883983,-0.00439528914234535,-0.0146321903881642,-0.00761682315819693,0.00423464588955734,0.00725230926030717,-0.00132726450395825,-0.0125682272844243
-0.0300358167045606,-0.0281540000621503,-0.0130523468373171,0.00179337394108962,0.00547820019261222,-0.00224879387956994,-0.0110307161252941,-0.00836098588546106,0.00856890326547424,0.0282767470708884,0.0335346871821374,0.0151918780574939,-0.0207557591296997,-0.0549511101547974,-0.063405939088221,-0.0333947386844405,0.0234164152383241,0.076256543615351,0.0962356379821511,0.073460929339283,0.0193951368955692,-0.0410645885393527,-0.0814178716003923,-0.0856329542620796,-0.0556062781198434,-0.00938280049468442,0.0296778834967602,0.0462360727798537,0.0396145196657505,0.0202194005933023,0.00117756006866282,-0.00788197892096366,-0.0033446303496937,0.0119531261937676,0.0300155437119801,0.0408909345720296,0.0363882295284869,0.0130730677416669,-0.0253502717528913,-0.066776796496392,-0.0931584962530309,-0.0885992417275378,-0.0490072046363518,0.0147779890586112,0.081737941975068,0.126816035165849,0.127984659055683,0.0789217950485904,-0.000634129151175567,-0.0723338414331549,-0.103208727391837,-0.0860906137861615,-0.0403280541669459,0.00433236509227627,0.0264468398447515,0.022627078618014,0.00544719024236117,-0.00650044216024789,-0.00113634060718528,0.0180499167899958,0.0345898915772174,0.0332784096621336,0.0129342137516109,-0.0136118011459699
-0.0375261359109943,-0.0417466284572089,-0.0289191714269772,-0.0105268300958574,0.00353806097459877,0.0109653124583217,0.016121126772903,0.0238886504704729,0.0323632327360823,0.0319060519736088,0.013218497937282,-0.0232502926058577,-0.0639069890270773,-0.085345349810531,-0.0667822542654348,-0.00854124391712586,0.0620863610195994,0.108533816616909,0.108879478234387,0.0643819717794079,-0.00496528579178145,-0.0678105593176404,-0.0945101972199784,-0.0744555216492421,-0.0229694570122182,0.0297360635400587,0.057678606821919,0.0518701795519763,0.0207512108981272,-0.0178872052768192,-0.0461489798218843,-0.0523301623395169,-0.0339481969018863,0.00254703203190839,0.0451204508549869,0.0801792063151949,0.0952233868334142,0.0808892428573921,0.0343934891821305,-0.0351414286458108,-0.104122735636502,-0.142075138188472,-0.128741008786644,-0.0673799187665464,0.0183768942482641,0.0978954478192438,0.143103740241223,0.135928415727818,0.07919937110763,0.000993381823572952,-0.0599868527115723,-0.0802470187824793,-0.0648423980588013,-0.0369862823418719,-0.017437166687029,-0.0121608656079073,-0.0133324499327663,-0.00818053371425546,0.0101363143430463,0.0353489200507406,0.051701532681588,0.0466206550947655,0.0205458302325624,-0.0133210066016787
-0.0346928080323579,-0.0402292448084374,-0.0313952576115239,-0.0152908748273309,0.00229525680884355,0.0192314813246924,0.0347030497246837,0.0458116495163322,0.0461384717043027,0.0288096190502538,-0.00715175020042705,-0.052455710060337,-0.0873608199928763,-0.088298526433313,-0.0450823577032741,0.02466891113884,0.0846437645175679,0.105794861680148,0.081378292974985,0.0233222902884475,-0.0430718117107567,-0.0843439854724416,-0.0770473730834706,-0.0270566458329664,0.034266954647747,0.0737168201939548,0.0753781049738636,0.0431934708562225,-0.00626545932349102,-0.0525788591085263,-0.0792415981327132,-0.07892008150129,-0.0543754540258187,-0.0144048488081474,0.0317487555666793,0.0759822654259589,0.109238888260933,0.120262755087965,0.0975707676927978,0.0363815162822718,-0.0510596112985879,-0.132080340848462,-0.168285774123787,-0.141633146779919,-0.0660586084417687,0.0262595305463483,0.103770610902092,0.142847315475814,0.131307143705985,0.0763644497536458,0.00607185195929298,-0.0471988665311781,-0.0684179821022462,-0.0645637650633813,-0.0510142179437052,-0.0370016173300193,-0.0225258690890448,-0.00413909530192735,0.0182805401150603,0.0386198604245796,0.0476269179046579,0.0393844552971561,0.0157751163366022,-0.0133078600334179
-0.0214494003853479,-0.0225748400613282,-0.0189108296624062,-0.0114422352313263,0.000954479412000623,0.0186662757730639,0.0376045058506616,0.048915184242178,0.0431651169377987,0.016579509499355,-0.0246841031203065,-0.0644644644610957,-0.0804164394816768,-0.0561347619381718,0.000933154078354228,0.0586499064497543,0.0846632440584529,0.0684102331340012,0.0194682939416173,-0.0417854254678277,-0.0853632178716512,-0.0820286108545535,-0.0288690919914569,0.0427779535550786,0.0925401867468406,0.0997106557546682,0.0681898787470033,0.0156599331779289,-0.0359020045267919,-0.0680445198096355,-0.0741416411494682,-0.0613384849701986,-0.0426942665080438,-0.0255709862306471,-0.00657227532187017,0.0217601877767243,0.0604324889712958,0.100204026556462,0.123834228428005,0.111072148165692,0.0501444258465933,-0.0455945861516458,-0.134503934613618,-0.171652491233608,-0.141676148518144,-0.064767035979378,0.0248493796422189,0.0980561340231328,0.133801722592849,0.120812779597226,0.06680498100717,-0.000506139250190611,-0.050821858746763,-0.0704194397693212,-0.0639392097219467,-0.0427534883171962,-0.0164003333834406,0.00769215361039918,0.0235371116435612,0.0285170638436671,0.0239985572052813,0.0130705321450069,-0.000950281621623124,-0.0138496156730136
-0.000918346649025678,0.00563824698922724,0.00332503168310558,-0.00216430417483904,-0.00147769843216469,0.009658944495977,0.0256140862260933,0.033854889621567,0.023883458914567,-0.00450848050000335,-0.0390495737919068,-0.0590509032437299,-0.0452984960816672,0.00305017744030752,0.0587634812088898,0.084794785002651,0.0647422387153365,0.00914481072700021,-0.0593000990894149,-0.111185263468653,-0.112872259860339,-0.051814187337175,0.0406361705119646,0.110607624262674,0.125649280090486,0.0898252538301017,0.0272029143204777,-0.0334117289852707,-0.0654956530930749,-0.0572087080048583,-0.0220452725889252,0.00939091607368151,0.0119745012206189,-0.015945040386826,-0.0517174074537985,-0.0651350736650555,-0.0395276998883732,0.0199319183223832,0.0919302993514871,0.146214726493763,0.150321638501417,0.0867825466681123,-0.0247515999566824,-0.129578412198833,-0.174749652575091,-0.146284603321555,-0.0693256286981099,0.0194157329784324,0.090096565062002,0.120323670374045,0.09960547960153,0.0412569604420263,-0.0210623386789065,-0.0565954367684153,-0.0562038147787005,-0.0305511219497013,0.00211025265476454,0.0245255288135867,0.0266478039908709,0.0111430418680182,-0.00928980384984953,-0.0222602761385122,-0.0227920322581801,-0.0132387818416139
0.021242061174743,0.0339800725319014,0.0253193793472809,0.00683296388284775,-0.00518659588208087,-0.00317839527331533,0.00645469096465853,0.00945887902557552,-0.00388060142840508,-0.0295478672587745,-0.0497446165463958,-0.0420286278611226,0.0035430301819116,0.0677795543151662,0.108921255224465,0.0961340972248614,0.0326629831474963,-0.0548847164358246,-0.132229915805353,-0.158539957319011,-0.104802353504422,0.00824552633067199,0.113248020394821,0.15270938068086,0.11913700942243,0.04078057992997,-0.0450105343536772,-0.0988548309931511,-0.0905577271166367,-0.0233639401111813,0.0613308905795299,0.111645453790738,0.0973270562912523,0.0229878953339621,-0.0754649256174863,-0.147463105488491,-0.155040660036496,-0.0933350339149801,0.0122616499741489,0.123167554113844,0.198496012185664,0.201285773285533,0.117746040370498,-0.019249432564554,-0.139897678533872,-0.186133531410785,-0.150737014318798,-0.068118459099226,0.0203679198096139,0.0831837665880323,0.0989346186363578,0.0655011494156159,0.00877409428655148,-0.0328231476761627,-0.0373151621675149,-0.0110703338708271,0.0225483536743082,0.0396484614125048,0.0281050547601635,-0.00512469458205139,-0.0387190976443359,-0.0524559999337805,-0.0396397213486592,-0.00897701102306305
0.0382696372187936,0.0514741909681431,0.0368458669312316,0.00997447588401406,-0.00949066916046975,-0.0133379961896148,-0.00922521883787638,-0.01177482779613,-0.0283501233575403,-0.0501892713157435,-0.0549169450530873,-0.0215741730873885,0.0468300751808621,0.11381580015336,0.133599979516681,0.0881434537728169,-0.00493727781583834,-0.109390165679524,-0.177652760878322,-0.160750330689064,-0.0516702484243136,0.0862166702414333,0.167599826546668,0.15706745700707,0.0759845603684545,-0.0354922176534027,-0.131559687013872,-0.161243158906166,-0.0995682431191267,0.0226515105072624,0.139433108414957,0.19681629276051,0.174586777783319,0.080172625558556,-0.0552701227658565,-0.178403609396699,-0.233830926982645,-0.196570969777652,-0.0862019065328329,0.0518013946251824,0.173398052774321,0.241606647479856,0.223809850710132,0.113633819406239,-0.041665956308771,-0.161007209526224,-0.190656078056405,-0.138862723143383,-0.0510174360680037,0.0299459580128371,0.0750886595262482,0.0710334339744669,0.0306394672589368,-0.00997671657697899,-0.0200199496310937,0.00180878435769891,0.0324430702852471,0.0453866758889958,0.0273698429011822,-0.01363879049691,-0.0527636207314782,-0.0651958589412565,-0.0431593411336777,-0.000198867639471013
0.0445576737320035,0.0514558080756129,0.0322884907314119,0.00437708304308079,-0.0134425146291786,-0.015791884211375,-0.0129687705400607,-0.0194376685357566,-0.0392402588138172,-0.058792591582474,-0.0527603964782677,-0.00457241534316136,0.0702336641340236,0.126421567620342,0.124547225038848,0.0593887075824785,-0.045037766798058,-0.145276265693646,-0.181028956793095,-0.110038663199567,0.0350616429777679,0.15818811885018,0.187905265278324,0.125950256359766,0.0102220930368284,-0.117929514590822,-0.202242369583536,-0.188049518525593,-0.077164719816955,0.0658796179996829,0.172530996713971,0.214619745221408,0.194217609253578,0.119255659098183,0.00292807890095591,-0.125246812366286,-0.219828363689599,-0.238405129966201,-0.170751843880237,-0.047930006558167,0.0845490609579671,0.192277288087648,0.243964653262994,0.206236271847334,0.0789923459570608,-0.0753694506063944,-0.171062687733909,-0.170763520506441,-0.103003371930898,-0.0185959411344812,0.0445275506868082,0.0650234112650925,0.0429726250457956,0.00551545669571451,-0.0128119673730089,-0.00078513566801262,0.0243775475683193,0.0371986531403683,0.0232890599618219,-0.0121111313345363,-0.0464883106407342,-0.0553727447910484,-0.031223197122439,0.0108063738828084
0.037959541617699,0.0343544778100524,0.0132257464629999,-0.0085051248352361,-0.0159578377707557,-0.00930214468355752,-0.00265635962433934,-0.010283140715554,-0.0328298038665209,-0.0526124269152524,-0.0432658771525788,0.00585097478346245,0.070484463574134,0.106350904320335,0.0861424434633001,0.013629502329747,-0.0846621236074922,-0.157326123138028,-0.140632399637303,-0.0208788725918616,0.125723081606961,0.199287673258098,0.169255869885954,0.068496713691314,-0.0642886177656622,-0.183204225737383,-0.22096507772829,-0.146572776124932,-0.0141618545826788,0.0923014318209818,0.138925572852786,0.142346052303787,0.125026486612815,0.0978108777706062,0.061427311285539,0.00333722772083664,-0.0847624063719711,-0.173319139064926,-0.205597204634209,-0.154542189972154,-0.046556708979372,0.0750709694410401,0.177201475597266,0.221379861034568,0.169425062794615,0.035532545772045,-0.0988349568025331,-0.154634801392854,-0.122859256339527,-0.0488530301236393,0.0204159860547677,0.056186624895323,0.0484623020272449,0.0131045076147139,-0.0161920424375509,-0.0180227016424159,0.000293888553798637,0.0168685791169288,0.0159456657573442,-0.00252889745352721,-0.0233968153347625,-0.0276832093850242,-0.00924521332640884,0.019415915896273
0.0207601371756148,0.00705002595738843,-0.0124248260372772,-0.0229564673437806,-0.0154466580411528,0.00351403517645261,0.0164259796684097,0.00977976673018995,-0.0142134251290694,-0.0354390178629446,-0.0286186065387534,0.0108074446587721,0.0548543623214174,0.0670463366809503,0.0328432218833203,-0.0384284877192721,-0.116478834141547,-0.143465993220666,-0.0694750022966272,0.0754256752336672,0.187674177334079,0.196061399807526,0.115994150259942,-0.008372144657907,-0.139203117148458,-0.211632633324687,-0.162364257748268,-0.0244333609230084,0.0860664913257956,0.0996596029419401,0.0481026409208496,-0.00645972582380602,-0.0283813632706298,0.00189883625035717,0.0826392797748203,0.156723122133185,0.138004747950762,0.00493526270362516,-0.157313603606705,-0.235238231797527,-0.192650214393173,-0.0753364323574583,0.0593591598177425,0.168094414286448,0.200748656644958,0.127490817436123,-0.0051566923134492,-0.101780673809073,-0.111162504635526,-0.0577497220021908,0.00776087312666872,0.0495120505536975,0.0504045801400113,0.0160231296904926,-0.0241050535901987,-0.0405652130066081,-0.0294083359413583,-0.00749935906712549,0.00796549038214434,0.0107681857264484,0.00638634650614882,0.00544319659160103,0.012541354176451,0.0212085736803399
-0.0012626190233302,-0.0202900732569509,-0.0339675437622199,-0.0313896177320986,-0.0101938228292555,0.0178104529637589,0.0344670018143381,0.0287321261252378,0.00515016522137431,-0.0159581582500003,-0.0127588000132788,0.0136058241871166,0.0354200725291286,0.026631226908922,-0.0167862177384976,-0.0810359851393401,-0.130023396164101,-0.106594163376186,0.00943934174573344,0.146693335360578,0.202722697398041,0.15179482514648,0.0373715387136734,-0.100106339920124,-0.207423044891588,-0.193464803800074,-0.0319647664509374,0.153701475930114,0.20778801552637,0.106329163153606,-0.0588101961174167,-0.192363642785936,-0.231935445803292,-0.139639118204089,0.0648606540441743,0.276828038612694,0.357932765304779,0.235993486666973,-0.0230906138126578,-0.249329604582372,-0.312700752645149,-0.221893007632263,-0.0655497750690527,0.0852390209701336,0.180515205801636,0.173870931789757,0.0727319844866654,-0.0390163137230453,-0.0817360738851906,-0.0521708838022675,0.00341014468711782,0.0445884322530865,0.0500414936541622,0.0178132791033495,-0.028595963866004,-0.056008618266296,-0.051035181653236,-0.0251651392526278,0.00339148684830478,0.0230529637673869,0.0308402062339315,0.0299353323528895,0.0243028671157854,0.0143526858755753
-0.0210056778453068,-0.0379942917671306,-0.0423895984864471,-0.0283419601420227,1.47978367854451e-05,0.0285549433065774,0.0424505495520586,0.0353766809520691,0.0139151781217478,-0.00347929592186987,-0.000528559497550021,0.016374607279266,0.0219193062008711,-0.000333684791489277,-0.0469292943875168,-0.0997531651379922,-0.118391398726407,-0.0561502063395205,0.0729576696676153,0.175456176446938,0.174455003910294,0.0829237256857658,-0.0531797146749522,-0.195400838514592,-0.256593570770078,-0.134741511227888,0.126251556239622,0.32689904423625,0.322589081497207,0.138739898422639,-0.125046278757945,-0.358284145099636,-0.432169703710122,-0.274864314345366,0.0363181370863653,0.331993905436479,0.480081810949781,0.413999264625859,0.143975879535001,-0.182161182908454,-0.360106130303177,-0.321002010386228,-0.159049378530828,0.0123194160898897,0.136114144764191,0.173638349188891,0.111099689817921,0.00688154809045815,-0.0531289728379902,-0.0434509433599294,0.000191879760771743,0.0375016075447588,0.0460172212007794,0.0196018021943558,-0.0247696085157151,-0.0554408552957004,-0.0542616743835492,-0.0282040797676213,0.00484437753606749,0.0305235975144486,0.0413691207823372,0.0367676872935981,0.0212908016262166,0.000550277639115412
-0.0323350677352834,-0.0401872624263699,-0.0341420123627344,-0.0137905923440472,0.012540321037396,0.0321932799584074,0.0367315006480098,0.02574798239836,0.00744986135347215,-0.0029585179177929,0.0042133735968026,0.0182612807243989,0.0171914886151407,-0.00830231688932639,-0.0505942816471215,-0.0890123830709217,-0.0841301436177059,-0.00596254579422664,0.106899709667329,0.163791269379234,0.121982881853114,0.0114666724198447,-0.135073113547317,-0.269465166660097,-0.271106345975511,-0.0588490711797484,0.246933108870651,0.42379889918545,0.389951180882945,0.197135748126095,-0.112989723746334,-0.437229936211515,-0.556820259385711,-0.355304493937345,0.015480878522511,0.316590732474782,0.463151441827181,0.4552454287427,0.255564327810011,-0.0723194370523011,-0.314235662052267,-0.331186811140136,-0.1896097576366,-0.026309586954503,0.0915094611014138,0.140729931611169,0.106251853646335,0.0224815846516891,-0.0374278287732241,-0.0393460349290005,-0.00690012820976592,0.025057369645595,0.0363031068537996,0.0198006718979288,-0.0134364260309983,-0.0381124381624297,-0.0374187443786879,-0.0157875041236083,0.0114566353334469,0.0311761840703796,0.0360596014733436,0.0255976037935954,0.00579045678668193,-0.0154398742107282
-0.031840092637859,-0.027052411776397,-0.0130158239919645,0.00636539897549427,0.0225482042969337,0.0276859707024644,0.0203027589030426,0.00490898956517997,-0.00965899953018634,-0.0121227565725287,0.00102962792724159,0.0168084607402025,0.0174380580092271,-0.00178146828173067,-0.03252720629784,-0.0556111048735042,-0.0390604189540296,0.0308525063169816,0.108838732616859,0.12594477856059,0.0669069552588339,-0.0414635693858698,-0.180746378956661,-0.290030339374334,-0.242009184510746,0.00083377546708321,0.277034737134001,0.402172902875422,0.371991964712322,0.237265712205571,-0.0383133562033635,-0.381855433150187,-0.531130119696016,-0.34606626374854,-0.00661926312627139,0.232019504796792,0.330606441025469,0.351143363598025,0.248420696866294,0.0118911415002121,-0.198934681429021,-0.239467144176239,-0.142341945656408,-0.0237767883493021,0.0572742467953285,0.0908021927820729,0.068939411797747,0.0105026675988379,-0.0347824006633446,-0.0391233463136155,-0.0164552637857744,0.00848097506696122,0.0211208069659109,0.016186492449184,-5.5843488982469e-05,-0.0117504484925693,-0.00869916128689589,0.00506212624028665,0.0190339339009082,0.0250721005355224,0.0194119562185917,0.00395690074007452,-0.0140518775262516,-0.0271754047578365
-0.0198790340690417,-0.00497995945081314,0.0111591185710171,0.0229516382183442,0.0252744171312922,0.0165910542029596,0.000528394417704886,-0.0163671698155463,-0.0263725649304185,-0.022599814164421,-0.00621546467254207,0.010734617851773,0.0162377306660232,0.0085189205447237,-0.00626935311671922,-0.0150159405389113,0.00171335879765743,0.046366112683598,0.0841543668206222,0.0762894959023881,0.0227185256239841,-0.0613009107656097,-0.165707725329299,-0.23359894401447,-0.171605335503319,0.0188466467772309,0.201935992831578,0.26995740936504,0.258637912430703,0.201861186103753,0.0363478009157254,-0.204097465208653,-0.326371764169664,-0.230068556378188,-0.0379725305803435,0.0880228787244195,0.134823283123344,0.15509289409179,0.126389333031004,0.0293655409230521,-0.061564970488483,-0.0762124660042936,-0.0341680981273274,0.00954912232194373,0.0328401933434196,0.0351801808094563,0.0153336518099039,-0.0157669661491578,-0.035779342322105,-0.0349208385298425,-0.021366707532397,-0.00635944698358908,0.0041087690006391,0.00825173760000941,0.00900647600991754,0.011924886866191,0.0180907539282814,0.0229386855311619,0.0219910357739317,0.0137281418489955,-0.000769691635031039,-0.0169385622263806,-0.0278127511397407,-0.0286966135390325
-0.000683069678074756,0.0162778052836432,0.027189689003553,0.0278630331934765,0.0181607112541867,0.00200930655869907,-0.0149209732520999,-0.0274384928049138,-0.0312294468623045,-0.0245498130458587,-0.0112756927759368,0.00130833385773165,0.00899350639245596,0.0123394500810484,0.013796325230232,0.0173954122681447,0.0274230170669815,0.0398622928553564,0.0406505375663874,0.0222033771339203,-0.00866915902650521,-0.0465226418661304,-0.0860636503574365,-0.101293432775914,-0.0668059958427476,-0.00127388157561512,0.0493088719762311,0.0683822800195605,0.075126966975585,0.0765668359993965,0.0568059962639318,0.0238060401296797,0.000626937802664885,-0.0217643895306614,-0.0545476304144672,-0.0759671416320564,-0.075458977665982,-0.0688503719491032,-0.0514517993498753,-0.00325304425890196,0.0625237865396981,0.100322885245188,0.0881047935021251,0.0492408971478322,0.0110931042831397,-0.0201611514281589,-0.0396861548959661,-0.0402021156748598,-0.0281828270786405,-0.0178539715206885,-0.0140376191177986,-0.0126458230610486,-0.00950310963351858,-0.00211867764400886,0.0102541176116601,0.0237573330092841,0.0311198934182586,0.0280720586558382,0.0160521388489865,-0.000709818775373303,-0.0170998318524208,-0.0274514316689457,-0.0276169949767833,-0.0173869478624866
0.0188841368198133,0.0283320317398853,0.0282777124561059,0.0180670272876748,0.002044461302969,-0.0128081498586595,-0.0216331837078307,-0.0231166460873305,-0.0185712688131103,-0.0122932103824587,-0.00908553639974133,-0.00838616819656058,-0.00470717716675496,0.00528471545724747,0.0201228548160892,0.0341881334662256,0.036507376059108,0.0180486487274748,-0.012998875779239,-0.0343861838917358,-0.0337706103808397,-0.0120970810934988,0.0303326629454512,0.0741998177082003,0.0654874294569679,-0.0211666375431531,-0.121102283217215,-0.155271383532549,-0.136876747385398,-0.0932819738907986,0.0253898940803261,0.216816672526877,0.326336281701174,0.219413548034124,-0.0196536615633449,-0.19432796009919,-0.25638124533071,-0.270607140581697,-0.210906614316617,-0.0343152764333882,0.161001113599222,0.234167824616465,0.172703277022003,0.0681408723934012,-0.0176999744628438,-0.0736353669502362,-0.0851515396735042,-0.0496658061279741,-0.00402243041594102,0.0149257901188134,0.00722703539319143,-0.00774488614123652,-0.0162225240728667,-0.0116779674617737,0.00482396658628939,0.0217938039708779,0.0266797591615586,0.0174691683592111,0.000781163681432176,-0.0155888453146341,-0.0249952019505732,-0.0235087747159618,-0.0122869197615778,0.00371141578313803
0.031754451986559,0.0278190208060006,0.01530859782259,-0.00252014018220925,-0.0184585074881456,-0.025025785493213,-0.0198288951674176,-0.00625270453800575,0.00787981462613267,0.0120391732471819,0.00128857095877235,-0.0151912006534669,-0.0213595398612751,-0.00996025156150524,0.0144182951846731,0.0379974065089325,0.0365019348921559,-0.00609311140860256,-0.0653167936570503,-0.0910903289910875,-0.0614167158643737,0.0164010644427903,0.133217903158394,0.235638163181377,0.208360634930217,0.00694131933833788,-0.234606862529091,-0.34891687693791,-0.334589665155774,-0.242945317311897,-0.0161675000667936,0.322861537412051,0.528548055526754,0.402713792370775,0.0634310718331982,-0.22261261829029,-0.36580437632012,-0.404087798241287,-0.292341364468995,-0.022593869561992,0.230061873027417,0.293318384180883,0.190851945490537,0.0505254177071088,-0.0605723040405342,-0.123956455293168,-0.112646885691943,-0.0370061495671822,0.0357543707051105,0.0562135303039883,0.0347466147129211,0.00367967667492483,-0.0167524927242757,-0.0175664981867478,-0.0023271636042403,0.0116773106774342,0.0104328282447403,-0.00363612387294793,-0.019339060046559,-0.0275291144831529,-0.0233680905852563,-0.00782060518918445,0.0116177273348143,0.0262330654450964
0.0332183604034558,0.0168842425059378,-0.00412502843887553,-0.0242589584998546,-0.0356909850571616,-0.0320657552822708,-0.013324536771527,0.0137040264330738,0.0362976281855723,0.0389702058158136,0.0159110192874238,-0.0175692513369084,-0.0359391158976608,-0.0266901895528853,0.00420241427613889,0.0375646251146672,0.0393718030875871,-0.016563813163146,-0.101002127710959,-0.141056199014502,-0.0976669345238239,0.0159779492194658,0.177260171775233,0.324549504920096,0.323467876045108,0.0957218650756733,-0.233988655154591,-0.447700215957351,-0.46821069977304,-0.332420416889232,-0.0419306823210806,0.330827541853042,0.5528175039135,0.455784964654056,0.138314084514503,-0.17830358565169,-0.380760807335665,-0.428160975205026,-0.26640202611004,0.036981372356241,0.262870810705114,0.275980104314251,0.146333021462885,-0.00187625884995417,-0.115866744789524,-0.164084208979496,-0.114036981863113,-0.00211279614495156,0.0810053782842879,0.0907632625618755,0.0539270177390191,0.0109834894225552,-0.0161487607726365,-0.0189441261345188,-0.00528981149419331,0.00303664496066223,-0.00619692127446847,-0.0244592621357805,-0.0363583609343324,-0.0330491800993145,-0.0143425221914844,0.0118681777455178,0.0329989462244137,0.0401689068312391
0.0224478506198071,0.00107565532671215,-0.0198097453765286,-0.0358391232707168,-0.0414778822357564,-0.0318994368297635,-0.00720033367857059,0.0256876327017737,0.0529065073818496,0.0564882805461283,0.0279604481731829,-0.0164375399506195,-0.0450664692992742,-0.0391870367525107,-0.00350677598656624,0.0407015324939558,0.0543767079662689,-0.000350861268933791,-0.103847150273876,-0.17225021281414,-0.142178896964444,-0.0232470518303753,0.146071640760135,0.31181050299474,0.364234242972805,0.202250957378719,-0.119514579139294,-0.40053784563843,-0.483188041795035,-0.348920231275996,-0.0604019894927083,0.255557640048864,0.42872343834597,0.370865029832915,0.144654877595291,-0.121191064363486,-0.314447361016674,-0.334341459460931,-0.145765174853058,0.118480869766064,0.254785441865355,0.204445317960949,0.064200029741859,-0.0740275272081701,-0.170299882460267,-0.179410966827217,-0.0829400525244828,0.0479976742667373,0.116920947520892,0.103024141479516,0.0510417083471716,0.00316760260604678,-0.0212213603428222,-0.0174959109713333,-0.000567236895337528,0.00397118255474924,-0.0122594750949192,-0.0340890097717998,-0.0425676348261354,-0.0301305288068158,-0.0022701223898988,0.0265838415882849,0.0419246328957862,0.0387649264160692
0.00260599437232482,-0.0133461276551521,-0.0236422060840291,-0.0295819138895245,-0.0310169585834347,-0.0241110535064266,-0.00536547311652125,0.0228297605478278,0.0495421824183539,0.0567588952651339,0.031742417164447,-0.0142675609641824,-0.048663244216653,-0.0462783518352186,-0.00729887827657028,0.0482244517462492,0.0813779440329998,0.0448715017953819,-0.0636993521102377,-0.169011628727023,-0.183822677351796,-0.0945676608143559,0.0538555553619086,0.211636117356393,0.310416472499456,0.260313173177455,0.0429519187682158,-0.22018377440058,-0.35621276757138,-0.288769821322094,-0.0817836844954065,0.127760511372371,0.230090241509309,0.199388525469731,0.0707508761957325,-0.0951620084767081,-0.205215160921079,-0.163759810037337,0.0166561139117082,0.185874365264618,0.211811424226746,0.110377120346797,-0.0273166955694823,-0.144753382828399,-0.202269945626134,-0.154694747304347,-0.020519986900719,0.100617103289615,0.131369020700798,0.0859064121065784,0.0212702431246159,-0.0243331701028148,-0.0358797518438616,-0.0158101947613167,0.0112381860469198,0.0165778824901761,-0.00326241558085408,-0.0273988427018752,-0.034742672366164,-0.019509388338925,0.00819968785643494,0.0303668064000013,0.034359538616802,0.0215562654926001
-0.0201383905638589,-0.0214819608817247,-0.0131320296096926,-0.00564737261095025,-0.00613331683635882,-0.0107175423229421,-0.0087840312959943,0.00584656766501596,0.0278612901627614,0.0406266288438947,0.0265267815112264,-0.0126247047085577,-0.0487052645319581,-0.0510368735442223,-0.012022960049099,0.0526359551083767,0.108592399044751,0.105450639817479,0.0146091306903655,-0.118618030578189,-0.198889386014694,-0.173676056992265,-0.0687367258756781,0.0654335387501355,0.185756135586609,0.236069902726845,0.167067912043629,0.00746591599386795,-0.13182661911602,-0.159545499451415,-0.0894755094438903,-0.00643696149292322,0.0282841744297431,0.00977199601432575,-0.0432935374716233,-0.0971826271406551,-0.0906463431122951,0.013577500398565,0.15362997631348,0.212263160393246,0.147639081335553,0.0186873283203176,-0.107497902135635,-0.192295453703743,-0.191996784119302,-0.0863505658178002,0.0597989281811766,0.141383449756393,0.120964074847457,0.0446324116369159,-0.028378896582304,-0.065854738988899,-0.0570666980786111,-0.0144696337499791,0.0264502501538829,0.0359539123204282,0.0161434945121569,-0.00838357942488428,-0.0165424224417691,-0.00477470350914144,0.0142865543100468,0.0229757571437491,0.0135975677657894,-0.00569333846457658
-0.0384029766037929,-0.0211843698278057,0.00740161445000508,0.0271141794383606,0.0243956573868763,0.00405992925037743,-0.0152775339497899,-0.0176436265962331,-0.00187209777102633,0.0172098723668521,0.0175166670517305,-0.0101528771081873,-0.0463621456465729,-0.0571312988688633,-0.024572338580783,0.0429800410572654,0.11809003085071,0.154961464739264,0.106395402309836,-0.0242787051108472,-0.161664693027296,-0.221219974035773,-0.18315575432842,-0.0838099871450648,0.0375115184106511,0.14808622188555,0.204910712793156,0.178486953227304,0.0918956394538805,0.00194978197306836,-0.0584364513958033,-0.0957233657970373,-0.123244671995742,-0.141313576859583,-0.139941414874051,-0.0974501943590414,0.00467781303256726,0.137430465560929,0.218677423270305,0.189210460960879,0.0742349078223974,-0.0591313297792638,-0.163330493996273,-0.200067775110041,-0.134423343939922,0.00942544228183432,0.134520144227073,0.159528540056377,0.0916611389049473,-0.00663808025888317,-0.0821069137076618,-0.106659252880164,-0.0745696655565668,-0.0107547999324691,0.040686716325461,0.0530552196816928,0.0346993281252451,0.0116779125797936,0.00278528994548085,0.00869010034256834,0.015797759055878,0.00952423407370798,-0.0115246529272688,-0.0332609235162614
-0.045975855351709,-0.0136907456512055,0.0286103424263568,0.0547315316620085,0.0481918218403099,0.014870412798107,-0.0213958547937683,-0.0372731829840923,-0.0260451658417439,-0.000868423946255115,0.0130315651008483,-0.00304416931418726,-0.0402472443027465,-0.0647798638156521,-0.047833100334865,0.0127043765255177,0.0967330610733988,0.167593125218481,0.17459940967176,0.0855913426955612,-0.0674067514454375,-0.199757362459624,-0.244924313888905,-0.198756884599264,-0.0938382660564933,0.0381170241537132,0.163427524103412,0.236660340728349,0.224354199306894,0.133725625338158,0.00610249561635074,-0.112275553566642,-0.19059249356492,-0.214971107725368,-0.177499360791052,-0.0751376089404372,0.0669714367527683,0.18251710482944,0.204582744984544,0.126068904272183,-0.000778427570926189,-0.118651641278516,-0.185782327564243,-0.16367280796185,-0.046061996312807,0.100718159723308,0.179311034426804,0.150737687699826,0.0532719366219953,-0.052424649720716,-0.121499092591065,-0.128405478669791,-0.0756984781843312,-0.000700585915292902,0.05046874210843,0.0594752919215995,0.0410698317737054,0.0207026507158009,0.0131597150606098,0.0156040547291474,0.0139762858509177,-0.00273793602521384,-0.030409085406649,-0.0508104681395859
-0.0401427750193738,-0.00294075296927875,0.0405681960557557,0.0647645750936536,0.0548086014737795,0.0168707321271335,-0.0250018249843312,-0.0452399032287917,-0.0343088599551258,-0.00409629182703165,0.0193945661192591,0.0120686932944513,-0.0271402466735867,-0.0690580955642945,-0.0766884032562982,-0.0349367511642787,0.0443438646043177,0.133167067028198,0.189508486432747,0.166886607539815,0.0527888928466652,-0.103049546252772,-0.219087592731509,-0.244000018326781,-0.180894723376699,-0.0616670241774085,0.0768320053691884,0.191013576000116,0.234592038258075,0.185225259833784,0.0650033628884996,-0.0716083148257029,-0.170171029970821,-0.197885891633059,-0.145757132068998,-0.0317804524972516,0.0922344998643579,0.159772720430928,0.136317808866786,0.0434209810756497,-0.068471902525475,-0.153023896403813,-0.169794280667902,-0.0948400175676338,0.041361233297096,0.155329030077467,0.179653126088441,0.116311248313572,0.0128883039803376,-0.082332297662903,-0.132270900462877,-0.11733656642872,-0.0526225466904852,0.0171964230877974,0.0537726049863088,0.0514989135878102,0.0302144129919701,0.0127761507222796,0.00917180640574226,0.0130997121937791,0.0101099787421521,-0.00832008311854266,-0.0351741796600695,-0.0512497400188267
-0.0228370620416724,0.00657297587318006,0.0378478192318088,0.052423103867786,0.0406255123175073,0.00791977000542515,-0.0261819491305257,-0.0398408377810804,-0.0246740671440861,0.00846609263494583,0.0361929315052797,0.0345563536559277,-0.00471286007434799,-0.0616907951838988,-0.0981426455756512,-0.0862954548137491,-0.0262779209636736,0.0614334084960148,0.14598486189328,0.186407443170978,0.146486666927534,0.0294937503290074,-0.10918209881437,-0.198464441549419,-0.201805681908239,-0.130332813710915,-0.0203436920315792,0.0871422350010733,0.153057796743412,0.150489119018802,0.0818926312148362,-0.0165098854241347,-0.0940176828308334,-0.113011350475021,-0.0664912706362525,0.0174764744779457,0.0876153292163961,0.100657644737457,0.0504369619390573,-0.0344176966321392,-0.114590445023127,-0.152554656652291,-0.118776240321895,-0.0171806924861337,0.0977653392803427,0.157331560038216,0.136429689886038,0.0615238194602462,-0.0264407958518113,-0.0927511879627796,-0.109934748296139,-0.0722953846521987,-0.00838256444686673,0.0396750470819659,0.0503374964484996,0.0316871189009708,0.00579844458395422,-0.00881646389316379,-0.00698450425840356,0.002467326532,0.00529628533091501,-0.00576583923456216,-0.0241882273336997,-0.0339909234871593
0.000191773252015864,0.012271554911876,0.0222788927806457,0.0226911315648787,0.0106749294896891,-0.00948245711532418,-0.02585683236511,-0.0253867023038162,-0.00437568580628951,0.0280078102908608,0.0548654595907898,0.0577673703016383,0.024962812900016,-0.0362607410932313,-0.0963015389347884,-0.120684085157623,-0.0940779564071978,-0.0255909414943499,0.0628901358682447,0.142069126091217,0.175279287337567,0.135435363993452,0.0332317617287951,-0.0800730792242942,-0.148237903785043,-0.148575690891586,-0.096658116136261,-0.0247379346318645,0.0364299430202396,0.0647081907186231,0.0535652702919276,0.0182924276600972,-0.011151432981199,-0.0108676582190037,0.019341982181313,0.0554796764508841,0.0664831731586198,0.0371312015637487,-0.0223043103165858,-0.0858316986749215,-0.124575909123765,-0.113786633267668,-0.0472327655505817,0.0453306755579337,0.110277139188886,0.113343532122505,0.0641994082215536,-0.00401652996672022,-0.0613749566411452,-0.084746614844674,-0.0621422870140383,-0.00766204312582529,0.0424114865259825,0.0591813792006925,0.0413743204627975,0.00733187336297489,-0.0220263903033757,-0.0336191727303387,-0.0266538721282236,-0.0109722224348086,0.000799151326446926,0.00231019833805114,-0.00290485346818971,-0.0056761850242397
0.0217420107619962,0.0144522958955852,0.00176210116734445,-0.01223277116216,-0.0233112013908951,-0.028248577367099,-0.0240351789921658,-0.00909711678199533,0.0143639013337078,0.0406678758751811,0.0625571224005755,0.0706792914052063,0.0535028744870199,0.00529867086556216,-0.0617954979208374,-0.118088093480714,-0.134756616352263,-0.102354184460185,-0.0311414735419995,0.0583074642286765,0.137421268147475,0.171824563901679,0.139403527372615,0.0527942155127083,-0.0441372902094813,-0.108331114657641,-0.12425871857271,-0.102518624309328,-0.063287808367326,-0.0242240116983469,0.00479366792708468,0.0241328138827943,0.0411627628447035,0.0599172366337581,0.0737109951551923,0.0694526130037261,0.0391876131454267,-0.011492516605813,-0.0647232415587215,-0.0985016675817843,-0.094573794648803,-0.0476190183429856,0.0236094057314929,0.0794590758104265,0.086845964311188,0.046005334073945,-0.0149275842273582,-0.0654860882847724,-0.0846585017243117,-0.0618652801970146,-0.0058027314407418,0.0524430105387916,0.0798138307070436,0.0666733488267542,0.0280912603742543,-0.0135999373426678,-0.0416513041634541,-0.0490970086791181,-0.0389597976299403,-0.0203303305134458,-0.00223933665383137,0.0107517191255426,0.0186658398769599,0.0226001804833976
0.0356634106496834,0.0150234324847109,-0.0140153725194766,-0.0383152908842346,-0.0475997784570623,-0.0395102851566655,-0.0196454573379281,0.00273535752525701,0.0212365356971117,0.0357267429786411,0.0497090603550601,0.0636658700023781,0.0689780777561476,0.0501740250729271,-0.001030972198097,-0.0712965795363715,-0.128722453014791,-0.144041933753031,-0.108360747318862,-0.0328152760055321,0.0595547543501394,0.13759943580926,0.168613662331677,0.13666337008096,0.0576129265535629,-0.0306814625001149,-0.0944049194732342,-0.119827202694323,-0.110879201843226,-0.0788621014627954,-0.0351407414833605,0.0111093077375885,0.0518176899505353,0.0778279152686999,0.0801222052254673,0.0553078130569763,0.00996795422492811,-0.0399163909400245,-0.0739811289792656,-0.0751060823678577,-0.0381524823034762,0.0225055874392302,0.0744907963403981,0.0854708654401005,0.0472762257222636,-0.0183214618529617,-0.0778778799565176,-0.105292118767739,-0.0876005168097873,-0.0299083207546784,0.0402447044422967,0.0863093380538991,0.0886921865493051,0.0557409662583533,0.0105938017744491,-0.0264754114732489,-0.0453905212452589,-0.0463968231612451,-0.0360002670325398,-0.0206924388661395,-0.00362885445598708,0.0141994156033128,0.0306985669037668,0.0402407670200597
0.0385534488622902,0.0153238172312642,-0.0185122883243541,-0.0455975090222164,-0.0521386060305083,-0.0367995232227126,-0.0115903341743363,0.00745985643140225,0.0132299994701432,0.0119218490248597,0.016336630719294,0.0350016149491334,0.0630381343802231,0.0803911022202695,0.0632375496586745,0.00459025561802266,-0.0738631485655088,-0.133513735282708,-0.144707728975096,-0.102778835604984,-0.024742526186569,0.0617107052824437,0.125853564251274,0.143063963662057,0.108309949851282,0.0404890265709333,-0.0299959759054603,-0.0786442927877116,-0.0953002313747504,-0.082083641549948,-0.0480330848388208,-0.0055094644306294,0.0318800902081152,0.0518472968954649,0.047408719726663,0.0203849768187069,-0.0180851540024164,-0.0503737780737129,-0.0584147791324611,-0.0327958238892212,0.018857092750815,0.0714947847421397,0.0945919731648354,0.0712277551049,0.0101716002658748,-0.0597720328467108,-0.106885120482926,-0.110129941849181,-0.0666878591543057,0.00320701593717092,0.0634597637562967,0.0853413953317429,0.0664446320774952,0.0265172975413358,-0.0107813937023058,-0.031011393092975,-0.0327827510988754,-0.0248281587265332,-0.016944176511171,-0.0116014439182821,-0.00425657821621886,0.0095865711890466,0.0280400730037908,0.0415715325062612
0.0305431278565976,0.0150688173223382,-0.011358789890628,-0.0326111448687775,-0.0352396469472006,-0.0193795764699517,0.000331622108139412,0.00692494012914897,-0.00421308561225964,-0.0217960947130519,-0.0271935278451286,-0.00699187208715442,0.0367191709391328,0.0835432581863448,0.103696939713399,0.0763811035231823,0.00662751343356361,-0.0738793480900788,-0.126200096125096,-0.128715302644386,-0.0861064096722556,-0.0197917405663678,0.0450743480711755,0.0869649967231788,0.0940723510654214,0.0694127264734326,0.0283562530982435,-0.0108326318360236,-0.035447361623584,-0.0411943493868503,-0.0310924907710703,-0.0131260329240332,0.00271408863353895,0.00814515547781456,-8.83064769333666e-05,-0.0187873541704844,-0.0386547837580941,-0.0466318741874748,-0.0318397463740415,0.00603520079523306,0.0525745076128911,0.0845557786089327,0.0831079974440176,0.0450061357038333,-0.0148339984785273,-0.0702902929689646,-0.0959581187899714,-0.0790875127046586,-0.0279144234559611,0.0296991761719234,0.0623972995649836,0.0566812591674035,0.0237397542296901,-0.0127403460172325,-0.0327543039807877,-0.0292249238111314,-0.0102633255354208,0.00719181733214913,0.0109488257366871,0.00280930717990942,-0.00513661839097654,-0.00216175979872507,0.0122223980046617,0.0276534186302522
0.0150936991459237,0.0129823868626865,0.00195083280273441,-0.00715631558617579,-0.00490357364363509,0.00684538592187766,0.0148030112532694,0.00595764798260906,-0.0203478094483194,-0.0505442273937478,-0.0645670308384861,-0.0475583606993596,-0.000170860205513315,0.0594654564599222,0.10439927023593,0.111706716916449,0.0740829586990757,0.00631973604273554,-0.0610755020629669,-0.10055724037018,-0.102748313217682,-0.0757804155270362,-0.0347393593795962,0.00609552585373224,0.0362382517679273,0.0510189446642321,0.051685318781112,0.0427776811137209,0.0293335386428823,0.015402792569993,0.00330045164662816,-0.0068208935955901,-0.0163569001001962,-0.0264693798268631,-0.0365950823609667,-0.0440710554385398,-0.0443712182974192,-0.0325396380975459,-0.00707702688897374,0.0259294106907133,0.0535735149076121,0.0628234678880321,0.0479133180109886,0.0135151785337603,-0.0266066275157685,-0.0542136961463409,-0.0546933071156317,-0.026559048569905,0.0147834725844177,0.0447141159993028,0.0453221587262156,0.0174933295242147,-0.0210145887932535,-0.0479108588776664,-0.0485120828750224,-0.0231523954420328,0.0122647361631596,0.0359973620322795,0.0356232950092762,0.0159533569600502,-0.00645627345373369,-0.016285997914738,-0.00961037812436481,0.00514252409062757
-0.00239862117236683,0.00795297767557905,0.0132345369496525,0.0176140995399854,0.0247967094109234,0.031521899387961,0.0284454669187575,0.00867194041734143,-0.0250978186399761,-0.0603909654912694,-0.0802188200548669,-0.0716315481691384,-0.0343067264756456,0.0184762997694087,0.0680201851766209,0.0980306937972382,0.0981141125672566,0.0677261624829697,0.0182963870795468,-0.0323228325746639,-0.0693835907006264,-0.0861347814879793,-0.0822994804794027,-0.0613747036051176,-0.0293587512546516,0.00633471875522381,0.0379000255719055,0.0584182813132227,0.0637865904654684,0.0541422765579641,0.0334736871048814,0.00763932710132215,-0.017440459626986,-0.0366547057597798,-0.0463282871211753,-0.0447726055934648,-0.032563136870988,-0.0127768225589471,0.00883275971783574,0.0248695324865315,0.0293496254825009,0.020851344844645,0.00319432408184072,-0.0160766077298571,-0.0278706506598815,-0.0245509424117281,-0.00460982881955718,0.0237921640132631,0.0454722789922688,0.0466799381700101,0.0236562061389907,-0.0143805084098707,-0.0496939217496888,-0.0647129331488181,-0.0508898804964288,-0.0143979048114595,0.0259321455245193,0.0495172743001894,0.0464194148303052,0.0221172866760004,-0.00743931728163454,-0.0263340531424484,-0.0279497538241092,-0.0167693865103407
-0.0167548256959116,-0.000322234121536157,0.0157247920177519,0.0299295078167635,0.0408591352785286,0.0446038719885462,0.0363961460487903,0.0150641089144302,-0.0150543774972417,-0.0455253429724662,-0.0662956871248994,-0.0694642471500487,-0.0536456080867567,-0.0241988952506057,0.0114571208615497,0.046694508721227,0.0741098710952276,0.0851289758206832,0.0736289387018926,0.040315962315737,-0.00603963063369895,-0.0514844058137064,-0.0820127856331755,-0.0887060857343986,-0.0708387410167756,-0.035632521855268,0.00483204830869728,0.0382067490190021,0.0560815556480822,0.056048940248765,0.0411885242325067,0.0179628670510858,-0.00592800179364903,-0.023316963146016,-0.0293898507709651,-0.0232576343152955,-0.00860899656822761,0.00709236703129627,0.0155341292949404,0.0118314627825326,-0.00264278582032636,-0.0210056030198869,-0.0343802672099205,-0.0355879234492291,-0.0218192990558862,0.00369204113151829,0.0318672133396082,0.0511556282831145,0.0530340388918956,0.0358570840704506,0.00517570258230699,-0.0282972346675891,-0.0519083315031189,-0.0555735671423176,-0.0371047995008784,-0.0047602999856317,0.0264838792637946,0.0430705070339223,0.0393944930245584,0.0192749911702684,-0.00675303870199795,-0.0270671084914115,-0.0348366318914595,-0.0299760473824037
-0.0247504625110684,-0.0110255575476864,0.0071250929417306,0.0249728875151792,0.0377181162946062,0.0413687179456108,0.0348621207732565,0.0210531596288252,0.00430196991323872,-0.0123963721364238,-0.0278076207193774,-0.0412072408155615,-0.0508304088704576,-0.0529361169358466,-0.0426105778786676,-0.0168756633745732,0.0211451959831093,0.0602522113896244,0.0844827134211487,0.0814565957331384,0.0503215429018207,0.0029536448593635,-0.0421233624930814,-0.0687657089661409,-0.0704380635157505,-0.0518093479378867,-0.0241385614426672,0.0014776870228162,0.0183683522715862,0.0248711113923297,0.0227563123101479,0.0153744521799312,0.00659568430284048,0.000462963960207089,0.000243235843497677,0.00652766209834849,0.0158738742177091,0.021370228480133,0.016215170899944,-0.0012112011010722,-0.0251948482505905,-0.0452710558715214,-0.0514080593391239,-0.0389256031073408,-0.0113658973838823,0.020265689361723,0.0427700949881208,0.0478653583345101,0.0359678222831003,0.0142916390742081,-0.00807780660766925,-0.0240155753456574,-0.0295828261383754,-0.0243269809678073,-0.0114195902214841,0.00365870989808983,0.0155488396284425,0.0209179461343016,0.0187756118366056,0.00995578421194652,-0.00307009255474778,-0.0167144235880896,-0.0270438334420513,-0.0304064169868342
-0.0256047437095663,-0.0218689672090228,-0.00937650935844197,0.00642290696771471,0.0191056252648021,0.0246385169883439,0.0239935102504316,0.0219688300253089,0.022121732336945,0.0228451855201587,0.0178954944010774,0.00112306858612491,-0.026981632873013,-0.0565740459653948,-0.0730215888483663,-0.0652333256887353,-0.0323529877169564,0.0143723838425922,0.0562106118314579,0.0765690341278997,0.0695867852356365,0.0419860769580437,0.00808728957347142,-0.0183506194182954,-0.0312133491007672,-0.0333268711794148,-0.0311121938932701,-0.0284881503071663,-0.0253182391932856,-0.019627187737662,-0.0103581458213066,0.00116212287412035,0.0118706140822084,0.0195302259042405,0.0243249684758566,0.0275239591227566,0.0289007497262095,0.0254347147952957,0.0134704144011894,-0.00682843397164247,-0.0293428818787366,-0.0443198323882218,-0.0436092882114582,-0.0259808874270744,0.000763722725592258,0.0233401827452434,0.0308917218365381,0.0216291947743911,0.00325339501175923,-0.0124770223593473,-0.0170007724675884,-0.00946244330303045,0.00399657784370512,0.014535365231266,0.0160280037269514,0.00889360837138017,-0.000900553518186388,-0.00670138669060109,-0.00570446135535819,-0.000211946255002369,0.00419337564555232,0.002096236213657,-0.00747702370058801,-0.0193009143352836
-0.0205130344897835,-0.029282027677301,-0.0263742391882137,-0.0159674543053687,-0.00476101715248471,0.00292757855552388,0.00826667309686834,0.0160175530896893,0.028883593819839,0.0432201324946485,0.0494736389265896,0.0378258469303289,0.0063684081165026,-0.0347643109675626,-0.0679781164611984,-0.0782728988630786,-0.0615980686469269,-0.026776679032338,0.0102406908619705,0.036030139694099,0.045990198474007,0.0439826959084887,0.037407876994891,0.0310395540281147,0.0234881118852067,0.00979920411480553,-0.0117146482940173,-0.0356523956211099,-0.0524235562084176,-0.0543047697348931,-0.0399473931412142,-0.0153875250239377,0.00919274860817639,0.0255139824146008,0.0313217019361465,0.0296470235185845,0.0246416080062156,0.0177719295652337,0.00798821538013882,-0.0048324329931734,-0.0172727104285857,-0.0232766431443522,-0.0182668203829064,-0.00369788548366611,0.0119997215323244,0.0181968614643244,0.00947048715004921,-0.0102088365297301,-0.029310691834595,-0.0351781005504195,-0.021940556602769,0.00490097209442449,0.0312882954952191,0.0429038851088172,0.0336327131092667,0.00931425882531129,-0.0159791699400791,-0.0287466157997832,-0.0237119886078965,-0.00563400052474199,0.0139934399777165,0.0229942459208273,0.0158966540291398,-0.00235114238079982
-0.0119305437249223,-0.0298382585256362,-0.035549373329888,-0.0310439821738706,-0.0222794933808387,-0.0139422590838399,-0.00598865006097077,0.00501934452925388,0.0213527651871106,0.0401768602744661,0.0533758346811121,0.0518904454459538,0.0320844978135757,-0.00023444847825338,-0.0322057705299707,-0.051677689150345,-0.0540774075586399,-0.0437726931415949,-0.0292653300651953,-0.0160436939132134,-0.00354939938618022,0.0121011227757954,0.0327245967038051,0.0535259264839225,0.0636002986271765,0.0531086349153423,0.0217680656730439,-0.0189911047680627,-0.0519591294423626,-0.0635656859812701,-0.0511204776060653,-0.0238486963554874,0.00342385463388382,0.0193727037257366,0.0213742355851435,0.0145943994568135,0.00661535921290285,0.00190058758730878,0.000422424811393532,0.00023979731897895,0.00072062666315492,0.00332465343492006,0.00933251728561219,0.016699875350759,0.019518162012503,0.0118858703720772,-0.00686208010653985,-0.0300554720754903,-0.0460451021008644,-0.0441207850023585,-0.0217792444175667,0.0117204061448277,0.0398780241403231,0.0486047412083438,0.0339393938926644,0.00401883352862442,-0.0250433739728117,-0.0379860323990016,-0.0289812827181116,-0.00401099463791972,0.0231519843578826,0.0380925030836899,0.033464521425856,0.01296500997113
-0.00274578332262783,-0.0222515142980465,-0.0317918926694385,-0.0314082946883421,-0.0256478071360985,-0.0192592140695066,-0.0136459337432308,-0.00690637254663654,0.00338789772915595,0.0171175484451307,0.0306566869706563,0.0387711863579317,0.0378270948141135,0.0282674594499239,0.0140173562709387,-0.0010209083596017,-0.0155345739337913,-0.030170108209225,-0.0445183776535735,-0.0542974294422884,-0.0521509634483917,-0.0324581626314798,0.00308891055619661,0.0431332472731014,0.0707251045487666,0.072715107576802,0.0477685800007681,0.00755609812957503,-0.0290079580007476,-0.0458990007245417,-0.0392691938593192,-0.0188131128018579,0.000431809633836569,0.00820396931971181,0.00352416761630156,-0.00693970136765315,-0.0144863988267215,-0.0141679655101077,-0.00672089012455413,0.00370855764323425,0.0132492390178622,0.0201801061962194,0.0243179642805969,0.0250397863170852,0.0201681020218254,0.00786541480423939,-0.01037461498799,-0.0287631242859568,-0.0389657449688464,-0.0343749737421507,-0.0151985468899637,0.00990746459360831,0.0284268996957876,0.0313571270021728,0.0175806446152786,-0.00587551197109795,-0.0266568757713519,-0.0332705024270081,-0.0217593158376523,0.00225406380133699,0.027081139919289,0.0410790827166066,0.0382144518672978,0.0207103243686138
0.0047556497602585,-0.00834990995325417,-0.0159575676279469,-0.0170868061068517,-0.0144967895200463,-0.0122725697740738,-0.0127096526832807,-0.0150351819060163,-0.0163448479025458,-0.0135493247132756,-0.00515098201845785,0.00804271759739551,0.0234817185637005,0.0377201725267354,0.0466213906693381,0.0456157401534831,0.0312395873837953,0.00373855385732159,-0.0309774876610999,-0.0616635637988645,-0.0753622899424524,-0.0640389776130688,-0.0304007727807852,0.012157334580181,0.0463109578459206,0.0597021892251417,0.0500711857212138,0.0253455418639203,-0.000117054755626318,-0.013495398477288,-0.0118451760687844,-0.00284652228010624,0.00286617387464157,-0.000444366308939325,-0.0111652339883462,-0.0224071602371718,-0.0268990794521111,-0.021780420022359,-0.00972082092267036,0.00387888683288942,0.0144533868099762,0.0198841488460644,0.020450560131046,0.0175757867080949,0.0121892710744492,0.00478903543574878,-0.00339605413178265,-0.0100481899582233,-0.0124989804100939,-0.00942321400027833,-0.00245370696412194,0.00414687421642389,0.006138216369059,0.00197912801558286,-0.00676170938831087,-0.0162457601110596,-0.0215352360183795,-0.0188836155345755,-0.00798029951314152,0.00757186471649601,0.0219437742572576,0.0298639016868038,0.0286169191786164,0.0189238118260246
0.00967907238123682,0.00764395449745946,0.00542857728601155,0.00438112379881239,0.00388804679797358,0.00151544903117731,-0.00505430804784658,-0.015961854107389,-0.0282708986709733,-0.0366371962834957,-0.0357551682215444,-0.023183507429175,-0.000440001391421542,0.0271999330014358,0.0516201364866002,0.0642078407907193,0.0590198333935824,0.0355032280165975,-0.000346553272598477,-0.0370610598304896,-0.0613189893567534,-0.0643148149235729,-0.0471325249322315,-0.0196167143355309,0.0063129998062796,0.0227230008725754,0.0275506485077566,0.0239854008966294,0.0184571292424455,0.0160443638641218,0.016353899816318,0.0149082525842732,0.00820252526616639,-0.00342568261780058,-0.0161082879666772,-0.0243002070645795,-0.0241916709627951,-0.0166232238364754,-0.00622927771185679,0.00224244874196885,0.00639558157480721,0.00612941129830475,0.00295999458293869,-0.000612246488381626,-0.00216705815247577,-0.000296688434512324,0.00499564190722762,0.0121369471425895,0.0181020019307914,0.0192400100506336,0.0131916841867736,0.000880736895077869,-0.013329636514212,-0.0237466033753406,-0.0264262883637041,-0.0211457664394975,-0.0112771514774545,-0.00167486989254456,0.00442156579765007,0.00676719383663254,0.00713357836170894,0.007592530982369,0.0088937206890267,0.0100573132723225
0.012394089017371,0.0207622734012713,0.0233161899802039,0.0219368793926408,0.0185689256700401,0.01322474157909,0.00422999785397766,-0.00962769752559117,-0.0265401399210874,-0.0410014186989754,-0.0464572266635502,-0.039234896966522,-0.0202587299440873,0.00550773138022965,0.0306479065174024,0.0479110172558672,0.0528027755142975,0.04468813301544,0.026431920326215,0.00349260250515366,-0.0174272881187005,-0.0311477735051983,-0.0364933142387944,-0.0352507291413949,-0.0292935348908138,-0.0197204205474649,-0.00745072727667135,0.00655995691831493,0.0205053430185855,0.0305369321403616,0.0322023158272846,0.0243570226046995,0.0106772397401101,-0.0030831018417656,-0.0120652935864081,-0.0136204900547286,-0.00859881033456627,-0.00151992807676633,0.00245713756769183,0.0012621839893362,-0.00371171862409213,-0.00988119322781177,-0.0151841332711593,-0.0179310844788717,-0.0160952593911218,-0.00800481126921953,0.00598217464520333,0.0224275041956001,0.0351148301283293,0.0372168286451722,0.0253762337416374,0.00315092384108549,-0.0198746214502642,-0.0331691682864912,-0.0310375898509886,-0.0160380312007108,0.00206705461128279,0.0123429285229227,0.00993608466462231,-0.00153598347189423,-0.0135676002405688,-0.0183483086520929,-0.0129926554492814,-0.000601235145253013
0.0136384357670038,0.0269471219409827,0.0302870947323093,0.0268287900456708,0.0211185684428611,0.0156038651213929,0.00943757769044126,0.000256406006300345,-0.0123356118628723,-0.024966532168263,-0.0326858814785319,-0.0327840274465998,-0.0259856741169736,-0.0149881301437178,-0.00292183013107364,0.00799161654500062,0.0174430374444673,0.0261188179859626,0.0335184208695475,0.0369841179323118,0.0328756819667506,0.0189002590514606,-0.00355042811942574,-0.0281074228039943,-0.0455802586012334,-0.0491744222985531,-0.0375839568446914,-0.0147170342450066,0.0109451919779547,0.0286515710768466,0.0313567760489861,0.0208948598178541,0.00613343951128793,-0.00395618239357567,-0.00504663724869422,0.00164967345588326,0.0105379915100789,0.0148874487528672,0.0112460680052111,0.00153390631983904,-0.00923986199970681,-0.0170229047692142,-0.0210023372536667,-0.022379227487631,-0.0211288930616138,-0.0151967206422755,-0.00306397237719174,0.0134883448488457,0.0287042128258837,0.0349379320457193,0.0273154567615467,0.00829842582986827,-0.0123811465740962,-0.0232412320881844,-0.0181824860214895,-0.00104385870843492,0.0159324033230584,0.0202525105698838,0.00802041366604829,-0.0138744248018233,-0.0329889680382625,-0.0388684190850921,-0.0285143217636622,-0.00758682254863163
0.0137535327050497,0.0244441901899547,0.0237509545744869,0.0168241703339334,0.0100437754125621,0.00716702081786827,0.00774938269173336,0.00852529435371052,0.00676590752246676,0.00255724726004161,-0.00250883697122061,-0.00813731421294891,-0.0153276361144182,-0.023946240213194,-0.0316471684413522,-0.0344095386204297,-0.027578740189842,-0.00861108480336792,0.0195753307113074,0.0479052607479519,0.0642843981056703,0.0594842957623877,0.0329481737923342,-0.00519977170446846,-0.0388735366794108,-0.0549795236605631,-0.049250223400337,-0.0268250272915669,2.88095315588191e-05,0.0175937351457257,0.0188527786507776,0.00789743725235614,-0.0042585527507197,-0.00814588829153913,-0.0010618187376093,0.0121774779121802,0.0225162229633962,0.023064215780039,0.0137916985915759,0.000772723887230691,-0.00872796176631139,-0.0112773218374569,-0.00935175811987636,-0.00862344517324356,-0.01197108213497,-0.0165522628783034,-0.0168588926328082,-0.00979223348925483,0.00246758448842973,0.0133563618267406,0.0164078305872697,0.010546897813292,0.00155921842586656,-0.00197508094605954,0.00473056527021069,0.0180095576250175,0.0271685654628618,0.0223617150801051,0.00246997696734002,-0.0237645205676513,-0.0433280822416309,-0.0464137733185059,-0.0318374896259272,-0.00775103346332805
0.0126011525138547,0.0146223316613015,0.00701282176256128,-0.00310102829126182,-0.00894016372580561,-0.00726623142068326,0.000930781421831285,0.0118154984136476,0.0213028097979406,0.0269812213599523,0.0274582196855039,0.0207387574046887,0.00515517074197155,-0.0176942089905324,-0.0418647599669497,-0.0586413789352571,-0.05942536069549,-0.0400444114026172,-0.00450998300884977,0.0352767944691352,0.064199865248066,0.0706151618110116,0.0520828734248069,0.0173331727411989,-0.017729932753973,-0.0384825125797752,-0.0387744048879699,-0.0231700159325152,-0.00388132374441731,0.00679298070610768,0.00427558022177161,-0.0061825859199482,-0.014582520658647,-0.0133610559589009,-0.001796706170853,0.0132389613785598,0.0216858013673667,0.0182826934347338,0.00665255232964763,-0.00405512409451738,-0.00598766137745222,0.00205482490102268,0.0133441529465403,0.0176389721876723,0.00928503885102762,-0.00823851070333104,-0.0253451524703631,-0.0331096849096287,-0.0286393689810393,-0.0161344588994297,-0.00298832375171185,0.00595469257631525,0.0111776351134009,0.0164799354434735,0.0242789990538471,0.0318574377248042,0.0323157896069742,0.0204914147034631,-0.001662091476136,-0.0252734478275254,-0.0395709321069921,-0.0379486866802442,-0.0220992533682925,-0.00150905834087829
0.00993828182473021,0.00152799844209582,-0.0122037072814619,-0.0232711076702073,-0.0261152939348181,-0.0196344319263222,-0.0062832798706171,0.00986135116019188,0.0249525028792132,0.0362836000503568,0.0415559023961715,0.0379490171006906,0.0232485232779811,-0.00143941605165698,-0.030243861059766,-0.0537832794087518,-0.0625517806554495,-0.0516442412782672,-0.0242316837117787,0.00946726229613026,0.0371252478007807,0.0495880422918057,0.0441772880901277,0.0255206583778794,0.0035514026598735,-0.0113289117501246,-0.0139052761879802,-0.00703462220062994,0.00078557707876426,0.00204301485925593,-0.00434642891699826,-0.0133537433453224,-0.0182819854346052,-0.0149146162813819,-0.00423675456832386,0.00696951717535681,0.0104173717892855,0.00355393136779146,-0.00763639150742976,-0.0131232989748709,-0.00601476593017098,0.0124465155195106,0.0325219980301658,0.0415049975253138,0.0322678677907361,0.00794566088837099,-0.0204946121175213,-0.0408026411085646,-0.0459768249305829,-0.0371952767958022,-0.0211536089960038,-0.00455222941053534,0.00934972897192181,0.0203635764449752,0.0287073821992351,0.0325699774510191,0.0287082035827039,0.0160946701987399,-0.00141997340636346,-0.0164637470336171,-0.0222501200602901,-0.0165919140209358,-0.00373296843255015,0.00767140357322789
0.00579909798626003,-0.0098675574996969,-0.0252736300150933,-0.0337085660460163,-0.0323734685234855,-0.0230161823139593,-0.00958003974080923,0.00437837276431517,0.016880797996281,0.0270780675517256,0.0338481739905799,0.0350611787008067,0.028542655888199,0.0140408669075561,-0.00546820998077801,-0.0242731688437533,-0.0361735027510818,-0.0374894595623554,-0.0289977502625453,-0.0150857305829651,-0.000921761178632834,0.0098268929850678,0.0156438456889167,0.0167363228675891,0.0147034788308645,0.0121762347254569,0.0110710221306143,0.0106837628422987,0.00840266596638578,0.00276543991259194,-0.00462521695131124,-0.0105472923429213,-0.0125129876493197,-0.00971416711282448,-0.00403365779885361,-0.000291603338669642,-0.00302560339985918,-0.0119572180991944,-0.0209874432752111,-0.0220291800194385,-0.010381163768652,0.0116132903468477,0.0345926701047466,0.0471630111736999,0.0428430573412323,0.0233884334248801,-0.00287452234706798,-0.0255097623679606,-0.037146846001348,-0.0366108212164879,-0.0277436192932381,-0.0155372038258137,-0.00341032203169297,0.00700422670832733,0.0146923723541597,0.0181957314768956,0.016255149749512,0.00979168539401911,0.00257192750952886,-0.000804952151996492,0.00197947731810437,0.0091194814987811,0.0153614547943672,0.0150764032949464
