-0.193662241129599,-0.1157975096914,0.0739708874403585,0.239567949327149,0.261126590855543,0.131815376962875,-0.0469188484434384,-0.161580635321155,-0.168680400359772,-0.114550329647789,-0.079393824065558,-0.0959791247727143,-0.11864887854148,-0.0689078159782038,0.0827386472533634,0.276405642279646,0.391037173121406,0.331930687772494,0.117108294539615,-0.134381306726911,-0.291581151031363,-0.291168088616631,-0.167167167033069,-0.0148567278641935,0.0780112801440372,0.0848424061998715,0.0421347538144218,0.00220225608590363,-0.00778931754349948,0.00524473582220087,0.0212373640517886,0.0291449552246331,0.0304606825468606,0.0292581310850979,0.0220439569700074,0.00670294722037087,-0.00685888365552811,0.00103503350773813,0.0390380895221383,0.0826155233803247,0.0805418258558387,-0.00630362591464977,-0.156459874141474,-0.285365136615316,-0.296312937491517,-0.149286605593037,0.0990397452593373,0.320521541371846,0.392398323551159,0.287939470923054,0.0959625907537531,-0.0611375728172513,-0.117703612622268,-0.097578531327988,-0.0784068929843184,-0.110391720190305,-0.166005543532482,-0.165867278917054,-0.0585845343039671,0.118917444288119,0.255932752709673,0.246573681212757,0.088218270743871,-0.104738650415644
-0.185738803733615,-0.0567594622962034,0.156839247608903,0.314149028241392,0.308879298657611,0.155316313934109,-0.0326920496683646,-0.142658905025986,-0.142396071210388,-0.0891206937658744,-0.0670064010005193,-0.106524105917447,-0.156299955663804,-0.133772499962557,-0.00543432142451091,0.176099402638799,0.301395148973016,0.285115457346901,0.139180123055138,-0.039229059344729,-0.146699959902268,-0.141119434816775,-0.0604033815208295,0.0166493203686366,0.0346378449585699,-0.00213458307361689,-0.0468231280102505,-0.0589453972138644,-0.0353235834906747,-0.00203841078493914,0.0156263176311956,0.0127941197407076,0.00462919380533551,0.00456443922401214,0.0103996893389349,0.0173235633913659,0.0285034345242878,0.0580300298753385,0.109852019945948,0.154253023729252,0.138203361301733,0.0238866724785382,-0.160964965205054,-0.323279357714259,-0.361361208045905,-0.231905707329411,0.00997972633047171,0.238127564501538,0.333617635123255,0.268177015529859,0.121545217566266,0.00429254233658283,-0.0274529740222188,-0.0018633173923493,0.0057185253590674,-0.0477838544943826,-0.128927089057863,-0.15754952351838,-0.0853359201467315,0.0515252592422298,0.152093808214841,0.127125439472672,-0.0130054546206287,-0.157509553730211
-0.157804770640274,-0.0106904102639362,0.185276618737537,0.303901922614789,0.268826676090207,0.117069987503525,-0.0378638979690599,-0.101055081092802,-0.0621119602841487,0.00753043743271471,0.0211732253684429,-0.0457121378491863,-0.135432416840464,-0.163920930625358,-0.0943150392572121,0.0334528206782243,0.133921924474724,0.146279397172102,0.0838393840873095,0.0142679782016364,-0.0036835041704997,0.0340143340535441,0.078362316957791,0.0736030689140815,0.0101369829949739,-0.0670833127459356,-0.102499178368046,-0.0770081945153685,-0.0212804891581195,0.0136993761133248,0.00381078251569605,-0.0337164534149226,-0.0587272569822934,-0.0473250905198457,-0.0113846916841589,0.0237134823208363,0.0450172700545115,0.0669484791929996,0.108171880257276,0.157610716809749,0.171781822393784,0.101697219050217,-0.0500646907019709,-0.212298857056787,-0.292589526293556,-0.2402755863849,-0.0884517160673047,0.068297158132175,0.142434068575338,0.116457031767504,0.0518885328414157,0.0274476173644894,0.0711871701026139,0.138798157189567,0.152388626051136,0.0761859523753917,-0.0454229091108842,-0.12524757764321,-0.109998001412732,-0.0255240662112321,0.0418998915818901,0.0178669487037976,-0.0857597916989535,-0.176257054822217
-0.113017754918928,0.0076030295141144,0.144136785259915,0.203835807917211,0.148692650842892,0.031554840508045,-0.0518434735874528,-0.0402677843869478,0.0481847896584838,0.130122780306705,0.12685874594224,0.0316516551705312,-0.0882747111232027,-0.153089928703465,-0.133207480534738,-0.0642592625897741,-0.00988133968140667,-0.00162678182274488,-0.0127385946235584,0.00622939424130886,0.0725083421164586,0.149060833114523,0.172184612665299,0.108078073607007,-0.00872912291499096,-0.0982174755792871,-0.10392064025715,-0.0347236519027993,0.04337996557735,0.05838928306707,-0.00264480095506829,-0.0871893034315331,-0.126420096328974,-0.0922197711312777,-0.0175580961608158,0.0372877907343475,0.0388276670943248,0.0118837430329883,0.00947692237115504,0.0599647399268103,0.138588495435066,0.177796039631038,0.130489557236186,0.0163755731973933,-0.0968342828298731,-0.149368338272473,-0.137214011783922,-0.10381082551867,-0.0920681596039673,-0.102112561768344,-0.0896653646204432,-0.0117824296722874,0.124797057284981,0.253268415323112,0.289288149905907,0.202034990265758,0.0468393967772895,-0.079881661675467,-0.115974515491312,-0.0738012696039756,-0.0250338495800028,-0.0339122964466921,-0.096867357975182,-0.146514161855663
-0.0580767504567129,-0.00200706822208867,0.0493060629255775,0.0466238234418167,-0.0107388244122919,-0.0661038018040856,-0.0564715502743856,0.035254091934918,0.158847036467654,0.226050550918784,0.18447133576802,0.0615582162002988,-0.0619541764734963,-0.118301161991837,-0.102091932962098,-0.0629092696922278,-0.0545450259058989,-0.081925293572977,-0.0953816545512728,-0.0450946618633641,0.0634543134499754,0.163809285084029,0.179151017983878,0.0909143156472782,-0.0367167836789094,-0.105093803666284,-0.0643765555172444,0.0476747748419896,0.134366584692817,0.114366813506729,-0.00384695946695593,-0.128663310999748,-0.167044422400092,-0.0961679762859909,0.020564851089063,0.0810972835967227,0.0327354987915761,-0.0800637951567421,-0.157769768755758,-0.123361729298412,0.0206228468122795,0.191202087954246,0.288612643907935,0.266334002841728,0.153753314235311,0.016064425383377,-0.102583162135585,-0.192959638160468,-0.257340073437767,-0.281076373018513,-0.232308312748489,-0.0934092674881879,0.104369532440166,0.278494326448162,0.340980712082719,0.263080653244155,0.103504219450088,-0.0388047583807731,-0.0967798756954306,-0.0720379636307103,-0.0236468275901932,-0.00996635873674165,-0.0398105357693588,-0.0713216412099613
-0.00113289741739234,-0.0245571159031431,-0.0591564999612948,-0.11235310295282,-0.155656958926069,-0.13908483549445,-0.0382365752380379,0.116774726635813,0.243918902805817,0.260781939477943,0.158061378618196,0.00950507591802739,-0.0880352446820392,-0.0859091256737924,-0.0172026765583327,0.0360937927988635,0.0141773907632208,-0.0667466203653901,-0.128151942269751,-0.104222519871338,-0.0021558409698727,0.0996310829681951,0.115541645229564,0.0324992505423117,-0.0737278027651481,-0.102946394087576,-0.0165803307709756,0.124816076518013,0.205023306821125,0.147146602081801,-0.0135742003874029,-0.15402169752334,-0.168253977569092,-0.0470701430791209,0.112199713119465,0.16857815611982,0.0564246528581081,-0.155547732116697,-0.322198796481732,-0.325275219380263,-0.149387294150281,0.116046177402707,0.337182155444806,0.415860104303811,0.344401234906577,0.184077316959744,0.00307444902792026,-0.157005463693379,-0.275463368037358,-0.330725314657059,-0.29732459860382,-0.166590462477876,0.0256394101591479,0.199477322664449,0.274091725593853,0.221875324751432,0.0938723690330512,-0.0214360894074727,-0.062604517562193,-0.0272129546239261,0.0357487326667525,0.0718979549006468,0.0623280463317673,0.028485478292644
0.0510605768780397,-0.0365416207200136,-0.134207271989966,-0.218205458777832,-0.242061040825639,-0.166502160684233,0.00014272891662491,0.186520827913318,0.285991935503419,0.231998724053779,0.0618485329362315,-0.10589878555412,-0.159958430777432,-0.0731080370867657,0.0808983835241142,0.180072464733131,0.146952971236424,0.0127781089253269,-0.113898885543536,-0.143658009531849,-0.0735900529508887,0.0178525638528596,0.0401221226812385,-0.0240592573736439,-0.101323816985662,-0.0989936955470342,0.00988784845444399,0.153727747259759,0.213674742301161,0.127203799151851,-0.0473818048469782,-0.171529305615483,-0.140978160366349,0.0356411188309538,0.232583651538934,0.283632129688507,0.119918884057584,-0.168545220915198,-0.406706420120484,-0.456646589723616,-0.295453066012765,-0.0121490127978521,0.25178012550614,0.386588728823555,0.372839010802399,0.262710956839088,0.119323141693942,-0.0201899539507098,-0.139803490296692,-0.222010384276808,-0.24118400869718,-0.180698625432941,-0.0607038680913694,0.0604788498262819,0.120455832767444,0.0945454925921448,0.0187677959983172,-0.0398350035842364,-0.0357613907605328,0.0292808479336932,0.112882086901479,0.165651363454565,0.165309098572101,0.121315159698085
0.0931219354966535,-0.0179378350978759,-0.140798921003303,-0.236518636862521,-0.250695260058821,-0.151095787925199,0.036870677171416,0.218615194290696,0.277790040301445,0.16548433396973,-0.0495360162209049,-0.221755146974569,-0.233635270630877,-0.0752875076169824,0.150990152910102,0.292756892429922,0.257740597214216,0.0880818874751075,-0.0859690186733354,-0.155594860609691,-0.108100376917806,-0.0206809441464431,0.0128196405775132,-0.0337329523997072,-0.0963939399222913,-0.0907134945831067,0.00434601186822597,0.12027617860944,0.151425167955446,0.0530925097836291,-0.105078710415594,-0.188867298480685,-0.108629996391746,0.110055424073827,0.327484966916575,0.376408539308802,0.197454601466675,-0.109748349445034,-0.368500900939756,-0.449788295176832,-0.336888579966873,-0.115906465904802,0.0878298977727276,0.196474379799335,0.214554227202707,0.192085569406185,0.165787551364944,0.133549016836204,0.0772176882128665,-0.00326147604783172,-0.0791710082027057,-0.114044814644892,-0.0982950278175578,-0.0597490569268311,-0.0394275791227219,-0.0559494171334824,-0.0871486704729455,-0.0892825518029499,-0.0364367278679819,0.0594361396046939,0.158294408658347,0.218205672713004,0.221826610877491,0.176241324820992
0.118615839077707,0.0358657955133433,-0.0697249213905894,-0.163436452351855,-0.190231615775579,-0.115039083006889,0.0415436822774758,0.190034035058059,0.22234492765472,0.0975162718537475,-0.113424308016026,-0.267139273251961,-0.253025570888917,-0.0703250120387818,0.171184917057143,0.314357704648332,0.27173556249127,0.095017074178647,-0.0817006269151657,-0.147388820152844,-0.0895910438644421,0.0109809787799335,0.0575398261870802,0.0177164437958036,-0.0529150099970885,-0.0745917956168188,-0.0233666257395723,0.0466145558898311,0.0505563377854853,-0.04126686914637,-0.162435185263417,-0.200414742030928,-0.0882331485091968,0.136248621416167,0.339720661571848,0.383845980197088,0.233303030335371,-0.0173939892906598,-0.222513936617286,-0.291805229240574,-0.231012739734478,-0.122892735905485,-0.0571247903215776,-0.0510846037685927,-0.0536482001799583,-0.0069366474487394,0.0969163850125933,0.205614374049697,0.253156333826978,0.213137018367395,0.114639675701715,0.0130107451507938,-0.0541587266628735,-0.0900467342980779,-0.119892623644292,-0.153447266545094,-0.172951083282379,-0.1483880795231,-0.0688942583453483,0.04144665385345,0.141023860499819,0.196519114952846,0.202927433459795,0.174036023702449
0.119341586419967,0.109227200712675,0.0576179476473001,-0.0252940711458082,-0.0900242343259831,-0.0860722560851143,-0.00534269703318042,0.0962468614052156,0.132569355912653,0.0558013895902679,-0.0927521896144561,-0.203147171703823,-0.185277117191084,-0.0389128805950287,0.142707392583118,0.232056145758885,0.170327117283441,0.0155784287787378,-0.113958646301892,-0.128246750901503,-0.0297375080363836,0.0944493889468269,0.147827061627743,0.100104828570283,0.00610516272010305,-0.0550583870698915,-0.0525505591820087,-0.023589856429497,-0.0334451756696724,-0.103486209920027,-0.181882642147939,-0.187219894895648,-0.0781773908868004,0.101727625861986,0.246157796284787,0.269913744650485,0.173797119652728,0.0398776464007768,-0.0397116092403314,-0.037663226347639,0.000264917058580585,-0.0072434626337966,-0.10165668171864,-0.231366355939622,-0.297736518311864,-0.234401649916639,-0.0561342265286587,0.148929455801762,0.282379620238441,0.301260527200012,0.234175162523021,0.140651131765375,0.0620312084147404,-0.00239149649671039,-0.0727355686949401,-0.147372918994531,-0.19786522791431,-0.190007965557332,-0.118013564307444,-0.0164070927001245,0.0674933898338625,0.106486904610987,0.112451047414941,0.113814695788298
0.0885537993263397,0.17171430610249,0.195840061586707,0.13074938905525,0.0134905699419652,-0.0805201300255432,-0.0961016213658068,-0.0394164031415856,0.0305072498171055,0.0492166770912003,0.00621270010219568,-0.0452762772841643,-0.0450342072989248,0.0151352873325733,0.0812220612578858,0.0830614189089373,0.00168450345591954,-0.107497755302574,-0.157654396336672,-0.0975811005043471,0.0448975185536489,0.179232328491996,0.219976683853968,0.152297649280596,0.0381421605870609,-0.0447717267116001,-0.0647380191623361,-0.0501161313459227,-0.0535801215062267,-0.0939223891105857,-0.137169282142028,-0.13257158262835,-0.0629161774720175,0.0298779281229984,0.0790556103852409,0.0594711259939488,0.0115132471908128,0.00786427750870226,0.0858997689449665,0.204331998648637,0.26717038666045,0.189289770442503,-0.0238742630826397,-0.26361075814178,-0.400199208783815,-0.367612294690168,-0.198977043362922,0.00390494168455496,0.145148008658423,0.196293420668327,0.196137203997025,0.192389515092869,0.194697172456706,0.171030046194294,0.0890282650380389,-0.0372250042001793,-0.15106842818452,-0.194633824174762,-0.156428474720413,-0.0790663973163487,-0.0211522172574662,-0.0093920881797849,-0.0142882582437455,0.0133490350327445
0.0261110940361088,0.191667825297127,0.292683258272372,0.253194452537514,0.0910953763940738,-0.0935128331874486,-0.194769429098075,-0.17011157351816,-0.0546044483895378,0.0697045658791699,0.137471448258032,0.139733552005695,0.105996544339782,0.0619139112292764,0.00666994406164898,-0.0679306759008644,-0.149092216318228,-0.195806572403745,-0.162943383373236,-0.044446756729041,0.108249280175802,0.211774676348591,0.209855184668011,0.118428216424422,0.00778911097010854,-0.0551708580528016,-0.0520351428545418,-0.0166609298787411,0.0025093154812779,-0.0115512257488254,-0.0361429387855288,-0.0418395079655002,-0.0293832764332223,-0.0346886522888493,-0.0873066073283683,-0.1644390150851,-0.194077421107509,-0.107493467353826,0.0949768051772369,0.323168120869405,0.442183152128709,0.362821147906769,0.120974119202127,-0.148520674649849,-0.314029780952821,-0.324815157007294,-0.2306311724551,-0.128294708077562,-0.077607043020043,-0.0582461769908629,-0.00343417250490119,0.119163550199418,0.266232847011912,0.34588168221577,0.291352529130462,0.12503485877375,-0.0563223347944901,-0.158375621738603,-0.156713740676458,-0.102198659871443,-0.0710671288089573,-0.0948120767045476,-0.128114907161325,-0.0976965512885203
-0.0585423814293253,0.152013849627013,0.311002625630781,0.304930043855638,0.129351198308522,-0.103439150965134,-0.252816339403996,-0.242674151155713,-0.0927999761004475,0.10168365910934,0.237210984970463,0.261769874402359,0.187358814630506,0.063521366464221,-0.0631420252348395,-0.160577499014599,-0.205724605240544,-0.182299337658395,-0.0898915728240766,0.0384209974150603,0.142099658905389,0.163993196745825,0.0950566002000005,-0.0119913647723845,-0.0857589373463624,-0.0836877115735181,-0.0165225912006512,0.0628011811753628,0.104762071917418,0.0997576807846781,0.0735700425566443,0.0498166483052981,0.0185661493880485,-0.0533327106245917,-0.175833072543019,-0.301765723554587,-0.343562289150492,-0.235342607986533,0.00596534318810896,0.274015643192538,0.428621853287471,0.393261350225194,0.21757303998497,0.025330442112754,-0.0856313086733387,-0.102787110096625,-0.0964795140260783,-0.146327604916028,-0.254946882524934,-0.333888625159943,-0.277802128680842,-0.061954125510989,0.223878435760501,0.424588529235794,0.42769876163091,0.255176550272426,0.0387267061186516,-0.0932518194573407,-0.103660112056779,-0.0545906753791628,-0.0434164024588497,-0.108328300223614,-0.189891499436028,-0.189821846726562
-0.147544788125752,0.0607758248143775,0.24583259942808,0.276529687989727,0.130272407647287,-0.0877156526165568,-0.232662663413335,-0.219752147156439,-0.065571848069898,0.129536698553064,0.253931013921312,0.252223071990922,0.144739534844239,0.000915487058299636,-0.113752967045694,-0.162358010214697,-0.136145704008134,-0.0508387927749234,0.0571515020456079,0.134921874743959,0.135665926060206,0.0477629052391,-0.0862580040432437,-0.188716901273133,-0.198948417389726,-0.107653617826145,0.0357202316119912,0.153126988080792,0.195118878240697,0.170225521553258,0.124368225859076,0.0909412711986272,0.057282558042684,-0.0169988260550818,-0.146891067054647,-0.287375467056747,-0.353421185363547,-0.284237940942431,-0.0978678964776352,0.110684945868961,0.230940232050901,0.22475522949938,0.155207875095561,0.117849016591307,0.153277820371986,0.210506848981631,0.181994039558989,0.00106909220200645,-0.275338969686329,-0.489189914263246,-0.496840465977572,-0.271369751563523,0.0753208113324254,0.351120322833407,0.412932181161945,0.276382115152969,0.0845424780612019,-0.0212691853625314,-0.00224800082751829,0.0648331875834084,0.0650336788327104,-0.0435116847651247,-0.187366638867793,-0.244698820248542
-0.218331504148175,-0.0494861604256656,0.12708199400171,0.187919327852695,0.105240001619122,-0.0385852621034868,-0.12746175239211,-0.0979705957235175,0.0219000652525224,0.139285163901826,0.17147476095701,0.103229784009655,-0.0141095659193452,-0.107355741082443,-0.129784746322384,-0.0741049841992125,0.0341104796582629,0.148209268151468,0.216874948631008,0.199232353361971,0.0852245731745378,-0.0901939900951611,-0.25284914185397,-0.323403414290177,-0.2620774428989,-0.0935930204132831,0.0972840023408619,0.214605624888605,0.217786808677366,0.144023732241689,0.069813608211859,0.0451855892148246,0.0561278718844681,0.0468042805105455,-0.0215038191919534,-0.12761013904654,-0.204363000743896,-0.199687224671242,-0.125221499357524,-0.0499197764593402,-0.0383873138156841,-0.0788013500565138,-0.084979625670551,0.0237259164793835,0.242273724491682,0.454774579349736,0.497229095958571,0.284975478496227,-0.0951943985196117,-0.433759366609521,-0.552533139684856,-0.411473990050273,-0.117214223499809,0.143280856347866,0.232910518293394,0.162353738491745,0.0561882353629613,0.0361915364584001,0.122926661677298,0.223188053191635,0.216157605597704,0.0661494587760866,-0.138250718852718,-0.258846663579131
-0.248461035177666,-0.133689110684012,0.00607105856010993,0.0781575416388639,0.0681930338832825,0.0312713477744842,0.0321263526375283,0.0848067316108713,0.136721934105013,0.119512344814641,0.0141053963763216,-0.126732549458196,-0.217965405822054,-0.205027036182104,-0.0899288903369116,0.0790163605422433,0.232410706225381,0.312104554445022,0.290990327384739,0.175045708662433,-0.00295307468123121,-0.190115455122122,-0.319541420255713,-0.333401415724635,-0.217462646071914,-0.0216953026914862,0.153557050215643,0.216645058376164,0.149292633215027,0.0181892955803524,-0.0767809124659688,-0.0758965724198482,0.00369093882308559,0.091562180369777,0.123533726345907,0.0909767796067115,0.0362534630906043,-0.0018506451562844,-0.0309964404950358,-0.0962964904053207,-0.22399879661845,-0.362126696367932,-0.397827228747816,-0.24213647542787,0.0938470083833129,0.471141777109453,0.681602918764003,0.586133588031831,0.235335544734527,-0.160805781933476,-0.400161855299591,-0.413561596460849,-0.273510692434567,-0.120086691765474,-0.0479949772153302,-0.045817605116249,-0.0300113694248722,0.0706944503556292,0.238455452412623,0.365555984253076,0.343475733748113,0.160117639208149,-0.0803846471918012,-0.240008030797544
-0.222088825731384,-0.152488460686238,-0.0667206653572999,-0.011084791183981,0.0308011502194784,0.0950485346486912,0.188419417224292,0.259590511994468,0.227693777659202,0.0645320958544757,-0.167019456732635,-0.344738678307509,-0.367175506736587,-0.219120455044588,0.0291561723400255,0.259078528817699,0.368315875711144,0.331194962438527,0.195060978587972,0.0310605423219377,-0.109987232738592,-0.204375809024657,-0.233644920392039,-0.181264014410028,-0.0564791031744709,0.0885059352131729,0.174641661584496,0.145227363421825,0.0111272294195461,-0.149118945243875,-0.238306439237632,-0.204097389718689,-0.0697943106570422,0.0877896684102141,0.195530247541341,0.23291561682525,0.228310380291546,0.207347405815964,0.153773720754493,0.0220701160018662,-0.206167087964978,-0.46332570993529,-0.614056462278818,-0.544684926157105,-0.235736823763332,0.209188036480359,0.593566568009595,0.730657848296947,0.571628322733911,0.242312869695643,-0.0710043769182563,-0.260103290683466,-0.3304196634057,-0.341002245248844,-0.324375451583029,-0.263302658942559,-0.124861602322826,0.091502497564832,0.317628947918647,0.438899066622633,0.382086419245897,0.179195465408856,-0.0534128681716643,-0.200919619171232
-0.137360325962384,-0.0888570569786924,-0.0624014488570842,-0.0516739434909229,0.000276797631239861,0.125490143996877,0.281273870673117,0.354770347464584,0.247068124939467,-0.0233761823010853,-0.318283300403983,-0.46806487111715,-0.380398800512245,-0.0949484893042459,0.234643257022262,0.420668204834052,0.370103496424013,0.149796055547659,-0.0845131487972688,-0.211017363445166,-0.203828780828288,-0.110363973515367,0.00550311701831196,0.102620574715241,0.162286962815703,0.171828522906222,0.120064896004519,0.00658345566946925,-0.142208988268248,-0.269292684674524,-0.312186457965356,-0.244544534886864,-0.099739955330742,0.0491797588249447,0.145231064300094,0.189352872112142,0.225050552371206,0.279603601223591,0.318993151951091,0.261384773029401,0.0457459446845303,-0.286493475440243,-0.590152754607914,-0.713558393137538,-0.582198361294793,-0.227578635236253,0.222111919837916,0.589420670624476,0.727719491767616,0.609909300191193,0.331029503820734,0.0135004268568748,-0.260129972025916,-0.44344589002755,-0.500817102659419,-0.40655891025475,-0.176279454329519,0.115345143414625,0.349287411449269,0.417024823023297,0.303203807022951,0.0975292147738921,-0.0789213491315555,-0.154060316638864
-0.0110605967241406,0.0430822001779364,0.0148706801931307,-0.0391426038814822,-0.0208968496898603,0.109212166689376,0.276737057512313,0.33090034793034,0.174209483509194,-0.133720377149579,-0.404939357400025,-0.455805669070839,-0.227972173222124,0.170573507030417,0.493892699636548,0.513603877908391,0.215309724218226,-0.196282864331894,-0.469687120183106,-0.473461171553918,-0.238905851744937,0.091105955231108,0.344609721104163,0.419585566661974,0.325559945261309,0.14402337029523,-0.0375050333918892,-0.172494185671497,-0.251267055668694,-0.270594055391564,-0.225978352871559,-0.130230206537754,-0.0283709358731406,0.0218842135912539,0.00129343849674761,-0.0422487603585764,-0.0242628589267843,0.108365489399059,0.318803052403627,0.479116727697311,0.440629074243149,0.154105478678477,-0.266107499904818,-0.626019920198684,-0.773088084935217,-0.649435115013445,-0.293872937517185,0.17701016692517,0.586133973059733,0.765208604877003,0.655464100330852,0.325959279693169,-0.0765877545829448,-0.396960179476724,-0.527548677149747,-0.430657739255479,-0.159603043400422,0.148625128577168,0.335408724098044,0.312574925184784,0.132492955854153,-0.0603403387214244,-0.147962646852631,-0.107746020053341
0.123693998451254,0.199454339825265,0.129075053661896,0.00787017680389412,-0.0335654096177142,0.0542822175051863,0.184542953785506,0.201082104336452,0.0274499544108829,-0.247096585107152,-0.417099237058739,-0.317495028053941,0.055698253532396,0.51238827831108,0.726529732863702,0.493944279296195,-0.0583745706300256,-0.595278021984181,-0.824687039432497,-0.646219468472435,-0.160930629880617,0.379537739369437,0.686588348388748,0.630904545807351,0.315628504155742,-0.0455280410463192,-0.2838933725325,-0.347802877639907,-0.275424485763702,-0.133224212778744,0.0182993055120566,0.127569738957349,0.147116073444863,0.0474533158536388,-0.146894879736128,-0.342870371222405,-0.415713139244387,-0.27475315403472,0.0724305241213261,0.493796425053237,0.767567554343081,0.703636397913554,0.300944533989003,-0.246342089290887,-0.696555980971068,-0.883593090835843,-0.753954349827292,-0.351413614824177,0.182550999038116,0.622899237339931,0.769113802525495,0.571671637791227,0.165714022907319,-0.22186164912466,-0.411825390758026,-0.344393441181775,-0.0908556175137914,0.177641960755309,0.284476842607505,0.169477227834698,-0.0612575489445883,-0.229071275555054,-0.223415181603512,-0.0636930773772996
0.227246704602973,0.319894331043586,0.226033924172507,0.0587026226390241,-0.03852620566117,-0.0130288289069375,0.0519417186512855,0.0230432329548325,-0.142005010978165,-0.334724839893018,-0.361037180433271,-0.100793230652463,0.380944198353379,0.80911712837767,0.828994042328552,0.342805134797014,-0.371867753820196,-0.915086941933566,-1.01527395375121,-0.626018758254771,0.0722304846297939,0.707794457851567,0.910281540448986,0.614569231644925,0.0806919187441996,-0.368624537027537,-0.551695125826921,-0.459951294055911,-0.196454831832808,0.102167766600902,0.325805600841082,0.41466764515412,0.348526128955765,0.130923056370262,-0.196766886707206,-0.533680648938023,-0.739939443758989,-0.692357113445094,-0.348340233357515,0.213950825742847,0.78673429078497,1.08178752759916,0.911323578548059,0.350680135540742,-0.323854306952808,-0.826460568676579,-0.994577554186141,-0.799192020746727,-0.320645336628885,0.243194423310447,0.630222714713236,0.665562775400765,0.388788842975969,0.0210007799758972,-0.208008107782168,-0.201356088073075,-0.0182051475500071,0.174266578053094,0.207096974551753,0.0413326850908388,-0.199301532023887,-0.332725061684051,-0.257691280610592,-0.0187876344193731
0.266072447224549,0.351429117356417,0.256912124795763,0.0862059026492846,-0.033897012500733,-0.0605723210895273,-0.0625504022232768,-0.131921875774341,-0.271392722754066,-0.363212572278314,-0.247349712822783,0.132290999975702,0.634796855666253,0.930175520380914,0.724350975793185,0.0770616523957148,-0.643525432606599,-1.0570823110231,-0.953299741628447,-0.355108690690082,0.453837177199654,0.987785255282824,0.904556476510052,0.328467507655869,-0.32546948111451,-0.718870103219014,-0.733114788160563,-0.435322657746808,-0.00705298804072224,0.351909671854766,0.531015236322416,0.538395951176082,0.42958679065271,0.225200274782622,-0.0835574471337248,-0.46036302422667,-0.789508393382585,-0.920911657479948,-0.751273409321805,-0.274741689755546,0.398890913717599,1.01609716403038,1.2560413191983,0.958871376781271,0.273414111846944,-0.454313873670368,-0.927915047635483,-1.01940399948929,-0.738645581161323,-0.216230001991513,0.308056290630498,0.586813913263175,0.525938963468269,0.255942818914497,0.00913209811722646,-0.0710004657826839,0.00454993916062454,0.112668351103337,0.113160867058655,-0.0323251736173333,-0.227081096935847,-0.317984545657101,-0.21696221408317,0.0277666017458441
0.223620668406526,0.273155431917722,0.202498881678239,0.0797716854939362,-0.0162456362967598,-0.0661893517652059,-0.118211427328069,-0.213043067593832,-0.313925443806424,-0.307380420521463,-0.0865236411065061,0.328221052249621,0.729349415521266,0.802780444174845,0.405988764092979,-0.257217203471772,-0.819099593946859,-0.979675234635557,-0.616134881842108,0.148617481992086,0.895239810224019,1.09611906948075,0.616073888573983,-0.163512883438534,-0.771677862988669,-0.958709592816066,-0.71122077657587,-0.198654226823706,0.292128375191229,0.521230996817569,0.4727141151793,0.323389351380745,0.240375618889746,0.232687406381417,0.171921559731323,-0.0612939472187702,-0.440617292844458,-0.797674934612106,-0.945106005256527,-0.772475450520844,-0.267382266281381,0.448413750730615,1.08267493806042,1.28184240665904,0.901909676466894,0.163020187291804,-0.544671642433261,-0.945270426904413,-0.946689035478841,-0.59788433468045,-0.0708649426205595,0.381391682567157,0.551071619521363,0.425345076880849,0.179738618879387,-0.0012382158248975,-0.0498919448054008,-0.0130240861808137,0.0100446192975072,-0.0407222118334646,-0.134109534519235,-0.176202871447476,-0.0995536220658403,0.0676074557886307
0.107333446696373,0.107562826895634,0.0839987006549685,0.0504926731302911,0.0167199052568415,-0.0290315862611414,-0.109596674428421,-0.21020348342123,-0.259547807664537,-0.165622312931405,0.10703432569877,0.456261764666277,0.642085558694312,0.454266364676496,-0.0546085569949583,-0.597729720023134,-0.874181695846262,-0.693251681053889,-0.0510518585050679,0.773744674846253,1.22985773166294,0.924727264008615,0.0839757499369223,-0.728222368280926,-1.11925638742687,-0.974414118734107,-0.399226029999906,0.290025903437854,0.669582836734994,0.535493043079082,0.0954218215531554,-0.256058414791584,-0.265739107572967,0.049425513880331,0.440849042585554,0.577482687467791,0.294001470043784,-0.273139782951913,-0.821126341483101,-1.09272111932968,-0.954891961942701,-0.402435712480225,0.403274354108085,1.10142055122032,1.28461798654451,0.842764638761143,0.0788378708672003,-0.587330048686811,-0.902991217907591,-0.809880282493774,-0.396930189210375,0.122873998969185,0.479036899141527,0.509649601049587,0.28489235362886,0.00726247804505295,-0.163288400548304,-0.17980084963888,-0.0955836031560531,-0.00197623283219953,0.0440826750840037,0.0517288738197748,0.0602123574465798,0.0844301096094744
-0.0513351551551963,-0.0886243658773559,-0.0468267113900216,0.0258110452154411,0.0649754130703134,0.0304527563898412,-0.0668597621448226,-0.155196752724567,-0.139213389876488,0.0334135436492039,0.310615157746054,0.512799520053427,0.421345975627531,-0.00512176715779705,-0.539169595068594,-0.874758685396263,-0.798734714625577,-0.242487996219145,0.629285814127261,1.32809405437421,1.27999428155598,0.452322326490175,-0.573791683630701,-1.23068858048245,-1.27321462633905,-0.708526674731556,0.218556428682908,0.978463131054767,1.03122272809179,0.367851057888175,-0.49478933877244,-1.01934211926483,-0.952391360487027,-0.33304707145754,0.546294375792201,1.19768382214096,1.20413004524084,0.555050719405685,-0.365028377704717,-1.113990058424,-1.42467665712218,-1.20239165439725,-0.496252272819968,0.459791517921804,1.21464074867091,1.32537171403316,0.772119823310217,-0.0294809930174585,-0.638460697566941,-0.837632088947157,-0.617981894629306,-0.130460922682474,0.343385434322434,0.52307449453539,0.346697591430619,-0.00203464107928568,-0.279065563472389,-0.341279208708071,-0.193403039312385,0.0492719380906841,0.240007258388428,0.289574467872268,0.20602755388374,0.0641412612754561
-0.206802403011566,-0.248977519343689,-0.131582136141582,0.0361886787372721,0.125379025736748,0.0807926362527429,-0.0391348160476319,-0.10476913738052,-0.0106485005634716,0.239779066612064,0.495907973068374,0.515120507679889,0.153636395151054,-0.443323753596831,-0.930841255271756,-1.02195698384099,-0.586249067338767,0.308070480502421,1.26587610955328,1.60692699707503,0.961097301956027,-0.228197809126942,-1.21463793673096,-1.57292056877153,-1.18822621514956,-0.169626132031114,1.04397925183483,1.67201427579327,1.22356251870809,0.0604890885444993,-1.07183838005668,-1.66464685163177,-1.53750811548678,-0.752863302113149,0.410264065338415,1.45734860040056,1.85922092800752,1.3964006919043,0.340346178214536,-0.770083722584175,-1.50877911897094,-1.6839396369565,-1.26869578945532,-0.366508817373568,0.710374537120218,1.4076382966037,1.30990668407887,0.581213766289689,-0.237659136396025,-0.724336146561489,-0.738032783885858,-0.353589561553244,0.174539599770626,0.493710372940971,0.404806991384698,0.0294206244300441,-0.331690649720555,-0.446857732465907,-0.269426132632581,0.0786879309667426,0.38064025716706,0.456701855097597,0.286657136730614,0.0065363224615495
-0.315549862129264,-0.323724011689281,-0.130529608188034,0.0993838023195281,0.189648572501897,0.0931484892690516,-0.0684022981908056,-0.110209934442562,0.0702037726866666,0.403622372882136,0.637315694658595,0.486698220752282,-0.0831321905797931,-0.764779806598146,-1.15340586262569,-0.995771475564914,-0.240788440950743,0.877473032168031,1.69770319133171,1.49716919644175,0.340573879534757,-0.955441888777949,-1.71623741692207,-1.68807072698166,-0.847293920512544,0.568851095787681,1.83793577177264,2.04827551985159,1.08807259341487,-0.295561304197698,-1.40372744303115,-1.91002788166932,-1.72225952461601,-0.944505928089804,0.134003447960885,1.14528854313604,1.77919227762108,1.78685925377625,1.0787563605464,-0.0583934157818429,-1.10770054948981,-1.69728907414505,-1.68922547772819,-1.08068908722874,-0.0130440744768887,1.07172818021463,1.52002316943138,1.07986990620717,0.189784238683372,-0.539939353073043,-0.792401384817159,-0.547536635210752,-0.00871325538903318,0.444285108211969,0.48765285916015,0.140466642155378,-0.280005594779693,-0.465650923615651,-0.314168492445011,0.064567959347193,0.417810425318739,0.504404696254918,0.281665142924025,-0.070744571033909
-0.350657317048293,-0.295952007868569,-0.0389452373530997,0.20815626388409,0.24278415147889,0.0527307194752248,-0.167434608915912,-0.188208030770147,0.0793666065844887,0.498219843201534,0.720461551827189,0.44300268180118,-0.251403665233398,-0.936908229319328,-1.18972738889394,-0.796437357593736,0.203735627297299,1.37183981144908,1.82484391448625,1.04029484133242,-0.405728411745654,-1.57466713833956,-1.98840815503471,-1.52238264143132,-0.242339626600847,1.37263228977942,2.26941604073797,1.79380233046229,0.525861961301886,-0.646418769532343,-1.36708708471285,-1.57425312070308,-1.28445406544642,-0.691156679581051,-0.120490764503379,0.312849385092572,0.788584931495441,1.32584764672336,1.49073072504559,0.895943115090792,-0.202175711062799,-1.19486964945504,-1.68465863554729,-1.52613764479578,-0.72078900323987,0.471808469183298,1.37912344541658,1.36046241330577,0.551815139839464,-0.347363866861856,-0.817577177759765,-0.720755544327731,-0.195680219844683,0.384360779099563,0.595837544062863,0.328387652202075,-0.127754378054493,-0.402581559077949,-0.332307161071113,0.00227707074241902,0.348075838113288,0.437891369373545,0.210769753677426,-0.138625823245032
-0.308991814983264,-0.18464786327853,0.110418060681139,0.328582809663868,0.265691699308861,-0.0356490323912195,-0.313584835709166,-0.31157870947404,0.0373945680043022,0.532065977824921,0.748323176829256,0.388151141695487,-0.357434376588602,-0.985702464927227,-1.08074399774218,-0.477442368890094,0.67336527908431,1.70623192965738,1.65285252639719,0.396487956183225,-1.0970921159657,-1.9857017039195,-1.97599392127059,-1.03499046128872,0.616273375376865,2.06266849918359,2.0819002133581,0.816084065771366,-0.464359546658743,-1.05635534615626,-1.01641723318834,-0.602806418817502,-0.100153751986152,0.0794860572677417,-0.29491898825281,-0.821552529756429,-0.815309711121435,0.0324005039516364,1.25542603339146,1.79123919918511,1.09263121832104,-0.231528944959931,-1.30397235082144,-1.6956239706216,-1.28426154877137,-0.191251302873327,1.0062210279038,1.42561348176082,0.811564877245697,-0.177456211044962,-0.829757691366122,-0.872600626957323,-0.375090587738222,0.315136617421418,0.704752269793991,0.548501487909888,0.0757590643834208,-0.298145439852068,-0.343112104624952,-0.0968679069221541,0.210472358252003,0.309778887849445,0.122483646427669,-0.168192495224981
-0.210146782341659,-0.0368583979159234,0.259377443594957,0.413859536973084,0.243775489434118,-0.15025043766084,-0.461205872616529,-0.426037824492569,-0.0053963825788374,0.542164528185114,0.742046867173219,0.323131859682136,-0.431188927775182,-0.971637402316072,-0.907685453701264,-0.133027403716158,1.07211827240773,1.83932817184899,1.28163832183801,-0.254419439479834,-1.62308128937975,-2.15510726879891,-1.67331630485067,-0.225682748615454,1.65757414010496,2.47368938447063,1.2831020713274,-0.648988534650352,-1.75737199282759,-1.65507414154042,-0.591728329124624,0.878328188562711,1.81209678878078,1.26916524700893,-0.434609227943117,-2.00585037749168,-2.50314065222196,-1.60981978363943,0.400557919018932,2.29467020980245,2.47940751075222,0.998385204051847,-0.70221407735003,-1.6773307721311,-1.6805520344475,-0.768836304081491,0.57575336821688,1.36668975292274,0.99066920796127,-0.0270026961574359,-0.82259875117588,-0.988632888576397,-0.529013705209412,0.239821733918485,0.782258136802364,0.735301944987287,0.255782938441942,-0.210672499285111,-0.369440358837631,-0.210409914094611,0.0643984219268731,0.190589457812571,0.0696864224122684,-0.141933207770908
-0.0900929813900229,0.0893719938647652,0.348907379673451,0.428421533419418,0.177062882224141,-0.261704481487684,-0.564888460708525,-0.481157254847845,-0.000491594639702553,0.57111995634944,0.732247145141055,0.255512085841405,-0.498822229989629,-0.956127305415437,-0.7586749814432,0.137511150148906,1.32308655545765,1.7924308850252,0.848555411864618,-0.789149003708334,-1.95440729809409,-2.1139475111386,-1.14567822627124,0.812004111412325,2.72413800491071,2.55531679412185,0.178241753602493,-2.16150590882132,-3.09358694532467,-2.45202260546358,-0.395749066098693,2.48500880063776,4.14380799030018,2.62474446396919,-0.567888233400869,-2.98413862185272,-3.84301836173843,-3.02257465789684,-0.651212671144938,2.33103927195551,3.57724910054139,2.14159152041261,-0.119209790646591,-1.60114430603889,-1.93796486668999,-1.18268999194347,0.235468857452872,1.29941656294677,1.13636478800143,0.119308521514782,-0.783819755445284,-1.05077975202865,-0.635759396961992,0.169992856497383,0.809358089371379,0.835632962782175,0.347557468087328,-0.18761530723716,-0.423543544453267,-0.312574936940549,-0.037749837900401,0.135582712915863,0.084981539390096,-0.0624058153170288
0.00812632061670282,0.147817582509434,0.347765204167684,0.368285030412844,0.0843179975065708,-0.343503367102161,-0.6000465702592,-0.456616684347916,0.0703253179059508,0.640517864435422,0.743022614819419,0.200845461688408,-0.56561341401858,-0.972059768888795,-0.69013914837231,0.272244220794793,1.40352961687807,1.63753489846028,0.47346320186372,-1.15255252618801,-2.11474225367509,-1.94761244761316,-0.545422018039779,1.84699975426602,3.61114820884026,2.43296503714879,-0.797856795262693,-3.31592493613752,-4.15799517183667,-3.23580667046311,-0.534165546975893,3.6560267488872,6.16724069911818,3.78681798993033,-0.621602713407569,-3.53887550586538,-4.60106129958634,-3.85692779483042,-1.39780346245789,2.15390761091483,4.13682415616967,2.79822930607889,0.190598273735258,-1.58578742792077,-2.09242285440705,-1.40324652888366,0.072098102860057,1.30727515366373,1.27910958431817,0.259773615684917,-0.716906999246407,-1.05431816971897,-0.681126489172572,0.12287769823509,0.791103493598154,0.83531572420984,0.329657016605738,-0.240370501211109,-0.498804260225706,-0.38173728564955,-0.0687677608276302,0.163616455801251,0.16615124068279,0.044293753613463
0.0476397623754514,0.123267732612122,0.268397117675739,0.265182309758462,-0.00157295584353079,-0.378587522874672,-0.570561549283735,-0.371496531033448,0.18305137108852,0.735502687289281,0.778352131903316,0.175603989146438,-0.616349157803442,-1.01337229509564,-0.705787958337967,0.268595732270062,1.34812459899486,1.46554033385534,0.238072510736774,-1.32815786822966,-2.14522642191159,-1.76758993472432,-0.0920126228105796,2.54405321112977,4.13206180028249,2.33346673410771,-1.29456902082263,-3.8711099553931,-4.70477278639612,-3.709119521262,-0.798009906407517,3.98248836205942,6.98047738131422,4.34113860343619,-0.493857468924005,-3.56403880923792,-4.69532421138194,-3.99527217944758,-1.54339228975089,2.08367504175431,4.12840092001415,2.74009630359032,0.0824661859184631,-1.68983753018835,-2.16416574583601,-1.42715321123587,0.114157242100906,1.41637982634116,1.40723227616746,0.360293029917554,-0.65214213121192,-1.01782573157941,-0.668224225132453,0.112369758866943,0.752264693699096,0.763172510088143,0.233066909263104,-0.338408199493473,-0.570442290796672,-0.403918370354085,-0.030631664947289,0.253514243291367,0.276202437887231,0.134472182458426
0.0127873650118255,0.0360160824779389,0.158408552020284,0.172314142247291,-0.0442731849117844,-0.360733915585377,-0.501890547917527,-0.274446406608432,0.280588491423193,0.809852951334562,0.819528016600473,0.188135196643513,-0.627160844479331,-1.04752302271906,-0.767805945569437,0.170841433908298,1.2203687643444,1.35198929003867,0.189737416302967,-1.30868261494931,-2.07627646531938,-1.66452622041251,0.0183805051478065,2.60831451174894,4.14095920179412,2.39578697104366,-1.15200237054747,-3.73091991304119,-4.60656685531148,-3.67835314404456,-0.906385671866985,3.46509292849339,6.161652944954,3.96353298171527,-0.258680180464558,-3.09861518948998,-4.1518828928693,-3.44013274844004,-1.03613797136181,2.2264753975357,3.64392304707995,2.0370187531734,-0.391432037246808,-1.88651438045002,-2.14641020365083,-1.2600013994915,0.348227531743535,1.59536517205512,1.46901867316517,0.364828674741171,-0.637874206312824,-0.977457073325799,-0.616630994301752,0.141111378248054,0.721905503624263,0.671227332213173,0.119728926268148,-0.426815721691391,-0.604580298398082,-0.37341436775158,0.0524301495405031,0.356728357197259,0.358655479920312,0.163814461596926
-0.0832981245708377,-0.0711961489665818,0.0740929941786385,0.139505643336602,-0.0174344659286186,-0.293452307915163,-0.425993880801039,-0.219207689059162,0.300977657556906,0.810299759922393,0.835502458061053,0.233832832153823,-0.580044749063144,-1.03954886774199,-0.82871191875885,0.0347423368196939,1.07310639564292,1.33023562104055,0.342944458339612,-1.08780893600945,-1.91344828742262,-1.66362636146917,-0.265062064053356,1.97056371904541,3.54794761059429,2.51287558813461,-0.427296582862105,-2.89497176747459,-3.83899379513263,-3.10406792231305,-0.793793035466822,2.4056346679862,4.14496971081804,2.68932480881242,-0.193586611210265,-2.34438291658692,-3.10080769638464,-2.28768413094225,-0.0288632661771683,2.43118787473141,2.80733998644707,0.9835303660794,-1.02589490963744,-2.07971816352944,-2.00539240940482,-0.906389590415066,0.73037421472232,1.7697462374858,1.39957207917498,0.22823139924287,-0.712369422784439,-0.966477005438052,-0.551187153061957,0.199123973288345,0.716506010091749,0.604207677907827,0.0467516542577945,-0.455719237978409,-0.573692367612385,-0.294094686767369,0.14592596056213,0.420570908662384,0.364655642897317,0.109528410968622
-0.204874145877191,-0.154634984584313,0.0533515152543979,0.189371465572367,0.0823586136093332,-0.189659829690698,-0.366969981065514,-0.236065585338446,0.213099762314714,0.707766776589806,0.800948779144508,0.297629746175752,-0.473228069863963,-0.971886153825563,-0.858962922512689,-0.105224776838335,0.920741975295951,1.37630453530845,0.667917332151327,-0.67064022945149,-1.63836524577214,-1.71014016320928,-0.805930676014319,0.858882943507577,2.40897575347784,2.38073637498467,0.569608642344651,-1.48844281546249,-2.48440044218592,-2.08758134773719,-0.574714652504197,1.16469741813,1.82821504220145,0.984778625559397,-0.482759662400047,-1.60154495906146,-1.79107186144757,-0.774459252895596,1.13455835028111,2.44689081082178,1.77835200843936,-0.0829900789151684,-1.59202611907553,-2.15204274713022,-1.69588105940392,-0.378091322647828,1.1831364999671,1.84660968124989,1.1601133558359,-0.0481134071406599,-0.871557998011151,-0.990390414394941,-0.486765870500348,0.26954791846267,0.730848913805239,0.57590355624751,0.038098857699468,-0.405238485821812,-0.472540769470295,-0.181561437902661,0.217566118002346,0.412470307895001,0.279832514593874,-0.0152076101429376
-0.30816325078674,-0.1866505390558,0.100229391622026,0.30432779226176,0.228111261941605,-0.0716588090866505,-0.332670684242246,-0.314836374020895,0.0380871439073442,0.517447911147385,0.712151685379837,0.362615696366592,-0.321443841586822,-0.84987811612568,-0.855429748479417,-0.246480707487731,0.736347449263186,1.40967435811828,1.07537533172506,-0.0916544651136019,-1.21998760297336,-1.69253920593198,-1.36148539498691,-0.332019761088989,1.0006201942109,1.78182580001829,1.33649260011023,0.125395062271617,-0.779537123808458,-0.848762697862545,-0.342441818350887,0.064377273143014,-0.0714529104207502,-0.56027710554622,-0.989015662468637,-1.06730412010602,-0.533233648570635,0.702978327459689,2.01146437294854,2.11767381298628,0.747958112042664,-0.926523153242419,-1.93227224404784,-2.01370547824627,-1.1898025120483,0.276341008879218,1.58839560530728,1.74724051595981,0.767906839301445,-0.403179722172479,-1.05790926022749,-1.01440420757859,-0.416271824692933,0.338018889383385,0.741128168420592,0.564500915102175,0.0755741610281653,-0.295379392857854,-0.32545669503216,-0.0624465566262709,0.247438160531579,0.334304421256715,0.133611832047227,-0.164703285140141
-0.35514887744954,-0.162105978063781,0.184466991273094,0.430044135082435,0.366386157731111,0.0323613835976189,-0.313668489260799,-0.410254738635362,-0.15975070583357,0.294257569180445,0.590830465384863,0.418858194019668,-0.146136547887285,-0.691885079180661,-0.830542893562488,-0.403471875094462,0.476321651265174,1.31946488904069,1.41614871776364,0.563212666133204,-0.637422164495682,-1.48831168044946,-1.69972012326621,-1.25628716197726,-0.289407337978111,0.826289229517318,1.4798892663856,1.36407888831935,0.831359027298969,0.341056445505444,-0.0913543649307118,-0.650825406414089,-1.24910564005189,-1.56552955739839,-1.39377917278999,-0.710423463216027,0.43042341176606,1.71085596869497,2.2738156740302,1.4726379384148,-0.12412979619811,-1.4494526469842,-1.97960297170173,-1.6305347495245,-0.510727530797004,0.939860712254728,1.80442976323017,1.44038470684942,0.295465002648887,-0.737750012991991,-1.18188699114253,-0.974740738056528,-0.31083307578168,0.399252716910132,0.718088746590385,0.528055383296062,0.110971904730726,-0.176633665819382,-0.178570118471167,0.0322567305834091,0.232990475329211,0.219195266856241,-0.0159559925759329,-0.280071609196173
-0.323866033641232,-0.0957449925337518,0.255324994676296,0.496380253976035,0.43597267018909,0.0966999805648554,-0.29027064583418,-0.466062854610102,-0.306126719096308,0.105307320826041,0.472045390878939,0.465290048883389,0.0352206542927402,-0.51271407495201,-0.791034895951116,-0.579241725250619,0.121631390325865,1.02080625691583,1.51910039473481,1.1384420045001,0.0768106933335849,-1.01559624156766,-1.66865120642912,-1.72323358978341,-1.17331695728453,-0.143888143190617,1.00951248068936,1.7653991387454,1.80726530236801,1.20549741741084,0.208416995090777,-0.87714478230727,-1.68502804338939,-1.91754333107184,-1.45815368624197,-0.386346955195505,0.992571205167743,2.00862949320385,1.89202378125577,0.67551661796924,-0.757251112737338,-1.65021897352676,-1.73875309911991,-1.03248360082285,0.238146775348879,1.43363575716216,1.72057216872139,0.958927094272429,-0.162592764991732,-0.956902122673578,-1.16099865078879,-0.808948909128137,-0.13785890933491,0.454323022508986,0.641812334654867,0.43062880627984,0.0945948958305655,-0.103474249765801,-0.0786507602830686,0.078588656539164,0.186127293226809,0.112234809569411,-0.110672543395757,-0.312838740681504
-0.215638656384264,-0.0146912294121744,0.265250119613199,0.450372186377849,0.396199099657396,0.107633097531131,-0.245305891417659,-0.442933173078494,-0.351966655480587,-0.00381099341742819,0.382390840256866,0.502422776932023,0.211397490485532,-0.314063601930673,-0.721818016915227,-0.743896832411906,-0.29057350350376,0.516593302643281,1.27461023301885,1.4338653546468,0.784927675991107,-0.288527174248389,-1.22090966226934,-1.67826571916863,-1.54544452786255,-0.840265381315817,0.2587545008474,1.33967995875552,1.85820285015054,1.51250207417507,0.492403025686125,-0.681206128672512,-1.50295047829886,-1.67908663686503,-1.13329210535402,-0.02695072274458,1.1561028483035,1.67477001343408,1.11636069780464,-0.0815610454081819,-1.13219120080171,-1.56828939693858,-1.26294567389282,-0.314331534847587,0.881084126809169,1.58974572438879,1.31933660460772,0.385304302474376,-0.530574347813653,-1.00604996436141,-0.953280713361759,-0.489512077668512,0.110502710169105,0.499421476944834,0.509191574812018,0.264299708372975,0.00650737831940165,-0.103039824060201,-0.0491089972852796,0.0701698294714965,0.124456554788994,0.0469028200476193,-0.117144690906988,-0.242667979872641
-0.0568014889090498,0.0517970131263889,0.193569004518023,0.285806288288491,0.250050150647622,0.0696400033892351,-0.174265848766344,-0.335954957243022,-0.293385619899138,-0.0302116564764689,0.321850867959511,0.521432120576428,0.371119388249827,-0.0894190277177638,-0.588443711170796,-0.836476289895478,-0.670455892688226,-0.0859886459071184,0.71679976782052,1.30753533456814,1.25122977736678,0.528444684863187,-0.433489815150871,-1.16973763458257,-1.42971653799945,-1.1536651645764,-0.426949365150455,0.495808876448458,1.17930493447139,1.22257296903074,0.60418357386039,-0.276982101027246,-0.92633060270013,-1.03521632391023,-0.546758715735427,0.307373279898837,1.00458422503788,1.00996093174193,0.286038989961025,-0.649264251250373,-1.25098122690578,-1.25495073200484,-0.638555330342228,0.374744538396162,1.23907525643378,1.35324082918896,0.694662963964722,-0.182830433449044,-0.770976706635371,-0.883284101692268,-0.574598812284534,-0.0476988507588225,0.396436336674821,0.51679136391872,0.332680427044712,0.0552915089376166,-0.129040320908217,-0.158210834691871,-0.0770670889692193,0.0216814642735837,0.0633272559883743,0.0312980564291057,-0.0391400830684111,-0.0855725051767193
0.108100215205617,0.0837238464065835,0.0580752267272437,0.0501727107995983,0.0466906568056761,0.00662151167628219,-0.0847757117770298,-0.174884884906498,-0.171133260091213,-0.0131851614216735,0.261391622876101,0.499474557583943,0.49485044563959,0.159959865243117,-0.358350908242217,-0.789561653926926,-0.91179705622446,-0.625725053453133,0.0222979065743066,0.794235165959677,1.27438581081812,1.13715309855544,0.461908597091746,-0.351595843562391,-0.929834613999751,-1.09757679364229,-0.850912954747366,-0.314781129903581,0.261062915317616,0.57113833447219,0.46089849392767,0.076566173050322,-0.253796419311672,-0.269805894209782,0.0638043385972969,0.510992461161092,0.677955550195779,0.33282699932417,-0.348043319301258,-0.944396210492205,-1.12634184049472,-0.773488697566211,0.0168479774420709,0.873492245885831,1.23257813423209,0.82619629752136,0.00991619195204918,-0.657787955620331,-0.875317016371699,-0.629288871032341,-0.098924275206057,0.42172420652913,0.639269015188467,0.478521511552741,0.134897669571438,-0.147785480353311,-0.256193861565997,-0.217127198714901,-0.119688188996219,-0.0367880025282635,0.0128164966782448,0.0495406411742772,0.0848440155024835,0.10892105845202
0.231077474810726,0.0776441826065558,-0.093137057822848,-0.176791891488909,-0.139082692730853,-0.0437434203108058,0.0123718492353482,-0.00839508968785263,-0.0503789346020039,-0.0122650826974885,0.160098769058557,0.40819910246507,0.55228412927707,0.407584130857622,-0.0304379905560582,-0.56285602156215,-0.933338955995696,-0.961010702615638,-0.587601722369261,0.106052996585182,0.856972290794333,1.27450994698951,1.11582468757125,0.500969869622808,-0.22078744132341,-0.746660111124903,-0.943543323189915,-0.816434367078428,-0.469109802858516,-0.0853445727618509,0.160756178743813,0.230875922641993,0.237512388874914,0.313885047135187,0.463127315783433,0.526071908915404,0.319409675774579,-0.158559092779274,-0.679598771078704,-0.953652155284175,-0.800210711678309,-0.217923223435433,0.562295544685152,1.08026533517215,0.932080223887026,0.210491362887762,-0.569070167565478,-0.968767116247771,-0.845443429873668,-0.306164561575811,0.36007220864125,0.785959748669239,0.747516692228693,0.362541499099051,-0.0583834545927767,-0.296079707707425,-0.31738361801632,-0.222641968675504,-0.126876478342531,-0.0720529138720486,-0.0216623736819685,0.0734570651059891,0.197806203779261,0.273992587019035
0.277974842443068,0.0443171179397792,-0.206101628073251,-0.319232003924152,-0.238171335353984,-0.0438217994403464,0.110052422360288,0.118938481539576,0.0121596895550764,-0.0722993831650787,-0.00547245813420473,0.233732143499457,0.511841186508009,0.59599685883431,0.341138777899829,-0.174255529954722,-0.707414381571189,-1.01249826408911,-0.94974916665173,-0.500829197136214,0.217653353120838,0.919561596718094,1.25380391836929,1.05043345798051,0.449682900751182,-0.230464758602752,-0.72676273080891,-0.919856712205081,-0.807830158904173,-0.487853559484478,-0.109453416188204,0.20671749960449,0.418584067373734,0.534204753409444,0.536590803633797,0.370830954390896,0.022549527625207,-0.406522734942507,-0.720091204450521,-0.732022214342378,-0.364708649077834,0.278727581366245,0.87450138079902,1.00297854821288,0.507485032220192,-0.297854417552362,-0.923373972176554,-1.06676208052571,-0.687180333499616,0.0209356608170727,0.686433432961713,0.931726214595764,0.667616095615738,0.169670044731819,-0.22523190731736,-0.361135183051875,-0.281572826409415,-0.142784948080672,-0.0680120498947312,-0.0625890688045079,-0.038423513030774,0.0774311354551555,0.249084558617591,0.352182064518571
0.239786832627712,-0.00155280030837293,-0.247347416371029,-0.336231791552424,-0.214141511291343,0.0262085032740678,0.203374118020939,0.1846174129538,-0.00277118885581226,-0.194169045197867,-0.21740699434318,-0.00335896609505046,0.36242270883342,0.655693073172628,0.647443320273237,0.281367721862376,-0.279677752466943,-0.7734419541039,-0.993849247161829,-0.852326917745863,-0.36963211738409,0.302071902727909,0.882446035390921,1.08734287901659,0.821835573882597,0.258389441378351,-0.314042088543433,-0.678527651282037,-0.747340186396522,-0.555194535786889,-0.221825340023844,0.111454591382482,0.339200565460832,0.416031617701737,0.336918804712053,0.12067962072033,-0.175907479570357,-0.446015427774579,-0.553660029325155,-0.391293694298125,0.0428604136713904,0.580246950045389,0.903965117352047,0.739997918402704,0.125728630271591,-0.581774919872992,-1.00195138782808,-0.938855520259658,-0.42196532348745,0.292243471848146,0.807463011025589,0.827062522555102,0.419321058589382,-0.0688623125832225,-0.349836174442646,-0.343422193104791,-0.158258636132046,0.0123639074367623,0.05119734070187,-0.00947618623345885,-0.039548473731353,0.0509100385117949,0.217826003884797,0.320450530552321
0.133473140056825,-0.0509632310598269,-0.217855351164517,-0.236072089539244,-0.077340996265281,0.155662055410292,0.284523327189227,0.19322355117676,-0.0695880526061473,-0.33134801255106,-0.416429908308846,-0.244550961529046,0.133977748026481,0.547095725824816,0.766733500207868,0.646233649081864,0.221200453902325,-0.314899546954363,-0.733724129291882,-0.886045145396818,-0.721284390757508,-0.285129791443497,0.263890990988531,0.685853986199773,0.776944726265299,0.521673454418485,0.101741379412847,-0.257409711318217,-0.414875323840733,-0.354315743615639,-0.161659843294312,0.0377110884037635,0.146053474592268,0.13368649719377,0.0279995164565352,-0.123269895626184,-0.268418439634038,-0.347712545317428,-0.294793174337373,-0.0679456588360165,0.289184721235793,0.615247241155844,0.695335982936629,0.412984892839556,-0.119595645367907,-0.618838619690006,-0.825355729147049,-0.625295870706066,-0.103273335716974,0.4598179718847,0.724439329232635,0.540667027988216,0.0913130170377056,-0.296357796867554,-0.418623874339288,-0.265687617488487,0.00699155755666594,0.192012615367363,0.189002712792289,0.0635864391834991,-0.0298468047005797,0.0035038297632107,0.122743299955076,0.199766091120108
-0.00541369823539503,-0.102239550484607,-0.149523507597523,-0.0713025156382121,0.117238844841873,0.303524084370982,0.341219709659007,0.168173644419939,-0.136211874646298,-0.41529792542893,-0.528075747647012,-0.414138362051153,-0.105067170556004,0.296426930004912,0.637323458350276,0.7675038120483,0.609551002081777,0.211966239313152,-0.261725544515584,-0.631211501736467,-0.774331751809011,-0.645805319526629,-0.296279184697335,0.127008073290349,0.428938081302655,0.484844440473991,0.333145477234021,0.120392780074534,-0.0202804014965643,-0.0446181540046817,-0.00123714389824456,0.0244132611673247,-0.0204765610619242,-0.121226613907767,-0.220548978015512,-0.270668107085522,-0.256268258653525,-0.181345352407233,-0.0496587310252784,0.130170874876141,0.314794446583277,0.418538368308914,0.35732836661343,0.114524471346368,-0.215710862610399,-0.463314825426835,-0.480148214134726,-0.22443718711623,0.184715111129239,0.500378434247985,0.507595442543064,0.201440418371083,-0.200511974133504,-0.446817323741931,-0.417289695623037,-0.158318115182534,0.153084284188728,0.324813297717737,0.285303395758297,0.122185658878851,-0.0134826189808594,-0.0395712205334754,0.0116666071916069,0.0436695935011566
-0.134817031742105,-0.155268518272912,-0.0873366204147622,0.083260215263874,0.290083177915119,0.413686524491542,0.359772616178989,0.135419550677661,-0.155424883353716,-0.392738108679532,-0.49825848538835,-0.452203576195004,-0.277949534776094,-0.0101510834044412,0.306829268214834,0.5935766077728,0.728434034435281,0.609888101861547,0.254546610513549,-0.196383092413428,-0.563855717887997,-0.713735625798844,-0.606811660224931,-0.310895945992756,0.025231226805521,0.251769674850119,0.318611318407272,0.28248819856562,0.22707603010295,0.191113582185719,0.150356055477235,0.0596248510968495,-0.0867870224328672,-0.235152740389866,-0.311089072108869,-0.276642541962144,-0.153947092589712,-0.0042840585113238,0.113509601901926,0.170386108671254,0.165226761215124,0.108912482061465,0.0140916231735842,-0.101523458003416,-0.198935177742613,-0.21505076005587,-0.0991407317351178,0.13007407006737,0.357149522956813,0.424967414025745,0.2560160820087,-0.068409644902707,-0.363448066129417,-0.46936989033973,-0.336491514328489,-0.0477796592342661,0.22999337126218,0.35276414589458,0.291399541179642,0.138159634152778,0.00824472715215291,-0.0495220132664176,-0.0622036991675251,-0.0869051853379603
-0.220041733065132,-0.205755991751898,-0.0660486823952592,0.163384345112333,0.371564174606312,0.439861948046699,0.329539648058353,0.107845607048254,-0.110930734204779,-0.25454591018162,-0.320198082178078,-0.340093859288206,-0.333424635673401,-0.270462828975359,-0.0911329784826399,0.21655159021713,0.552092737156914,0.730094413489738,0.614696440256368,0.241879367545605,-0.206752373309015,-0.530675686504185,-0.617684994089904,-0.479209594360559,-0.224547496549436,0.00898286184338262,0.147179500429642,0.204259283245169,0.22645820526249,0.233203490434138,0.200784798844271,0.0986003497945259,-0.0575022087597558,-0.196837424280207,-0.240406588140153,-0.159439668805647,-0.00115283468218876,0.138361406433253,0.176895596771972,0.097908428371451,-0.0455789620336344,-0.174102999073835,-0.232454542278934,-0.208691130192115,-0.118579390248055,0.0192144353984575,0.182387658396436,0.322782507765818,0.369804401351757,0.272378456193268,0.0493362265044326,-0.201644756831768,-0.360837776380571,-0.352662325415115,-0.184785505902395,0.0468752063327495,0.218938545420195,0.262032375686179,0.197085491872137,0.103054810580352,0.0352945987004276,-0.00878806358505797,-0.0635275588900148,-0.147889697924564
-0.244070312474901,-0.244511842890991,-0.0934860443295979,0.145049394940477,0.33540434738152,0.368391375886176,0.248368753347877,0.0800375909931071,-0.0257826085809721,-0.0446105736861403,-0.0442599705270527,-0.110617594174645,-0.26168594263392,-0.408585832987394,-0.410195468495551,-0.18591840312577,0.205645968786106,0.568499033023442,0.686585188926582,0.494667118099534,0.121713542129047,-0.22349678858993,-0.393801264392969,-0.369315212285319,-0.234320307679031,-0.103221066960221,-0.0339966901914651,-0.00420820232949982,0.0324186663504653,0.0871051570364877,0.123258752103436,0.0964403557564706,0.0106295814485861,-0.0725427536007495,-0.0806779587493603,0.0087636564911456,0.140977636670758,0.216358861021615,0.163253141469744,-0.00664752864573551,-0.204969016815266,-0.329337754294118,-0.325076424916179,-0.202329126900981,-0.0170831738874153,0.163325326956182,0.284902552571637,0.313556616003869,0.241217604629975,0.0922833556848171,-0.0774345743451375,-0.198700334500603,-0.220712145268396,-0.137097066007407,0.00214159408864311,0.112925462507578,0.13818931456822,0.0910556455733041,0.0371151912075648,0.0316943323720114,0.0660385168322896,0.0781797014377603,0.0113941332584485,-0.125490320320785
-0.209835081382526,-0.260012391986352,-0.148622298005246,0.0537261255543859,0.210189681305225,0.226032796004152,0.129064268331959,0.0377740708411647,0.0506612717248006,0.155346438129671,0.233921705785862,0.157557156363038,-0.0948585637518495,-0.394107512908271,-0.551564249202116,-0.45175083940611,-0.12382015522091,0.261303590346132,0.490697397868629,0.465278225109135,0.259525435068856,0.036448867367311,-0.0814357739238633,-0.0812486976283629,-0.0399377240849787,-0.0464081571441542,-0.118933534101162,-0.196201746671178,-0.206965476416312,-0.134720288757809,-0.028278702263849,0.0439145301319022,0.0562846118006719,0.0444828899353532,0.0654494334879649,0.13763135893907,0.214736874556958,0.219583204013882,0.110018083657521,-0.0789166233989367,-0.252929880915868,-0.323965022369497,-0.262300485270407,-0.103720844971196,0.0737265115702712,0.193924138243939,0.218696566798493,0.15531535034189,0.0431945556704467,-0.0667546415503344,-0.127353653952435,-0.111251832377757,-0.023029808159132,0.0939169874524822,0.16768667993174,0.143955303500516,0.0321898044754459,-0.0893617882819716,-0.126751947419536,-0.0460711008899288,0.0955557204341589,0.184284647461305,0.133367322560958,-0.0376356004337023
-0.135156580087133,-0.241598975157953,-0.19354636964294,-0.0523946919290542,0.0609740008863869,0.0671746680585942,0.000605285976655934,-0.0252820639076103,0.072246262961733,0.262883357330218,0.409643404369859,0.364724282479015,0.10059664785521,-0.248207246235155,-0.487931116974246,-0.49801487372043,-0.295265321095427,-0.0176165240653584,0.173611871751373,0.212107297444653,0.157592897450279,0.118231503112016,0.15097543626564,0.221194485677503,0.234737590384386,0.123260842430672,-0.082397871413913,-0.274024498224139,-0.352978131971111,-0.295134631701107,-0.157159524764765,-0.0247663467931681,0.0530466397583667,0.0879619241343383,0.120637435090205,0.166913381643197,0.195742571692337,0.159907917257774,0.046771943350729,-0.0978732099607754,-0.195802557328712,-0.193636704252204,-0.096280024283955,0.0384281439500192,0.132060074300024,0.138129553558747,0.0647507016484723,-0.0428144041386647,-0.13110214851784,-0.162320602513839,-0.119370560373337,-0.00915012665825865,0.133682869474044,0.245800175301063,0.256782447914498,0.141456970659923,-0.0505236923466508,-0.210543603348025,-0.235208050583106,-0.100759917364175,0.114918345594482,0.269421068790805,0.251812099330357,0.0750094248132845
-0.0445514898094326,-0.183713778683308,-0.192302411496637,-0.113799462811552,-0.0455138314667063,-0.0520998989755496,-0.101984858406732,-0.0988768004930334,0.0245820069283931,0.238978455788777,0.420226777116389,0.432658255049012,0.24390602926719,-0.0411547493626087,-0.266454547114543,-0.335009906692655,-0.263316840500571,-0.153628061336291,-0.0986273269106391,-0.10278132417528,-0.0897455796136767,0.0143251656496806,0.203488753261595,0.384565076421849,0.43264848537596,0.290097102464086,0.0256042467025542,-0.221701488504346,-0.34077743509476,-0.308011346795651,-0.185174088363445,-0.0606590834826806,0.0145494205519897,0.0473213413569646,0.0710408860774763,0.0981231987593211,0.106327971954892,0.06823323266113,-0.00990936681192978,-0.0804798413095204,-0.0887792285491931,-0.0198602690093359,0.0871288494362705,0.161459809053135,0.14702596846825,0.0479423090540103,-0.0806464095837551,-0.177173967097918,-0.20598491209934,-0.165553263307329,-0.0715794259110519,0.0534506638039158,0.178466539415623,0.258184532440866,0.24221751352778,0.114491802208151,-0.0780190907201332,-0.234384778701346,-0.256523145192926,-0.117901337674478,0.112213441016085,0.295879534125891,0.31549354869298,0.166109329724048
0.038224952679959,-0.0912553113012828,-0.128398451760392,-0.0976041592308695,-0.0710454047902215,-0.0984464753839845,-0.153790605647716,-0.161803052231204,-0.0676746220331717,0.110418035712037,0.281657292769415,0.346665572982652,0.275963529685392,0.131003095098401,0.0043801361433629,-0.0555577258834786,-0.0759945425431553,-0.123536220188788,-0.223535170073845,-0.321207043585322,-0.319991438986623,-0.164557088485539,0.101405231684201,0.349992046415199,0.443298335382115,0.336349271741476,0.111491384647012,-0.0963379189972618,-0.191873237795649,-0.168496336686009,-0.0921529358280221,-0.0367063459855651,-0.0289919539912668,-0.041793788002348,-0.0377467775600283,-0.0133302015129818,0.00290206776370479,-0.0138303629296259,-0.0497317943743789,-0.0571576466603314,0.000634811098536303,0.109573006210379,0.205182002663667,0.21529728784016,0.118553340554682,-0.0331830994784934,-0.156368646671807,-0.195934595068969,-0.153899866678122,-0.0739399130520443,0.00152950667729641,0.0577629068320434,0.102361317204378,0.13771922706566,0.139697135260926,0.0774213725364696,-0.0442556156069546,-0.163512563332052,-0.197134348212383,-0.104929954134137,0.0764865872738274,0.244229355717686,0.294723137508295,0.202593980421157
0.0956619147528852,0.0173226730519647,-0.0143462501815011,-0.010369867586003,-0.0189731881003036,-0.0732648600876339,-0.150797442160922,-0.193919788150095,-0.157220061991147,-0.0474559996503687,0.0798531934278281,0.166538180729389,0.194497035519261,0.193402714414152,0.196723919140752,0.198089186947388,0.151696912947773,0.0163458199363028,-0.184906746768226,-0.35943588405125,-0.403506532541516,-0.277601854592414,-0.0413716348439852,0.177719888861648,0.266417946786495,0.211258288184531,0.0934909383796257,0.0107000335273117,0.0093140778353192,0.0566934413250915,0.0801885215291481,0.0355863617248047,-0.0563853395724432,-0.129757119467355,-0.138936695409147,-0.0973597545377428,-0.0551230873176856,-0.0490824336971914,-0.0643093739160215,-0.0485831199904271,0.0300235252014153,0.144288096977422,0.21815634924428,0.185962865761324,0.0562317254631692,-0.0889157826733073,-0.156761343434547,-0.113666585438647,-0.00610530999573865,0.0795014634156468,0.0836368536597472,0.0200331089710698,-0.0426365760525499,-0.047223561655016,0.00262947813640536,0.0486043360946441,0.0344974333974494,-0.0342338536385026,-0.0948422230836088,-0.0856202273889684,0.00438295676924074,0.123360286630482,0.194840938269059,0.17710586114226
0.120096744902424,0.11372943007831,0.111319054447749,0.106605563448895,0.0715615664484203,-0.00865203642120242,-0.109951185094969,-0.18573664824686,-0.199284720389881,-0.152837998607675,-0.0792556095205797,-0.00803236183279157,0.0568250186243417,0.134561397472175,0.228250581665595,0.299098034215,0.287640617412553,0.161638260931479,-0.0411474051063674,-0.224513475100646,-0.2973682885953,-0.238854751693193,-0.110726587979059,-0.0115502080545987,0.00148854611383645,-0.0358978314210175,-0.0423937921320448,0.0316887127158231,0.164556680712847,0.266727459442452,0.252508438687927,0.114481157655818,-0.0667099694973663,-0.183167197212983,-0.185304068696035,-0.109461683055678,-0.0365088797836611,-0.0224143658094323,-0.0508501100041227,-0.0572136343493402,-0.000297836380993892,0.0938853468993797,0.147613039171596,0.101548166210803,-0.0203982125008583,-0.124245748127763,-0.119329376007104,0.00414748908738685,0.161080635578856,0.232391568079185,0.153122493516462,-0.0258678164651714,-0.178384612151782,-0.206162291123572,-0.102414580225479,0.0473079901924339,0.131100459529963,0.101260858173818,0.00089288885623922,-0.0838479802365232,-0.0930360437632653,-0.0307501110909779,0.0535551584767432,0.108385350563152
0.114043619166496,0.170250411355842,0.200516100596442,0.197253683486402,0.146310168424017,0.0500765208939711,-0.060274346696352,-0.143172059432537,-0.172344587533427,-0.155818379959178,-0.1229371452103,-0.0928988559044544,-0.0580456641787924,0.00658860970960897,0.106698709338426,0.207279583245166,0.253038175419594,0.211780709377206,0.105841884381069,-0.000313859636895508,-0.0516527272498597,-0.051382656241568,-0.0552406266313514,-0.116735098439106,-0.22436290001675,-0.291585491867052,-0.23241440846193,-0.0347635913303465,0.21738604625336,0.379194913943573,0.349112722071502,0.153018059725206,-0.0749451586516259,-0.197457146532004,-0.168787013312255,-0.0498767105325464,0.0470175136314887,0.0497526999780905,-0.0182717637062115,-0.0732766790111456,-0.0566934808548769,0.0129834434462925,0.0576338590496564,0.0170387876821353,-0.0827972523802015,-0.14715509988075,-0.0911667647456218,0.0806131562111601,0.262202966502522,0.31761111134207,0.186252716388315,-0.0533375625001644,-0.244691763548041,-0.271876469817497,-0.127235519000988,0.0845388003061389,0.218572677312693,0.196533589402481,0.0525425011002849,-0.106999000137277,-0.188784894983057,-0.167590867095024,-0.0761650677305505,0.0300840229558751
0.0861550857026016,0.170743178423088,0.218852203209849,0.219262806594613,0.163843873963061,0.0673692820006467,-0.0296873753359381,-0.0863644207089311,-0.0880252493445218,-0.0578995638342401,-0.0395015931253287,-0.0575502154129341,-0.0962008544462686,-0.11500572556098,-0.0840606990170729,-0.0100085814806415,0.07167364186404,0.130657602491563,0.16466687603489,0.191218373272823,0.214539278627995,0.20053691572826,0.0986608087812681,-0.100270163402333,-0.323920987421773,-0.447800013812998,-0.380668233449462,-0.131221469971641,0.17827761985651,0.370810198954948,0.337672359501701,0.127180432195098,-0.0968132277264052,-0.188902965874241,-0.114738914454826,0.0426132535020925,0.148529643226482,0.126141500767709,0.0129210700970878,-0.0865361541828158,-0.0986072224047064,-0.0381995508733537,0.0122660035289162,-0.0156378751839434,-0.10238188601513,-0.156178785875863,-0.0956658889543453,0.0739828824462126,0.248922890123826,0.29658694850742,0.165663573451073,-0.0597339077880178,-0.227338458758017,-0.228500304126093,-0.064559215176964,0.152560683852188,0.275483934911764,0.227660796549607,0.0507130729654488,-0.140564189487931,-0.247627415793886,-0.240316464867856,-0.148199656912187,-0.0257894453317726
0.0452927587708207,0.116507896481027,0.162614652943796,0.166720701914742,0.117786460308531,0.035333334962584,-0.0324562628672641,-0.0413895202926424,0.013791236476938,0.0905722645699105,0.121867869344621,0.0677215572307562,-0.0512988010826516,-0.174088029191279,-0.240454895641347,-0.226780292447588,-0.14780116274645,-0.0294466704399979,0.109763392468338,0.254021596390716,0.368110098869574,0.390222130060399,0.265828635569958,0.00814030990346474,-0.278259865356109,-0.451516916282981,-0.416851585276254,-0.188496326872739,0.102096386759988,0.278766205253779,0.242181663192515,0.0504335293738456,-0.132659610190225,-0.175053653602078,-0.0593711367433718,0.116397123593072,0.212263223645041,0.161757162957311,0.0201235136044395,-0.0943244476321886,-0.104120148936706,-0.0296623060489759,0.0384443229406941,0.0225108667053444,-0.0670251328225243,-0.142053545768775,-0.120314118112275,0.00199640144680879,0.139927115956711,0.18271977856704,0.0913317746153733,-0.0630917079029222,-0.158316524171388,-0.114583332010489,0.0482945175146655,0.222830944755349,0.28762574565719,0.197697686603557,0.0137619515805446,-0.157345402225809,-0.240178350230133,-0.222158870485434,-0.140570644402754,-0.0429313879255227
-0.00295381813951077,0.0258148962867738,0.0600530737857217,0.0724270134985818,0.0394647271455886,-0.0231420172860027,-0.0625063071100213,-0.0273678812943031,0.0843619478843158,0.214765363141097,0.275209480971413,0.209621808825934,0.0401106000945468,-0.154409069183783,-0.291901290362638,-0.332492337168851,-0.282425847431796,-0.167025563191079,-0.00875089364516468,0.171960824504707,0.335462505061987,0.415085764018624,0.347491355686625,0.134105198476938,-0.132234308200663,-0.317821573845689,-0.327987129682965,-0.169953042533426,0.0435206814887582,0.165997851197314,0.120671215200035,-0.0357614148539292,-0.163721210922604,-0.159925722143787,-0.025741288806627,0.137935216192382,0.205534088710469,0.133571844116147,-0.00729377723551061,-0.100345132052651,-0.0788938293730231,0.0250107104022384,0.112832592882693,0.10433454511475,0.00594084085635893,-0.0993980343766425,-0.129985303218747,-0.0727999654868175,0.009957913451141,0.0376935608911454,-0.0117107118782536,-0.0824984363418391,-0.0916187407357256,-0.000538020780250364,0.147528117466398,0.256880167422202,0.249554859561079,0.128120490327165,-0.0280615219704803,-0.134492995875966,-0.156809541494215,-0.116135816700416,-0.0622635004108805,-0.0263832516722639
-0.0551717648275375,-0.072114357324826,-0.0425058343830916,-0.0107657613696683,-0.0211432576527121,-0.0688961219225764,-0.0979112060166312,-0.0467488268662852,0.0914019590658921,0.253543964584793,0.340600001367035,0.288340414244884,0.119315978115745,-0.0804670077434063,-0.225790958445069,-0.280981582173087,-0.261096668324356,-0.198418707898919,-0.109576828505983,0.00705899905550191,0.144102818611701,0.260251027966496,0.290490059780404,0.201079453697797,0.0330814639013372,-0.115794839651229,-0.158993061998106,-0.0874827819326702,0.0259975371827825,0.0811961588654565,0.0276345788950334,-0.0883534174440098,-0.16531671941875,-0.134927780418777,-0.0137542157067488,0.108359099887455,0.136747152209286,0.0556414523258945,-0.058028576366708,-0.105860742738427,-0.0444041222869849,0.0822325206519743,0.176179141847543,0.168440450653096,0.071785702006225,-0.0389396529853111,-0.0942984079130779,-0.0839919905086357,-0.0554201287967247,-0.0606021285476821,-0.0991660457288773,-0.119256028076683,-0.0689440307597981,0.0513388286849062,0.177233716292523,0.226579151458332,0.166453754928105,0.0441290425574882,-0.0521664824716997,-0.0678004144906914,-0.0153601554096551,0.0440508031177311,0.0512676132354586,0.00240378676763806
-0.106789237665966,-0.14717181234634,-0.101437108606993,-0.0367564310313767,-0.0232389786490084,-0.0698572475746147,-0.115586885693832,-0.0864909364945491,0.0352895453803655,0.19207634226948,0.287334563811593,0.260286554102019,0.135756414156442,-0.00328072366786848,-0.0865716697768119,-0.102711796582758,-0.092405102765673,-0.101832321540408,-0.134792217164242,-0.15035093720737,-0.103271024932954,0.00699561870517963,0.123618118843151,0.177347494262735,0.143670878586946,0.0655456365910621,0.0114951811015201,0.0103956908642223,0.0371635286168616,0.0391032175156182,-0.0123246711775543,-0.0874273017445302,-0.12613492779613,-0.0919844526913899,-0.00868537971114425,0.0561770620669157,0.0470111515344018,-0.0286090000926553,-0.101090629208893,-0.101833871091191,-0.017121830053484,0.100537996438354,0.170452946944711,0.153232160518941,0.0784981013439047,0.00972470339852675,-0.0127028894609033,-0.00226754403715192,-0.00772541089150044,-0.0591892731000795,-0.129142922172767,-0.154337655771681,-0.0954467778724768,0.0227653557171868,0.122411890042399,0.132982576233242,0.0551263914844532,-0.0358884760215346,-0.0543578075966022,0.0236352401208679,0.141528376576783,0.203668703004898,0.151814691170248,0.0178617375830946
-0.151077704378209,-0.179084025020652,-0.093546359823332,0.012772455227311,0.0438968114876723,-0.0190829182820834,-0.105846643174886,-0.127974949325634,-0.0539333982521404,0.067787640141662,0.149750570897499,0.142404955018937,0.0762115153551682,0.0286284530024205,0.0483944020352875,0.112509928604302,0.143943866015046,0.0772652552314942,-0.0762727349417616,-0.232214298474244,-0.293859344393789,-0.2220564698395,-0.062419423588366,0.0933415050940058,0.170333807396494,0.16063447389881,0.111655120060384,0.0688176838768283,0.0458837713805652,0.0255151396554273,-0.00846132694221163,-0.0449866100828296,-0.0588617411464153,-0.0362165653516953,0.0016969804470359,0.0145406148251684,-0.0174728676035895,-0.0733017452287785,-0.102587131387609,-0.0717191473224755,0.00390753745711386,0.0702327392504343,0.079800030992688,0.0377690296748039,-0.00211493776373911,0.0113523380286157,0.0785436617485916,0.143690245970901,0.137771263606169,0.0422601025541477,-0.0863392143521139,-0.161983637334755,-0.139969050754807,-0.0520633215987474,0.0188834317092566,0.0109237602424289,-0.0574216287768042,-0.101565480200367,-0.0463013616235068,0.104669532373395,0.260842026313547,0.306795126680609,0.197691030010543,0.00305914671984148
-0.181459710113833,-0.164276138849737,-0.0244779061349485,0.12038967253848,0.155329321603061,0.0613916210800657,-0.076747410763104,-0.155902145089026,-0.133837619021705,-0.0538057023189313,0.00352749876276113,-0.000342898102727265,-0.0270743810740499,-0.000933706493626438,0.111532815029755,0.259752907390406,0.334545715116967,0.25064729087412,0.0281355870514959,-0.21773992341317,-0.358213314702018,-0.331354386589452,-0.174342933871802,0.0128162213695506,0.134008833587105,0.155937374330926,0.113491254284973,0.0605220000753323,0.0292603696878637,0.0176428932739664,0.0110039160334393,0.00514671229129785,0.00452261460479139,0.0122099440822208,0.0160259842537279,8.4037129617319e-05,-0.0325395114061313,-0.0578119198057408,-0.048823512262797,-0.00590142910929568,0.0327864599272601,0.0194521789820361,-0.0543278663029029,-0.136936202595927,-0.149495524835694,-0.0495353550976488,0.126528936303972,0.278055039313638,0.304876478540816,0.187662743465089,0.00659072324330154,-0.127771072986873,-0.157319892801845,-0.110058863916006,-0.0675485992664336,-0.0857015103345755,-0.139652706046076,-0.146521681384718,-0.0444613872499179,0.141246009298652,0.301781749019899,0.319746957682288,0.171608333369894,-0.0428763525224059
