-1.61430823165281,-0.961506056031146,0.618223791784669,1.98139956036739,2.16083298509285,1.0949044370636,-0.404597160122654,-1.38297577017366,-1.46914368485382,-1.03342551300528,-0.731529202599922,-0.841661175093919,-0.990551496920657,-0.541317153978785,0.736918439318158,2.32625072168977,3.23594943465984,2.73214754038455,0.949086600701506,-1.16010453990788,-2.48963519662073,-2.49532272838963,-1.45437617791691,-0.173285461879859,0.611173898222259,0.687555162045765,0.349612284951593,0.0241466890903585,-0.0673484032364259,0.0214790022299263,0.130348226744097,0.175777591392894,0.180177792102266,0.175933217217354,0.135540883274258,0.0322191679358528,-0.0606510752857102,0.0143453682358575,0.324580099546234,0.670339295724617,0.633265781759173,-0.101413067204206,-1.3642009026663,-2.44691857229881,-2.53006201550412,-1.28574954521377,0.798245366884627,2.63765808886339,3.24501479415728,2.41911300338059,0.846735821152325,-0.474822260998972,-0.979891907580135,-0.852372900498768,-0.721806420934651,-0.998755050881665,-1.44847050919683,-1.42042355408346,-0.50316876741856,0.98747703053337,2.11836459753866,2.03859759016592,0.735852842630315,-0.869107628671506
-1.55278929088557,-0.468039862476015,1.30871039784372,2.60768128202592,2.57569031808834,1.31775592654851,-0.255838067639889,-1.20381708801747,-1.24176052826838,-0.828846148682163,-0.653289663584061,-0.963980339778286,-1.3401801160409,-1.1099400943667,-0.00694453375551496,1.50855048524509,2.52610378370695,2.37258948823801,1.1485261654041,-0.35815084955824,-1.27692654664975,-1.24596086314271,-0.574681117847025,0.0793950329034241,0.249646829171452,-0.0316094753057538,-0.38688580192508,-0.487283804602448,-0.303253810262739,-0.0468593540353587,0.0746747889141233,0.037528480097011,-0.0309149358452229,-0.0233673134155942,0.0472341707890363,0.124012068596391,0.231410197512607,0.481791531995667,0.902985390621719,1.2595111694737,1.11491214217033,0.164636242259207,-1.37968015357856,-2.74782662223068,-3.06707331962725,-1.97943998061921,0.0423272432519048,1.93238539161696,2.727690945731,2.22250757989194,1.04001628875544,0.0737898392288443,-0.203636447031708,-0.0178572479230302,0.020260946190803,-0.442741626549323,-1.12083599986141,-1.35309422805082,-0.744782185330897,0.400617265920042,1.23233807608083,1.02972586781662,-0.122887767301801,-1.32349535430696
-1.33110990563061,-0.0992265514147074,1.52960121464875,2.51641456644319,2.24979413071881,1.016989075139,-0.27164377402704,-0.82433098302032,-0.541672522831881,-0.00542772812165082,0.0804545155131229,-0.474447206958246,-1.19684290426028,-1.39793784868889,-0.778529442627905,0.311118315928603,1.14986705493578,1.24212216016676,0.703582211067688,0.0966039940652808,-0.0815439845526507,0.211475892868254,0.576083144459312,0.552974484843105,0.0529147690228883,-0.567939779888583,-0.851337792227955,-0.643464773622165,-0.198988980940126,0.0724540157291917,-0.029064727203124,-0.347201389137531,-0.548865311606563,-0.443988012873441,-0.127176953508797,0.175345957249596,0.359053521831468,0.53986667073051,0.873038027282839,1.27988305129786,1.39379872473209,0.822641152777603,-0.428300777207112,-1.78735101336936,-2.46553806273747,-2.04006637862446,-0.786091957933789,0.506870936412214,1.12023751648645,0.928273704774192,0.424228907583318,0.246336546030747,0.619960604498782,1.17382436140124,1.27500007137138,0.631037385597237,-0.391332526758303,-1.06890596520056,-0.951987006470679,-0.255808288582289,0.299489806551958,0.105889628400257,-0.747578376936829,-1.4945267671091
-0.970709830357909,0.0296330791399737,1.16206354678087,1.66586625259931,1.24148041697444,0.303210416820739,-0.375153750671673,-0.286213085412956,0.415285648751764,1.04697133848759,0.979374908122246,0.172525576883747,-0.81881626699563,-1.3368964782098,-1.13710589711517,-0.529618277987085,-0.0572634469292663,0.0151754793834827,-0.0918857303824595,0.0371174572573371,0.556058326345404,1.16893525367466,1.3570506453659,0.846501199760072,-0.0914839183378634,-0.821348456395464,-0.865542421006165,-0.29798832478614,0.324353106842674,0.4307966795433,-0.0826347032937899,-0.784446334434052,-1.09976895363855,-0.801461943263343,-0.17147493343623,0.283571263821518,0.294302088422629,0.0613319925743234,0.0339503660160815,0.458947961467349,1.11604291702501,1.45785986742562,1.0885183948048,0.150988766612342,-0.79352098051621,-1.2536343117233,-1.18259612884799,-0.930694507666657,-0.848138148456407,-0.923410263029817,-0.793426105650433,-0.111498743202404,1.04966771354723,2.12397443256353,2.42387297521214,1.70337039723488,0.406531358307826,-0.669256179958537,-0.990504421490936,-0.656840379235112,-0.256898951503049,-0.326126726868558,-0.844609927208029,-1.25032550639529
-0.518585121191544,-0.0690757007877835,0.346669497335499,0.330816306635355,-0.11169964201643,-0.53317102977015,-0.418216325948993,0.359194039158306,1.36227477448189,1.87807827174759,1.49198706076316,0.442375979390007,-0.594577265555329,-1.05888362616314,-0.901078890914123,-0.543116094175522,-0.449315226666905,-0.665335389433344,-0.784089338612884,-0.388633966610369,0.484422051799231,1.29701576602309,1.42466182080659,0.715486839708399,-0.314298244832175,-0.872368929497264,-0.53885763320644,0.375917919554038,1.06434901774655,0.883903378619276,-0.0892325863362103,-1.11719206939773,-1.42099636056777,-0.813500439205955,0.15586780587587,0.646517069304035,0.233006563571334,-0.723406917753234,-1.37887176648857,-1.08344453568735,0.130409615885097,1.56998491872798,2.39853293650679,2.23559243358361,1.31705101275144,0.159083023424157,-0.864398487283203,-1.66094463937422,-2.23288333157512,-2.44049342846526,-2.01359056601913,-0.81940062154136,0.857955816629884,2.31992265331807,2.84509167007817,2.21158950659538,0.886822399513443,-0.315606285551134,-0.817669313241893,-0.627574687511037,-0.226515739719919,-0.107921460052315,-0.351944785427178,-0.613126866670996
-0.0351433308482461,-0.260708187860644,-0.574245173496748,-1.01894254190048,-1.35253463897605,-1.17443976387759,-0.28620159426171,1.02889753903322,2.07314082746957,2.19172702713036,1.31071691441694,0.0433108519200061,-0.789328634212133,-0.781112005456219,-0.200719498503982,0.264880683819629,0.105314828462758,-0.553401266760473,-1.0687217082468,-0.886630372427154,-0.0592715015895804,0.771343336008911,0.909578289509346,0.242384076931362,-0.617661342370978,-0.851834580861464,-0.145814671747821,0.999980257647109,1.63351988721314,1.14636432446317,-0.167182289233645,-1.31535403008377,-1.41084056403739,-0.38191576588195,0.930674651414897,1.37825754959394,0.429032608381759,-1.36172632283516,-2.7701065988092,-2.79389993034038,-1.29879189233647,0.944727571219265,2.793638030421,3.46321172604369,2.89880028579346,1.57432643830919,0.0449941512906153,-1.33343459391085,-2.36759990045808,-2.85362227760744,-2.56446940287698,-1.44351111223896,0.18780187455719,1.65202062334381,2.27552491048183,1.85092067385121,0.790072109304017,-0.181557967238283,-0.531972899323173,-0.238194032963779,0.293826946482,0.604420303679045,0.530187981188703,0.239730424308904
0.422295957044832,-0.347418290614854,-1.19884728690975,-1.91271164985792,-2.09764690849737,-1.430541562847,0.0025540201004024,1.57596723713484,2.40645642877028,1.96197860509556,0.539274153471896,-0.88315716331407,-1.35890617933333,-0.650703744164397,0.623837895634968,1.44935909966807,1.19163778456659,0.0953711821292354,-0.960784783814157,-1.22292199426463,-0.652882353757478,0.0998234885619271,0.292699083821261,-0.219368749142825,-0.845263469833299,-0.822400458691554,0.0651436321106833,1.22404716298271,1.69104945235052,0.973613508836796,-0.448523534653608,-1.45345704284778,-1.16681170623004,0.324281361172402,1.94067036563876,2.33945287094987,0.965776443463427,-1.46250656170735,-3.48472328357049,-3.91478468842236,-2.53784728752876,-0.133838400936885,2.07905893064286,3.21264027489775,3.12313522554589,2.22176600928825,1.01785378560804,-0.174375897462473,-1.20804100584178,-1.91713297327308,-2.07280009505018,-1.55066742989856,-0.529674717930988,0.494123507089788,0.986763662020862,0.764180972558698,0.129611588985622,-0.365857787605849,-0.325909087045259,0.235023634560484,0.952719598378726,1.41160567838781,1.41850536933903,1.03899147923554
0.800020849058431,-0.167589107293118,-1.23130034434773,-2.05358608876426,-2.17387092704602,-1.31690923265053,0.27446954534785,1.80014533047863,2.31145557111875,1.40119630814827,-0.377830692739087,-1.82745659343688,-1.94788657143401,-0.639674066169365,1.22057111840625,2.37472725403677,2.09440727987515,0.707625138736568,-0.734889358242508,-1.32448834530134,-0.937165226407881,-0.210003183047439,0.0742956668183328,-0.295503730075557,-0.80398578995872,-0.761169260345873,0.00772083920253097,0.936079553921683,1.16792672244144,0.354593533695268,-0.933360471934044,-1.59866914877764,-0.891144336630365,0.94723106872996,2.72978046176217,3.11098364442174,1.61956133975562,-0.953973911317984,-3.15450865474186,-3.85668355752122,-2.89481563986413,-1.01866925839733,0.707203997737495,1.63303391677702,1.80126056548026,1.61999580224301,1.38575824192596,1.09496125612178,0.607571151478176,-0.0667090658532854,-0.683824868370232,-0.957667343044801,-0.816634345446393,-0.495321943779388,-0.346915071387704,-0.513722264830579,-0.792565433093183,-0.817317920639765,-0.363214782411514,0.470055789609615,1.32924752215136,1.85988134617468,1.90805441354524,1.51999685020101
1.03428344263355,0.308301535410505,-0.604332402567031,-1.41331203674177,-1.65363191064724,-1.01984685309867,0.288164660649264,1.52989400295827,1.82350667172013,0.817424795727675,-0.914717752286082,-2.19914995528932,-2.09330554074678,-0.577916370245804,1.39590171237085,2.55030019668621,2.20356030443606,0.754202087277338,-0.702723538711481,-1.2499537596736,-0.774569631313523,0.0647681244224385,0.45426066197136,0.133487859039124,-0.44614211049465,-0.635363119966818,-0.230466169758678,0.321041919415625,0.332725512127182,-0.428347164433804,-1.41824316733372,-1.70249908324166,-0.729934035768663,1.15070522390924,2.8244894099887,3.1718015249749,1.9205428977419,-0.169809314560412,-1.91281526841569,-2.51058847780695,-1.99865158018303,-1.08396092046189,-0.506363553292323,-0.433846293013378,-0.444249464666911,-0.0542464316740894,0.788056959607692,1.66461062377345,2.04851979338686,1.7319169292448,0.952118767620663,0.144369438303933,-0.403628193333713,-0.717712523365117,-1.00154548012897,-1.33201256649946,-1.53239689067031,-1.34133320796232,-0.66753462956704,0.291402023933359,1.16635100606622,1.67141743760415,1.75286654847297,1.51435138426159
1.05004687271376,0.940163626694468,0.486271636654547,-0.22902304409207,-0.792720277561824,-0.77207191151657,-0.109585590792971,0.738761558889322,1.06029571354749,0.45322965623104,-0.751891853487577,-1.66555896241961,-1.52207588471646,-0.314892777182693,1.15660787205235,1.87103140180679,1.3654955521755,0.0916394494875458,-0.970276247831539,-1.08071735640434,-0.26400888217373,0.765204166101945,1.20371090840496,0.812356259640909,0.0358160952851368,-0.480009966963335,-0.4742713822116,-0.256204140414696,-0.35245051432752,-0.93676205755633,-1.58243305733239,-1.60210411090009,-0.669118511897677,0.83448424847307,2.03376287485671,2.22362724488487,1.42631558708785,0.3138708558806,-0.370021160367631,-0.363274327698629,-0.0474468445767299,-0.103501510965595,-0.86586161907579,-1.94110311377117,-2.50187878907263,-1.97845453247347,-0.511111966124845,1.16690129042423,2.26258653789108,2.44370448793271,1.94210049271859,1.22589656656046,0.600069555567486,0.0519280580066096,-0.572246284988952,-1.25720357449706,-1.73234399673574,-1.69582178017754,-1.09749968212199,-0.219598813248699,0.522999608736235,0.896784812437194,0.983458785676973,1.0090138448012
0.789393662123001,1.46724735015713,1.64913303124446,1.08877296360438,0.0929712842244082,-0.709677437671451,-0.855387590021143,-0.381206417911223,0.213425622207764,0.392889082680554,0.0623595219807292,-0.357632580350917,-0.361873561193967,0.119001531959189,0.638933014606517,0.64005964168289,-0.0308247363159038,-0.926823574244622,-1.32720647959497,-0.81595546646648,0.365262002946788,1.46538414121394,1.78960714363239,1.23080548435313,0.288967686418749,-0.400089018718962,-0.570608040521476,-0.459506969576996,-0.494962207088189,-0.836266680769423,-1.20005282170883,-1.15387787506068,-0.570702897709597,0.20228404590174,0.620619146189112,0.462447114939393,0.0741989539745581,0.0523602665599919,0.689727982803407,1.66280010463513,2.18047668103533,1.55200860648096,-0.191792305352053,-2.19601413262304,-3.3629296671471,-3.1129269222864,-1.7243555248376,-0.0560065445170995,1.1073340797414,1.55791147353622,1.61072599602876,1.64194973084528,1.70241596120789,1.51213586490919,0.808261694557941,-0.293514678383208,-1.2994685839473,-1.70917738256704,-1.41136616807175,-0.756812089389969,-0.247412734569764,-0.104678691448242,-0.104615157747858,0.152364047622353
0.252404144175984,1.62494267202786,2.44794965341117,2.10656597664557,0.753573355298065,-0.795771917210469,-1.65647924134173,-1.44779764215032,-0.474775177771312,0.571182086801092,1.14199970241509,1.15792343452611,0.870087345099246,0.487563519400258,0.0147003464058234,-0.608461584960069,-1.27759770512352,-1.65028303521827,-1.35951836733333,-0.366129814121665,0.888490765015927,1.72025162182538,1.6895063052391,0.931591224775991,0.020719479604371,-0.491098351963224,-0.456145831520553,-0.157897494762898,0.00241011147758941,-0.122429941250764,-0.340513794630124,-0.40112375324537,-0.313715056108514,-0.364032356148726,-0.795628187075022,-1.42770413689067,-1.65182753201099,-0.907528078976668,0.78141490839223,2.65737208410777,3.6245517194463,2.99227097363528,1.0238256968915,-1.21780699042361,-2.62215116036616,-2.74542511540718,-1.98715821477077,-1.15519445091106,-0.744675263790116,-0.563880039318768,-0.06664444969011,0.999623479621879,2.25754421886682,2.93386660386554,2.48736590298459,1.09655193308335,-0.448894726275993,-1.35089141010763,-1.37495250419613,-0.939699709993164,-0.67970092679456,-0.84956054268244,-1.09284249695522,-0.803666225603474
-0.480763906858964,1.27511541848465,2.58211234212312,2.52409412518459,1.07728840179606,-0.857264929037517,-2.112789099202,-2.02240626257391,-0.76598317793575,0.847832881089137,1.95383896380905,2.13543916089033,1.51533452933731,0.487326442415259,-0.564411743350957,-1.36602007537802,-1.72724113775668,-1.51557759694358,-0.73850354762545,0.322772514361214,1.15444701698896,1.30540126643141,0.72435692534466,-0.167547663966141,-0.771486579472707,-0.731521198957653,-0.153146040671422,0.521094980419956,0.875320323345147,0.825121966211156,0.588224819315178,0.363040383386488,0.0755426978715615,-0.53556100674846,-1.55673867983003,-2.59682024960334,-2.91890102643324,-1.98174180365566,0.0507110177685042,2.2610197879828,3.51157216468648,3.22990675916284,1.80343637842499,0.220164368911449,-0.702791051505911,-0.861628323329189,-0.828448275583133,-1.26265486125046,-2.19143861925206,-2.85868280160747,-2.37632678924903,-0.548895108282277,1.84576323816507,3.51613625153963,3.57256555104128,2.18580619584612,0.394430383650803,-0.736426537074934,-0.867844409232788,-0.504670095915085,-0.438447416241532,-0.976095477731739,-1.6386731118031,-1.60574836859818
-1.25765982627617,0.488868941021416,2.01935662884211,2.27553541823646,1.08663817301203,-0.708682920996916,-1.912848584757,-1.79788012103652,-0.519687542961698,1.07721901361653,2.07003855870729,2.02548185667827,1.13986149904618,-0.037521891833673,-0.972956990880148,-1.35187417162354,-1.11180170946556,-0.395673596579265,0.488326321577763,1.10902546554724,1.08172358773893,0.32879784402497,-0.792725591996773,-1.65011092376731,-1.71974159577478,-0.9311899016733,0.282043044137444,1.27346938619437,1.62883748311726,1.41684918215507,1.01919662233929,0.710438828066841,0.398670632505754,-0.235878901331463,-1.31932646883818,-2.47881647563424,-3.00559840153503,-2.3955051529283,-0.816758749236773,0.90903678050136,1.88105639429321,1.82091715925953,1.24868838640823,0.950875597892917,1.26141671253272,1.75221496960619,1.53801283262739,0.0495220359496551,-2.27720823673034,-4.11902364445509,-4.21992164102919,-2.33734499016804,0.543138341661466,2.82354699411304,3.38196767170109,2.33403657056315,0.798338325398742,-0.0738773874485985,0.0494342976994838,0.548564875067866,0.499203567753964,-0.42696698735847,-1.62806832947658,-2.09240843951802
-1.88212272893608,-0.45888215241266,1.01374668911805,1.53579205782143,0.884500138020339,-0.281106646417816,-1.0046194737152,-0.759856114899833,0.209553560787947,1.13778099492811,1.35860628312641,0.771606337767627,-0.187946666220035,-0.931626394236108,-1.07702324906602,-0.575399081476542,0.335898145877565,1.26376025214782,1.79609725789695,1.61583987470947,0.647566232742069,-0.820903866379924,-2.1827717826081,-2.77087395141368,-2.23688070711172,-0.81082806072341,0.783969307175631,1.76451491613624,1.7987888086813,1.19155275004389,0.568110032769368,0.33803186260978,0.399386630512109,0.303124285264887,-0.266417144383521,-1.13215892260772,-1.7458602575876,-1.68035542120013,-1.04421785433808,-0.428043675691349,-0.356788287859533,-0.718582764196802,-0.784113978786788,0.129191864347166,1.95909434606014,3.74537922483187,4.1594463181471,2.48261858368805,-0.655167368977872,-3.55891231304644,-4.65296939248381,-3.53181271255722,-1.12216571329448,1.02356364806717,1.81787291818063,1.33418801528816,0.552612176607513,0.439243281313615,1.14829400868691,1.92505961229696,1.79910170308277,0.509437410828367,-1.21150595815611,-2.22926890088312
-2.15800249182681,-1.18614680775218,-0.00302230070320897,0.634293492733626,0.593133966713344,0.32355973976225,0.345587544696062,0.758246738669142,1.14193218684584,0.942264252264431,0.025238925393118,-1.15006630452795,-1.88222538104242,-1.71887256763952,-0.698229577580875,0.734728202271808,1.98685493848741,2.59433588418954,2.37122646843266,1.38766256986158,-0.0941046613561703,-1.64551123813637,-2.71709824542703,-2.82083799231383,-1.83777656163284,-0.20962322280071,1.2292222632405,1.7460926232789,1.19833200849361,0.1261323049506,-0.658755670177638,-0.662715307193559,-0.0184327842565266,0.691897917399276,0.947663554506791,0.692624395524967,0.266474605557434,-0.0207791275208797,-0.244767908255253,-0.799802147105806,-1.8986738606369,-3.10074385869453,-3.43467216974456,-2.12409981228658,0.697637800583155,3.84713896395278,5.64722920621129,4.98010328704619,2.17289897034512,-1.15677844557001,-3.2837292502272,-3.52491136137191,-2.45568653374056,-1.2180797313132,-0.580827964253558,-0.462449978633405,-0.201477643023921,0.727107722682919,2.13519092760094,3.14669668090028,2.8938578779212,1.31874403796541,-0.71648028784981,-2.0816929573001
-1.94916436287637,-1.35540154418865,-0.604868695861893,-0.0831108794623776,0.311069590166779,0.878881804108839,1.64608113309485,2.17787662731059,1.85679044428532,0.452848034728024,-1.50020335925255,-2.96774364499052,-3.1039320493885,-1.78206610172685,0.345803067153649,2.24078823380014,3.08346072322757,2.70547533925103,1.5342446266388,0.167488260430137,-0.985664628840575,-1.73531939106266,-1.9431969623057,-1.48970341541441,-0.462765184092568,0.701603413681731,1.37278651350265,1.11305208014822,0.012694812741019,-1.29715515099333,-2.02214555057819,-1.72697143072619,-0.609674094910179,0.68053914770939,1.55123412240642,1.86028827718693,1.84271659555492,1.70464020631847,1.29966650852022,0.216710197649638,-1.71038034006498,-3.92452723269202,-5.26329802574122,-4.69848327091256,-2.08078441805212,1.65886335571454,4.88905302081552,6.11932052225092,4.93738264056176,2.26140562093845,-0.42591278354768,-2.15869483170406,-2.8967222744881,-3.0686737994704,-2.92529974843695,-2.33310679628768,-1.04396555812289,0.869714906627166,2.7833605700734,3.76584071400398,3.24143894800893,1.50281313585823,-0.482268115198796,-1.75965522309216
-1.24279823256062,-0.819438391742595,-0.547990898517203,-0.388441146707943,0.091523941669778,1.14885386369524,2.39503470372689,2.91824275271864,1.97002133495014,-0.305612118809776,-2.76425909888481,-3.97319458064682,-3.15019917423987,-0.670749434828676,2.08609807967367,3.55856657536059,3.05145733089545,1.15739467810212,-0.825597853649995,-1.86929502246027,-1.748251203494,-0.890855227472209,0.125043931190986,0.929890702320659,1.37236148868847,1.37833375909012,0.888917945569504,-0.0760382233610839,-1.29989599932805,-2.32683374322558,-2.64771701996206,-2.05332231295872,-0.840496910373309,0.3748144431916,1.13804316187686,1.48531630050905,1.78682719965985,2.2695016786525,2.6485999584551,2.21812453947142,0.448814013674613,-2.3541493836317,-4.99758093742276,-6.1173893869901,-5.02428932074763,-2.015168390432,1.79238686157819,4.90173576724542,6.13908217680976,5.26563271098941,2.96626871746847,0.229532117119365,-2.20542335449657,-3.87080400088,-4.39389781997585,-3.55572737548033,-1.52252696965459,1.01370393577301,3.00324097130744,3.57082213489117,2.60301482894822,0.840977391817747,-0.689374250616828,-1.36798700910101
-0.182761540789288,0.297120377576254,0.127402589365861,-0.251870971899784,-0.0583356115858854,1.0112493373677,2.31900020246785,2.6701340039343,1.31998610521934,-1.24051191738458,-3.46634013022488,-3.8066565934783,-1.77317410512162,1.60472228307743,4.222447165807,4.28857922876854,1.72972900446392,-1.76507657021178,-4.08421695916695,-4.06818288114135,-1.98072377044122,0.868907220360996,2.9956220092465,3.57476083888782,2.71691628645791,1.12966665461437,-0.445256645730423,-1.59630277488469,-2.22938537093563,-2.33734288052994,-1.90754617564357,-1.07197854475604,-0.225287191999482,0.159350186029862,-0.0574443250895627,-0.454323881422348,-0.309862894292301,0.818511897295785,2.61554524100919,3.99911338316782,3.74341747591626,1.41715851086026,-2.13244699531391,-5.27664657266965,-6.62037370255541,-5.60751297096816,-2.56390626168553,1.43897982937101,4.88950100118716,6.45038942587018,5.61422295020333,2.89191650920815,-0.543136882921566,-3.36690375348187,-4.55282703178412,-3.74038327910511,-1.41586845621521,1.2246624006626,2.82440150741746,2.67384174023419,1.18388402875493,-0.469846970969324,-1.25970499498229,-0.972046743346479
0.954733324346271,1.61691679577965,1.10779585618772,0.164346308879212,-0.156419233323606,0.527921946825779,1.50614435017023,1.54849006615602,0.0652310051589147,-2.18380655341225,-3.51701903856511,-2.55179335939357,0.693113382265204,4.45056275208716,6.09092969972263,4.09249627719458,-0.573674883106169,-5.15516731995011,-7.10526570639494,-5.4789893887505,-1.2248834525006,3.33342583062223,5.82344061242744,5.29773392415463,2.61717365731946,-0.464535102257289,-2.52307538834745,-3.07113511144594,-2.41444225381712,-1.15454036675039,0.165367206840336,1.09998126950051,1.25233600906435,0.388542524260508,-1.28613157255874,-2.98482155195973,-3.61992909801451,-2.4096760609269,0.554696510555778,4.10414789398383,6.40324997777165,5.97058029845973,2.71805073167674,-1.90367530247418,-5.85070367520996,-7.58037294074087,-6.51120344528784,-3.05145421145455,1.47664306511848,5.18761239814743,6.47246543904274,4.92170813243306,1.56569630655097,-1.76740628683165,-3.47697239152497,-2.96863610174263,-0.855076352418817,1.40407715230329,2.33716492374315,1.44434886580689,-0.450776795994479,-1.8851022589268,-1.88062760495315,-0.583749353632574
1.83932235355195,2.63495859887282,1.9323934371666,0.597068807027945,-0.212317318907677,-0.07645106924588,0.353380466117867,0.0310231947180196,-1.36077762333359,-2.8888802827224,-2.97284699688767,-0.637484329169444,3.4411584410918,6.84437291966347,6.87282952463317,2.81656065348915,-3.22677707746786,-7.89044523726565,-8.70105404775226,-5.20063139355339,0.83230698157071,6.0598091793963,7.61944740496143,5.13428153225537,0.64837126444146,-3.19613872522308,-4.78774963195952,-3.98487922024657,-1.6962401218412,0.853960339790943,2.73161798575289,3.4697252884291,2.91682255731803,1.09653471064135,-1.68044157219617,-4.58873376484763,-6.38941576642571,-5.975764266589,-2.99246344405944,1.79325787037568,6.54110490812435,8.99933539233398,7.74132117573833,3.20701378144293,-2.50963742570073,-6.97125486952782,-8.56795324521239,-6.91646614596666,-2.81083380879207,1.96727481358252,5.25153115779724,5.64559597315211,3.43786319195156,0.359049416092101,-1.66292941125877,-1.70977311523483,-0.244989686436489,1.33339087487109,1.64420241766146,0.334064821135676,-1.63512364186028,-2.75828149319327,-2.15216055930902,-0.182132366006924
2.18845204463149,2.91610791763403,2.19546602505814,0.815837008249443,-0.206941636553732,-0.521291989435563,-0.642268837680478,-1.28167003413842,-2.42636144036981,-3.07358333226499,-1.93726048608376,1.37443807623743,5.51192817406196,7.75390920022286,5.96256457652819,0.572522714760006,-5.54826891747574,-9.0816180364553,-8.06405679819133,-2.76255180787897,4.0531912054695,8.30458550171104,7.528805551976,2.74894806454368,-2.78840687301869,-6.19171816402855,-6.30653728765122,-3.70159372657907,-0.0371752107456342,2.95113596654782,4.40094271525438,4.44388379225499,3.54653017408891,1.86750168396416,-0.704735916907878,-3.91960379081005,-6.77806232148564,-7.93401499383793,-6.45127460047295,-2.31850504838383,3.35611997884973,8.42724405027081,10.4538007873409,8.189154884005,2.62205277840715,-3.61329955753994,-7.89013335123621,-8.81029337256964,-6.41442638478684,-1.94414177928724,2.51803564269808,4.92954011154007,4.536101266324,2.34901374088901,0.227065582543439,-0.561502148867821,-0.0346737868711047,0.80704526362721,0.831943826121936,-0.31756114208341,-1.89311054145034,-2.63138290880476,-1.79140453698759,0.231365257892792
1.8605109707343,2.28654466666951,1.73981077850634,0.735221164620012,-0.102572626807846,-0.610073913208335,-1.12809778577891,-1.94948563949533,-2.73484533921506,-2.53327313044492,-0.521601825788143,3.00778770989377,6.20823992741905,6.63273524534704,3.28846974191498,-2.27828549354297,-7.0441093843576,-8.32705961416226,-5.01474442847933,1.58051234588018,7.64043754277949,9.11588318320766,5.14493591049547,-1.39153271313159,-6.62791259277957,-8.24328987483639,-6.03680542829694,-1.59423821872768,2.51562377877492,4.34628637407393,3.88373598000709,2.61789688596166,1.92734151808847,1.89861150347799,1.44553571967095,-0.475038204485418,-3.68716930438656,-6.78497757437354,-8.10185752334926,-6.60083424858493,-2.243025946184,3.77582009993904,8.99628021447047,10.6997294386624,7.77684887752915,1.72090491694473,-4.42461995558042,-8.07475672745474,-8.19479688847199,-5.2176656544618,-0.702677641799038,3.16185247908499,4.67495934959414,3.73027328702604,1.68199930001073,0.0691103210568236,-0.454578783631201,-0.227067750227834,-0.0381804238199972,-0.410347736403582,-1.12748038552744,-1.43625448839451,-0.79135285574687,0.583311850085389
0.913473825043495,0.923157094281624,0.7406258040486,0.455352242620055,0.131192574743338,-0.327672752828107,-1.0526553497956,-1.8815003904218,-2.20582628722901,-1.27139778671551,1.12898313877243,4.01290943961076,5.38896465789134,3.7000557961774,-0.60155701187874,-5.19736129614351,-7.46168909764794,-5.7146210515761,-0.0618306203589,6.7695831229457,10.2692127569005,7.69149637187207,0.723661257043684,-6.2381955051079,-9.64253591080305,-8.29219643945127,-3.22159314201762,2.60845737550138,5.67317484425759,4.47752010430299,0.751147158331392,-2.25246754357569,-2.33206921456739,0.386060639018192,3.71446791465359,4.9035379398684,2.62300220279563,-2.12942047993966,-6.90086721745594,-9.35228053231888,-8.17873488773333,-3.38618413818787,3.42948163943725,9.18320036445813,10.7708322795526,7.33483630679124,1.00611593166586,-4.82468920705522,-7.73085430409131,-7.02328722762761,-3.49004072016277,0.947574884036059,3.9974024040098,4.36520052260378,2.55149245746184,0.174272291102677,-1.36254562875772,-1.59064502672675,-0.909864658587488,-0.0909528180824239,0.354842304344366,0.467719416329227,0.552139263714867,0.739486647819998
-0.396472626219207,-0.712145583935464,-0.369746309336429,0.214448686527905,0.500207038891228,0.15759688181609,-0.670124767980069,-1.35564553821326,-1.11504932228691,0.451898177112657,2.8142239798344,4.39357585129786,3.47591588074494,-0.177905002449228,-4.73886924146729,-7.55404330006351,-6.68972802426555,-1.68183157888001,5.7045968878567,11.2083271682963,10.6218790622328,3.83139591432448,-4.86706957967454,-10.6177556926757,-10.9139481105432,-5.80505199657133,2.17020407920608,8.34533192508174,8.68180181686636,3.18163000612437,-4.17792410758025,-8.78991158623696,-8.18953282248873,-2.73870013117955,4.70132791213278,10.009848877521,10.1296162077306,4.96204645731614,-2.76749514639912,-9.40713311747584,-12.2821462118935,-10.3522268332777,-4.16495678495627,3.94717699057435,10.1487027346686,11.158092297316,6.79845534671529,0.0808675619876089,-5.30580016064703,-7.20038334887432,-5.37982742941739,-1.22500815011817,2.79458322754695,4.39670020127591,3.03265993637634,0.117282394570689,-2.29450790961006,-2.90876896746849,-1.699865044955,0.348260752432651,1.97670482575049,2.43312300341822,1.76830782847205,0.585030845730616
-1.69147570387148,-2.06216072671487,-1.09619375699259,0.273741929301396,0.977992324901467,0.579632589116022,-0.398283078118993,-0.864296894124413,0.0361607061761096,2.20686166137091,4.30789659842081,4.32726753025209,1.18484244088384,-3.91716970212655,-8.10648487358276,-8.74789778248385,-4.6849886722943,3.11819412826209,10.9023498306967,13.373044081662,8.06509120580693,-1.84737229355937,-10.4523235098755,-13.5909153660429,-9.98855795399985,-0.943395617295232,9.09610568930529,13.9412158570587,10.3369229503165,0.754584078225651,-9.10436746997481,-14.4751984662483,-13.3124978018556,-6.23849672787594,3.71720786349951,12.1494298420309,15.3028270559425,11.8101001134137,3.34626987143239,-6.20673003558258,-12.9320668483022,-14.6319040135362,-10.9311718292719,-2.99441919183896,6.06382479034903,11.7539149873713,11.1139157868783,5.25844248781873,-1.73212431606601,-6.12593053886401,-6.38765216629673,-3.13606636534542,1.33239937651757,4.08012116783308,3.46992449056911,0.391817512727249,-2.69880201690242,-3.7599007574545,-2.30283539276022,0.610212661374826,3.12969530065064,3.79660549282213,2.43628135648398,0.116550607117635
-2.60149820323068,-2.6933921426949,-1.09732066070637,0.780376153744608,1.49366846620554,0.693056381423444,-0.600366556382621,-0.850009019341682,0.772319032391719,3.57933402691519,5.41835215036506,4.02588989119491,-0.840155030319195,-6.68255782796607,-10.0016166060114,-8.39716820561378,-1.55015308331268,7.90401819761268,14.2977705328066,12.4910269525109,3.02025034089169,-8.11121549082407,-14.894041639953,-14.4984166638329,-6.74810165520866,5.44862071803865,15.4520349942915,16.8989107403106,9.32750697223717,-2.20855941653975,-12.0367328652246,-16.6937349310493,-14.9671999914636,-7.90281526449027,1.41230202567791,9.63992473381413,14.5976936079267,14.7584097605861,9.36081138974212,0.0440153802557228,-9.20829023186541,-14.6811632645006,-14.6879387538083,-9.21862837381917,0.0592961334875945,9.03920863058954,12.7200776370072,9.32550071180476,1.97257258202106,-4.43469436199176,-6.81188311641789,-4.78617754492013,-0.223111611940035,3.62403378058547,4.11438841102159,1.32470057369515,-2.22384674094767,-3.88032310316658,-2.65399156112064,0.500460965201113,3.42253399914422,4.17004750124213,2.39009648186658,-0.523253039602642
-2.88922424576131,-2.44927097526962,-0.331720024721708,1.66777514268961,1.92191279998929,0.36912537487585,-1.39888270080352,-1.46368686806942,0.890532835374523,4.35799885227171,6.04766492675116,3.6198303668881,-2.28154062671905,-8.15851442633194,-10.2500510060964,-6.53444836527696,2.32343947251855,11.8828146993818,15.2376052581355,8.86542482799654,-3.24609613131187,-13.5940185507108,-17.2890898964894,-12.8293791029187,-1.27012011603575,12.0380041459877,18.7338488114848,14.9009764836734,4.70686501222658,-5.32239481177814,-11.7570234177781,-13.6368203344334,-11.0046847856416,-5.72857111558862,-0.845144078065877,2.73777606887435,6.63351776814,10.9979296033615,12.4924105435436,7.95863116054501,-1.16913091328646,-10.0180172057443,-14.568608529331,-13.1795832426852,-6.0190436666861,4.12654162271365,11.5319431643618,11.5114779982167,5.01187052717934,-2.69875788719179,-6.97255077620641,-6.24613953848875,-1.78358766488012,3.11896218563193,4.98277602662632,2.8879650293978,-0.907943386221564,-3.31276358465334,-2.79873330960008,-0.0270205705242612,2.82927293336909,3.60261470438673,1.79375267680286,-1.09022420636009
-2.51881219095488,-1.49069348016829,0.919266581886365,2.65255419324843,2.10510005803718,-0.361259325584294,-2.61639543547299,-2.48545022486518,0.557567068687897,4.62452669217507,6.23525391603145,3.14029894764445,-3.1829752070523,-8.5535907043397,-9.221401818799,-3.67768329962035,6.2471121697338,14.44876219876,13.8465740833027,3.63548068205043,-9.25600861956941,-17.2723129910575,-17.0635864387284,-8.24995569690556,6.10185928644117,17.4038191545474,17.2535397161159,7.13495109835913,-3.68804352581124,-8.9383673249037,-8.57878727060029,-4.88245324904967,-0.516806871171166,1.00350839941384,-2.19366133153518,-6.80206869089693,-6.73149321553225,0.589453677594113,10.6943109436754,15.1127552047203,9.72191539775129,-1.35098602858893,-10.9638976740638,-14.6307046331737,-10.9777778879241,-1.45188160576177,8.48136866455808,11.93382658678,7.11536861315851,-1.19499906460401,-7.01936117570742,-7.51590255692156,-3.26519035646851,2.56960551794213,5.87533802747139,4.70454024251227,0.819278708378116,-2.40704614822001,-2.89411219027168,-0.875906457490342,1.66838204508407,2.52596860720422,1.05131395450068,-1.33355169564897
-1.65603269254035,-0.22415196743299,2.16407681552699,3.35165149231007,1.92166490739157,-1.32550184487728,-3.87163766313359,-3.45633394963979,0.194424914903362,4.69180573969992,6.16151294409478,2.59538028344316,-3.79057382210271,-8.39353268854821,-7.64918811336162,-0.677654891953408,9.44554736881003,15.3809341118839,10.8812267984309,-1.82682615333917,-13.9405031136622,-18.7342788593138,-14.1274536431974,-0.940538904639178,14.5703634741362,20.5798655187592,11.1998801130251,-4.9308760278358,-14.8991567643878,-13.9268308791362,-4.38211400824864,8.11166688681425,15.5641619100146,11.423431432146,-2.66189120627183,-16.7975581624493,-21.4962389214431,-13.2177059268902,4.28351996921006,19.3474406870877,20.7835219553531,9.22687128316477,-5.33616172565949,-14.3163884852165,-14.4864612206062,-6.4304349952584,4.9323208589156,11.3756763065634,8.51657800960874,0.110438217347334,-6.90388639648203,-8.47981445990915,-4.53178836128991,1.98342056095839,6.52128571497128,6.23556270583077,2.32830641530306,-1.65876847205651,-3.12539892768044,-1.8519698944362,0.431895786343607,1.52345939943299,0.607129964357936,-1.09950672218007
-0.616102835210278,0.856291678960866,2.91586691120885,3.47365931656908,1.36682897583574,-2.27785997729073,-4.77220522302824,-3.93680804871453,0.219155303587989,4.91450263489159,6.07813695936167,2.05048559000878,-4.32955331116898,-8.21730596814391,-6.30801818006056,1.62191401821247,11.3702226576032,14.9075479780395,7.36140631902372,-6.45716129589368,-16.9074508386935,-18.2332368675373,-9.12350770491866,7.99947900542937,22.8864851015976,21.5219208597629,2.73705780010646,-18.0263900970354,-26.7807109438333,-20.5178373374707,-1.5345844058646,21.8822498111511,33.8236309001988,23.2691759387795,-2.46508109191913,-25.1718187757096,-33.6848565931983,-25.8429671988999,-3.86647389731136,20.2964106382506,29.2613552814826,18.6041201413557,0.0662019084411165,-13.4478318778711,-16.7469225029966,-10.0489369842196,2.10476357166662,10.7895244988917,9.64809999497075,1.3631745494603,-6.52030488627035,-8.98787418741117,-5.41369796508001,1.43351046609118,6.75298426683921,7.05280388749111,3.09228329398965,-1.46207364137307,-3.5931393385153,-2.73150806997839,-0.436214800685254,1.05756630458836,0.736440649518894,-0.412631613706205
0.227472137561112,1.36298884466116,2.9201193568321,2.98176522088638,0.590581244483408,-2.9866800505316,-5.0941694918176,-3.7405200695272,0.797143648650516,5.47154250896549,6.1789283364451,1.63243701550939,-4.85759401695576,-8.31878238818492,-5.68269334511468,2.73203012794918,11.9127603393172,13.6003018880632,4.23191810854238,-9.68280009824291,-18.3208507452465,-16.5789936926753,-3.5553024687555,16.4899815321351,29.6403421232303,21.1756735746276,-4.93682056071908,-28.5301234907326,-36.5316933162286,-27.2922428070788,-1.21619890776827,31.9915672808735,48.6316062799298,33.2068022897247,-1.4921944115929,-30.0253073647605,-40.7249079952605,-33.66718111191,-9.93673238586172,19.5202194295777,33.5677396699274,23.8359318777226,2.9534837262606,-13.1791825216121,-18.0933929097614,-11.9784714050314,0.764717450819993,10.8566116435577,10.786208013103,2.56392242885572,-5.90276682135826,-9.00175276670338,-5.79644555286817,1.04601685485433,6.60169573543358,7.04784515553127,2.94583241281643,-1.90660579636177,-4.23909971268341,-3.324898859018,-0.70045085434951,1.28609821851083,1.41620321484639,0.497244832222304
0.564555189840299,1.16706112568765,2.27336379212723,2.1325662934854,-0.133090199336878,-3.29733924183303,-4.8574665593087,-3.0250586719791,1.72970122008343,6.2417929102583,6.48740960029181,1.4639205473533,-5.25677785505174,-8.65531099678732,-5.80766187484087,2.66656245542578,11.3915472903519,12.1670068640839,2.2077509983879,-11.2777510856618,-18.5715194690456,-14.8504744067963,0.538463021410831,21.9779325158838,33.55449301433,20.8878137117814,-8.91552223846012,-33.7650069995119,-41.6770256406997,-31.6417552479436,-2.64637810606682,35.1617649595891,54.3541050590715,37.6023075157631,0.124261238888919,-30.1422771708953,-41.5711757795947,-34.9852706122746,-11.1939348446527,19.0259573795445,33.5501839050874,23.451302161282,2.06806096239102,-14.1087100548571,-18.7314429307483,-12.1586547219415,1.17592279930688,11.7739582398591,11.8486766287894,3.43680933586659,-5.32483174430967,-8.68606010262405,-5.70317698512794,0.933524723283459,6.26792668085646,6.459759630593,2.14780652887968,-2.73343474441813,-4.84707651976174,-3.50920651089329,-0.377059704241339,2.02938737026283,2.32813281718174,1.25510312444371
0.266566220310764,0.433139887558225,1.36112657192172,1.36523849621153,-0.494093431697286,-3.1501614331912,-4.2748681759891,-2.20582965752464,2.53708246395365,6.84763864165236,6.83870173152032,1.59317639162118,-5.33104995809742,-8.94911902657373,-6.36129655137346,1.8143503138366,10.3292876190386,11.2169457815811,1.74536820428197,-11.1402729732864,-17.9597846233144,-13.9282897092138,1.45240740072579,22.4128612359475,33.5742255774649,21.3184709104826,-7.70162383701619,-32.4285940162566,-40.7932627445557,-31.4511715935748,-4.08671054158139,30.9655407574823,48.6107032440011,34.1311829689108,1.24534712340371,-25.9151518814167,-36.452958897059,-29.7389908207097,-7.04816786533802,19.6367724424482,29.8811185292291,17.966939927177,-2.17578643619524,-15.9943127099476,-18.6008006473674,-10.6384186697038,3.19867450466499,13.2637505078292,12.4200358737668,3.51344161782658,-5.21047870711896,-8.3570963566882,-5.2948109708794,1.13140999890544,5.99750399811122,5.7140605021404,1.21216660114589,-3.47667321366527,-5.12404864252887,-3.23684778000369,0.324273942713417,2.88058213904991,3.00040081533494,1.4906757125724
-0.558905599401552,-0.481911955813665,0.653818851615866,1.09686094920935,-0.265154171460084,-2.57340709176311,-3.62300712309413,-1.73949896279215,2.70427866769543,6.85328541282081,6.97169306798914,1.96845634028592,-4.93400503398756,-8.89499691785927,-6.92653066482875,0.643803391305169,9.15053425320866,11.0415467332942,2.99490929016739,-9.21406226360744,-16.5350206161079,-14.0412862142129,-1.22103840097195,17.2823519511699,29.0408559160284,21.6475530788611,-1.91687369983922,-24.6135951146844,-33.6588117348222,-26.3505118723231,-4.47843729005622,21.654578942962,33.8473179167999,23.4017400778623,0.239874369193483,-19.4897286883539,-26.8348582382482,-19.2106290761465,0.997364451183662,20.5882714289326,23.4947631678406,9.40654803989528,-8.02198133040634,-17.903119601063,-17.3687759518967,-7.4898135465753,6.40073262645253,14.7215849556613,11.9694476212526,2.39775524296316,-5.88572678488373,-8.29852164945683,-4.77708018782238,1.57725629378662,5.93856802858819,5.17603073192951,0.617536412515143,-3.71040951518107,-4.8391584746527,-2.54745081179954,1.10835154520161,3.4038230961864,3.03704552881354,1.01922302657295
-1.61160041793707,-1.20320102695156,0.477766998064207,1.51945832900827,0.582282076913434,-1.68060426607145,-3.11249483672865,-1.88342485686334,1.97119988103031,6.01727087507133,6.68099995135396,2.46798597746453,-4.05372166431558,-8.33835232138578,-7.23558622744979,-0.563176806310242,7.95813233540504,11.4610431622076,5.6870405739345,-5.57816804729705,-14.1115140506403,-14.6297470160411,-6.27232541425727,8.0849359279016,20.2543930205584,20.0014868879874,5.68149708011221,-12.1144178227397,-21.3215329394164,-17.5607675859318,-3.88006828091555,10.5991389233134,15.6946542700452,8.97829832308599,-3.42590232567853,-13.4368749853461,-15.2076657245593,-6.03471444715786,10.0095710309188,20.3568869965529,15.4982821304584,0.29965248387554,-13.3655457039017,-18.6979387421991,-14.6017040053906,-2.8928394260494,10.0917416505943,15.4239250733459,10.1498799617389,0.0630283450181328,-7.31458569208193,-8.54816492609304,-4.26542167364287,2.14488137860697,6.05815007476154,4.9584377225125,0.561885040045863,-3.26983059379239,-3.96043054921539,-1.58409987110031,1.70523558822895,3.33526976952188,2.32577750564249,-0.0469877704681553
-2.51238348645907,-1.48735347570473,0.871693187337418,2.48634181780323,1.81500196982601,-0.667391593551145,-2.81216136981076,-2.55756875039069,0.501268704477043,4.4555168251639,5.94496384361049,2.9688048874165,-2.80816129052105,-7.32305334168269,-7.25712779310135,-1.79789001487612,6.50340518652787,11.8177620846657,9.04176871870577,-0.606218782561092,-10.4057070554995,-14.6089271830122,-11.4937510570648,-2.22776267480926,8.98327400672357,15.0553013433353,11.3518397814524,1.37514480521422,-6.41402790211268,-7.04205164899436,-2.60416995253584,0.876042685910921,-0.272985847236371,-4.50817586754883,-8.33449468506607,-9.03851865864076,-4.29346748229499,6.20489256184617,16.694609468005,17.7986558005202,7.17728412794091,-7.26454347140349,-16.6490002129901,-17.5257249608984,-10.0858466516073,2.62975917849339,13.3303919677828,14.7537458424936,7.02594020550191,-3.01488228987847,-9.0040452868556,-8.79642536644538,-3.68595070117692,2.717598383456,6.1644843678207,4.88152993452889,0.880737480808563,-2.33857725693342,-2.7095839976539,-0.580723243131772,1.95456418282252,2.69507478721445,1.1061549219734,-1.32586500826953
-2.92861423692113,-1.28730645908547,1.57991243248494,3.54283550912659,2.98083825700412,0.222042664443102,-2.64553078172649,-3.38554611949212,-1.18143122195412,2.61011564493606,4.95181284302977,3.41163282841468,-1.36377785950761,-6.00099559691229,-7.09798423376055,-3.19693361297111,4.3837119028784,11.1943123191076,11.8338715611192,4.8827498876939,-5.29046655105787,-12.8382227274032,-14.710675982464,-10.5793146380256,-1.92289471283892,7.40543768632637,12.4275263037525,11.3116007508809,6.98332819072811,2.97052701057408,-0.601988621125053,-5.37672752332255,-10.6861208875875,-13.5582898908371,-11.9999091309362,-5.88927153806601,3.9105260092099,14.2473624450313,18.7448208249575,12.8111043661582,-0.251069050725386,-12.1512286994699,-17.2001212839204,-14.1000918150663,-4.15787459966733,8.04607488157963,15.0616815041067,12.4145563005043,3.10333750156597,-5.99884951384399,-10.1673394811998,-8.48339806785573,-2.78927334517304,3.24896505005494,6.01672290286908,4.59695328008236,1.15955293426762,-1.35674003017457,-1.48569628363086,0.202371591506273,1.84031303867415,1.75506617196507,-0.143853971290701,-2.31745818469855
-2.67360568434878,-0.733423914206522,2.17529524310651,4.10836284792005,3.57316682037018,0.767009112850946,-2.45461573485608,-3.88985165353691,-2.45019190256896,1.0337780583111,3.99516682602184,3.80640754493933,0.14805504824416,-4.49058174097569,-6.80989195619577,-4.7907226698218,1.39019221167624,8.85376919869613,12.7239923595196,9.58128511511801,0.820475106955847,-8.63814794124594,-14.5017503221942,-14.9247490158737,-9.80412297505308,-0.683508823641269,8.81868078162073,14.6070111614517,14.819090993322,10.1171459159872,2.03425586323178,-7.30380735099517,-14.6237529719579,-16.7657220132345,-12.5329900374885,-2.99669863354357,8.55574992586508,16.5858407994892,15.8528527563593,6.32105815207207,-5.94312456539545,-14.1421946418689,-15.0937988659502,-8.79420025656115,2.16186373559226,11.9753116269223,14.4578295600213,8.56145205116403,-0.865432842336998,-8.03454973384559,-10.058653595051,-7.06382962648157,-1.30678790310215,3.74773946443433,5.44520333445431,3.80034490484702,0.982654588196832,-0.784645278370286,-0.680285964745346,0.573899240652274,1.46265509087626,0.883782060221364,-0.933810574580336,-2.603199611265
-1.76742167204176,-0.0620487858679488,2.26105173423118,3.74805378168058,3.26021949232207,0.851845062853575,-2.10055780476696,-3.7316971128854,-2.87693772346306,0.112507772586407,3.29132319305343,4.16171674589675,1.64417951594994,-2.80065190838976,-6.2534463425738,-6.30939925949919,-2.19769522518971,4.72297901487495,10.8422388524322,11.9719969312418,6.67676714245325,-2.32130349387247,-10.5025174696039,-14.5846232324276,-13.2717165111345,-6.83062267070104,2.6698533635539,11.3736891091682,15.3020174782596,12.5824639771725,4.39642451429121,-5.60600323318217,-12.9957200572038,-14.6088201521749,-9.65459927713634,0.0110988040100972,9.79461443037096,13.9542104004601,9.66780678018081,-0.18879911698159,-9.47782068453528,-13.5415369746185,-10.8816708825925,-2.58611770620712,7.41116924590938,13.2201924783659,11.3149392060221,3.76721271749164,-4.18491423051134,-8.5914835456667,-8.29689746048746,-4.31421944134387,0.817017770420639,4.18562020371486,4.41062786748583,2.41358011608826,0.187851357977208,-0.841882940587133,-0.477569027652331,0.490543977671786,0.967371637511624,0.360275339517304,-0.9772672519214,-2.01005489677788
-0.443142255230154,0.480515890282897,1.66546956436947,2.40468339636731,2.06349485225323,0.520800314864576,-1.53896778193911,-2.86852661639958,-2.4227083851128,-0.123382114142352,2.82954301138757,4.39229196807905,3.03109141360295,-0.876736084829407,-5.12763129805559,-7.19917391209308,-5.59615834135826,-0.406854812512399,6.3494284442894,11.0273148561536,10.4490944777264,4.51830574088851,-3.62108397962574,-10.0629595858702,-12.3319727025344,-9.76654524936914,-3.30312912189556,4.47972592431187,9.9387602532967,10.2116949594948,5.17928561482894,-2.25361942367823,-7.9567705941493,-8.93138179915452,-4.62974798256863,2.67406882740889,8.46142178390084,8.59252401019555,2.73162130885286,-5.28114699572857,-10.7078774207925,-10.8306557638904,-5.4297263986111,3.18663484573377,10.2852357525599,11.3911539045842,6.23703382064325,-1.16157974895675,-6.43209562100542,-7.61695070319279,-5.04219815532386,-0.540545540768208,3.25962515969028,4.41477584843759,2.995544565032,0.642453648653563,-1.02043203148482,-1.37461257127697,-0.7539983650458,0.0811068792243003,0.482463400178681,0.258096863290535,-0.306532088553268,-0.686536056782342
0.91943581820355,0.731709013067276,0.533606992764477,0.456757202627776,0.381098025196196,-0.0147796365513577,-0.81799934199146,-1.5534874185541,-1.43628280071842,-0.00433181172069996,2.35476136183639,4.28822966970966,4.13600379572025,1.26269976260199,-3.15913341765459,-6.85094756065534,-7.81710790053877,-5.16896171199583,0.523590166323243,6.9457107054998,10.7002393334755,9.4771483525796,3.91760292687164,-2.94913576680362,-7.95972488517693,-9.39866459973133,-7.16514466018022,-2.48515568745686,2.35265697409382,4.85591219041251,3.88424625639197,0.618472317520952,-2.22831142938035,-2.37064902414886,0.482770308248327,4.2698449139975,5.73545502395734,2.96161217406264,-2.77981752275227,-8.02249232974467,-9.7015880307679,-6.63283299568741,0.156823071946061,7.27181412865073,10.2775968496493,7.18611895769038,0.458630804296555,-5.39478771073209,-7.46013382364585,-5.46344494741336,-0.976925094680292,3.4239354654427,5.35297036981434,4.18857281471533,1.36575873518734,-1.11056723069223,-2.16806367500645,-1.93582032511634,-1.13871278139436,-0.398052680741171,0.093752069377678,0.446075887831075,0.748352998607365,0.935904399408782
1.92205495760036,0.664797334445041,-0.739223160668309,-1.44000051784935,-1.16470699294616,-0.430583940118862,-0.0158002393067311,-0.191188001110443,-0.46629597740289,-0.0320935272665246,1.51287077944743,3.59193604191952,4.69322145711058,3.38631891304276,-0.357102974571545,-4.91660920198561,-8.08311553968479,-8.22213137050644,-4.80757526974198,1.23954261151482,7.42014181624657,10.6511816147791,9.2685300524812,4.21159467917963,-1.84571766205865,-6.37545697694284,-8.08928035109699,-6.9500008135531,-3.93143502831724,-0.676577366486384,1.35527766959642,1.88681540451861,1.90460144522921,2.53811504785589,3.80174476264944,4.38133553674613,2.73917262109431,-1.2527724503129,-5.75875461420535,-8.19665348911241,-6.87635721214486,-1.85558021942007,4.69995109333821,8.98045887224149,7.92726637437995,2.09679249650568,-4.59823137674885,-8.22204053975009,-7.26658433571568,-2.69320498178901,2.90517428677331,6.48540350164122,6.3434900519168,3.29048030594986,-0.276309291310208,-2.425822024486,-2.75544568741739,-2.02921741730054,-1.20512710693055,-0.666437064855607,-0.152882310925375,0.682438209304456,1.70368392437829,2.29639549425046
2.28670764856312,0.367020424020643,-1.70231418709672,-2.64197547226967,-1.98300825621533,-0.408571006464892,0.810505573515482,0.858276681476273,0.0225750348409313,-0.580993921743523,0.0966975131132739,2.1634696725518,4.42644355827183,5.01351283340884,2.79993958018773,-1.58595139312952,-6.14578577825434,-8.75467396323278,-8.09243527707948,-4.0237413806781,2.15704562771259,7.87870217433546,10.4451927770525,8.70872644149055,3.77683275841207,-1.93904577649925,-6.23641851396941,-7.92506078346299,-6.93815257417397,-4.15694528570258,-0.92343298635485,1.71478915303966,3.45609014219288,4.40896660400127,4.44526746371262,3.10636334049154,0.212555659413837,-3.4521624316041,-6.19174458622446,-6.30656968123984,-3.12563016094062,2.3325515453434,7.27984831728222,8.41828211138622,4.49058430975892,-2.26743757477516,-7.7931841947793,-9.16059431333945,-5.92292772873735,0.0998887339868719,5.6480560663804,7.75417743094717,5.77137917513119,1.69107427248628,-1.73954861826274,-3.04455841956489,-2.50591311034904,-1.37467088212786,-0.69449164035289,-0.546554068941921,-0.249095842707531,0.74410767401394,2.13530087343699,2.92653588527713
1.94315345714305,-0.0409768291263979,-2.06787834735007,-2.78964102259832,-1.75825540237303,0.212866034547729,1.61840197316756,1.42035020047752,-0.119585669330708,-1.65577649925451,-1.75055032548997,0.149797964650047,3.22206870852879,5.57197562975832,5.40062362190126,2.28981505913784,-2.46145471720499,-6.69427876838781,-8.56777292438568,-7.20709765894276,-2.90705754625926,2.80436182648585,7.51495237600994,9.05201118028993,6.82948607873008,2.1661716149866,-2.69659505803039,-5.85498116200445,-6.45398109570733,-4.77594156700095,-1.89505016701443,0.932807022930977,2.8389241528627,3.48100950056329,2.82453264339878,1.0107189753646,-1.51897633513004,-3.86304712920013,-4.80515695130952,-3.39239588073813,0.327332261160249,4.84789925325033,7.56246888888743,6.3169488852026,1.28229852727408,-4.80996148475529,-8.57811561339522,-8.0947139860628,-3.6555020282681,2.39319400944195,6.69106315365674,6.97877345619121,3.75551447002531,-0.360117202753282,-2.86768736267391,-2.95280295116341,-1.49406538144642,-0.0623746385597692,0.339398842830426,-0.0551006222449592,-0.223553297552128,0.535005104235136,1.87014696876498,2.64462958669922
1.03631305782496,-0.480433637060335,-1.8374510431873,-1.94736256829268,-0.58566821957024,1.33375297314765,2.34221757333325,1.53637397021067,-0.676711832615498,-2.86143803574066,-3.52236852380826,-1.96696005787113,1.29791174040758,4.7230328548826,6.45932784467238,5.38555575725391,1.80232072871814,-2.73935966356466,-6.33719959294564,-7.60807267914127,-6.07203164565246,-2.23768764098131,2.41176267374769,5.83216491700097,6.48496539029172,4.33724047613756,0.803684581235423,-2.2606924231684,-3.61275856572431,-3.08415698093681,-1.41382100720396,0.30441176361817,1.24191039794951,1.15150573423848,0.249345750359351,-1.06669577411846,-2.35110395392853,-3.06888094944659,-2.61776908785596,-0.657111022761701,2.39249324055474,5.16376896356533,5.89114737309303,3.60944199822642,-0.869651891506938,-5.23493529647292,-7.10749718414696,-5.41259301771577,-0.95531962575777,3.80532680946558,6.06616802275041,4.67556424742392,0.994039644607389,-2.36324148745291,-3.5218606882264,-2.3339269138481,-0.105259069930201,1.46755227550548,1.5348286929396,0.598620935695383,-0.125898581969973,0.131997063029418,1.06129004725306,1.62459365488
-0.135160595252204,-0.929026613758433,-1.27710549695114,-0.565899227614205,1.05505742841697,2.60125557214144,2.87591060735866,1.39176989223169,-1.21524714218221,-3.60929234455641,-4.56025839811478,-3.52073206980785,-0.790437100312202,2.64430935155718,5.46774316688125,6.47577993913443,5.08796705117567,1.73376722412099,-2.2887816980198,-5.45238897828704,-6.63587476559901,-5.45203302115058,-2.39202432302184,1.19287798827901,3.65148228143463,4.05041072149941,2.73836464088599,0.921213708046414,-0.276073014163256,-0.475532366529885,-0.0814941730014928,0.177616284714586,-0.160709222162505,-0.995310290418456,-1.85848396050645,-2.3339518026175,-2.26836808575624,-1.67032859984757,-0.550143247304231,1.00925473482206,2.62187737377147,3.56150790800576,3.1002413819892,1.06797992976543,-1.77767560704859,-3.9759816145183,-4.17213461004711,-2.00436050549144,1.4698155053094,4.17247719912136,4.32885677948769,1.86001681793255,-1.53526065051633,-3.72242303079472,-3.56539097212234,-1.44416701273014,1.14273157851561,2.61378061269057,2.38199678690975,1.11500841758722,0.00491311392356109,-0.250681223149697,0.10664384316829,0.306060876768532
-1.22120519175189,-1.38082880777905,-0.76419265532688,0.717791505963969,2.49105226730351,3.54291384605022,3.09187990407604,1.18624236448226,-1.3398578897934,-3.43393178455081,-4.37180673968419,-3.9508362049131,-2.36568264069298,0.0228190410459095,2.76203692462475,5.13554334315367,6.15293503683345,5.0761090708748,2.06624943867328,-1.75033632152281,-4.86862281062985,-6.12180255464479,-5.14497574523836,-2.56329518167742,0.278180660761157,2.1406679774099,2.64906617798147,2.29637793936065,1.80472267521855,1.49950579018007,1.17860887031748,0.459498892575867,-0.732972492959085,-1.97321408279582,-2.63596776769414,-2.38582925330012,-1.39614505939806,-0.166718514990177,0.831366647603328,1.36135326901379,1.39205323846215,0.980146167887434,0.198581994895461,-0.812029753811354,-1.70187316343261,-1.90032756460471,-0.948707174441888,0.989762091504282,2.93834840725059,3.58764313241293,2.26061864314614,-0.44470496728965,-3.00030244616039,-3.97900193138299,-2.91490717701004,-0.510214614492714,1.82545649154359,2.89596185898546,2.47274956148568,1.25319617284029,0.160453882636685,-0.365729359741015,-0.541032596573236,-0.800622294218667
-1.93183817754996,-1.80249069436958,-0.591466680082553,1.36780450402067,3.14999735929732,3.77100349998236,2.88230085931556,1.01075818706726,-0.918125706804077,-2.25161439704476,-2.88698946097062,-3.06362945736738,-2.93066405505682,-2.25705303513711,-0.603202692522842,2.04614081746893,4.78373383206334,6.12369584943126,5.06837837564639,1.93289677851831,-1.83582853651712,-4.57942326357574,-5.29727598859969,-4.06322685197634,-1.86700508957226,0.106979115968596,1.2466599639648,1.68176510533852,1.82920620122046,1.86355979904023,1.59396729631016,0.76865968486333,-0.507829653373498,-1.66584705388789,-2.03873511513004,-1.38177488478052,-0.0881042611639964,1.0559988798398,1.38915911823786,0.776346403244659,-0.373878901076259,-1.42952303380632,-1.93106726814709,-1.76839832461229,-1.05520249860875,0.0694700654196883,1.42739219787873,2.63136158958176,3.09051818880533,2.34767559318725,0.51519896359313,-1.6298100367982,-3.0454687512603,-3.0316227149213,-1.64871557430462,0.302791183688828,1.7803684864326,2.19341126167197,1.71476327277239,0.947004995239898,0.351438466428383,-0.0598835379239711,-0.574334073935937,-1.3156759300819
-2.12078334084749,-2.12096254678543,-0.828154129817996,1.19088159234243,2.82216696996471,3.16585535498552,2.21604956168002,0.808152463802209,-0.157771905854586,-0.443538981854544,-0.544400400981158,-1.13893659174988,-2.36224788840068,-3.49166137945713,-3.37758404342932,-1.3735822160062,1.92906365791108,4.84368092585457,5.69514456588892,4.04421885356869,0.930690117351996,-1.96651174632314,-3.4016123785663,-3.16426266690546,-1.98780242506023,-0.859454139671735,-0.269693084508052,-0.0386484621278974,0.236546200961136,0.662269814516954,0.945722608270414,0.731282799409192,0.0380649462504685,-0.635875957820979,-0.691622502122908,0.0485516429357921,1.13032905924636,1.74385160959009,1.308673818579,-0.0852903229139385,-1.73266389399536,-2.78552533243663,-2.76268463898445,-1.74682846042765,-0.211607982988911,1.2894389143567,2.31819587112137,2.60228582335382,2.05683685186034,0.845156551000514,-0.590507246882048,-1.66129107524312,-1.902111428528,-1.23559162460363,-0.0760155424496727,0.883482988831432,1.15015297729975,0.807307764216268,0.386695330691879,0.329553194191526,0.578157863937448,0.637568523699912,0.0432097185116624,-1.11714002621888
-1.81014887187552,-2.23906540293465,-1.29879080988648,0.404471426687354,1.74543094932609,1.94383950978817,1.19624450790038,0.453318796157445,0.512348718694564,1.28380687060047,1.83250460960549,1.14337477693922,-0.938643230862849,-3.38980199158681,-4.65049819571661,-3.71727968426526,-0.896267148940646,2.29080932443174,4.11120844171284,3.83542175885879,2.10338454895368,0.23619094880033,-0.754540703994489,-0.740490801313472,-0.3714512240746,-0.400376301540615,-0.991772215935822,-1.64965576667558,-1.76573689885813,-1.1896909883428,-0.322096814443014,0.278376349299301,0.398939618148558,0.329958044477085,0.530524782345854,1.13845171708329,1.77388305416765,1.80636891876561,0.890247704125635,-0.687518675736518,-2.15838309393016,-2.77463135784648,-2.26217207764116,-0.934141791071689,0.550757779315612,1.56965122193077,1.80844204240472,1.32048818927999,0.411136913761163,-0.512118945402502,-1.05349603143487,-0.961493765177149,-0.260440031961147,0.693994859983709,1.3242608018023,1.17277980653954,0.292168522023734,-0.688920855014467,-0.997612472634564,-0.341529738672854,0.806552767735164,1.50759626202113,1.06608410526524,-0.360112670964485
-1.15306119748083,-2.06469320620021,-1.67871636656745,-0.501269585618839,0.462979242940031,0.563631710415696,0.0690862955553717,-0.108905372421684,0.698150089246197,2.22762673808476,3.36043107847835,2.93760026120427,0.752303603546182,-2.14361045916721,-4.14631613324294,-4.19680832377157,-2.44701553142935,-0.106221360614314,1.47010267569902,1.76684416642163,1.29835076082047,0.955235525937155,1.21419156138293,1.7914746591772,1.91125224721434,1.01174603286683,-0.687223164983667,-2.30787969219411,-2.99976935008938,-2.54217180473115,-1.40458350611647,-0.301182609369648,0.361600780616412,0.683081634664263,0.98638526075871,1.38856002942812,1.63398614618659,1.33077244466375,0.375353139729502,-0.847828479138566,-1.69147516524586,-1.69095322901486,-0.876767203154685,0.250226883932106,1.0492834730311,1.13338550487115,0.550059647763427,-0.329090276875875,-1.06841508632092,-1.34949772159224,-1.01801751880159,-0.120312887330468,1.04900405259827,1.9711365650083,2.09039065482645,1.17366137677763,-0.395575464962578,-1.72035906785998,-1.9331036283319,-0.816694145659916,0.960855029003808,2.21744648831115,2.06796826353953,0.606742886005687
-0.363084888026274,-1.55179239756868,-1.65649090728245,-1.02036036485714,-0.456405494198222,-0.486984798049225,-0.857662290414439,-0.786782168863444,0.27519390092368,2.0535426013772,3.51423960576779,3.58431285969139,2.01272581093633,-0.373555212387074,-2.27980175963455,-2.86776038543532,-2.26271422807036,-1.32525394528314,-0.847610122708886,-0.863132129709379,-0.737664819716913,0.129095738699891,1.68804258998872,3.16003055277865,3.54407006585769,2.39198443336782,0.214501122024105,-1.86560492422347,-2.89320797346395,-2.64750448454465,-1.63441051010379,-0.597024525818979,0.0404941070735851,0.339990569351782,0.565435446316328,0.810485404099124,0.888260200794728,0.567217137855165,-0.0967703800885736,-0.70310531181099,-0.795235041718089,-0.23304900673419,0.658087350797531,1.28289005353632,1.19249734549075,0.40062474552502,-0.661241174668767,-1.47167402706611,-1.72785042026957,-1.40643502087374,-0.634221577529795,0.403268558546607,1.44135088263954,2.10450626234144,1.99320615872259,0.953383002926484,-0.642579887046424,-1.95198719599952,-2.14348642199885,-0.97834905817837,0.935548622769112,2.4488774524929,2.61787538566055,1.39123628363675
0.353868805960095,-0.747108953811665,-1.09229970928626,-0.869925893643,-0.678198861358299,-0.909443650772609,-1.35285137857711,-1.38335961333207,-0.54722660555344,0.973378850309563,2.40722034135051,2.9413369417381,2.34022835085169,1.10131363511972,0.00163728042108111,-0.539021121391527,-0.731027829326639,-1.11698181579108,-1.92958224076789,-2.71770642331379,-2.67409731277945,-1.35264084013951,0.862533016248938,2.88902635400646,3.63384666824406,2.76482641424853,0.918205415189035,-0.813519678314827,-1.63138810193521,-1.46028669953443,-0.83544940456212,-0.380713762664392,-0.311601067274508,-0.401970895826584,-0.354831940483574,-0.138117205582752,0.00560285624596735,-0.133988382171883,-0.436434837590847,-0.506767498450769,-0.0380500717699035,0.858305957923785,1.65019871433932,1.74758867130762,0.97210322801126,-0.272594251808901,-1.30357264893427,-1.64974632829738,-1.31652059799163,-0.658257597999586,-0.0286405776067957,0.451545256264805,0.83870316443719,1.14049925704859,1.16034867659459,0.636210293657316,-0.387619788241266,-1.39165917623497,-1.67642306870405,-0.892260732649202,0.631452209450039,2.03106116336641,2.46327976318643,1.71439017452694
0.848360042440039,0.187295223401266,-0.102453015401058,-0.109114397981115,-0.226544613632499,-0.707282805906542,-1.36483852426451,-1.70610667024839,-1.35470279635715,-0.382959838578485,0.72931835005533,1.474440408604,1.70242157248517,1.65440564870491,1.61993637399644,1.57591795588244,1.16225949058436,0.0460838800398025,-1.60836052167396,-3.04599273810902,-3.39227709765699,-2.31445131774425,-0.33661047946974,1.45807354019921,2.17443324060888,1.71980361948311,0.751837204459646,0.0757645965076088,0.0571195527334883,0.439759629993239,0.630614754640633,0.250221166647811,-0.516606637695973,-1.12993567716525,-1.21460080397942,-0.865372093451826,-0.507977536617492,-0.451473231113698,-0.567556698355882,-0.431882645708103,0.221584518009544,1.16477093672609,1.77395811703435,1.51979397978002,0.458630821074218,-0.743549979065571,-1.31839714246171,-0.976905278395874,-0.094778491624942,0.610435648203627,0.657119769239418,0.157546553625845,-0.342997885580977,-0.374107862390011,0.0338092599614661,0.389996367688088,0.248029319802999,-0.337134678983267,-0.845243016894413,-0.753639848271956,0.0156257418339065,1.02549769175785,1.63922017837696,1.51043526153858
1.05509909177216,1.00888469705597,0.975934413663977,0.901315110642503,0.560202171396622,-0.152232158956939,-1.02916761611656,-1.66151026805909,-1.74699097635022,-1.30736744519156,-0.63036660430027,0.00319611057394265,0.557002977325818,1.17870832749231,1.89734739969093,2.42879610867346,2.30669587073337,1.2708743399315,-0.388058543162173,-1.89655893636927,-2.49893878516118,-2.00399899131117,-0.940106009923646,-0.138120611820426,-0.0374971099290112,-0.348653190626243,-0.393921987724809,0.244863471457804,1.3502067818804,2.19679929700146,2.08624948757003,0.940627043953883,-0.57272032765569,-1.5662633069087,-1.60984159674732,-0.986375944969158,-0.378261669748664,-0.247855654017478,-0.461507884961704,-0.498717896089621,-0.0176625961496875,0.761229999201883,1.20173241046858,0.823748826775882,-0.186522423497636,-1.0474172052421,-1.01375704943693,-0.00242730807248936,1.28961818125576,1.87344932417821,1.23998377070473,-0.208329094695283,-1.46500532697626,-1.69106429096077,-0.830903210298015,0.385189036720531,1.0499890226562,0.78153220515244,-0.0580561735166832,-0.754365927858243,-0.81917021471795,-0.276654729192114,0.450742174671698,0.931046708944724
0.994049891509594,1.48225631115458,1.73379642352205,1.68031147652032,1.21340143480966,0.36647897459715,-0.593671061997599,-1.29790659685966,-1.52884301820879,-1.35513117614617,-1.0301916016365,-0.743328635737223,-0.436489557965911,0.0926239376798601,0.889041106833849,1.68537967906362,2.04774997276603,1.71447063386055,0.860355967832336,0.000262376321192193,-0.426833450301508,-0.435284378015809,-0.488511285179778,-1.0311179457379,-1.94284587018063,-2.50904373156297,-1.99796118992021,-0.316050130995395,1.78868936862014,3.13258786215935,2.90098312000717,1.28970501391997,-0.617279274767027,-1.67514399637965,-1.46943506597328,-0.499103163346431,0.302734502629884,0.345093514725085,-0.189990246270598,-0.625520880658584,-0.477703963073012,0.0950511906076297,0.455356659093103,0.115325565349775,-0.718011312014493,-1.2485596582159,-0.780952433767703,0.635574691761002,2.12572729781593,2.57643361165235,1.51769454903294,-0.437810642766058,-2.02411161541554,-2.23957038777215,-1.02888120337059,0.711682630190593,1.79431062676861,1.58516235937514,0.379651766457421,-0.952299068661189,-1.64177819594393,-1.44984977172351,-0.659936948421594,0.257435728930477
0.739372263444558,1.47270047465625,1.88341349908868,1.87048511127338,1.3776496660002,0.538753684320058,-0.304906350163636,-0.792605683545111,-0.800480037269315,-0.53151614423311,-0.349577037966405,-0.477821105279602,-0.798899490231024,-0.965002697027258,-0.723356890353995,-0.122420135848074,0.560531910223962,1.06949151327551,1.37499128252526,1.6124508204659,1.80227190033174,1.66832470396938,0.799195794498451,-0.886187199333297,-2.78454161785757,-3.84011521355568,-3.25911499234918,-1.13532200008893,1.45984826978012,3.0638228505575,2.81217518860186,1.08915639548141,-0.790222503537772,-1.59649990333682,-1.01166044975723,0.268878661902819,1.1429747861525,0.982342135793465,0.0768489239461103,-0.727331212017299,-0.822122654444576,-0.331284155503672,0.0705879046539029,-0.167898778070664,-0.889730212570605,-1.33022319517003,-0.816000971597763,0.591416893551649,2.0227933935596,2.40590653406707,1.34030491938143,-0.511049777712178,-1.89630654792605,-1.88521628305757,-0.503028866179731,1.29509063184603,2.29386802460332,1.87628702128226,0.390716964424386,-1.22695919041735,-2.14718402992735,-2.08617960697246,-1.29503614349107,-0.236099255680769
0.371642407821676,0.996975660251673,1.39569024326195,1.42135755533971,0.994797993862406,0.286909876843797,-0.297124653409304,-0.378670812216734,0.0879742577296827,0.731194521773083,0.997765791267374,0.554527806476694,-0.449943940086311,-1.49437808364537,-2.06581949011653,-1.95763789750486,-1.27709824477613,-0.253957807351476,0.936750667655656,2.14964309924018,3.08555349318792,3.24446966756903,2.19656028083655,0.0371334273958615,-2.39123895448664,-3.87129944141842,-3.57153771252088,-1.63127805051179,0.816318178863481,2.29812441724092,2.01826726173996,0.447181992893399,-1.09516219334966,-1.48095607976398,-0.546122938655059,0.885234095037504,1.67808267810628,1.2880712245424,0.148070686080088,-0.783988882927356,-0.867736267414471,-0.264398155411579,0.280068546407193,0.138514633648548,-0.59902040561277,-1.21062019782842,-1.01510817975516,0.00623889929365351,1.13478967124435,1.47189132903057,0.710291258709002,-0.56795191639707,-1.34652360573569,-0.957374057934237,0.42519930482381,1.88586219726924,2.42010197365084,1.66925818792698,0.118346591140681,-1.35100824011054,-2.07993756400629,-1.94527896531678,-1.25356315187285,-0.403456018843481
-0.0525237122177939,0.215804984288588,0.510991429289089,0.608993254939286,0.325269257743912,-0.204115391602796,-0.531274706116213,-0.231476107355086,0.710729813074001,1.7928623472519,2.2851099332721,1.73681214750575,0.310024864717166,-1.33978898785982,-2.5174689400255,-2.86890509736685,-2.42843225994607,-1.42038789765825,-0.0560224964065956,1.47293021811855,2.82615237596246,3.45885262927439,2.87982041236337,1.09638769131942,-1.15324149947107,-2.73067154807797,-2.81898847378331,-1.48355250626338,0.320171605938164,1.3558095349149,0.999478892014534,-0.287564532551103,-1.37119844977954,-1.363307748421,-0.266699648431757,1.07077550027669,1.63608085556692,1.07026274341243,-0.0702174882306958,-0.83037448316457,-0.659352171090058,0.181982504486683,0.888355699058297,0.810119791947705,0.00659666235856604,-0.847927153972555,-1.08496593575776,-0.603485408220076,0.0715637718272197,0.279781708513962,-0.153717204195197,-0.75276143514961,-0.820104613649654,-0.0420300724175332,1.22089820801427,2.15768734964624,2.11826351611745,1.12311033890122,-0.198597294084798,-1.13294092292834,-1.3595235336873,-1.04900018998364,-0.601028671749901,-0.277733063110823
-0.495751040612061,-0.62038633037424,-0.374198821189609,-0.114624910006637,-0.205541051491756,-0.602198123395185,-0.828347424907393,-0.383008385417596,0.785538353109728,2.13341244845688,2.84261656742139,2.40209356842565,0.983862056176,-0.708994001783141,-1.95690325525287,-2.43920547496594,-2.26585257978913,-1.70940497365098,-0.925574342307356,0.0821403293664536,1.23701009622585,2.18678116852131,2.41546866203186,1.65354307756892,0.23534159316534,-1.01954366370999,-1.38878850199905,-0.786312647067724,0.175987451400299,0.646622655115081,0.21381127366981,-0.747876624774086,-1.40522416036867,-1.16860451496301,-0.170804962995769,0.834202207904819,1.08211776773081,0.440165443426219,-0.486738171809719,-0.878883163195526,-0.376636601013632,0.645670068045314,1.40094398847772,1.33475794264705,0.551740924813471,-0.339423249265817,-0.776278839009796,-0.682378431877039,-0.4553463439929,-0.521898540112117,-0.874517151804297,-1.06583945878379,-0.652816228828559,0.356245803758013,1.42935789774669,1.87938085780158,1.42255976459271,0.432301406588438,-0.380477773006946,-0.54474407521056,-0.147160749912013,0.311308035307632,0.362807647571606,-0.0330924005382232
-0.919001267520025,-1.25538059474497,-0.882189718165663,-0.349568048676082,-0.241918444884046,-0.625036083835514,-0.988664657492157,-0.725839596799803,0.309338979873717,1.62081111369423,2.40788145061905,2.18224990520065,1.14184883156037,-0.038392663571839,-0.765299457232282,-0.926887398963204,-0.851102101848465,-0.915800911811806,-1.16440986866916,-1.264010748927,-0.848101261834317,0.0732298676715978,1.03259942145684,1.45589328271583,1.15873263176785,0.505730840447096,0.0509452402473321,0.0481445190543241,0.280250760134429,0.298471885526835,-0.127845173604677,-0.760757229225446,-1.09649258159552,-0.823801795418105,-0.133024113508102,0.411845499738644,0.352706066622357,-0.248635422832709,-0.841994473858431,-0.851186696764439,-0.159565508327553,0.786197514145641,1.34335183760141,1.20260165516014,0.603806714601222,0.0639111781456547,-0.0932540254454506,0.00942407685786723,-0.0385301601779458,-0.485527126333375,-1.10066443805165,-1.34521146189106,-0.877454289792945,0.0985168251841824,0.940466653538489,1.0672855662491,0.469663006516515,-0.251453943336591,-0.395912658168254,0.239052668445004,1.18483795240596,1.66613352673047,1.22594429075558,0.114939435689155
-1.27429652548765,-1.51733370320006,-0.811853575894275,0.0642991474455086,0.316115984201393,-0.202805177883958,-0.917979178545773,-1.09260882992164,-0.463088564577823,0.560418779335153,1.25228387674619,1.20293231804009,0.661693339305738,0.257625055834595,0.397390686829926,0.897952409553161,1.1336654482519,0.580692515506847,-0.685364046022625,-1.97379660102172,-2.47683814455279,-1.86952137127771,-0.5312763061674,0.754464924552803,1.3819080708076,1.30479010872321,0.901705780903042,0.554838163065047,0.366642098060255,0.1906874300139,-0.1018844040534,-0.423549280649847,-0.549540212346062,-0.367643752403591,-0.0475767500375986,0.0782092088484605,-0.168652275785173,-0.613684695184022,-0.85181871682285,-0.605533124820692,0.00284669300558071,0.526713172634441,0.588536282740599,0.241801763289461,-0.0702717767242842,0.0702307569924111,0.657783487099681,1.21955047844579,1.18142813672264,0.385309218526576,-0.709640955997439,-1.37899896457161,-1.23237492454294,-0.526140501806204,0.060538923789023,0.0201487996253796,-0.505810627911549,-0.831217108808002,-0.343088791089886,0.914877399610571,2.18576304719276,2.54126178106711,1.63250273500389,0.0154784945392251
-1.51631586731459,-1.37959005500905,-0.217671484825124,0.97490406669625,1.2590563945877,0.482706153373115,-0.672702154980103,-1.33909547434266,-1.16152068294214,-0.493772207134329,0.000410169536267546,-0.00717329446233617,-0.202071938036974,0.0302006490472871,0.958396753327806,2.15585707705767,2.73707364872763,2.03569056283898,0.193513872159324,-1.86073920727674,-3.0405363537207,-2.8159441013482,-1.49223372357858,0.0727112930039521,1.07971614921025,1.27269981327084,0.932548464324403,0.502241321509728,0.238536832167861,0.127577899380284,0.0537072912720491,-0.0174774280750594,-0.0316727908791506,0.0324982453597908,0.0766422001848868,-0.0307626644377486,-0.281164773433401,-0.478409996374397,-0.403063013687355,-0.0615134430799837,0.235830093563344,0.1038805187096,-0.523556691036787,-1.21170079311743,-1.3015794695111,-0.445746468260153,1.04211346734137,2.31320930555929,2.55320438553449,1.60359758938226,0.0946452181353171,-1.05715426891405,-1.34566947237171,-0.991151044204431,-0.657344214765283,-0.801685167953198,-1.22152797252786,-1.23871115427958,-0.355556352443217,1.20106724530895,2.51819230251844,2.65393150327718,1.43074070710559,-0.352005481863191
