0.111307846480742,-2.69281082728924,-3.34608433896796,-1.183047357412,2.4219792363562,5.16529923816413,5.59000164568987,4.01866008190298,1.98698300223037,0.829803167841838,0.64177060624844,0.451048363866149,-0.597412003167624,-2.1854992612748,-2.90306131449227,-1.40949303906024,2.28656916382668,6.51808471543581,8.98860528205556,8.36530377331453,5.15781626166295,1.26550235996204,-1.34410301564086,-1.83078321941615,-0.75999916269772,0.611799346955409,1.34785401858211,1.31478983954821,0.934128122130321,0.619644681965452,0.449232033397335,0.274561169959903,0.00981482488964385,-0.260796336844607,-0.443448107167466,-0.608575949394167,-0.906996962539343,-1.28607121065626,-1.35453735567096,-0.677322662562464,0.665434299293419,1.79056371244973,1.4392592764014,-1.03062432819625,-4.8823109838169,-8.20035925250568,-9.03850797627644,-6.76289596787966,-2.58990717819925,1.2052836597205,2.86893925436713,2.27224217460593,0.696405788563649,-0.409706206331631,-0.635692958438032,-0.78132068807756,-1.85595590203393,-3.86107286033447,-5.52529533976592,-5.27663514780353,-2.67115200480005,0.94691861534619,3.27697752307056,2.82612299557159
-1.97374010721667,-4.3140047200214,-4.17644581035404,-1.27126805825066,2.75806851399861,5.59552298945692,5.97917570818571,4.44919327403951,2.62502187920075,1.75685674606022,1.77378311988702,1.58602726043194,0.32295058900507,-1.65966558218909,-2.92511197912607,-2.11665960782138,0.829375394476672,4.44400121271,6.7256932649553,6.56954711392193,4.45629533517409,1.9458885483415,0.489482725462992,0.484890316616363,1.23872054631581,1.74995682722269,1.55152967327256,0.911342016709277,0.381361564190685,0.227312455994955,0.258247892863646,0.123290464029795,-0.299404025981476,-0.823193964864978,-1.21716307990586,-1.45925528105761,-1.67135476708079,-1.81078389233196,-1.50896042545419,-0.372480176432774,1.4449427812395,2.96186196737849,2.82491160234791,0.339036286654351,-3.75893560340927,-7.52356807560176,-8.97058391240465,-7.40992269025624,-3.94299437692989,-0.661529740139571,0.861642702073929,0.573193611923492,-0.324955728028553,-0.580676553944996,-0.00226730532164909,0.467110199166194,-0.214797510106762,-2.02875435540982,-3.72161254287334,-3.80474190715927,-1.90144226010647,0.7176146348945,2.0170470755187,0.862339613798661
-3.06332061982624,-4.71348907834992,-4.00420713022143,-1.02534237363367,2.53961724562948,4.70597645974134,4.67241574256358,3.26598201438769,2.08239308060124,2.10629353947215,2.95213557342353,3.34210898667801,2.36456249092309,0.359509738831214,-1.32119165894823,-1.42151402732049,0.174825677020699,2.34625449800942,3.66947967643923,3.54233752622123,2.53081733893879,1.75063890613277,1.88426608769027,2.65054406812576,3.15287337861275,2.75576929716506,1.6509622836283,0.622748286795959,0.303186327900355,0.620796647267879,0.919746933790292,0.596666880378708,-0.359164368835498,-1.41038371914884,-2.01531026121515,-2.10109540859383,-2.01587650042457,-2.03604165690364,-1.95856329160567,-1.26572589897417,0.247466110829436,1.97251060301217,2.68963393610897,1.48698318707573,-1.37429826253793,-4.47623632687831,-6.19383248296701,-5.85694686518022,-4.19502536857674,-2.6764575613105,-2.28848177012566,-2.7888458954691,-3.03985074489181,-2.10762263207292,-0.188057565525001,1.47225215095063,1.65951163707685,0.304027788879778,-1.40968524511264,-2.02870660507773,-1.08821239655495,0.420620895238287,0.863874592848263,-0.570922978793876
-2.60232464701964,-3.52945453773435,-2.69751438130425,-0.451734821266579,1.78843719958044,2.68962084835211,2.07659398215541,1.01255857142132,0.861941950175414,2.11219734200671,3.94261765298576,4.93371278472338,4.28392294192441,2.44764424556531,0.705207220616949,0.0977107827975177,0.622783303897326,1.37693412448963,1.49409648029654,0.961862121380183,0.565468386270048,1.08125685195585,2.47030245762948,3.79891287594144,4.00925932867348,2.86959947983317,1.21933777773797,0.273244091155257,0.595434964295698,1.62500919953276,2.17304714339197,1.46067140060737,-0.223345344046207,-1.80543309936759,-2.36982986474568,-1.91991360101993,-1.30474544861634,-1.38626711060456,-2.21419887607535,-2.97131978981904,-2.71373306400918,-1.2648671688558,0.52810277312391,1.47168133776561,1.01774548684258,-0.366079967492599,-1.72640307773415,-2.50703207783531,-2.96481472313707,-3.75145741159955,-5.08124965806902,-6.29028000958323,-6.24884565404626,-4.33730928951291,-1.16196217245878,1.69569884608979,2.81024491217248,1.97844882525255,0.295954426259679,-0.786366552339275,-0.633945706011378,0.120571032050149,0.245264662928376,-0.876968890204774
-0.745561515665377,-1.06857207768576,-0.576160410895334,0.322196449743091,0.732051416626007,0.161088236257081,-0.911799775153868,-1.32654191894476,-0.19191176365778,2.26491990065515,4.73010380487636,5.79049868468462,5.02963431030172,3.27424529166735,1.84863678745543,1.49739877475219,1.85594138052082,1.93226922985488,1.16427253318659,0.0259917362438151,-0.394842985464359,0.564210950453416,2.41715077518717,3.8061803034483,3.6215458430551,1.99062971086863,0.232756144415201,-0.214538566195886,0.983432485588988,2.72501975312627,3.36793753491602,2.12264057414925,-0.267690622102792,-2.12843704873976,-2.2214698613126,-0.780914109276228,0.645717537233891,0.467443095562064,-1.64121855607462,-4.4731708301276,-6.1918186646815,-5.65779243509705,-3.18155441239934,-0.150912912140217,2.05169509317542,2.84979647861949,2.43694942496775,1.19288639455632,-0.746896297158874,-3.34298422432787,-6.16988799767138,-8.21896406278815,-8.3493043281683,-6.14311160826141,-2.45061230169436,0.976391649576379,2.6109422336048,2.15116360535495,0.587761987196018,-0.660275618686702,-0.819957642561411,-0.214664188109145,0.232405516990368,-0.0458435445569247
1.70443952349836,1.81567049374162,1.72692410962503,1.12256778822363,-0.26290830974916,-2.0839757814517,-3.30535227017913,-2.82610250029753,-0.39718701134079,2.93522068168095,5.40006014388823,5.77034512725315,4.26848329203417,2.33031884438223,1.45918754111633,2.0734836055864,3.24536029014754,3.58569928055805,2.52736675910589,0.840190101016574,-0.0704735957944892,0.567358139848962,2.15208336392958,3.18043584355156,2.58432234506626,0.731106926576342,-0.824455510527454,-0.64731720248034,1.28093852170091,3.41007976138885,3.8515627469965,1.98886579828665,-0.927833897890222,-2.70490756099892,-1.92388406406679,0.837669530809668,3.30608047953345,3.20940058758158,-0.0042106599037135,-4.77835487532564,-8.53430761422957,-9.33208518986929,-6.97506681459692,-2.87453151108747,1.07048860506615,3.57495903900488,4.2899826030586,3.42370690557773,1.27767221507628,-1.79895959211843,-5.1326339788196,-7.63294965900863,-8.20755319239622,-6.49763964296779,-3.32123644126696,-0.301853767474119,1.15475031903533,0.749169458037701,-0.643078379054253,-1.71755431698528,-1.68234465751582,-0.685463142143935,0.531068997958018,1.3536922886081
3.64783392035147,4.08099226893509,3.53422388029032,1.8235579580807,-0.796301824519775,-3.34194786637917,-4.40769083817154,-3.04774110472035,0.358957086708227,4.0517611811023,5.94643235320236,5.12023391509775,2.50252262440438,0.187062341613536,-0.0931812158908496,1.778281350488,4.26145921505304,5.43363327095067,4.53677630435221,2.48140994901399,0.955175058664494,0.962851617005516,2.01031744606239,2.63159374263081,1.81642495487048,0.00792743098886128,-1.24186511796598,-0.656573250004996,1.50470037845228,3.46829239716885,3.36693194615583,0.884561587730439,-2.30807507632994,-3.7179003753842,-1.937831202509,2.0953728915084,5.57634204173266,5.82081499909559,2.17595685877711,-3.60800257891624,-8.61298776136239,-10.5644871248132,-9.03334321824944,-5.33683560247788,-1.38538947401898,1.48332178486655,2.86544324394,2.91186763476754,1.8319380436314,-0.190416383065106,-2.71803634690109,-4.90906697652837,-5.82638284472625,-5.06642504746519,-3.17650550976974,-1.38351876548484,-0.755370962457304,-1.46642976653623,-2.74002113474901,-3.46304074201454,-2.96353111243571,-1.36756340814857,0.658615579384412,2.44994996687039
4.17276220766395,4.91840815814682,4.37891260225165,2.39503067904027,-0.559430463448093,-3.21603075469173,-4.02673000111966,-2.18507370135334,1.55493589098571,5.06240100117925,6.17005642440667,4.24941047963928,0.735546374438503,-1.8461521738839,-1.64176380081642,1.21730273487559,4.73605759318486,6.60064936393851,5.90341957208128,3.63925468392758,1.69915326555559,1.2933044450024,2.06969545560577,2.63010915389521,1.96308634948014,0.430344156573273,-0.583140262872184,-0.00451458391131609,1.77913672553492,3.05424556888303,2.2100176376494,-0.748490827579194,-3.94489608483099,-4.90123131585048,-2.42188988643235,2.29378910343567,6.30494996188501,6.97019067936345,3.73444746815182,-1.66145346460514,-6.47945043673669,-8.72575508130192,-8.17036832933794,-6.04341204480595,-3.81974552960288,-2.22191877097014,-1.15610470585969,-0.317193349758835,0.269424190653408,0.274114754158196,-0.463997759159567,-1.59123505980377,-2.41166791027262,-2.45266370967466,-1.92020024103046,-1.56620217174873,-2.03614990164811,-3.2926958248666,-4.60135812620832,-5.05181706278134,-4.17959811769972,-2.20437651367695,0.231569500726402,2.49834111238487
2.96200370507264,4.05803611718624,4.1394186274612,2.87270737714937,0.540505903584123,-1.7306041826839,-2.4698107601288,-0.878951485411605,2.35457350246428,5.23544170209513,5.77160671178978,3.49114534110924,-0.0879743543778755,-2.46560372207114,-1.92551195244625,1.21579473821556,4.84157421523265,6.64224091912982,5.80504857105126,3.43031334962022,1.47900930449651,1.1947392330183,2.23915232129604,3.20700601807799,3.01854233853633,1.87309776349572,0.93900896923872,1.13829280497977,2.13777172750715,2.51540343232461,1.04285718629072,-2.04302282345757,-4.94654250393398,-5.54177332775105,-3.01524612092849,1.34151068245948,4.93717592514012,5.70317370438039,3.43866022226918,-0.2772032918338,-3.35759113813142,-4.66006571759963,-4.56866351521277,-4.31125277717566,-4.69890709106963,-5.46853903623037,-5.70313966450408,-4.77103380071985,-2.9116591109964,-1.01723041196424,0.119970921864169,0.371989804303321,0.19409446438,0.056332407343308,-0.0621683958044965,-0.614211331885478,-1.9258990391016,-3.73260643405627,-5.24938468056611,-5.69225645056464,-4.80590375325792,-2.95886128946985,-0.778879031627715,1.26968419357392
0.438745788337738,1.84742941884141,3.02385823715681,3.27341502564023,2.2931749726487,0.672048679658233,-0.36171432932804,0.170750532966731,2.12236368992928,4.13165159103163,4.59708385516171,3.00361108589557,0.457272013684501,-1.09600632013009,-0.373985650356733,2.21110212648818,4.83238679577973,5.66609785784035,4.29033456279698,1.92641713633808,0.411214158909683,0.763608025057721,2.46777354028572,4.04166657519287,4.35702862694067,3.5031306679741,2.49468389354325,2.18873115791346,2.4163219349109,2.13497005062078,0.489665434512808,-2.20330384411372,-4.49529441709037,-4.87684502863219,-3.01864599183317,-0.135300417427999,1.92439235000029,2.08899233456264,0.764674716745879,-0.652805827266304,-0.989422121185843,-0.294131254265834,0.200505891664238,-0.80351303355671,-3.45649056823771,-6.54802894878538,-8.41635341540264,-8.15051006553295,-6.13476490652023,-3.58595404452741,-1.56656808497393,-0.34952880583368,0.42597872004776,1.09900740253951,1.49378544534248,1.07553820885088,-0.417805162492643,-2.54296757543246,-4.35220807004012,-5.0454056992985,-4.50905034666475,-3.27686144234953,-1.97459488943455,-0.802658895421228
-2.41847038014126,-0.913528062664555,1.43961802979468,3.51657533941621,4.18990547381085,3.25729585995747,1.61665444693309,0.573854549796221,0.831303397287885,1.96507461859965,2.8736869852637,2.82480635507031,2.12952688166247,1.79271320386921,2.49602907198031,3.87950805236003,4.76427791434572,4.15877964919792,2.18726499528235,0.11108025743532,-0.598922979592107,0.594909727079423,2.8688603956699,4.7116734763169,5.11669938816328,4.24920382712743,3.09193936553992,2.47344013452314,2.3546114806155,1.98958022417422,0.782831977580835,-1.007799973837,-2.42428650406668,-2.67261756425576,-1.90811029554253,-1.16883360899999,-1.41896071096446,-2.59526857381671,-3.56094938740464,-3.01402971805722,-0.653145634385996,2.31620917768554,3.87733069157737,2.67869367762784,-0.926364540933795,-5.13598389516774,-7.97765300767216,-8.58251150849118,-7.51489991842064,-5.99007161064555,-4.76099730050805,-3.67417863588685,-2.1582025663177,-0.0781611261325457,1.86964199279208,2.62789171539118,1.69246678451802,-0.391966294387632,-2.41130077701022,-3.39832717226352,-3.30156935103677,-2.84216394193504,-2.70162194423889,-2.80865418450469
-4.51221429624301,-3.30792857176446,-0.181085453857882,3.41893153846577,5.56120350575297,5.22273671004134,2.95633454390352,0.405637775656243,-0.87055285824455,-0.372464996840714,1.2552846586084,2.97608202906712,4.19272479496536,4.91632060886909,5.31475797349983,5.27169282254171,4.43139855763743,2.68864642171126,0.616219661512346,-0.698510176162828,-0.398368678960739,1.41331796970642,3.63181297997631,4.92685406763939,4.70454357153822,3.44561876807559,2.19728752494491,1.69485082214531,1.84880899992473,2.00169105692135,1.66780438479789,0.999933065013529,0.520065099808797,0.421879034147386,0.169442171573058,-1.09831590061511,-3.61155358608399,-6.3909426109242,-7.69497892544857,-6.24575024750848,-2.34021598227712,2.07683363698126,4.61075375211557,4.03448914547694,1.02586080705173,-2.50137284495498,-4.85728589290987,-5.69681559619211,-5.94245043226392,-6.60984483869294,-7.67060910119086,-8.0219927012893,-6.52378055482688,-3.16555647009192,0.659767956697909,3.08834769545512,3.15796662546025,1.44696838191158,-0.514749363350633,-1.5123682357844,-1.53128233935316,-1.53965276953381,-2.38002894334311,-3.79643442805622
-5.11395448691473,-4.66573187346827,-1.52066714910297,2.79111382088025,5.82745622906027,5.95911080392406,3.4393832522218,0.0948777822653879,-1.97104211614333,-1.67645790592801,0.583640815602815,3.49183760402361,5.77863798664041,6.81729975308057,6.59387262963985,5.3905091211924,3.58868217229972,1.70288527673092,0.423835449617976,0.375058716026693,1.63724068781356,3.49421957124003,4.77185697663674,4.6224740623395,3.13882007086278,1.27670279271037,0.14868804285479,0.240756455712411,1.16072683658696,2.10487236300456,2.59393849794029,2.76338351497152,2.9513682702943,3.04641074727114,2.30418825363917,-0.0431336372228757,-3.84589881163367,-7.68600569860992,-9.58846003646101,-8.37262783770939,-4.63063327124871,-0.457255124447591,1.99413684765322,1.98172264914145,0.476603963366052,-0.851143001230668,-1.09952007113227,-0.902542207155103,-1.79506761721188,-4.62347487197576,-8.46337429535833,-11.082495209092,-10.565321315123,-6.82567451625444,-1.8054721125948,1.89743915746064,2.87640415031512,1.71644323761262,0.212267147897158,-0.233868685849942,0.283107446322481,0.458414800179415,-0.819527364662515,-3.23920458114536
-4.17543158268197,-4.79636749477039,-2.42608680779257,1.59358088497269,4.76755165305516,5.26333030314145,3.14137444943637,0.144552407906519,-1.61234313509418,-1.03036070702059,1.43690969415195,4.33264768070052,6.25289204279941,6.58305468662678,5.5548951787515,3.87064911962233,2.30886899237487,1.50384330303544,1.82880163271394,3.22660550959313,5.05940355078667,6.26835803939914,5.93167265731137,3.90708501337714,1.05126768453564,-1.24191260469991,-1.91349330224531,-0.908304783082207,0.877728113897003,2.3540877553792,3.05334837705353,3.28912664274651,3.56057245343907,3.80665426522482,3.25933125460358,1.13226906995465,-2.44039137312835,-6.13306994406305,-8.19712420184045,-7.74716993704721,-5.51374842538121,-3.30494564348402,-2.52240662597108,-3.03138176694394,-3.37582142703172,-2.12879245295876,0.681333686174106,3.22717860019255,3.12817011185036,-0.554368299948082,-6.30346691140469,-11.0301082820361,-12.1427728436736,-9.29829412036207,-4.56272696367014,-0.793458910822692,0.459515177408492,-0.178105314064753,-0.810499140821551,-0.0685191391460069,1.67937289714992,2.71855755905668,1.63052291037237,-1.30920166335128
-2.32234657337192,-3.991394058244,-2.86817068371296,0.0530808418209388,2.67323750808474,3.42961391761667,2.3603071925178,0.855136359783749,0.452686227103001,1.66505041196023,3.71044891327186,5.25295415150737,5.41599401727348,4.27016530364695,2.60521370165536,1.36972207723284,1.21601877611278,2.31635106639351,4.38241361707927,6.72991338538859,8.39199098512831,8.43340324295339,6.45055757684384,2.97421909866531,-0.607232563796956,-2.73403885019461,-2.60713062125575,-0.707406677930349,1.55251503073223,2.85071097335056,2.84920250623878,2.231274349516,1.91107845030693,2.12956394754596,2.23390125464604,1.35606443721086,-0.646636360883884,-2.90513151948466,-4.22756695789395,-4.20732494526286,-3.72667181039999,-4.22781726659596,-6.27159250211497,-8.72558223506613,-9.40979191449114,-6.76446715828821,-1.33522459538486,4.12552630928226,6.34246182925145,3.87040125708365,-1.83309371395318,-7.4734744691376,-10.1795624658813,-9.29438261421285,-6.48663773756156,-4.16552323700765,-3.52687485150949,-3.8185027454091,-3.28476012528953,-0.920363582741951,2.43614035011238,4.67095917970472,4.16265318667851,1.16482669444763
-0.544580984508041,-2.81773990895359,-2.86109441481271,-1.35074742240819,0.292346173937823,1.17388887588559,1.51505494808266,2.18531784009403,3.69405171173052,5.53676115196367,6.51698414384629,5.76139148807267,3.47479266998948,0.83119298071827,-0.788904635598948,-0.578718405349621,1.3723528259352,4.28897393617127,7.18617249758546,9.2206601432272,9.78916453694786,8.57424784280655,5.73008686887609,2.09457044796576,-0.946368785388686,-2.11768768396232,-1.07843045224785,1.24636386515646,3.20200301734938,3.51018139417888,2.11780974361542,0.117485724510139,-1.16788117882112,-1.18867695668954,-0.454658359173679,0.106819557583405,0.0750257575935023,-0.154392367726181,0.0400598092662229,0.564072033830258,0.281582545707964,-2.14734145239038,-6.84307908753807,-12.0210340112947,-14.8075496164556,-13.0652279581663,-7.01763029654986,0.515089861074941,5.74662518187658,6.40320858033484,3.06259542088013,-1.65994221780876,-5.19613134075734,-6.64938422416154,-6.8601659172226,-7.12908928465898,-7.8067261537,-7.92616457239909,-6.1318757211157,-2.12736056299637,2.63475283527679,5.79288449947988,5.80237567032376,3.03915622084266
0.263783845737039,-1.82397551013434,-2.40728465313659,-2.04773587420441,-1.44223780711129,-0.609548585494339,1.02599408840441,3.79613228921321,7.01648957326362,9.07678804924601,8.5214437478539,5.26759187154218,0.872949749605471,-2.3593209868563,-2.76045896798723,-0.245907971410109,3.76243082125367,7.34566909430596,9.23836497082672,9.27041119662556,7.97701558894185,5.971618329951,3.71176672849993,1.69609035766672,0.583501370086395,0.88198111417453,2.43969875312348,4.27399237057535,5.03546152920402,3.88049608448784,1.11462636773149,-1.95609049516394,-3.91228364215312,-4.17285346620937,-3.23960099890377,-2.0406362394711,-1.02701531238596,0.102014073272288,1.79273165164596,3.69867189944739,4.36643020427574,2.10886423664555,-3.48167763996718,-10.7077830472695,-16.4412499621228,-17.8416659867111,-14.0292488553362,-6.73011526337837,0.678541662599931,5.23842240631731,6.02233727609177,4.06044004919439,0.951235848367455,-2.36428551674248,-5.68677758729832,-8.82332603528537,-10.9847491981363,-10.9587989939438,-8.01073085047508,-2.80788260911839,2.56434010443954,5.78981943515064,5.80787422278579,3.3546263533014
-0.293453819301539,-1.30423882629177,-1.50457124268667,-1.62569301606795,-1.79828966111713,-1.19363774910015,1.18213104436389,5.23348314191464,9.25630952838846,10.8227016776804,8.55905567800798,3.38194462074496,-1.8580537612572,-4.0727730046549,-1.89376522208634,3.37095350204656,8.59312938857675,10.9690128334417,9.75913706767343,6.35951967444606,2.98185585439721,1.17135572721395,1.19059451926132,2.4104872137472,4.04681363554525,5.56215244033185,6.60360622799345,6.78825381387763,5.70439058559672,3.2464552224201,-0.0195865733009144,-2.9628283917252,-4.56850456424143,-4.66948210993448,-4.01794676135859,-3.53069921928028,-3.37860496316624,-2.7886240644786,-0.805732567954395,2.53444507413089,5.63520772102689,6.09651943259098,2.42178324322833,-4.70351080502904,-12.6227093585209,-18.0999146883302,-18.8841283178282,-14.7423988306811,-7.51069953463533,-0.048924180255058,5.23363728454984,7.21626117769278,5.89877546230608,1.91521366960063,-3.59152975782688,-8.92527575614363,-12.1426821761472,-11.8348926697296,-8.00833356098133,-2.36633260236712,2.5092445474404,4.69743879397749,4.01082663256904,1.78093447672613
-1.93932934409647,-1.21298941735231,-0.206910283298212,-0.0547290973117418,-0.580167938988429,-0.33084682011036,2.02807609992057,6.14174088664104,9.71205798865284,10.0381685553918,6.2255806284237,0.22926041598391,-4.13968506371103,-3.6168594272216,2.12806225873395,9.86458123635109,14.8485303485301,14.1250266657973,8.37264988415535,1.10109802510681,-3.73385493185245,-3.99566322322684,-0.278120922799803,4.91762556565822,8.95661612404288,10.4553691811332,9.51947786573424,7.06854593969907,4.0355629540752,1.07353083361868,-1.27223103576596,-2.48802561759033,-2.4222469264484,-1.67983094599805,-1.46805332461153,-2.74058859597778,-5.26566278109084,-7.46179345280905,-7.29531880379076,-3.77944374858538,1.93118290582881,6.83822173514661,7.85428641712694,3.76648681939536,-4.10150583064264,-12.7293186952401,-18.8038947828858,-19.9942783428291,-15.8580879247266,-8.0599046129851,0.350248255525517,6.27264173512647,7.75933873763865,4.64274325981832,-1.43983839393666,-7.6548267306679,-11.1489381562171,-10.4088195606352,-6.1306522931244,-0.876223284630318,2.53982721226963,2.85087651989983,0.927313914236794,-1.1974629446885
-3.84598266903899,-1.24820239847871,1.30524487305966,2.22390726940734,1.74859731112271,1.6240634422319,3.32795295219024,6.39194030702231,8.42476523916581,7.04297540270667,2.1488683982695,-3.39377722524427,-5.32910040745038,-0.960169970581015,8.35072314374874,17.3792845099793,20.4664687975428,15.4918418416695,5.12896395777212,-5.04113050438544,-9.76908178660817,-7.01241410796491,1.01973734373518,9.51998476784564,14.2617172450035,13.8328555367241,9.62034064092687,4.2378021434961,-0.118131456415336,-2.39599762529515,-2.49915349116566,-0.862654383055762,1.66738796892243,3.75906940887383,3.82294429683225,0.805386301520749,-4.87804037696531,-11.0691469072849,-14.6675001213376,-13.2445105082779,-6.67243595437095,2.32225784944535,9.38346787197282,10.9464739015049,6.12252057791,-3.1373680483223,-13.1697690378701,-20.0731546286826,-21.1416665795755,-16.0498186855028,-7.19809122021532,1.33780628455838,5.87725070935119,4.99235081130406,0.0823705920055764,-5.56027757517855,-8.59913570581231,-7.48255082598287,-3.32002912739974,0.899988122654253,2.44404840178262,0.740300009823774,-2.428481647281,-4.45034377672335
-5.00796381147969,-1.05465315622536,2.70303987232629,4.41288584318993,4.23857466351761,3.86466593121903,4.64332173655055,6.06798023779144,6.06910369526241,3.03175844675447,-2.20375664867887,-6.15852286879565,-4.7724666516036,3.36253955394862,14.9205949053644,23.3036837214789,23.1239096189339,13.9462122405738,0.460304992078464,-10.2788482854436,-12.6348108666338,-5.69354895010197,6.0192313238302,15.6261696646862,18.4469358722613,14.2803967766483,6.38371303083433,-1.11294419519798,-5.38695920575816,-5.74211463759708,-3.08147445161643,1.13709429301307,5.52231302008649,8.70970440458438,9.19993941218123,5.7734846743075,-1.54637391887118,-10.8420865361546,-18.6753503157408,-21.4472425086315,-17.207402546927,-7.07798195155973,4.74234719690217,12.9230818374398,13.8438374964641,7.30746288883482,-3.74399670774328,-14.7595324882278,-21.3887709585977,-21.183784751329,-14.8108843034091,-5.88048433073255,1.04196217246204,3.12278502480821,0.731163239031305,-3.23811318813383,-5.47744515457554,-4.38185451344881,-0.991606943841053,1.87854314993857,1.85104045197431,-1.16202105684441,-4.93675773603555,-6.65940279224385
-4.71199509699089,-0.450121904207784,3.57773397814765,5.66280837329632,5.86733812793561,5.49959122464503,5.50682093164203,5.35319230024337,3.55441972688237,-0.504951033092307,-5.12444384175376,-6.67665337307146,-2.01253943091369,8.47948747157218,19.8486064198709,25.3759202264324,21.2332169674167,9.09102330117469,-4.82182293340431,-12.9540676670504,-10.5926820790259,0.789605291209749,14.0855146316279,21.542477300102,19.8286122076169,11.0919063405064,0.500999362685805,-7.01996182242596,-9.11565317007501,-6.55438296605998,-1.84863913042891,2.82903202423342,6.6577291257264,9.5538895411142,10.933221711683,9.37017982035074,3.67626099798976,-5.66816645481233,-16.0705859502282,-23.6509972595307,-24.8293380265942,-18.1576369166465,-5.69211585233101,7.35147144161921,15.1633715707767,14.5051321832055,6.16723548015702,-5.89636038339382,-16.6039383567203,-21.796635109592,-19.9389650215099,-12.9153895520287,-4.97250890166875,-0.0251436796237314,0.703668425956824,-1.11800678114068,-2.70765877925964,-2.31388183347369,-0.335235509426793,1.20659454763167,0.474240869142508,-2.51926804713323,-5.78539611479907,-6.8652142639258
-2.88722080845967,0.44227523057414,3.58963707421416,5.44581136695049,6.00905790813941,5.96291050415505,5.62250043334442,4.41654813649828,1.5869825731086,-2.44942317349847,-5.41214951341609,-4.14144281060077,2.91494164985187,13.4486493292808,21.8048635988005,22.6372186891438,14.6534128938674,1.60124855058209,-9.49128211192683,-11.8267351685697,-3.23948730354751,11.3538452706384,22.9270371487414,24.8901519146068,17.0346900810034,4.37507558850973,-6.49760382307089,-10.9106903379076,-8.38268188630017,-2.43155109311355,2.42396095592335,4.0636087492599,3.68046593776101,3.89985514458907,6.00082094186342,8.52044735416409,8.34633995589756,3.24245360256311,-6.36026850715419,-17.3714871563295,-25.3168597423837,-26.1728707232667,-18.5123604106821,-5.03448251902905,8.20714954661571,15.1033609848005,12.9659294439056,3.55528036570679,-8.4682572455162,-17.9193165643205,-21.1711448681934,-17.7023109505146,-10.320502579604,-3.31022017740098,0.381568839967854,0.603237499620081,-0.793594802571928,-1.81514975744883,-1.73353787439456,-1.28563710744192,-1.66552491029821,-3.16909321113916,-4.74348634102732,-4.86817127660305
-0.156754776640363,1.23545500406174,2.62818710373855,3.81519682769455,4.73620663945386,5.27844126623456,5.00865823908763,3.36784826887827,0.413704749953471,-2.49526069191335,-2.9083589940065,1.20274553642281,9.29861866208364,17.4642664782523,20.5330868251624,15.7503841961101,4.80939306262288,-6.76114645780328,-11.9803718095024,-6.30259468687628,8.28935104829819,23.2504047145981,29.4156077596209,23.5500812318453,9.53107346150445,-4.99783965963551,-12.7872059851918,-10.6335949455969,-1.46683299998022,7.48438593247958,10.0131978507583,5.19552543479609,-2.7115925947872,-7.6835104798807,-5.9619571747526,1.48481223822365,9.60605448901788,12.6588195474651,7.75915482941011,-3.7840675922214,-17.4277528454266,-27.3411449730529,-28.7015671693628,-20.2166004724066,-5.60342535098183,7.94538197018789,14.0205729826122,10.6321957569003,0.535550310721372,-10.965456162042,-18.6125738082702,-19.3878437880537,-13.9281043646468,-6.02394318184072,-0.0206978466462358,1.87457985234679,0.286620110313715,-2.5606199279774,-4.5773547897144,-4.94799357306427,-4.1630892475202,-3.1170233616542,-2.2208045212232,-1.31529045677162
2.44342718385352,1.47785947840389,0.895966909533669,1.4104945928358,2.80153403311184,4.0550071941991,4.0135917622851,2.27877732426686,-0.175265257907826,-1.17968269190176,1.45540422828044,8.0713193064577,15.8665562544173,19.954849961081,16.7092473788863,6.5796262757144,-5.80009521236365,-13.5551876770621,-10.7450982152146,3.31974464843088,21.5869245355981,33.0794569779454,30.920584856984,16.6395195131268,-1.97344759149919,-15.3775388633174,-16.5930074397918,-5.30708269993062,10.9059056257597,21.2909288795082,19.360621604992,6.51339044077167,-9.94663664372087,-21.2461401121997,-21.4619281421472,-10.5439569808501,5.56378951170326,18.272623829516,21.0842635263776,12.6143582745255,-3.50964607610781,-20.7642801350261,-32.1377742612065,-32.5887575707105,-21.7565516609511,-5.13273087349401,8.68324046205031,13.319367171882,8.03696744137657,-2.97753182510738,-13.5366408711483,-18.4221838711718,-15.8045322705362,-8.18843925441103,-0.656842522331919,2.64687405552173,0.909499984169093,-3.61438900582098,-7.56287440634622,-8.56134499467994,-6.36056918947051,-2.52309074547715,0.889244068543757,2.56399898415274
3.93635891826253,0.901735352395943,-1.13040155681576,-0.797995655286561,1.30101918646031,3.19909671272356,3.16952195556066,1.21750106911451,-0.636688342731338,0.472183080944782,6.12747686814391,14.6661289459181,21.1991022220743,20.6071010917596,11.4390806983168,-2.65192575626098,-14.4848415228725,-16.4674377590265,-4.92347539977914,15.6951706265867,33.6918898505074,38.0874748635528,26.3940828770004,5.00360080018105,-15.3598432290291,-24.2415374764854,-16.2956461084086,4.30492245376263,25.2491350818271,34.3249263478458,27.0280556262275,7.54452140319739,-15.0038154708923,-30.9369123448244,-33.7714387776861,-22.8176570240247,-3.26148198502118,16.2660232678882,27.3615049762387,25.4707683074731,11.6566844398447,-8.49856018573315,-27.3838816063004,-37.609812041504,-34.6369120665733,-19.920671565746,-1.39711470382201,11.1581784584624,12.4726157753066,4.14766731617808,-7.66022161031909,-16.0432093565222,-16.7339453617851,-10.3628194394524,-1.94984941519983,2.80652281700275,1.50469098217898,-3.95413858356728,-9.31666627219396,-10.8809110516226,-7.65262349888136,-1.68668516432085,3.53258111459952,5.46170413362826
3.83269348563957,-0.41068307664252,-2.84475114500584,-1.90160116949616,1.16989777906457,3.45944545093971,2.92190860723724,0.24646642953996,-1.38355074708901,1.50360758041203,9.68101505296593,19.4458511474602,24.2511768836526,19.3887143411203,5.77012686352784,-10.1540763978971,-19.2850614965376,-14.2511065745558,5.03773268524435,28.5965389744393,41.9988644350851,37.0522679232924,16.6187091715058,-8.98723051185071,-27.2992581142906,-28.323230110775,-10.536664153663,16.0761299782621,36.3817444213148,40.6351572815916,28.6276637478108,6.77925493095077,-15.9950222464567,-31.5789845284711,-35.6387824359631,-28.5455322773865,-13.4254053284143,5.31928641902298,21.5718033904958,28.5676528012853,22.6599511161747,5.78341253167052,-15.7246084694933,-33.6187252251026,-40.1550722086399,-31.8255892141888,-13.0740955071968,5.25215884277596,13.438817045145,9.22135499830455,-2.42022764475668,-13.5283040957086,-17.6244358182556,-13.1303175976498,-4.26012249590774,2.24782042240776,2.32139903043608,-2.97145685327046,-9.03538013806415,-11.222586915479,-7.8173471248095,-1.00283576429465,4.87245361346245,6.51331251351227
2.32375837969734,-2.02115285903567,-3.70380234318668,-1.4115460638297,2.74289713216717,5.02174191095877,3.36578862347784,-0.621149950955336,-2.56672732228529,1.49532893687026,11.4483053567078,21.7493362692012,24.7464474327748,16.6015618053875,0.462385048644829,-15.0031553827855,-19.5856401817176,-7.32530997894145,17.2671178775334,39.492598862222,44.9645568416768,30.353528515075,3.61141822694577,-22.2109079285967,-34.0084417590256,-24.3946306067141,1.44014108050672,27.4866276085921,39.7198543591769,35.3984560343496,20.2581860714883,1.98255393698688,-12.8691381018709,-20.7177426857716,-22.7213440771698,-22.3829034275324,-20.0335680815569,-12.1326469799749,2.57942581327156,18.1998751434574,25.1945584422332,18.3094087630773,-0.0367255668927029,-21.9435033060561,-37.3623906931556,-38.051286505465,-23.2990384186644,-2.42779695883068,11.5897668861045,11.9819320943183,1.47734894642904,-11.6064686692417,-18.9227539937321,-16.6094064120638,-7.54155708562108,1.02507808028786,3.36736662454031,-0.714430965643143,-6.83313813188378,-9.78951800315076,-7.17169784454787,-0.866969474719109,4.57219495417301,5.6080526947625
0.174038473739306,-3.29347556369994,-3.40911722220592,0.554747755232327,5.58723115374344,7.37784920752687,4.15601558327932,-1.46017280651418,-4.03735003779627,0.698030565199235,11.7211281722557,21.9816001933769,23.2768683325905,12.9139784807512,-3.99595635679324,-17.1762809691102,-16.1986854223313,2.3522206718298,29.0830592757156,46.3533336328441,42.3646441614736,19.4242776993695,-10.3119394831912,-31.8433078756068,-32.5930248625068,-10.7352913277073,19.2322915433499,36.8484307009633,33.7563383634046,17.3184272161533,0.0761304314132056,-8.98578561086485,-7.2061368341379,0.64745434539174,4.29830058546887,-3.66628492066964,-19.6774428812882,-30.8401957067546,-25.5495500628411,-4.66367174821699,17.7321219935808,26.3640577221122,16.3802582518631,-5.89508215215359,-28.3736728467635,-38.6193712824868,-30.4973927402059,-10.0419998230018,8.14303469334795,12.9269137586485,4.09508089643317,-10.2868846601223,-20.4068390941125,-20.2814002315895,-11.2103671136589,-0.543975284683005,4.49316367356515,2.193771651918,-3.64632886155634,-7.55486233112615,-6.43316600437196,-1.54185532448121,2.87014632808661,3.36768610702157
-1.62441015523059,-3.661162960915,-2.0285208047086,3.32641117527421,8.69666286774816,9.56289907788365,4.67336081366267,-2.4118959279364,-5.48157371566548,-0.219627889455897,11.4372549223131,21.2915335456085,21.0480317381619,9.26864309882598,-7.2900244175515,-17.2999424142431,-10.8984186059605,12.1216438755314,38.0565203682233,48.3258123098432,35.1744125064049,6.14185128115146,-23.246052638316,-36.3510448759572,-22.5593005487538,11.4204827028055,40.8528385677483,43.9438510261702,21.1032071831398,-10.1030644071676,-30.1387993120655,-26.8073787519863,-1.5975937313071,28.1762038515921,39.7618188728798,23.0075173599013,-12.5488324881743,-45.6059260626673,-55.0961208762044,-33.9202999080427,2.7502668762118,29.1915387879109,30.5920042526217,10.4159626629408,-17.1310621237717,-35.8502585620275,-34.8905781000952,-16.530626124942,4.31403158449255,12.8939740981442,5.93905813737483,-9.12616607141341,-21.432925941034,-23.2348663743891,-14.3364490390463,-1.93305514695714,5.52455923795576,4.87988861654034,-0.761363167267214,-5.76027708899388,-6.34892686561798,-3.0346763569974,0.441137190968344,0.836268043105201
-2.29012706757081,-2.90526789717692,-0.00841340720300465,5.95306746528021,10.9595175653323,10.6464096737184,4.37189007688374,-3.58714657554735,-6.61095687010593,-0.618974820950901,11.5618020613032,20.9139362263411,19.3444804542416,6.60859280027085,-9.23760279893084,-16.268110409779,-5.63901099152074,19.709173600388,42.9352307123222,46.0048698221092,25.3146747524168,-7.44089499341822,-33.9344086983629,-36.0943353139021,-6.67894946031282,37.5008252143927,62.8636491539976,49.5728328250113,7.14273836823318,-39.3681592542841,-64.1140229319251,-49.0695134975938,1.32604529385352,54.8272442235294,74.654834160285,49.9414345722995,-2.07628323356355,-53.8500400235625,-78.3359164190236,-60.5471022566612,-13.635242484574,28.3756729786296,40.5953756177476,23.116764603903,-7.84318595409834,-32.9149350426238,-37.7692146846597,-21.5825032360299,1.0155793144035,12.6587062238136,7.50958375544726,-7.71382354930367,-21.4502671099618,-24.687181902748,-16.0854217479985,-2.63387205247232,6.34969636894224,6.62115542875377,0.791750464467718,-5.30162599791622,-7.2935119072133,-5.03793544343641,-1.86624172676686,-0.961192764948755
-1.6016289202458,-1.31185932529933,1.95195200152013,7.5874115916346,11.6686546889259,10.2165879391485,3.12108392259102,-4.93614542920815,-7.27967565240917,-0.25651300355196,12.5241926383233,21.5195656730016,18.9480693218836,5.51156417563621,-9.83339114747782,-14.8940471067065,-1.85209300163282,23.9684517551836,43.9527657181176,41.2232101364002,15.3787267766208,-19.0741839699617,-41.6142483282953,-33.1949575210534,9.51930268827907,60.7260361605389,81.1133026734467,54.4541522801648,-2.83297584874021,-61.8486508605599,-92.2635513438107,-69.6507866155587,0.326452590667179,72.6989964585236,99.1324270387964,69.2853636435697,7.12506321025423,-56.0394461659652,-90.5857897736862,-76.4048914072598,-24.2244102710408,27.0145094896857,45.6294349908495,29.5051202617854,-3.614411974364,-32.328117668031,-40.359578229165,-25.1315462134374,-1.11171007445868,12.7365928413239,8.99242706453579,-6.0573655875106,-20.447685476728,-24.4684265983917,-16.1666190023087,-2.43715686024809,6.91920095630047,7.12686612575534,0.676294705987136,-6.31862490694819,-9.04511971598775,-6.97253014212206,-3.30724547605551,-1.40996239984577
0.0028621811443923,0.39863935375902,3.13664721347458,7.80119393426132,10.8161124346029,8.60352649806661,1.35599116445865,-6.16595005872548,-7.480938804234,0.617457408824493,14.0040475299358,22.9107606184877,19.8164334293952,5.95126777901051,-9.30108545577678,-13.7225413368237,-0.151826158818277,24.935047981232,42.4179967560517,36.4187692870859,8.20892517736356,-26.3754755355755,-45.67614498903,-30.4590945885724,19.758611125303,74.2397682262352,91.6215459534904,58.3629948907971,-5.9140756124045,-71.2023897558208,-105.340402055971,-80.6808024648601,-3.3220541459502,76.3347751427471,105.749014912493,75.2347006398357,11.0987499938918,-54.3268932990208,-90.8569297268403,-77.2807769912565,-24.2421012703845,27.763310779898,45.9681053706467,28.6766853556194,-5.58358087670305,-34.9853204412725,-42.9596984511321,-26.8481745101206,-1.54312982985158,13.3734983911063,10.2073420866437,-4.65320046416069,-19.0534084909603,-23.1611488874283,-15.0035349908922,-1.57940388260421,7.18801843131938,6.57202119129545,-0.689519858770262,-8.17683920875404,-10.8534476154102,-8.14813010020428,-3.45900842275197,-0.508758948728828
1.63880122186628,1.3713126293014,3.07039286698659,6.69371805630926,9.03533224806904,6.72692032047932,-0.0624034103427573,-6.78611378569147,-7.26817249640493,1.43963156150455,15.1472468161742,24.2045329873571,21.2034175997987,7.36282933711222,-8.05155529092718,-13.012566398247,-0.480242926350834,23.308785938738,39.8469234334825,33.7202469735096,6.15331267283132,-27.306054928349,-45.4078240323678,-29.6869862159485,19.8375346284119,73.4003746114564,91.2499224033452,59.9070792799676,-2.10564043343801,-65.3821044563256,-98.6865028291452,-76.6677972566901,-6.36005380114143,65.7115824426284,92.6030057777177,65.495443220441,7.53934698285737,-50.9312870106344,-80.7602545905757,-63.7964138985973,-13.5850706027269,31.0636073499209,42.2900624540249,21.4956885768544,-12.8314050274889,-39.9892984791065,-44.7126576611703,-26.0061664289628,0.149312681123631,14.584413769796,10.7584272129326,-4.23290627941575,-18.2236201910832,-21.7924014839543,-13.4999301168456,-0.63520521430582,7.07235316312676,5.40517824515199,-2.43824913325198,-9.82487438295842,-11.7785315982218,-8.01712681396753,-2.33686034385533,1.18237541003703
2.41032117332492,1.01218321022721,1.69452517211421,4.77518136624729,7.24645044020004,5.64052273325626,-0.243840139465983,-6.31117764058242,-6.68460263699264,1.66859623262225,15.0691465050037,24.3771718832599,22.1417088777091,8.9920420822369,-6.51202946476325,-12.7849834587624,-2.44041988750291,19.7993076008441,37.0937403512367,34.0271839699215,10.1364613122947,-20.9879838065778,-40.1119774602366,-30.4213750442184,9.88881138260225,57.6494854262315,78.4515019689011,56.8890800962529,6.28641492038955,-46.6816326011042,-74.2647105051726,-57.8313735325107,-5.76935511884451,46.2520778737102,64.5003212734239,42.2997794483713,-3.44740928303914,-47.1391163069224,-63.2919069018171,-40.5266298859241,3.43920865321974,34.9162039787466,35.1580532476172,9.94006929612861,-23.0188568775039,-45.1887094880442,-44.0509413327141,-21.8476304322022,4.06292654844081,16.1308591385951,10.2493686564332,-5.34681451888901,-18.6922159122507,-21.2415584999067,-12.5229142093903,-0.199737699926976,6.47738792529044,4.08140132912747,-3.72556890233649,-10.3346405476208,-11.1554832486168,-6.43708987470905,-0.378487817441288,2.82493638223554
1.8497305866992,-0.712531672238437,-0.596156863997414,2.72257693009138,6.20212243895074,5.99237694025456,1.24881710028881,-4.54698119932651,-5.75872632534514,1.08274112955709,13.3603778783633,22.8548906448394,21.9999353416991,10.3250630410293,-4.89286989601854,-12.8260537772817,-5.51629085488665,14.7683235676095,33.9116646916888,36.477789416506,19.0244588124115,-8.36520809396681,-29.6435499082267,-30.2007722151303,-5.39972062305705,31.3531055679995,54.4815414217964,47.3319675024512,15.4177100500502,-20.7499814119597,-39.4755365508287,-29.9551401169704,-0.8436760354835,25.4904474078415,30.7746836269558,12.2494652711368,-18.7292002938415,-42.9307861264415,-42.1491149896971,-14.2091161150833,20.3904324847352,36.2337539379805,24.9847543665101,-3.68758084553474,-33.312998768451,-48.0960142620011,-39.5721829949984,-14.2584119566195,9.60628703665543,17.452656277653,8.43793119574626,-8.02744493665718,-20.4957227517796,-21.6963680536452,-12.3915480822044,-0.536901664198537,5.38854125406929,2.8774975931851,-4.1173374763909,-9.35821194168395,-8.96173177621997,-3.80761276199034,1.71203488360757,3.68712090139579
0.141573647332784,-3.21088483156586,-3.05769668146325,1.13437588290138,6.15256766167469,7.66612502947924,4.08707550742354,-1.79367891643682,-4.55957618659015,-0.123135794681008,10.3128008496639,19.8190263508826,20.7967266346281,11.34867328666,-3.02802437848598,-12.6417418935251,-9.05667308395145,8.35285883054424,29.1780308825149,38.6296232126112,29.7216843284095,7.78536039442399,-14.9727017717815,-26.2501830554222,-19.0556084634291,2.74547201551074,24.3796250746398,31.1235266480828,20.930736403638,4.7759577043208,-4.11618617250153,-1.26269312800542,6.60189927630736,9.10922099065785,0.929136195077511,-15.8563032369166,-32.7297652073511,-37.2270436309047,-21.1666533071253,8.44063038206978,31.542370302995,32.6423700341146,12.3729947065412,-17.2045377423298,-41.1129416629057,-46.7907494805184,-30.9204026587813,-4.316277190796,15.3316947728361,17.6782485653772,5.27573521433508,-11.7273524937808,-22.8569026796319,-22.4728587718859,-12.6602701569403,-1.39305165977016,3.95868266666913,1.85410376948082,-3.72557315788999,-7.28354306463046,-5.88521155958244,-0.974365256926382,3.2141063132254,3.44608036047948
-1.96551549119598,-5.46296042181957,-4.81593533596368,0.364808768854813,6.77090763371437,9.79335795872944,7.23650758789224,1.19151146609053,-3.24800932005203,-1.48007150806432,6.74882085417449,16.0638932583256,19.0987466795818,12.4776381095401,-0.428551655384062,-11.473763067405,-12.1381762410422,0.944499850531566,21.7399827047346,37.4261106894199,38.0439857991004,23.5118266268984,1.7023078719872,-17.2964136921312,-25.2719082931501,-19.2330543708487,-3.87494712874496,11.2875490364411,19.7932532832344,22.4148193652929,22.7794535759082,20.9589758305749,13.5708450936031,-0.823013313880342,-18.9660281642037,-34.4966152036371,-39.8098156980978,-28.8675709549992,-3.55994631323781,22.8105316765,33.941383817984,23.6277905640291,-1.50578673046626,-28.586858185081,-44.4469643191292,-40.5478504928318,-19.2253382837845,5.73245514035583,19.2249723183516,15.8273576770521,0.873046419905609,-15.54730276047,-24.502955480354,-22.3229389237406,-12.3404287730407,-2.10395849028229,2.50437990267147,0.932030676268544,-3.06434090121528,-5.01768308053657,-3.0344224574154,1.08836974069517,3.63654308602929,2.27259407252298
-3.49875619356995,-6.41395239125879,-5.15647131610372,0.461982787081455,7.35923717673654,11.1549503869919,9.39738627704132,3.49203182323087,-2.05455128296916,-2.50804172861493,3.58147273648772,12.5129530573001,17.5705378927601,14.1640941394924,3.40085027506041,-8.51003958502221,-13.5600818720526,-6.35045389485562,11.5063255172372,30.6959040387847,40.1163689337127,34.6591869424458,17.3245029139458,-4.28712746687746,-21.8340916571277,-28.7063934386439,-22.546182089112,-6.65783227922669,12.2161508861078,27.7793123345981,35.5194522522493,32.2407303659699,17.346909464739,-5.14436472875072,-27.3063158491662,-40.2154133744366,-37.1967174964426,-17.8645334268967,8.71960117188582,27.5434932122758,27.9634408996587,10.675387896747,-14.7596857582576,-35.9292674196129,-42.2304425363891,-30.0712175356567,-6.83667581449033,13.1969728197332,19.4255482627808,11.1896504391911,-4.51780235973244,-18.5807417537618,-24.235187789187,-20.0843659953195,-10.4740860493296,-1.97725068949756,1.36943744965526,0.00450644812773415,-2.72175355919553,-3.50984303306928,-1.42560866867715,1.67452471966613,2.86434815824634,0.692317306367227
-3.69309186665332,-5.4215809909416,-3.8059903984298,1.20140075717974,7.2290754391452,10.7870836120578,9.61924161429546,4.452591821251,-1.16768233406823,-2.92130382504338,1.38420462950554,9.69988430997199,16.4581931555919,16.4090145663369,8.50786866287527,-3.29333201543828,-12.1591060333817,-11.7172553185195,0.116257957860943,18.5655146921473,33.955676350926,37.9539725921854,28.565403707493,10.0078308887833,-10.3937668484969,-24.9284065926767,-27.7573306815089,-17.437418796877,1.80872784385275,21.6942112286345,33.4612737711864,31.6043843405119,16.40541271329,-5.9766480916988,-25.9764882429128,-34.3210765925873,-26.3566084894258,-5.93246213684857,15.1200968710656,24.2115933760496,16.4598034178343,-3.36641335606602,-25.0288760174468,-37.7056847458077,-34.5386085270072,-17.2768161938199,3.56238642943803,16.0377664320582,15.0392340975777,3.73556387640803,-10.4367508125456,-20.1646855396065,-21.4480067178396,-15.3355919084709,-6.76118675158822,-0.757107078891837,0.713558068618908,-0.986338467146202,-3.02768351549541,-3.26520368912016,-1.50666418893775,0.638555885511092,1.16729413335319,-0.676175601354611
-2.33543768502762,-2.57440481090855,-1.08780364483918,2.18873902208659,6.05721309617216,8.47908929913794,7.78075940307123,4.01790874866714,-0.586434251557707,-2.6700821930129,0.2073266394696,7.52591270998285,15.3424327268668,18.4972817632854,14.171673089359,3.86692283618716,-7.36487178597616,-13.2855193599932,-9.4265677986138,3.9113751281215,20.6797665609427,32.2160310443606,32.6312473988812,21.8705458797242,4.75850093656248,-11.7133255341808,-20.8894932934032,-18.8603313484773,-6.64340698668345,9.52892126594297,21.0509280538729,21.6623319819465,10.9767299985455,-5.40478107303696,-18.7771881367407,-21.5941581660217,-11.9412366889034,4.20108424988438,16.1576197062674,15.9195478701246,3.22121093856242,-15.3142977437159,-30.2028987442827,-33.3941817201759,-22.7815099746013,-4.67279658479899,10.0113270747136,13.7313764924476,6.62731722026351,-5.61931208976767,-16.1038484700359,-19.956726816506,-16.3747046192874,-8.71723175360422,-1.87695061767679,1.11653484344931,0.367316398204643,-2.03879672385843,-3.89513941904722,-4.1082534701794,-2.95546250485702,-1.5395679788826,-0.909832509913556,-1.38125365792011
0.12192012657459,1.27881064270328,2.14590094305278,2.98981309930584,4.02469770818424,4.89284675360372,4.68728055297704,2.81560997811784,-0.036238814113942,-1.8384611687976,-0.293116386037956,5.42869662126667,13.3449442215401,19.1751773549351,18.9529316088921,11.7443670402428,0.335818051511229,-10.0890691958964,-14.1223561613178,-8.72003416237471,4.49721972008991,19.3237364836706,28.4390566844848,27.777289295494,18.313027126769,4.72286977417439,-7.14145718336957,-12.5801020744862,-10.0195322948723,-2.07537159049185,5.60477162782694,7.79747889315187,3.19945092782388,-4.70270468783442,-9.91791230325126,-7.93772102888263,0.727998507106518,10.1471026508756,12.974392860802,5.86217552090139,-8.38852172438274,-22.71086217585,-29.3655788041157,-24.0722493076595,-9.51052164706854,5.42758577931097,11.9186644078873,7.42832811550693,-3.87148317771947,-15.0532159231149,-20.4039823196971,-17.9045972452747,-9.99540445618484,-1.75244746156791,2.72909090006834,2.64642432609712,-0.123126599745949,-3.12447507929006,-4.90533484274066,-5.3094077339502,-4.843849813676,-3.93987605633018,-2.73055514832291,-1.29952313858294
2.7419630137566,4.83435218276553,4.80378292717574,3.24233423050651,1.67788386682271,1.24381484965589,1.72066793429584,1.90369947419752,0.955738440557394,-0.507580492208077,-0.5242992330665,2.86139233510553,9.70851098892209,17.2430969656076,21.1600005186151,18.4352176277133,9.32825108781508,-2.7037960520462,-12.5050476117591,-15.2838974803983,-8.99445773866722,3.98848279077829,17.6874192981114,25.9055152869609,25.6473071279183,18.0890714283397,7.14736553337683,-2.67284357708553,-8.13881311920257,-8.61569340231261,-6.19018035042317,-3.99458927140992,-3.66588680009578,-4.09614292458074,-2.66852793454376,1.99338671848735,8.00919138486867,10.9362115637026,7.06499717757532,-3.45119268263595,-16.1889297295273,-24.5952507986116,-23.4195687603961,-12.4050575466548,2.26058032948678,11.5201462053477,9.99803965396548,-0.627612029200335,-13.7643180892426,-22.2853633074846,-22.132146610472,-14.2172893280296,-3.66769447467174,3.76502067644253,5.47263841449583,2.76304748456313,-1.25758326405919,-4.21267523717899,-5.55664122752588,-5.98256891835556,-6.07839279525689,-5.56972058674903,-3.77279175075783,-0.644457977140787
4.51756976666101,6.85678263129105,5.95116891456134,2.7267105240509,-0.378331968116011,-1.27354269245808,0.196483954811698,2.25522171785209,2.80545890100326,1.29487896622548,-0.641793791875179,-0.206809062582224,4.43807038480977,12.300260329007,19.5813331567293,21.9370057833318,17.2410983288032,6.79639435096725,-5.36404936960566,-14.147941778766,-15.4402178621404,-8.17031692275022,4.68842908830706,17.4067866537796,24.6155869271897,23.992766759959,16.7689524104774,6.43135291101492,-3.10362686003791,-9.10893386041613,-10.9473733715991,-9.7268715789876,-6.90475815118398,-3.13459848897152,1.49846096841261,6.25910930379293,9.05910026019765,7.35023151302794,0.179726183634834,-10.327050908873,-19.3753466175796,-21.7173866917092,-14.885737145094,-1.7950891487808,9.99553060593656,13.1420679356731,5.68589515307086,-8.03074548870705,-20.5320954570027,-25.3812736387169,-20.511729223996,-9.38391616636432,1.36428686317707,6.53249298834685,5.3885118543996,0.898669445581995,-3.26971012876148,-5.2510826070817,-5.51787677506632,-5.53142205208112,-5.90637705147804,-5.76939770414771,-3.79413618268841,0.178150743449585
4.83407333173014,6.68913069196352,5.15211329746796,1.40508738199191,-1.76475489367978,-2.01694808543805,0.738177926570912,4.22109332319361,5.55247639987104,3.51253810219668,-0.460653218078115,-3.10428841920002,-1.40326215439216,5.24353216961521,14.2006709969151,20.9278072390428,21.649558366702,15.4570557755548,4.60876060630183,-6.6199120534577,-13.624677297797,-13.2828281449745,-5.53227375022632,6.21561384512117,16.6525372595936,21.4044837128468,19.1010204786723,11.5087608213182,2.17474821122738,-5.3880118034954,-9.11888845370041,-8.86833334887073,-5.80614423882211,-1.44418185394944,2.83662489774406,5.65152958792157,5.5404182051149,1.5354893509113,-5.80475951120889,-13.8008453980074,-18.3620821340015,-16.0846678411169,-6.8583819558424,4.92746259218382,12.4167927684611,10.7763712038168,0.505374036553788,-13.0136716271578,-22.7077694007748,-23.607504767626,-15.7327658950468,-4.1887752312154,4.36300461747065,6.26490169409211,2.60866482184143,-2.64655996702729,-5.90501314938405,-6.1181047028777,-4.76290683047156,-3.93028949261058,-4.25446794210712,-4.47876541055974,-2.88970858841838,0.799337464101276
3.74900492419515,4.52327356805025,2.63691166286979,-0.554270968823638,-2.44961104942024,-1.14098467780918,2.97943145786986,7.2734079491857,8.68369001886751,5.91700869291247,0.349770557878309,-4.74924994521322,-6.01174317379519,-1.85072253163362,6.51067684621,15.4993624650032,20.9860740787592,20.390128961805,13.8344250864833,3.88935393122796,-5.57689970152205,-10.8257516099638,-9.72928261565655,-2.95528877081447,6.07081839073748,12.952174450123,14.7742414753185,11.4586893674478,5.32500527209129,-0.502560085827839,-3.74871113714142,-3.86797669137245,-1.84431187329497,0.725696875659132,2.4668132373885,2.49802255614641,0.362068707372531,-3.88415238066614,-9.26374286523551,-13.649974543997,-14.4156461046201,-10.0292227299046,-1.67759605886046,6.56573014750991,9.82833275405719,5.62852902311099,-4.29610105548588,-14.8492598503492,-20.3650032696202,-17.8667696591305,-9.11796666206655,0.374956814208453,5.21832940434107,3.71478712388644,-1.68227042250212,-6.73822617953575,-8.42018293316789,-6.60300291168042,-3.55534902997195,-1.72925309117963,-1.748335196001,-2.2364143003035,-1.415217125552,1.0795826024537
1.94651587779978,1.31457649493754,-0.760091929894034,-2.77511864933372,-2.67627526333504,0.535501747909502,5.74563159524998,10.1979374564188,11.2486730608133,8.03784572047663,1.93491606932475,-4.26285301045987,-7.67693590113997,-6.55178155404658,-0.910768005213787,7.41920158438222,15.3859965081886,19.8800873794418,19.0922502069728,13.3052099734002,4.74144664066363,-3.30837058131846,-7.74520272692125,-7.07782339251652,-2.34313547369378,3.43692065277446,7.17613129043574,7.55572041766781,5.44164484481576,2.8574538321919,1.468878627979,1.613216142026,2.38683850411008,2.55244082926809,1.43728749633576,-0.852616339571425,-3.80751219229765,-6.87246081190056,-9.40333217074593,-10.4835976796544,-9.17241046072411,-5.28054853717179,-0.0802748003338984,3.84840552298613,3.93186881227808,-0.609321652573921,-7.82927734280307,-13.8402712154308,-15.0110754154711,-10.3958583587233,-2.70765631632224,3.33615629424251,4.29426382503179,0.218263232784287,-5.78290381112084,-9.85586096529435,-9.85398068866175,-6.46665230222568,-2.31913769278295,0.202252559079747,0.587770513106003,0.0846834946182931,0.181626594426947,1.15903199168609
0.39777499168654,-1.62162392187077,-3.88726442958659,-4.7303547707154,-2.75841690169121,1.96748589705082,7.6310010991469,11.6537548846285,12.2374037118547,9.25199322029698,4.02296394362763,-1.52567790463406,-5.67045348771632,-7.2259663989247,-5.51107973556188,-0.453193172314254,6.92799421961691,14.2940551529443,18.7567367558955,18.3504451960207,13.1465298826519,5.28412495455006,-2.01195265089651,-5.98281755761717,-5.77781948342768,-2.77527536918686,0.618588445204447,2.70511358794854,3.34914493750013,3.48437321188487,3.94081198041606,4.62120234681542,4.6280035070141,3.15338014447863,0.282529915956473,-3.01024980785882,-5.5686479741401,-6.76704721745261,-6.66717450037549,-5.67270366308427,-4.1753765682458,-2.52633020978884,-1.24441234887747,-1.10376851012142,-2.77011484034916,-6.07085658042572,-9.54944796086389,-10.9983410042677,-8.90313853841183,-3.82019712397874,1.56110152231513,4.05755103745139,2.16929337614678,-2.92856836233641,-8.22047568604734,-10.7722184226979,-9.48589307109394,-5.58055356813288,-1.45940704106851,1.07459716958865,1.80133160624875,1.66250352764248,1.52919480241375,1.34449271344917
-0.0970727533519524,-3.15946944938164,-5.70520825336641,-5.88398818399874,-2.86209755222336,2.41834103650101,7.69296680760819,10.8251166147718,11.0455338495688,9.01607299544922,5.93979168150378,2.63651649766272,-0.682377290483398,-3.84581929509879,-5.96575118189562,-5.44568404287483,-1.15222103026085,6.14909945619811,13.5956633739219,17.7543142424756,16.7256753581016,11.212631696869,3.97320816386154,-1.81538557059414,-4.31385894199693,-3.79788584181475,-1.92109277548348,-0.198355109198615,0.947255212016405,1.94319092645099,3.13537806601501,4.12782472329427,3.99301986266068,2.16058202146407,-0.87323761407666,-3.71992738415417,-5.02455244874527,-4.38892379762819,-2.58693224100219,-0.964237656972332,-0.555681557632638,-1.57521943085994,-3.54540642267536,-5.80213967748305,-7.83661805282179,-9.20126514434041,-9.29540709596301,-7.55725492478711,-4.07869151107225,-0.0408074785226265,2.65476251194983,2.50419479909803,-0.544571926874962,-4.92724131846974,-8.34506923698196,-9.13943469304508,-7.25336960344005,-4.06286810388789,-1.20729155791132,0.536124048812842,1.42750234636814,2.04321327708768,2.42017341440513,1.90310636669834
0.726228024140063,-2.82040661443584,-5.69045472013232,-5.88371335287698,-2.90267602944862,1.81483439518993,5.91417575951017,7.85044366118169,7.81854328381838,7.14966508060637,6.87255914066593,6.71858022817134,5.40229021895788,1.9966150904047,-2.73477092265501,-6.29090991932867,-5.97733911417428,-1.01980123257185,6.48343620119701,12.764314105081,14.8555163480013,12.3366241251093,7.22639120842402,2.4162252018505,-0.18742413235034,-0.58022473610426,-0.0662299359065226,0.162419283604901,-0.0610223506417575,-0.13136643442879,0.394206502759151,1.15190634914772,1.21740038306359,0.0167712328360266,-1.97841306113048,-3.4675285639485,-3.29958223260702,-1.42797691040622,0.935160521941097,2.118413750217,1.11278046107508,-1.83015408032196,-5.47442960117635,-8.412633592672,-9.75722564608586,-9.31304340779739,-7.3735924909113,-4.52203381937341,-1.57942503278998,0.477004799240709,0.841045584003864,-0.645306494942806,-3.2471530182813,-5.61186095820455,-6.52110143441689,-5.67491589008841,-3.86844873485541,-2.29938006602636,-1.54690526537913,-1.17799064064005,-0.334698973515881,1.26435573084708,2.80130111962357,2.87121574140244
2.47552128103806,-0.941022842831217,-4.02351186022663,-4.7102209409025,-2.61770982653679,0.726338933608786,3.18585331877048,3.80817204452716,3.50244244840431,4.03579685844017,6.27434774992786,9.14449414426753,10.2539019758576,7.81073586918674,2.29149994191815,-3.53773782341111,-6.32764025207487,-4.43041841771758,0.901786062252225,6.446193005607,9.33751228734079,8.85583282867443,6.45248183668249,4.3253038906244,3.71862706678129,4.17755523533009,4.27235361027385,3.04364738950421,0.813227040108011,-1.24482205705918,-2.20622798601896,-2.14298727982096,-1.90385412869112,-2.18933318921495,-2.82318864397385,-2.90750648258204,-1.70496211501229,0.530671793633411,2.52081882711658,2.8149817721637,0.839107957865255,-2.69027038543565,-6.23398706569708,-8.35870461219296,-8.46110788139298,-6.88915164398429,-4.55908199441032,-2.44791068385756,-1.26211609181983,-1.31763858137725,-2.47866732751928,-4.13104290565985,-5.34398098328997,-5.30198308386383,-3.86452664222441,-1.83459211505423,-0.531328449555256,-0.802375438449344,-2.23961644549909,-3.36291816626813,-2.74454319708865,-0.23506168466137,2.70267048525764,3.97207556733954
4.27258539971532,1.51411798753126,-1.47060007449874,-2.69614078054893,-1.76232187460198,-0.00643389019574414,0.821586531758531,0.23541820641526,-0.483775211854089,0.588956362685972,4.21596255377429,8.98816600801509,12.0704058770803,11.266737245568,6.73098825578209,0.941960144196341,-2.97094953145381,-3.32737014713496,-0.903126454504452,1.96040838714877,3.33978099545453,3.07268686571423,2.52258832024719,3.19402497898013,5.337377697743,7.63358489506484,8.25080802877926,6.35095620734503,2.71984242840489,-0.911867044204555,-3.15479185033693,-3.79157582475747,-3.57476483348113,-3.30404541449665,-3.09129981478264,-2.44917730209529,-1.02052189126846,0.786974220759787,1.89872493167719,1.36734091578041,-0.835517436682491,-3.70557990982975,-5.83798045138568,-6.31002118447263,-5.18992595969295,-3.3636129566097,-1.90396075772472,-1.49009456778122,-2.21700915006722,-3.73524007933597,-5.42747423492958,-6.52507398238996,-6.31384888070293,-4.51453158785257,-1.66970717666249,0.867182665275922,1.61740750425465,0.0286230417720392,-2.91520265678835,-5.14622422857808,-4.85754903553321,-1.84863948455381,2.16538334658856,4.69160484689218
5.14712873897128,3.39873968100949,0.969764078877702,-0.403224270045355,-0.29849981885932,0.241617073074191,-0.124156973113044,-1.59915391829089,-2.85968223780392,-2.08104632679072,1.45140187696498,6.46493346034082,10.3883729224266,11.1704429299816,8.73603593829314,4.90756097809316,1.95318208468875,0.924989362318326,1.08522958690275,0.897039305181727,-0.371545945752155,-1.91578139294759,-2.07602804552924,0.209344876590258,4.32407981587314,8.17418798123179,9.60703604025796,7.90191370726758,4.13771574779272,0.279245632712888,-2.18426578731035,-3.01788059075952,-2.9565875404191,-2.77347891751568,-2.62266015221642,-2.17202811618556,-1.24817705712543,-0.289463619996563,-0.105258293721167,-1.14567914356505,-2.99068956323969,-4.54808502542286,-4.81815240777992,-3.63001644230522,-1.77592890009489,-0.435278538023272,-0.377727903172736,-1.57881425877106,-3.4387690839812,-5.26039187748503,-6.51778985327072,-6.82538365133509,-5.89136497790841,-3.69547219675877,-0.808053721732266,1.54199984320896,2.01296107370258,0.113930346345951,-3.18403563416761,-5.82317274695669,-5.91439555855683,-3.06533423328377,1.21598955525375,4.49886809333293
4.48979346604878,3.88743780161773,2.47887764782578,1.5775416229444,1.5296939195228,1.54924007203454,0.635755626354376,-1.28852471330326,-3.07717194878436,-3.17918335923784,-0.912962367173028,2.86677851773993,6.32115536378122,7.98078169787798,7.74549974361048,6.701511745281,5.99145889877935,5.73438666944259,4.96470002943384,2.71358369739285,-0.778057477568987,-3.88911530797278,-4.67462832002312,-2.33730359713075,2.01967655924174,6.03509809249801,7.6844178219942,6.54453991291586,3.81277765858502,1.24144031835491,-0.112807693595846,-0.407564246491015,-0.494035710212486,-0.952795974828804,-1.63197730316337,-2.0047295454246,-1.87311238403655,-1.68733922488864,-2.12314141417696,-3.33200767085745,-4.62983397100785,-4.96086152892492,-3.77507542451914,-1.58686622303883,0.299244566201629,0.728957801910112,-0.483779077783375,-2.53319458760019,-4.32148834364133,-5.22686001949414,-5.31683261766075,-4.94841396723553,-4.26130530662374,-3.09365737800806,-1.40047539955114,0.2706158262292,0.890346865009528,-0.249619449746314,-2.74608916016089,-5.09487035803452,-5.61567536213759,-3.64487615561615,-0.0960595110691209,3.12475890509382
2.35822316152419,2.81932424052346,2.71575231405238,2.8180492117862,3.26567821292414,3.41853878750632,2.52679319506835,0.565877209078823,-1.55441979240629,-2.60843513449206,-1.9782740039782,-0.0928267831208953,2.00672244636684,3.57502751497318,4.68679012880443,5.90212990334382,7.42349606201805,8.55897429815809,8.09709593507061,5.39752032116641,1.22726231235607,-2.48533416165681,-3.8820513435819,-2.48684362324137,0.446377525049391,2.89912492754442,3.575590352408,2.67783413566941,1.47346683021573,1.14690550071218,1.84539754985841,2.65018696595779,2.48994819710521,1.13400956438894,-0.668452003641437,-1.93620628020776,-2.34546136583483,-2.44887471687933,-3.01659942583209,-4.15617529288347,-5.08504393001561,-4.79522786814013,-3.03795602072515,-0.74563472927729,0.567831330899325,-0.00464592860996538,-2.02205635462612,-4.04706862070431,-4.76649865111794,-3.96440282129957,-2.57715722786569,-1.80737106672577,-2.08944976863734,-2.79720555883131,-2.91084156602857,-2.04730689349942,-0.88141974161427,-0.530427789782071,-1.49599734265914,-3.14729784837041,-4.18282532040461,-3.63766646745762,-1.62662034011117,0.760750359011279
-0.517005599582287,0.738984182360202,1.89628508914033,3.17400403431611,4.41890767264133,5.02935792894502,4.44202584717162,2.7070489581132,0.579202008512609,-0.985152853759193,-1.49000831925261,-1.14756845669942,-0.488545196585722,0.274598118296816,1.45128532432457,3.4186697873794,5.95895405766801,8.05385834632717,8.46816940646436,6.73649082060304,3.68482683155845,0.955307496162873,-0.174772049220896,0.246160350692191,0.969364534640296,0.716349903605874,-0.657891406975414,-2.0396928192356,-2.00694990275448,-0.057489119200715,2.82966834255402,4.81540147538298,4.59870773013612,2.39858233609014,-0.321548961879329,-2.06544456363376,-2.42216918719451,-2.18986987775295,-2.43956040510259,-3.42037172053168,-4.32670366134089,-4.11413568413346,-2.6041157086682,-0.855629012715986,-0.371731424775011,-1.7704266567228,-4.13186171164524,-5.63211966363824,-4.96175091072845,-2.41824398793326,0.235900870837987,1.1204281702016,-0.300571938479397,-2.84018623769136,-4.54737476013007,-4.21907851834312,-2.26395727565563,-0.253090722885956,0.390814236353373,-0.571035794180288,-2.20704100198476,-3.26528242663408,-3.09169343352334,-1.9415646962605
-3.0413391635173,-1.38289426086661,0.63219320202953,2.7965546084302,4.67639566556668,5.65054414820956,5.31491434290962,3.86914694397582,2.06496939972489,0.702887645424254,0.0954182426396861,-0.0461022515135656,-0.181339423484224,-0.370392903648961,-0.168229960599188,0.90014727747963,2.75820606679874,4.65103199312268,5.66978594194698,5.51303017264242,4.75895678357835,4.33079080521911,4.55862294234792,4.69803107901379,3.51371225873787,0.53170209185443,-3.20601996158989,-5.63696210505115,-5.098650676926,-1.64895869610056,2.74369561472074,5.46274495434217,5.08234545561709,2.27858373836684,-0.864092124054144,-2.47633414365022,-2.19888123640895,-1.19090187391362,-0.910093080111278,-1.78632333591885,-2.96079596951995,-3.23732990882291,-2.32408129358188,-1.2314029442342,-1.39191490421569,-3.25237073607582,-5.66545956091845,-6.66877150499969,-5.05251496488333,-1.48937738865236,1.76876038170193,2.52800827895859,0.318670301553974,-3.25668858796149,-5.69263401554156,-5.35538661767442,-2.57902286691152,0.70282381689205,2.44106007968637,1.83988432285321,-0.380123409959952,-2.7530969863932,-4.10229461434864,-4.09239817831869
-4.23988365413091,-2.62291152214066,-0.39921659173977,2.02744336362073,4.04847897299182,5.01391969537443,4.65950586253642,3.39672976773448,2.11637376684615,1.58383158155477,1.89413745953563,2.4391781754107,2.45189462648895,1.67430928705302,0.539245858847374,-0.252520723142976,-0.307923062563485,0.246783980519703,1.07905799724853,2.1320600819222,3.69489112091805,5.89340804390066,8.0686456725926,8.77726101344551,6.73346199617735,2.04422450759112,-3.3997872517687,-6.86067738556997,-6.47675305111945,-2.63031830860824,2.1389378111143,4.83916028318581,4.10780712575252,0.992790190556605,-2.05831358851053,-3.07325548806285,-1.90624429811876,-0.0957609102489148,0.596921214684437,-0.328774405660625,-1.87351776635669,-2.62534912731005,-2.12528665860387,-1.31043565069717,-1.60406155359908,-3.46487547171636,-5.77561540415055,-6.63956070824661,-4.94997478017506,-1.47800164826294,1.51047111953499,1.93387341076927,-0.494352710712063,-4.02777832154849,-6.12660019306672,-5.23178221295131,-1.8286635423351,1.97421846366723,3.98797181326758,3.34352068786036,0.762410770400097,-2.21868207062033,-4.28607008429108,-4.91407958168413
-3.69047298956249,-2.54440903629377,-0.795703908846136,1.22264813728241,2.86737231112621,3.45690667617807,2.8110716496554,1.54663421400485,0.766666557579265,1.29713098768516,3.03949985642335,4.97104809328738,5.84356059505863,5.04045971320521,2.90371256391287,0.356415380413358,-1.73155440728241,-2.88898961076192,-2.92234717065001,-1.63043491342018,1.14842013854678,5.06090307230961,8.83234250169455,10.5647230804661,8.86073659565649,4.01184231954736,-1.81065968524678,-5.67926616886091,-5.71202263484308,-2.38584127854192,1.70826683193192,3.70155708110016,2.49052111907254,-0.656350842741074,-3.26062281642435,-3.54233922925866,-1.67401756900713,0.539760866570467,1.2627595776871,0.112191550300948,-1.71062045941427,-2.6222009870438,-2.07634133907134,-1.00399146815885,-0.891055628591884,-2.33260796526634,-4.41328327072849,-5.44289046084737,-4.41158107986229,-1.9597772831838,0.0237907628920624,-0.0839661689704938,-2.30036915409414,-4.97344386853407,-5.97866466089964,-4.26556424990103,-0.634525278526094,2.86329616278887,4.39679862375008,3.47911277058611,0.98894679543642,-1.66430865188968,-3.44883946610159,-4.06646296078072
-1.70888996096075,-1.38490010632977,-0.602930810789191,0.596826360559869,1.63379542042045,1.75104478781656,0.738043001127715,-0.675336887016176,-1.1912551157065,0.12967517484454,3.08170978901921,6.31363869495401,8.17576004189677,7.76552935269123,5.36353884308251,2.03788044772863,-1.09499717665098,-3.32405327066333,-4.28541161678407,-3.68213699782275,-1.29396079375401,2.58175163987729,6.72545564195786,9.25618553688237,8.6912737521941,5.09758147284833,0.315206983597127,-3.07224323783682,-3.39195101400508,-1.04233142480377,1.78083241012319,2.74162616977143,1.1151975450768,-1.79375873023934,-3.78951573841461,-3.51161204894004,-1.44769658593107,0.555797902848892,0.873819157346642,-0.596564649769973,-2.48467658962904,-3.19495353897832,-2.25437021773044,-0.65366342142304,0.0855434870995012,-0.731545069997506,-2.41505153225519,-3.55967074830616,-3.31374809967175,-2.1534560817378,-1.45208656907069,-2.21313400130711,-4.11995958340734,-5.71274311026917,-5.50468049033733,-3.16348551237078,0.167804851611754,2.71099228697751,3.33595868391988,2.20408627713612,0.386192552371793,-1.04903281036355,-1.70127023934683,-1.81031443036094
0.79308219602636,0.0927938671152058,-0.23451564438754,0.172096839940097,0.798911760758173,0.714757804826662,-0.47358192683252,-2.06593036220421,-2.65359929615895,-1.17582340675631,2.16960084685033,5.91529630043693,8.27886821072655,8.31734649291329,6.36655407955091,3.54796700364946,0.907293590220919,-1.08393815072035,-2.37443230366841,-2.85071255966219,-2.14690464400893,-0.037664422722228,2.96692008954913,5.52778671671691,6.2237097105186,4.64438898653033,1.83770070809192,-0.370394628599603,-0.691204913001961,0.664335241327165,2.16114192872174,2.2013368689328,0.437889356664567,-1.97204576434395,-3.33843691675065,-2.81977148062466,-1.10568738837857,0.178411416747633,-0.14788010430639,-1.85431308155809,-3.54601369141766,-3.85228111829247,-2.54633717383463,-0.675588840040952,0.377034742227579,0.0417306970451303,-1.08471141437445,-1.90721728317312,-1.88187610515547,-1.5067051908651,-1.78029378395079,-3.14074252687666,-4.91650624754526,-5.79014998777269,-4.86485535288307,-2.4623408122525,0.0454087654197524,1.29729598386936,0.974294841644386,-0.0911134616212503,-0.723193540461519,-0.374938372298875,0.519762684280141,1.06427029446857
2.71028682223706,0.994048234494855,-0.203590196463766,-0.156428386943181,0.596921922900723,0.826032058745614,-0.179203981903278,-1.87069596541168,-2.81708585331367,-1.85460676385987,0.918826566533307,4.13562502208303,6.17861491706687,6.34761635681358,5.18952668577179,3.83400822574868,3.00459880933191,2.54554954182743,1.80793964930693,0.481434477069227,-0.93354952364989,-1.48369714155923,-0.638376507370779,1.12829482509411,2.64009268638093,2.99291237438898,2.28532098837534,1.43048460745592,1.28464069817619,1.87032218117933,2.36407386277698,1.88441385507629,0.353970548276215,-1.36031605180676,-2.16303574615761,-1.68935618069124,-0.653948259251637,-0.251216372497637,-1.11378935013442,-2.75300258713003,-3.96846549125073,-3.86195491645482,-2.58436575622105,-1.16137536654723,-0.568265828254142,-0.917014854975513,-1.46904739275691,-1.408942622478,-0.678790594586065,-0.102419959236495,-0.615444060139533,-2.30134211989508,-4.17578293523476,-4.93892111699459,-4.05249515280033,-2.23774059247413,-0.908588063861089,-0.962234420900435,-2.00250705166984,-2.69201252246427,-1.90755781690053,0.273827402930712,2.57295535620386,3.5325887308305
3.22903455484761,0.730126205360557,-0.822687721746333,-0.499081881369473,0.990452105665654,2.02019635786128,1.51173851793758,-0.171592882435232,-1.60718058397251,-1.54770925360579,0.0382770195423159,1.98830153965266,3.01376396844035,2.82661180929364,2.30323756196386,2.60786353535507,4.07038459417153,5.77605169212962,6.24763532637024,4.66799293468001,1.61030366695165,-1.33045018593373,-2.67887228912884,-2.0765730559873,-0.375088416809766,1.18874162107569,1.94272261199161,2.04403154410272,2.01309169871575,2.09164055163804,2.03112072655932,1.46938859909281,0.438810753528146,-0.543309306310718,-0.918930607181553,-0.649219071808762,-0.306616212022782,-0.566828716749801,-1.55700097548389,-2.68554587969817,-3.15351497126004,-2.70860312446628,-1.93453173789364,-1.7365101217081,-2.46031038364315,-3.48615179297528,-3.70131697162067,-2.47426865059353,-0.323321859046426,1.35664017535749,1.38647783115387,-0.214285488143075,-2.24358119469974,-3.31672075662916,-3.00269113202072,-2.14389804128315,-2.03590109119597,-3.15591405729152,-4.60275324505376,-4.77859753984998,-2.76145187248567,0.763794415747433,3.85299448775159,4.74817298581764
2.18115770617176,-0.698896546567129,-2.0194625786267,-0.873818958477941,1.72069083132129,3.7360834446396,3.80190377781915,2.18004243501205,0.321647817915336,-0.460070834267823,-0.0487154025727475,0.557352382804095,0.366092395969132,-0.522213927858979,-0.900231104079847,0.482984928525609,3.68508879555293,7.21700197340029,8.96927469508816,7.72883521003376,4.06305277069839,-0.0910910148312222,-2.73504509479745,-3.02467225616143,-1.57340276937592,0.270155386031148,1.46986164132802,1.8157827188322,1.68510657005256,1.4681016882162,1.23183213508187,0.853669629880374,0.335927448490005,-0.101909940926555,-0.258452077181018,-0.228699806840859,-0.356045847147693,-0.856886635405472,-1.50201586932537,-1.74727908916811,-1.28610919787345,-0.528157824776743,-0.454355572474096,-1.80721566686935,-4.27653493291243,-6.466389703402,-6.78832421216519,-4.65975776863848,-1.0821229187412,1.96580715224937,2.93751102151573,1.78349676190678,-0.197762902239874,-1.53267879786575,-1.77249484571151,-1.72635871024964,-2.51445644314787,-4.30382235347948,-5.91676951322163,-5.70960447923713,-3.02641701813071,0.991163557556662,4.04825080755933,4.39772716077489
