-0.102119436469065,-0.0644176923861259,0.0264453560820278,0.103988176502367,0.113359754151996,0.0538898034899988,-0.024624035071286,-0.0668915287776247,-0.0553889931214324,-0.0182738373760538,0.000322213095191616,-0.017744725020099,-0.0476076226462877,-0.045805549113413,0.0078083835438886,0.0879348804624792,0.139104771925775,0.118498542121527,0.0319848010660085,-0.0688713625300436,-0.125487468228546,-0.112422495863813,-0.0499546668449749,0.0153471164722347,0.0458676452112139,0.0366593357680342,0.00990871181565011,-0.0094282663108678,-0.012534255338552,-0.00726214961881015,-0.00462178181412401,-0.00708033765981194,-0.00930406314661674,-0.00739544189528773,-0.00472029140930116,-0.00683484440178754,-0.0120838389649384,-0.00991851642814008,0.00820253915648064,0.0349065413381871,0.0460827532334852,0.0186101727423275,-0.0449915046179767,-0.10904213509445,-0.126574041142934,-0.0745988434486397,0.0246751127502108,0.114008978165873,0.139970150125745,0.0929052417085148,0.0130256019535773,-0.0436258204750342,-0.0487704347142215,-0.0197238447312285,0.000374431797802184,-0.0158339369824384,-0.0531146405769163,-0.0678449834621528,-0.0294136379176511,0.048115870191955,0.110976108440476,0.107231071526455,0.0332023776752958,-0.0590794189141309
-0.0958771596225559,-0.0424308814235264,0.0529354959871704,0.123466383154777,0.121004905284378,0.0534231373396041,-0.0255339175793795,-0.0628696361516058,-0.046635073802981,-0.0094931705302715,0.0039975570280028,-0.021277815113758,-0.057567782842942,-0.0609545540644223,-0.0120613182009573,0.0642963484871473,0.115808888160899,0.103983533291187,0.0357469731660576,-0.0428575112960451,-0.0833583601607395,-0.0690065225923031,-0.0220680791095063,0.0175879742973244,0.0248062577929002,0.00531727177445039,-0.0162984945189796,-0.0213795555885022,-0.0110259784072088,-4.52486846956087e-05,-8.96811878536036e-05,-0.00924373779126727,-0.0166374233867387,-0.0154904385590555,-0.00964763090587047,-0.00669539985313932,-0.00676997662926884,-9.05283546046715e-06,0.0217784959694002,0.0503268125249968,0.0605017808334968,0.028737086821769,-0.0416888011948092,-0.113351945136939,-0.137852580863089,-0.0917035035021297,0.00308450809526898,0.090445080561042,0.119367601153959,0.0816568605230655,0.0157145376495805,-0.0270325546192238,-0.023096255194969,0.00780340549965296,0.0235415403210415,0.000219210917457388,-0.0438638980217032,-0.0649409471615658,-0.0346440587775027,0.0316765496061263,0.0828336114428934,0.0729081428471334,0.00359431752200619,-0.0730653227418224
-0.0771158564671644,-0.019661946412886,0.0645773732289373,0.116303323841306,0.10036540164546,0.0337511740055808,-0.0309597662566555,-0.0497066057510933,-0.0203309233474397,0.0195098508704022,0.0270318432601065,-0.00747423728759902,-0.0531209254078531,-0.0673217529306095,-0.0329090383539745,0.0271711863442639,0.06843559838276,0.0622583798719765,0.0190182696313215,-0.0237521513336629,-0.0344406133318371,-0.0115289879923495,0.0183656091446982,0.0253490279761756,0.00306486504389799,-0.0273028412897457,-0.0387621223472678,-0.0233359676604493,0.0024251083909616,0.0140083879159292,0.00157494261679,-0.0222786437493545,-0.0356845166495006,-0.0284125833727772,-0.00994672186712105,0.00229027803515268,0.0014243883319085,-0.00153211152021185,0.0096380236025033,0.0361149639825405,0.0573835931585769,0.0459520733542324,-0.00545737855391754,-0.0701129263454206,-0.104877483024339,-0.0842785920647587,-0.0217998358916256,0.0390691296970674,0.0587193583879262,0.0327501778828898,-0.00641973686218975,-0.0188680909994425,0.00835185813031363,0.0502283629635006,0.0653076509533537,0.0337915126918162,-0.0222424634802923,-0.0575922213517563,-0.0435755707235021,0.00673423344561191,0.0476839372977443,0.0392651284828908,-0.0157248686425797,-0.0713875312992192
-0.0500876134426247,-0.00359415281200837,0.0548607215645743,0.0805863691104152,0.0550211598695027,0.00167813784142503,-0.0346749559758727,-0.0254309757593611,0.0186590430425432,0.0565449801389308,0.0522820134617027,0.0064918528625976,-0.0453845771840288,-0.0646644447385465,-0.0408076042533822,0.00182811287381933,0.0263716516283528,0.0167712862788655,-0.0092943183162023,-0.0200841949785725,-0.000651459020234803,0.0335104155236968,0.0499378692157321,0.0288632176811491,-0.0167882967107438,-0.051246012414852,-0.0472675678750528,-0.0099824442430744,0.0273083434176387,0.0316058144335801,-0.00108544840304478,-0.0427902036829329,-0.0586825356995955,-0.0372238783434082,0.0010396414552194,0.0227139775147909,0.0115485255726404,-0.017058636569744,-0.0311199171485068,-0.0117565331961737,0.0293524226998628,0.0584381491849978,0.0493299818779472,0.00791606324314636,-0.0341413470761457,-0.04879482039315,-0.0350441289080016,-0.0165475961658409,-0.0167424476663049,-0.0350218836345287,-0.0462983994913214,-0.0244621796739847,0.0308643922285936,0.0881028963867931,0.105994783884542,0.0686400571178137,0.00156649910685322,-0.0483843684830635,-0.0508512314307288,-0.0147546078340706,0.0207300683067573,0.0202383472041883,-0.0159452687306712,-0.0521327444728973
-0.0205680489769506,0.00253998836674565,0.02656771862892,0.0256058484056321,-0.00235135992453893,-0.0314628519182689,-0.0304438820225741,0.00917748222880175,0.0622209869453805,0.0874046744140529,0.0621572615980899,0.00334683975561764,-0.0471760528455633,-0.0574568228305464,-0.029484610070903,0.00476716424136564,0.0122293599086858,-0.0107181341225196,-0.0356396093414892,-0.0307737846412933,0.00781963939749344,0.0508098122741631,0.0598506832135934,0.0225191750720286,-0.0336304438253157,-0.063061398538362,-0.0410336316368853,0.0144022961540329,0.0558505499282708,0.0459982399401369,-0.00947420719057124,-0.0658926633831958,-0.0773330458850002,-0.0345229850694692,0.0272317463574652,0.0559356017265895,0.0260871572764238,-0.039381003694067,-0.0885880811771377,-0.0820696273840227,-0.0213941039489404,0.0536801926989714,0.0967268727904107,0.0893868821805522,0.0485539981474853,0.00393128880324642,-0.0280596543240774,-0.0509404265437181,-0.0733096699070542,-0.0907079862792623,-0.0845738163813997,-0.0399632382955133,0.0341963664534451,0.102259014918767,0.124036517836166,0.0865414901171534,0.0164263572498315,-0.0400433912234691,-0.0518016361964768,-0.0236800838123162,0.011428334253036,0.0217943443456748,0.00347830367018016,-0.0194259379075079
0.00618600368325148,0.00125139517588871,-0.00886842087212122,-0.0315846823964519,-0.0553040363593683,-0.0553548012895499,-0.016386274506048,0.0486744416564907,0.10086833480473,0.102185052934497,0.0484667643750208,-0.0234310246816233,-0.0643413662300724,-0.0509924658546081,-0.0023621252071542,0.0361910951809787,0.030608272593481,-0.0121656179352968,-0.0510267666246351,-0.0486859860045243,-0.00502316303699524,0.0423574302463706,0.0502233874044438,0.00927975045360657,-0.0453200231309367,-0.0642046190212804,-0.0269051795930073,0.0384458045022453,0.0759494396222979,0.0492570547884025,-0.024649606887623,-0.0873361484096119,-0.0866089057816636,-0.0188160278998632,0.0655566807211952,0.0980242110826788,0.0467987068992232,-0.0561420216457206,-0.140568126378049,-0.150244238485768,-0.079140954068907,0.0290391548352138,0.113592100350202,0.138059665582217,0.107408436589106,0.0512747929297085,-0.00410936083452332,-0.0497101630948741,-0.0859701374214172,-0.107419573581276,-0.0998840453748068,-0.0538640900131194,0.0192894548081424,0.0855709615383869,0.108442738514793,0.0767652176105235,0.0148264331470622,-0.0356614235956581,-0.0459217029899935,-0.0183700406370526,0.0196141408643634,0.0397802656477782,0.0345593009200101,0.017826630381292
0.0269745494153068,-0.000436825594128488,-0.0357959282351913,-0.0725281124688564,-0.089733287616145,-0.0651705860770012,0.00253820540949333,0.082540750874714,0.125474838363391,0.0988439010132532,0.0170736625805682,-0.064574736123739,-0.0908857027012158,-0.0473103973531891,0.0300322523971072,0.0807558924169491,0.0669669258973755,0.00371165895375945,-0.0557025361028991,-0.0659579152589788,-0.0258642313319097,0.0234045039975397,0.0349290468204371,-0.00116841252808364,-0.0484247744435393,-0.0582041064341218,-0.014198981275319,0.0502789155990419,0.0777193166442265,0.0369844288272794,-0.0454208971560311,-0.103841347248214,-0.0860586289016186,0.00410378310216419,0.104559144014913,0.137395083385662,0.0699211604489334,-0.0579527353463391,-0.165231341941259,-0.188316016357688,-0.119171907811498,-0.00350607848830503,0.0937613345845121,0.131932100824347,0.113645682771332,0.0680560606639082,0.0215175191118956,-0.0173909911321579,-0.0509399529417743,-0.076268937066979,-0.080832009244883,-0.0540143642973729,-0.00227309737281281,0.0478368833880562,0.0660652604859014,0.0425480107274586,-0.00330501480343402,-0.0376878638324533,-0.0374193010905866,-0.00506288472577771,0.0361913107053695,0.062060919918784,0.0638873833193545,0.0489394166404692
0.0405927012213999,0.00510408662724456,-0.0407583004768642,-0.0838082435624395,-0.0982228464640397,-0.0629394727194917,0.015864073104821,0.0979035227720093,0.129295740467189,0.082665621038729,-0.0154456375550651,-0.0992374507315103,-0.111138209141973,-0.0434165938161178,0.0557376061230124,0.115666891523611,0.0961440951602712,0.0180640859212999,-0.0567587425669502,-0.077114045884986,-0.0400649246762985,0.0118998702720119,0.0294398852959212,0.000427372177507719,-0.0409655737436783,-0.0489313042676121,-0.00949806158173427,0.0443988754544043,0.0597437317378311,0.0123439944288485,-0.0665042276521508,-0.112074459080872,-0.078160765984454,0.0240181704013903,0.127886937311247,0.156990614858919,0.0845664353075278,-0.0450491044681937,-0.151966818830438,-0.177743280373527,-0.119377792582841,-0.0233544917868764,0.0515843698766049,0.0760802449366122,0.0623769653943333,0.0407720115653608,0.0294006487213729,0.0241291782409803,0.0113491122851911,-0.0121252512116501,-0.0331235626925647,-0.0349634887639546,-0.0147351450403394,0.0109372779307566,0.0187253030499893,0.000138200223151835,-0.0300188729981773,-0.0461672031058614,-0.032356915272411,0.00614185412555434,0.0483385948886089,0.0743800915677862,0.0780501973146588,0.0648624257069142
0.0463932590716032,0.021368219840262,-0.0182732540377857,-0.0614516674742378,-0.0815142964410482,-0.0553904055365644,0.0128414967441624,0.08523318049137,0.110287948953284,0.0625408660125057,-0.0310307397817072,-0.10622089357274,-0.108457984546479,-0.0338072796881459,0.0665579306121385,0.122222374560082,0.0964851314155598,0.0141887040191758,-0.0612544985001715,-0.0793233138690407,-0.0384059729600179,0.0180920862388476,0.0403900359272341,0.0152128592845274,-0.0260103695348266,-0.0403229347657668,-0.0139151310710235,0.0248004266586176,0.0307960310556256,-0.0139628136932014,-0.0790767175054118,-0.108107087944836,-0.0653979707769363,0.0321367080222548,0.122193913851582,0.141706701844503,0.0765850854727146,-0.0285579304218732,-0.107184465870236,-0.118637854068763,-0.0720649141278334,-0.0137662671796318,0.0122843813504946,-0.000526815818519717,-0.0226002745254408,-0.0211882914120181,0.00989344950464317,0.0483445927417787,0.0654279768623248,0.0512493960365191,0.0209090072468865,-0.00200197519251394,-0.00655939458257235,-0.00240471948391259,-0.00795019820341304,-0.02940536365851,-0.0530839554299688,-0.0580428462740937,-0.0345279149252978,0.00759896540502238,0.0469301375111928,0.0676700985074721,0.0693322672407246,0.0607532803914304
0.0430456967787255,0.0448627531283947,0.0262964043853401,-0.0122606102980559,-0.0471851453582114,-0.0494889081168298,-0.0109163494844033,0.0442881887539483,0.0727703419657819,0.0464720311414501,-0.0197642366093493,-0.0758488302323341,-0.0758310912417361,-0.0161184682085943,0.0599688633531925,0.094873158508288,0.0623129642808103,-0.0113398076538504,-0.0695710632792162,-0.0710625169396463,-0.0200412737898661,0.0394941876834262,0.0608518584753397,0.0333386723399663,-0.0124884450806443,-0.0360835998689529,-0.0233503224307917,0.00277824891939418,0.00557277656980033,-0.0287510390771002,-0.0748387280348133,-0.0891378959493896,-0.0487471759832996,0.0263197226569034,0.0855710377661172,0.0882373735454564,0.037458463474749,-0.0244542438418017,-0.0521348211547307,-0.0317149177895766,0.00989843122456114,0.0273402876023645,-0.00335469805115299,-0.0618251457811848,-0.100948411307758,-0.0873241132128538,-0.0270698043811481,0.0417452552824532,0.0801653930417002,0.0769160034515696,0.0509809452094022,0.0292403812745215,0.0225088904411005,0.019529442631043,0.00248277945587903,-0.0309170965116363,-0.0621673254261418,-0.0683914186274498,-0.0428028005541619,-0.000982545064751827,0.0321160758083555,0.0430841778521099,0.0392107699365697,0.037181272402719
0.0288821472569035,0.0660049586557007,0.0780747559703665,0.0482656833486799,-0.00634961653004777,-0.0481330011170487,-0.0492950184279671,-0.0133723049590972,0.027315827595542,0.0387254333655652,0.0150984898565029,-0.0163468558342002,-0.022160394943168,0.00467677733673646,0.0382849655932241,0.0433568713858625,0.00740920476571514,-0.0455113196866787,-0.0733796043896988,-0.0509614007711568,0.00865460740360276,0.0629460118226511,0.0737945584586746,0.0383789025492389,-0.0113492178898085,-0.0383338571923034,-0.0308767565952154,-0.00901615207554054,-0.00310138543410115,-0.0238772093219829,-0.0518815574235148,-0.0570795334159313,-0.0288532386061325,0.0121052851370431,0.0306920501883606,0.0108880669823151,-0.026582875419055,-0.0420930290541573,-0.0120682269730105,0.0489996374068997,0.0952641991546288,0.0831188600123554,0.00895264508890234,-0.0836153363626131,-0.136727147936793,-0.12140791625352,-0.0556323345586096,0.0134237545694423,0.0477358924282735,0.0455807269659995,0.0342112289307153,0.0389200733412881,0.059070744730842,0.0700495194259555,0.0484038020784218,-0.00286899783279614,-0.0538594364914039,-0.0725109741724689,-0.051161112826107,-0.0118218360657204,0.0136659002138423,0.01165697696856,-0.00223309526988513,-0.000147815159077469
0.0036296309257731,0.0736116983084986,0.118187809881895,0.101068698393258,0.0301916251594534,-0.0486045423273416,-0.0869758424378118,-0.0673747906376909,-0.0115944505427187,0.0395646909015384,0.0585689159692894,0.0482944646810167,0.0299316576284226,0.0175486026732007,0.00730382702897314,-0.0122633349588321,-0.0423543646261157,-0.0660394870527874,-0.0603461669484571,-0.018775059765834,0.0374689794783821,0.0721159340135662,0.0621855970266827,0.0173319363689633,-0.0286822082880358,-0.0457709017496434,-0.0298908996746855,-0.00290366497374882,0.00878621256055626,-0.00188471157825861,-0.0184946027351165,-0.0210301651286674,-0.00838716005490458,-0.000989135849706568,-0.0203570633982216,-0.0623737805042557,-0.0929874929420844,-0.0748758525208413,-0.00109386965225455,0.0923249692191527,0.146544372878667,0.12239287966257,0.0327958653702304,-0.065646789826813,-0.115824682791792,-0.10023205649302,-0.0487509269461781,-0.0106298275518959,-0.0112133971609743,-0.0313551218748442,-0.0300168487431446,0.0143204676306,0.0817979595739128,0.125133172351303,0.10890826909813,0.0410058026421442,-0.0331009109042953,-0.067475360445549,-0.0510599335557411,-0.0128424447452528,0.00578462361608484,-0.011416337988525,-0.0409545247939206,-0.0422299508723045
-0.0298675476205601,0.0608625402151633,0.131664919870636,0.130216458451713,0.0547893915790431,-0.044808685627868,-0.1059354530988,-0.0961309714919969,-0.0300600431611528,0.04645767809124,0.0905719464003778,0.0884459601876019,0.0546174879559541,0.0119868615216224,-0.0246677415622882,-0.0503508242257653,-0.0622750756859723,-0.0545994648098632,-0.0236376338033436,0.0211162615796788,0.0556517605967944,0.0564585575927564,0.0204140924254274,-0.0294312474901417,-0.0600004067811464,-0.0527703789890392,-0.0166785656497506,0.0201912735727965,0.0339413531132546,0.0237493032818292,0.00853683010675631,0.00452123397263345,0.00704437833805402,-0.00529527476375372,-0.0468898647378524,-0.102769500471058,-0.13262744412075,-0.101798909138183,-0.0130603943351557,0.0875696317307253,0.139871822349325,0.114846399767869,0.0379173987154051,-0.0329149687514579,-0.0536273054571731,-0.0260631565974111,0.00641384451157072,-0.00297665106690854,-0.0593319586309824,-0.116467656297717,-0.116404591895014,-0.0400937737278307,0.0737876746653366,0.15436277130096,0.151950618298769,0.0770628744856929,-0.0108016967069314,-0.0528965689788945,-0.0352230416981599,0.0059890267887044,0.0192725332821824,-0.0147363616669845,-0.0653572872638539,-0.0797324384461129
-0.0650802718323212,0.0297275547674278,0.114253568031128,0.128594733073488,0.0640369498222394,-0.031836694556209,-0.093886085924576,-0.0858125213015395,-0.0204608490178847,0.0549424988103321,0.0945557022842139,0.0828616920720722,0.0367522417815683,-0.0141479308024661,-0.0476847705622915,-0.0558438898331047,-0.0406825506464492,-0.00875339982848782,0.0293565172113854,0.0566249038806827,0.0547026640322007,0.0173661606793408,-0.039814197276331,-0.0849200599565359,-0.0899006274625051,-0.0508123809666078,0.00809832115544682,0.0509948149251389,0.0569924617669454,0.0349097606921927,0.0118877931431596,0.00632778204228465,0.010821497766275,0.000412212866797084,-0.0402196474969785,-0.0953739444306609,-0.125751772350703,-0.10047629013968,-0.0264288201865016,0.0510156763678483,0.0813685393675316,0.0518269310630675,-0.000886592458291705,-0.0231110942078604,0.00953431328682079,0.0703590907360833,0.0990103512459939,0.0500018999060495,-0.0619680139381218,-0.165081216522695,-0.185155582989306,-0.102487087458532,0.0332173197552517,0.136831695300316,0.149728799855703,0.0827320832945404,0.00135897698860188,-0.0309722082254278,-0.0014603949335126,0.0467446997676112,0.0549615775928058,0.00312941696508945,-0.0712574180114973,-0.105774888980554
-0.0927003602361711,-0.0085374133121446,0.0745974155003791,0.100167552279169,0.0585584841314097,-0.00977814739101615,-0.0505200809141657,-0.036900562735337,0.0140269771908101,0.0589312207552764,0.0642379914365241,0.029533598096816,-0.0185628201213071,-0.0502214975367968,-0.0510229839399948,-0.0244771662875723,0.0155313623875324,0.0533179846769227,0.0752178746824832,0.0696974395920244,0.0313973345281524,-0.0311485610885291,-0.092896120091673,-0.121787899084381,-0.0985519377353548,-0.0329836349369375,0.0383409161135278,0.075090339399337,0.0619513389803707,0.0193151159769755,-0.0152827184214036,-0.0188372515487541,-0.000230533644258242,0.0103122505569,-0.00884958113500064,-0.0482733711831162,-0.0748489240180931,-0.0626574204374314,-0.0194805570734606,0.0156385762463146,0.00653801575405268,-0.0421102108910333,-0.0822636143154568,-0.0621740083972451,0.0275955869446082,0.138894347495031,0.192906519174996,0.137676098427298,-0.00414783531120986,-0.14562924945168,-0.200476439563676,-0.144138918014844,-0.0254804086636332,0.0722687399826954,0.0933918281953019,0.0483544318180346,-0.00288808956754544,-0.00535252425213636,0.0455507610859546,0.10095580420095,0.101496205739586,0.0320492729995046,-0.0631356070932845,-0.117194935954295
-0.102966512565059,-0.0373854313365673,0.0304775103183135,0.0578270046666133,0.0422183929055948,0.0156766584761623,0.011408385836855,0.0346125743702757,0.0590599338307543,0.0518600382114855,0.00576199105486194,-0.0529466984027904,-0.0866699275928986,-0.0747028427581452,-0.0245044383646737,0.0373455002350887,0.0830968962593888,0.0981156706337288,0.0827762045374215,0.0442078787145318,-0.00962408002408711,-0.0674576678413585,-0.110046541055875,-0.114852168429946,-0.0724700438879701,-0.000464281190808827,0.0617327329203928,0.0775659226839187,0.0402633758394208,-0.0207708890483672,-0.061959969346624,-0.0583997164802409,-0.0207582573185557,0.0163074159497691,0.0251486035912583,0.00835322505957069,-0.0079155966393381,-0.00286514312299454,0.0150350919006537,0.0119468269502043,-0.0380540909066453,-0.118473865933097,-0.172051455212236,-0.142936074772305,-0.0230382453619209,0.133532196748227,0.237520974209102,0.222872328878492,0.0990136226340218,-0.0533904092992915,-0.145195696395746,-0.142390165181517,-0.0791303678556393,-0.0191488009266095,-0.00213289889162746,-0.0171634577848282,-0.0204867550076104,0.0209543415371372,0.0959056450184429,0.152130595231189,0.138986933085516,0.0542380412211495,-0.0514014175154925,-0.114198607058677
-0.0891188671791072,-0.0418769027458605,0.000965153118766625,0.0178239087527537,0.020888855871059,0.0359935332534782,0.0709304220460998,0.102677706807856,0.0941843598055779,0.02915905887875,-0.0652993241464341,-0.134099895787347,-0.134061597190876,-0.0633462079951333,0.0380766802422652,0.114663449903002,0.130944204250144,0.0913901474741016,0.0290990696645464,-0.023801791817947,-0.0555759687605111,-0.0704854635814752,-0.0715825568684385,-0.053717671661042,-0.014458289366433,0.0328687983930095,0.0613180297771505,0.0483594705779206,-0.00451992180383098,-0.0676845771189364,-0.101833294280804,-0.0865468030127283,-0.0353992327782164,0.0156360763771843,0.0385798830097189,0.0355816425314403,0.0312641851063361,0.0439580190639849,0.0626231532376221,0.0510939198091024,-0.0182846679122821,-0.128888980847393,-0.219445112609151,-0.225330747764206,-0.125496608547525,0.040962326687788,0.193284445838857,0.254600325201246,0.202802222888781,0.0841608676002267,-0.0276163517744901,-0.0886790213560651,-0.105284357771609,-0.106324316102262,-0.105660449795069,-0.0907732466831517,-0.0405537774777875,0.0467097716203618,0.138450425081565,0.182693501712108,0.14786552757154,0.0526009062375789,-0.0470862392474633,-0.0993778044083448
-0.0509087908643859,-0.0155527922813994,-0.00184798568222054,-0.00683122657389657,0.000691042034074753,0.0440828679737808,0.107793447485767,0.141892499982347,0.10154050943135,-0.00937253350867209,-0.130390790784868,-0.18474670499331,-0.132997499512108,-0.000857416852767426,0.132840861035001,0.186117463256007,0.132105954699297,0.0160025465847522,-0.0851749235049208,-0.119727152434195,-0.0878630299523968,-0.0268809555463088,0.0243041886085432,0.0493651047263595,0.0525564133956942,0.0426891035431695,0.0219330579359598,-0.0125152402842125,-0.0576587491614966,-0.0965849136793134,-0.106000449573041,-0.0764998033910382,-0.0253151545369574,0.0143764995299885,0.0218671798271355,0.00828031054956111,0.00602869925140088,0.037536018458981,0.0895522514795421,0.115270213917637,0.0693426454559187,-0.0485829157610777,-0.182794316203001,-0.258217954872652,-0.230472032155498,-0.10747745984258,0.0585763396430228,0.196088917892016,0.250601315693402,0.213619930795075,0.118648099122747,0.00856555674745553,-0.0894632978528059,-0.159463686443332,-0.183766936241963,-0.146781545587613,-0.0510888210548605,0.070952800318599,0.16439840030018,0.181988390197648,0.119154284354802,0.0200452489169977,-0.0561919126733133,-0.0767811713380061
0.00369222362163747,0.0356407118358332,0.0219212059520237,-0.0112288996738133,-0.013807298312881,0.0378562903475702,0.111402643649192,0.138695914369363,0.074053803165136,-0.058583605509757,-0.17440120306609,-0.187647088885984,-0.0731352452285013,0.108792755047464,0.240437635302229,0.227379146896352,0.0747507549709579,-0.116894812544886,-0.231125073594082,-0.211853141048039,-0.0856650761969029,0.0652341928485454,0.15828264925618,0.159390188150019,0.0916254975717364,0.00528737761727756,-0.0597965790616155,-0.091935180494324,-0.0988413567952146,-0.0878903383952855,-0.0592901856312584,-0.0174440274349583,0.0183630437578196,0.0221990871066075,-0.0143052164021576,-0.0660120758617536,-0.0866417131206168,-0.0421819276954295,0.0587722589523611,0.159939825280342,0.188503318753499,0.107890144993343,-0.0496952869704762,-0.204317659564181,-0.282324231287127,-0.25149973535382,-0.124329837467271,0.0506499055094527,0.20477728051382,0.277255951380597,0.243787126506768,0.124529129918258,-0.0302934592415812,-0.160110699941826,-0.213403520781156,-0.168361082825906,-0.04666051642564,0.0901458161758225,0.169038846551325,0.151143269725011,0.0603842457491253,-0.0352262676157276,-0.076076734691239,-0.0508431643561685
0.060013489739675,0.0942407095989623,0.0598474541206866,0.000431926151899506,-0.0204697108067964,0.0214219503226963,0.0851391624471275,0.0970328018521078,0.018964470221129,-0.108328661657129,-0.188705938572879,-0.141614937426953,0.0336763167269546,0.23863931930132,0.327317067112003,0.217900425465129,-0.0323137383324736,-0.270616534300235,-0.360993975306838,-0.260250225667002,-0.0307888482362853,0.194450023237732,0.292041439195265,0.228131324061888,0.0678917245186149,-0.0869723594425498,-0.167731969664347,-0.164649795889367,-0.108689942781004,-0.0368515701032311,0.0278776769076494,0.072432375229388,0.0822929983128464,0.0426373715430083,-0.044740723034577,-0.146346788174579,-0.205432236849604,-0.173339992402479,-0.0430412107873685,0.13515725420469,0.270218658563454,0.280757066825578,0.151033071839227,-0.0557720741689096,-0.241864679715668,-0.330424101950882,-0.290070895090627,-0.136631527504581,0.0702263377685533,0.242258907023313,0.301298756280766,0.224287814911121,0.0582983485321463,-0.106918014243628,-0.188698473201477,-0.153591606203922,-0.0320846917893365,0.0971964353687552,0.151984647697229,0.102365515282366,-0.00669397352493777,-0.0919073723564139,-0.095800612289107,-0.0251256588880934
0.101175784821051,0.137245928333515,0.0925329268551158,0.0180822669716995,-0.0191192463275856,0.0033513481242289,0.0436172119737273,0.0352894296236172,-0.0450576556447805,-0.144976608817114,-0.170362085411109,-0.0591809717253533,0.156746253031221,0.345349193313325,0.356424569076539,0.149102393372037,-0.162922846677082,-0.397789956645114,-0.425586362482776,-0.229712440892396,0.0843412282924941,0.333895655482741,0.376261092221431,0.212331393830206,-0.0321522981112813,-0.215593022735003,-0.266536536610915,-0.197758150672355,-0.0724208660913863,0.0442325928113703,0.1179237311632,0.14471482155887,0.12881584501743,0.0669609528104902,-0.0426875442536611,-0.176892072154037,-0.281142546286222,-0.294677025444286,-0.18643003218824,0.0202771031465852,0.245151613490538,0.379614678653569,0.346746894085091,0.156526497902092,-0.0984143490770941,-0.303321607422247,-0.378716302998379,-0.302151466380902,-0.108333140226664,0.117862570351684,0.26958781225998,0.276001147590769,0.151056956567521,-0.0154828545421417,-0.120890431802867,-0.114287384536853,-0.0199080458680157,0.0839844272029911,0.116644712399801,0.0532435673112446,-0.0554715753842661,-0.124462122229465,-0.100874765812813,-0.00178028419376852
0.113724392018443,0.145406377451887,0.102571572550602,0.0315382690863561,-0.0104749103457875,-0.00730245921662465,0.00458982514329263,-0.0234571764769868,-0.0958458248084053,-0.154689745940389,-0.120229555994831,0.0395477597612497,0.25762516539099,0.385791149697396,0.303135322794315,0.028691074990493,-0.284261575782823,-0.457797406138867,-0.390040310083695,-0.10319224842143,0.246269676055568,0.441197150057219,0.365308466455815,0.0936931741173358,-0.190353545637389,-0.339369932560759,-0.310890394567586,-0.157559238104175,0.0184933565728536,0.130749924988486,0.158247580900204,0.137163702956661,0.108226020608784,0.0742457967095168,0.0057486574358529,-0.113010441083697,-0.24908783493975,-0.334636372241054,-0.309542702841157,-0.155491981801056,0.0886495868562367,0.327256840194838,0.441201311271278,0.360698284803883,0.121168640169371,-0.15849945050517,-0.352851005631238,-0.391017078081624,-0.271144838022966,-0.0524712148965323,0.160743358736715,0.264497528598448,0.221537988468926,0.0884911651655314,-0.0318520746796374,-0.0686423584938208,-0.0231090459479725,0.0458828868162428,0.068878044356433,0.0189837639263449,-0.0658579588463018,-0.114205798246557,-0.0805773876561394,0.0175080528868578
0.0922827631888835,0.111910145518665,0.0831846981157143,0.0358677089594973,0.00449515785464481,-0.00542768979103982,-0.0198286223888591,-0.0622403431550363,-0.117083145435936,-0.128550936813272,-0.042751185239734,0.133799178848786,0.305284860793117,0.336461951044328,0.167560597698387,-0.121662251720759,-0.368273881402492,-0.427695564271177,-0.243404643831652,0.107180109115007,0.414445420965702,0.467270204477178,0.23596048586094,-0.110513406773016,-0.363331672476982,-0.409832208053217,-0.259769099144478,-0.0201324106197991,0.161336182787949,0.193349889734936,0.105599136728662,0.00687612441153207,-0.0157226690149306,0.0374335215535855,0.0885474090504536,0.0545584594146733,-0.0786691709098882,-0.245610090825253,-0.3517355691394,-0.328146672144957,-0.157689963978488,0.111501699867183,0.364002803336038,0.464318645161754,0.34846059834525,0.078014984033522,-0.204415351748914,-0.371659152180948,-0.369093643812364,-0.215536792325536,0.0104149399938457,0.195532816884144,0.252327169718509,0.179759129359163,0.0562528884627298,-0.0310682041871127,-0.0468931999253723,-0.0144928496696236,0.015178351989834,0.0062797907228901,-0.0324518372614665,-0.0576082322654469,-0.0342198091797026,0.0300624456893487
0.0417099163640659,0.0459953476923087,0.0419541620957743,0.0338189241909121,0.0247213115232729,0.00757687676454907,-0.0282744641722644,-0.076866198831095,-0.104882648769129,-0.0673688977914631,0.0530624833377905,0.207775501416982,0.288225499650545,0.204546718507426,-0.0239858315100058,-0.272625695071035,-0.396852885377087,-0.304314968154073,-0.00287322543603687,0.355952202745082,0.528653038595639,0.375884935639915,0.00096335785882791,-0.353514954739319,-0.500676415161066,-0.388521465498231,-0.0915349198502843,0.212761152928607,0.332070938656362,0.205129112881134,-0.048017091316701,-0.235555870394731,-0.236062759722565,-0.0606415682724942,0.165298130136768,0.282310099054945,0.204710249530017,-0.0254136057319017,-0.280536246840272,-0.432917611531978,-0.4079803601179,-0.199310788524622,0.120128497710034,0.402264743469847,0.492025170745613,0.33872155594728,0.039407785433694,-0.240187245815875,-0.376291187961353,-0.33055662460637,-0.141887104109653,0.0886458651807613,0.238984022372523,0.242071033773674,0.130021313436081,-0.00459599709691548,-0.0841693093236235,-0.0862593126916388,-0.0384519128079261,0.0115447836450209,0.0333706900859618,0.0313668803089365,0.0271697949428969,0.0322850706043629
-0.0241180820899694,-0.0306613073033112,-0.00254575359710955,0.0342254432944407,0.0490289190878229,0.0244922813231095,-0.0296373485804624,-0.0761160345954095,-0.068736078225106,0.0172269775013602,0.154104134914344,0.25382951640353,0.216944932660991,0.0236483237574502,-0.228913502813018,-0.393545195128467,-0.360472237929317,-0.101640494022723,0.286997329580511,0.57334623360571,0.532105502138278,0.164217635629153,-0.292600757738351,-0.57723374315066,-0.560932045855418,-0.25726878324367,0.182166734673346,0.496930396041392,0.478713496857817,0.149276305029084,-0.2639541422788,-0.516753058226051,-0.487551325133898,-0.202256705448468,0.188851996141503,0.476221139864987,0.506066311144216,0.270906700032743,-0.098174077621983,-0.423255802986304,-0.57260366744091,-0.493050136841614,-0.206366278837819,0.180315929321167,0.482087954890857,0.532680169527602,0.315547316645166,-0.0221751327577759,-0.291817910642028,-0.378527359875637,-0.268065297090443,-0.0342028292379282,0.1873646767789,0.270797786560422,0.187719189843113,0.0196341291817384,-0.117626301755095,-0.152775762625976,-0.0866081908619974,0.0238290087030531,0.107888333037768,0.125992715556558,0.0851361700970914,0.0218916541104932
-0.086866456316786,-0.0929478596681611,-0.02937151688313,0.0471130835932979,0.0757723296097182,0.0356031250039587,-0.037632452471013,-0.0758567845435513,-0.0263189271268425,0.106937097065204,0.246243639344893,0.272374775757879,0.116014594529103,-0.162429427478234,-0.403817634903012,-0.458061744566433,-0.256419555861725,0.151877954077111,0.563020195401618,0.689214440486476,0.399134510461208,-0.13094412771315,-0.58040214737832,-0.729088281530999,-0.515874612241254,-0.02109935817529,0.506818055009203,0.74079502691667,0.52988367348552,0.0266853921004394,-0.468959398579234,-0.726967347618688,-0.662486424471145,-0.321108011578306,0.143409812690529,0.528550518401741,0.674981406139966,0.527870208015441,0.156890200260791,-0.271486671059038,-0.581339232993072,-0.666902531570403,-0.501019042910089,-0.127241868153564,0.310295508180435,0.586418559021282,0.543000846940999,0.231129650070628,-0.136880689125511,-0.360928061205246,-0.356119849465128,-0.156261526478061,0.108503845504124,0.270213573049679,0.235393502495556,0.0557042305779602,-0.12765062522728,-0.19735860218661,-0.124863371786615,0.030259528348779,0.164420764417552,0.197400826617027,0.12223905326894,0.000534214422161075
-0.13002488463351,-0.122149888139624,-0.0246569212521735,0.0776800899074191,0.101840481548391,0.0326595813749258,-0.0632310937128075,-0.0897523260452145,0.00568998748193056,0.184373016956897,0.318368114235786,0.268781631878165,0.0113436282890169,-0.317469847871393,-0.518042601574186,-0.450327243681955,-0.0914731348143502,0.416263696257255,0.761709431813418,0.662266999049008,0.149015195817524,-0.447616726125061,-0.802125630850489,-0.768092606091098,-0.346978275115886,0.291971339821843,0.789204841845114,0.826571983104667,0.418857648750099,-0.145568215813024,-0.586358293651798,-0.762782147504856,-0.649689143560223,-0.32393288873442,0.060702528762738,0.375628133352235,0.569222099739791,0.597395786774669,0.404234792579473,0.0225020309802268,-0.389350481034403,-0.655476288756746,-0.675995771281644,-0.425870394467223,0.0287926266514383,0.479904489660825,0.657576764493282,0.459617208588431,0.0526907515781552,-0.293415705166251,-0.406812044695373,-0.267615762871473,0.0145701443727461,0.24864087055635,0.279881649902337,0.113491757109158,-0.101989391907827,-0.210211580686291,-0.151390700815819,0.021153433637794,0.184114920310367,0.226867652350877,0.130302760728882,-0.025488079406115
-0.14417661559703,-0.112348843113024,0.0122989782757898,0.122070292791679,0.121851034515558,0.0118247868756779,-0.10870330719036,-0.121321909993506,0.0201467039309955,0.240172191455952,0.365327193405141,0.249426925941283,-0.0799259746401613,-0.423489073301612,-0.561055831494013,-0.371223418858491,0.113717663842428,0.647261623615045,0.841662555105124,0.497162188413399,-0.164262944299077,-0.724307799568426,-0.915269665071998,-0.664619115335303,-0.0462932227192553,0.633387784904144,0.926234272823217,0.660128459713714,0.110711776918982,-0.352552466712765,-0.574198012595428,-0.559637397580009,-0.370318305540872,-0.139472743908849,-0.0112457849026808,0.0305487427646436,0.142781384941509,0.372924509793035,0.53486955689354,0.408845667846689,0.0089687033078204,-0.435024728122467,-0.695226411379936,-0.651361106029771,-0.28797280938909,0.2496950954015,0.640788900177875,0.619489267824314,0.23980567525434,-0.197471112503723,-0.427353051209546,-0.363060443216264,-0.0831013643925158,0.214516744619573,0.323418165215886,0.191927599538914,-0.0423369877069421,-0.19323768385915,-0.168585282859172,-0.00684148110512713,0.163366657871902,0.213597089579596,0.114076348507967,-0.0470096478706701
-0.1292043491077,-0.0715285843289012,0.0685664372892187,0.167601086356083,0.129116923678094,-0.0250553942484199,-0.166229823716999,-0.161959294046998,0.0223224131064456,0.27593201164549,0.389000311087305,0.219736936145238,-0.1524088676275,-0.481823778759562,-0.543036731813026,-0.240892515973947,0.325741648994108,0.809075074674455,0.798461766788591,0.238832451782647,-0.478313151988608,-0.920900431233408,-0.900190014201925,-0.40585258868557,0.372196615707816,0.943130892356663,0.853558005886515,0.227619324853536,-0.378870663829957,-0.601451561149013,-0.453239772228402,-0.111776490655758,0.199762865266729,0.242928384405657,-0.0541307641474849,-0.435481416474256,-0.514151323606261,-0.131419380113544,0.466248324250891,0.787522358881919,0.557135902518575,-0.0303148793651861,-0.571406227547084,-0.787178596095258,-0.581532762904885,-0.0373355086325648,0.523028069330447,0.700405952190526,0.399643597055355,-0.0924671816489605,-0.425896088560604,-0.439286994041227,-0.174353538617615,0.174904428516028,0.362564007741458,0.278236543679676,0.035263952119048,-0.159821668378358,-0.182453668644936,-0.0499798745794453,0.114259970986925,0.173770643768683,0.0885469367354628,-0.0551699508462273
-0.0933611745620768,-0.0177755748943269,0.122954968903,0.19820710753359,0.118858165784906,-0.070995165411658,-0.221663718190106,-0.196077782899914,0.025332020529914,0.301362823522633,0.397152214271427,0.184912208726939,-0.208704148891693,-0.506909355590535,-0.489381957612934,-0.0938335454675286,0.508021237248069,0.886824861456416,0.663562513875595,-0.0500022855197226,-0.746092304487049,-1.02579461790108,-0.763271148581881,-0.0113183630866492,0.860159548448986,1.16896364449992,0.585685705527298,-0.381040751663433,-0.977428050373089,-0.911411806359545,-0.302337179612016,0.509757733813484,1.00549745493636,0.767049402701551,-0.0838295190904399,-0.931888727990309,-1.2239538554966,-0.771637832738791,0.208459651328406,1.05859798170904,1.13711068203568,0.472405213669388,-0.358748189191809,-0.852064365683122,-0.821128793165349,-0.313891025839649,0.363513479437444,0.723637845291306,0.524686251850521,0.00817771857728454,-0.409186847718161,-0.493589082604831,-0.250127899168475,0.136012610896755,0.391278385860217,0.353381466949261,0.106719578643284,-0.129049314565097,-0.199394549517037,-0.0990258852440786,0.0580580034098332,0.131778121897485,0.0715594735677788,-0.044763257784789
-0.0504313879113309,0.027874908891541,0.155406679576003,0.202723036975636,0.0918867283503612,-0.116031748747031,-0.261215761795162,-0.210078586439907,0.0410729591332561,0.327172872821348,0.399853384365839,0.15118860650136,-0.252886371383606,-0.516634968785244,-0.430381491519035,0.0329586041520671,0.633831032083183,0.890714310982456,0.489256763877119,-0.311696267034459,-0.944123859826817,-1.05172980540975,-0.542160017753048,0.452160453432841,1.33768860420262,1.29017501625942,0.217371412595698,-1.00618804836759,-1.56747648337067,-1.26877128477519,-0.209304799009367,1.15366232259155,1.88519610645406,1.32259727190991,-0.111642788307886,-1.36530492409983,-1.81267478712493,-1.35144934759312,-0.123604400385296,1.18815342162207,1.61259626703701,0.934152286821641,-0.144440652125046,-0.880143749919158,-0.994584983062429,-0.528324167122503,0.224230260243128,0.725472373511842,0.61904620997893,0.095145470724008,-0.383870074682457,-0.524888502505537,-0.303261065574741,0.10393955641983,0.405580227202964,0.400966995020724,0.150500715678034,-0.116841533047224,-0.222405054533605,-0.142691719685958,0.0155779660998906,0.108749213331539,0.075368661487331,-0.0170320684372832
-0.0158579343197365,0.0495480125860304,0.156334138317305,0.181392082904841,0.056142944644124,-0.150178586001776,-0.27733911879647,-0.199859241968059,0.0720775589602467,0.357620694573858,0.404602550235196,0.125414748043725,-0.285760170723028,-0.5235334746831,-0.389592471547844,0.112997614565979,0.694325143759599,0.849322626636619,0.329995340722055,-0.504722994201499,-1.06617463925124,-1.02669544881375,-0.306349235842469,0.873415035720311,1.71403767888014,1.32851285875213,-0.115546871382738,-1.48738075900168,-2.0201344578083,-1.59425850774607,-0.205552870027002,1.63114934186468,2.58425940270068,1.76222070355965,-0.120944199955388,-1.64224509091331,-2.16686699771065,-1.71579374093101,-0.371844750453767,1.22199941192376,1.88565178465488,1.21118708358105,-0.022834310532016,-0.904719878252012,-1.09740019914824,-0.64835949109102,0.151358108845005,0.738016266038573,0.687723663169126,0.158493649655689,-0.359277404317644,-0.535912152375328,-0.330209301086782,0.0842853715909724,0.406598506489781,0.414802093154204,0.157408733535395,-0.128433797639033,-0.248953559050969,-0.171335362734707,-0.000622160191997213,0.113929847175456,0.100745097232741,0.0191210840248337
-0.00210953017144444,0.0423957436918676,0.130863522039282,0.146648407010434,0.0248674626103963,-0.165889001350705,-0.270917483487537,-0.173058434213795,0.108632748580824,0.386901327987009,0.412765351942964,0.113114333042603,-0.303882893018356,-0.53042865477659,-0.376449897455346,0.137238077521677,0.697057804127464,0.796299968813266,0.228879675343544,-0.603220652311063,-1.11231118558068,-0.982617521339264,-0.140504599189529,1.1270975545316,1.91082554961212,1.32898710750783,-0.290916809124922,-1.71545086399229,-2.23588855216343,-1.77101511370527,-0.246113491305513,1.80159253519973,2.85271879666519,1.9352018477255,-0.0971261669476982,-1.6943788676491,-2.23659944776007,-1.78862589072775,-0.418829942816771,1.23128742720255,1.92138184453512,1.2180960494938,-0.0528240947084497,-0.944849305018812,-1.128276861842,-0.659893092463449,0.167240292641984,0.776194275280506,0.728131798790674,0.185016580731243,-0.348067498571526,-0.533925032816055,-0.332175210418941,0.0808193828537052,0.400223549465638,0.400852203241283,0.133915355866391,-0.156241517087539,-0.271342089958834,-0.179213781044611,0.0106990868937643,0.142045666597884,0.136132915405687,0.0490192400637981
-0.014307911049692,0.0134243462957654,0.0954156951240118,0.117526143214932,0.0120574391698956,-0.159366930972156,-0.249308998912309,-0.145280711248338,0.132689143458678,0.401501295872027,0.419468854504446,0.116719977792276,-0.301611889624303,-0.531761138242736,-0.386569119040209,0.111981168262104,0.657089032482493,0.756825031852856,0.210619937439979,-0.593610699160461,-1.08241560108892,-0.942410740223626,-0.108404313432876,1.1236037558926,1.87560843301078,1.31569450785022,-0.247726690894272,-1.6432542043158,-2.1656604376149,-1.71641318463128,-0.261309369080713,1.64009062020978,2.5855274797252,1.75149296759655,-0.0709750553837929,-1.52325386495253,-2.02240065016654,-1.56066987564384,-0.235744565952606,1.24625386966157,1.73546227368386,0.962864943045818,-0.227109471928243,-0.996565219480591,-1.08725604880177,-0.563881762117585,0.269770251433461,0.833243298458881,0.728283826874217,0.160965323203523,-0.362412606466795,-0.528080137402738,-0.314141323161842,0.0942185894685774,0.39374470862854,0.372677151062062,0.0972057845647149,-0.184251002955765,-0.279433252937058,-0.165018598581567,0.0411616645561699,0.176963359099607,0.162682780880392,0.0577717210898595
-0.0481945212471859,-0.0230153984488205,0.0687894745065371,0.110567530898313,0.0267688612688126,-0.131210995664887,-0.222074882335796,-0.132238163092343,0.126989704645662,0.387486514523268,0.416925801034606,0.135057992099429,-0.274383962643116,-0.518697771270516,-0.40800998489586,0.0509516204863665,0.586743267834822,0.738186801435584,0.27762957923161,-0.47487550139528,-0.976262814585238,-0.909747988002666,-0.217374148829193,0.854952035105409,1.59364351699794,1.25926650877525,-0.0156986027175753,-1.28142867331473,-1.80894086771617,-1.42940287580528,-0.223935865885646,1.23262313233734,1.88982772927493,1.24382151173744,-0.10756801268123,-1.21320967733237,-1.5751945870723,-1.07775772168296,0.116394941266631,1.23805760214003,1.37517148088383,0.534673153005271,-0.479018519516744,-1.03460752724747,-0.973324940756511,-0.372894312568793,0.434926971565447,0.883693462985914,0.67237842868285,0.0796450270348994,-0.406735385132298,-0.52394466805411,-0.281907952458304,0.12164193979635,0.391411044565827,0.343276356751692,0.0652689114190649,-0.196432249196428,-0.265130312198413,-0.131725416610101,0.0773702727039158,0.199761115436991,0.163515374789087,0.0375266351371876
-0.0916989567890903,-0.0522076240411435,0.062922236223684,0.13157025776557,0.0682103993791019,-0.0869005516209906,-0.196831202617295,-0.141571500158301,0.0849762128641705,0.33887297886129,0.399179356790854,0.164070128234611,-0.221441102772232,-0.484426645406334,-0.428428233043964,-0.0323596182006025,0.489792024827269,0.726636976655243,0.407515699370602,-0.261998784490978,-0.796133173297871,-0.867687184098388,-0.41175589096027,0.406611230261082,1.10644344016434,1.09562614289939,0.287399003677275,-0.709912365048175,-1.21526891797758,-0.97766241807276,-0.15717286051373,0.717148592485241,1.01517582351728,0.566206804480712,-0.24100828712461,-0.88048223187793,-0.995670646537287,-0.446809242827427,0.514120971651037,1.15303036798749,0.911330063690693,0.059040454848256,-0.719776375550126,-1.02409738931769,-0.78455498236569,-0.110902845613987,0.620213954194837,0.892451952049603,0.551103318129855,-0.0505001034867046,-0.471334138443633,-0.518255177069499,-0.238621523818999,0.157497541963859,0.391411232101169,0.318028517278988,0.0477772978109972,-0.184791288852727,-0.226963518104956,-0.0863209162363538,0.106286550057626,0.197680432466644,0.132802225466547,-0.00758649181799177
-0.129130880887637,-0.0646266640054534,0.0777747583502033,0.171793603902681,0.123881661384558,-0.0364346323775492,-0.176681146930403,-0.168549721953586,0.0157486140278397,0.262255889388183,0.365601083759913,0.198259121339013,-0.146647761824306,-0.426699311619649,-0.438847838664205,-0.127627927109716,0.362897933058269,0.691921056516544,0.554101004209702,0.0109766814163724,-0.548733383708325,-0.786337919334936,-0.602042750282454,-0.0789160454223616,0.51951567538637,0.790226862495186,0.507631775932747,-0.08685072142793,-0.500193320494593,-0.4566592309167,-0.0869421059394077,0.228683402587615,0.213976048317539,-0.0827091597665052,-0.428965394690332,-0.599104973902354,-0.409890921419759,0.173211499193567,0.816597136777489,0.959546696119462,0.42917927959827,-0.351340116497227,-0.876435777912452,-0.93458055978484,-0.524652427314769,0.182830510824622,0.77083264085193,0.828219856953047,0.371053213680162,-0.203446193456294,-0.532071367961368,-0.49764053838332,-0.18272417570999,0.195277474081702,0.386130668595774,0.292480181616475,0.0422142634887275,-0.153221362568366,-0.172232150145429,-0.0387423950210176,0.119604298811727,0.169762814910649,0.0794513476542104,-0.0619581777973134
-0.145973290246763,-0.0580370801760017,0.10199288433945,0.21049885054514,0.172628621337551,0.00799790727734259,-0.159692727980471,-0.198034330845265,-0.0592586635976596,0.174710718737736,0.321114739192745,0.232005034138041,-0.0573467705274531,-0.347090797792334,-0.433065801108495,-0.225331858651467,0.203611955187364,0.600238867224785,0.656144358699994,0.290274059685622,-0.24950936181412,-0.634973541536351,-0.7050806988942,-0.465313987549102,-0.0273343970215398,0.387319740880896,0.539753806647306,0.393453867412477,0.158036130881951,0.0333557419286394,-0.00982236841314249,-0.128472552738264,-0.353612680628291,-0.548842591741079,-0.577499616825085,-0.374821512848747,0.0709346629989431,0.622238004012488,0.921329624415426,0.670794966772567,0.00730359483907184,-0.627409186608944,-0.909453420594456,-0.751312491702147,-0.214117123358958,0.452184762247436,0.83246726251024,0.677343416605709,0.157104222175684,-0.34219416449806,-0.557895352858422,-0.443207560171639,-0.109156882751765,0.229312404155007,0.365633186321863,0.255971618106704,0.0367962333504161,-0.115234192541827,-0.114827852616299,0.000588883308080629,0.115699810884104,0.126327929591317,0.0230959154550089,-0.104340923228762
-0.13310532797314,-0.0366421315852733,0.118506895073319,0.223476980803906,0.192626584669628,0.0360780818063776,-0.140593779819831,-0.21167318247913,-0.116015206285345,0.0959651662337808,0.27282732032134,0.259771898274544,0.0372936386768103,-0.24888436419077,-0.404954086456291,-0.312274214525094,0.0205420754672804,0.433012242754786,0.656548666004692,0.507445253032594,0.0671544241233714,-0.397974376117979,-0.66874117529285,-0.668821239824908,-0.417476760997432,-0.0087064180759488,0.383960714933711,0.594395069139621,0.579342789584099,0.39330743335051,0.0842069445507296,-0.298699608171611,-0.632592549432903,-0.762793699539485,-0.606380410625991,-0.181981964503238,0.379533861566403,0.807677347704748,0.807079647397696,0.336537731404844,-0.303893522414843,-0.747872078515578,-0.811658849700733,-0.483779344830823,0.102572859407037,0.633961669054329,0.770134765952495,0.451761219629346,-0.0548020630735426,-0.431701167316206,-0.522645701991205,-0.339590885822413,-0.0144580954587343,0.254806022015023,0.322255413863078,0.198952524621853,0.0186178311649726,-0.0863685365466128,-0.0691873091537227,0.0239946083958888,0.098464376971254,0.0827921122013655,-0.0151639710513521,-0.116172148378446
-0.0899994907259469,-0.00871186303647278,0.112632314381429,0.194448734356834,0.171306800162499,0.0433226774635436,-0.11408549614441,-0.196498810614853,-0.13849107772504,0.0392698505451487,0.225030063198901,0.275142465838245,0.127009729759657,-0.13609161791679,-0.347202026277738,-0.369820574083346,-0.161460346435095,0.202573070165138,0.528280799790396,0.596991864500033,0.34049927039864,-0.0949216243735785,-0.481459593937919,-0.665757830201728,-0.597728944724283,-0.299840280040356,0.127336705544017,0.509658313288988,0.675811911575289,0.548091658097284,0.174164246457981,-0.291574925185293,-0.646835174719126,-0.732605639706252,-0.495603311072032,-0.0111833230470058,0.500403307141292,0.739288149114278,0.535616945220607,0.0192623070903161,-0.487106721599051,-0.72455587960962,-0.601879253110644,-0.169910510473121,0.363768475968888,0.680307210834279,0.584527881939498,0.186104292438741,-0.230457564407034,-0.450920693549092,-0.415434973327893,-0.184716203081881,0.096376651356267,0.266159562729485,0.253866318969581,0.119893582887115,-0.0173488642849589,-0.0751277648186572,-0.0433568863610419,0.0290940211542351,0.0740277797402475,0.0516052489257645,-0.0222094767529772,-0.0889754696913833
-0.0259098808468645,0.0164433680580681,0.0792326802039095,0.12386455396536,0.112153457397833,0.0330923601294093,-0.0777696241742984,-0.150605228881637,-0.12496416084517,0.00583898350703126,0.175913437053332,0.270158396345175,0.200397392611336,-0.0146729907494465,-0.253610105474384,-0.377606056819916,-0.306388279138084,-0.0469241373810998,0.293055339491307,0.526483427175585,0.497166513755478,0.207971198737415,-0.180926075398428,-0.480405582756802,-0.576199126398911,-0.441228735890705,-0.123868033645009,0.248589250569087,0.498431744734332,0.487909635850206,0.214026565166202,-0.176959337555069,-0.475346445797044,-0.524324384601725,-0.288702879275967,0.120187036388305,0.463923163060921,0.507685914354911,0.211764793679842,-0.227621494810926,-0.547322919433876,-0.586189351987556,-0.321180818610262,0.129985139586084,0.513402357103414,0.582228808548445,0.314822834492158,-0.0743644177237958,-0.347427582214582,-0.397863847769042,-0.246023293273635,0.00389889139289283,0.205845404324398,0.256040281907189,0.164899510940149,0.0280250247891157,-0.0637537567314499,-0.0777936115528857,-0.0350572629778909,0.0196098649292945,0.0477712636439345,0.03686799527078,0.00164378657730952,-0.0283209530237472
0.0422395366371961,0.031611828911103,0.0255011106509622,0.0299990392321727,0.0343486093697644,0.0158443610204604,-0.0327678937062655,-0.0834092226380815,-0.0876696679598665,-0.0144159955717911,0.11859320736027,0.236801177704167,0.245427327756956,0.104898310227204,-0.124445976402953,-0.321209423156521,-0.38012243501993,-0.256823302288105,0.016358313553342,0.320830339180322,0.489892021757577,0.417296029503899,0.14342060267169,-0.179659990065802,-0.399650085302728,-0.43769106980847,-0.295472272413355,-0.0435061161447362,0.192842536420811,0.283415761501456,0.178143062534049,-0.0452568058098334,-0.229064481456518,-0.24244255404489,-0.0651728593158704,0.18956336236887,0.330996158349849,0.229304482347997,-0.0673971747648189,-0.371575635938264,-0.500803442366056,-0.372324379937256,-0.0285206043753207,0.352806663722216,0.527817850056011,0.377266319753121,0.0246325313498745,-0.28722418443544,-0.396834311531575,-0.287028850990598,-0.0441227337135121,0.190054691909725,0.286820507671897,0.217507655110278,0.0655157543390105,-0.0594963265088554,-0.103766296282069,-0.0804548158773699,-0.0330944401595365,0.00407919360056901,0.0233038472294662,0.0340267667097326,0.0430516970616492,0.0472126904127217
0.0952665789156672,0.0337927968009527,-0.0323070522161013,-0.0586568215848761,-0.0348219969118024,0.00564253089643401,0.0176125807652175,-0.0110192090082253,-0.0463081082261284,-0.0361111309225879,0.0466055394853279,0.171025211951854,0.25164160465711,0.20588692814968,0.0274863001999224,-0.200354612861464,-0.363175225433372,-0.378289787958657,-0.222091073645866,0.0562315688339071,0.333214359977644,0.463770320664849,0.377855937256559,0.131630711920087,-0.140948873089034,-0.320667964351719,-0.354590120675162,-0.255894322302728,-0.0904028878576924,0.0477853148418128,0.0891846394589979,0.0418265320961944,-0.0141286217068296,0.00220380485692883,0.0977562067279891,0.190217734743783,0.169081861572663,-0.00344877733958715,-0.243655789536282,-0.404523098613039,-0.373878934799559,-0.133956430640069,0.211656902359793,0.458209769401243,0.427969040923655,0.133970387674165,-0.220922010750855,-0.421378152245732,-0.379423848309665,-0.143170233982195,0.147765564381724,0.329286461011165,0.312887265766946,0.14851724026555,-0.0308835860594186,-0.124471689973519,-0.119571015634548,-0.0670426623952074,-0.0235032031443192,-0.00735185909051594,0.00298150750564413,0.0338884251849267,0.0816464580417736,0.112451013976592
0.118396328544693,0.0240403666405639,-0.0766652162034526,-0.115576083663982,-0.0710330536594879,0.0145702256399246,0.0690542054358995,0.050392917701056,-0.0184939620957952,-0.0688724061079251,-0.0389179882010272,0.0777119401538913,0.214295142568746,0.267259822480742,0.173893568974139,-0.0351338184448386,-0.257980766246702,-0.388036818850881,-0.361984232821308,-0.177041028080276,0.10070271545423,0.347995829038141,0.44253522320385,0.341207819514595,0.107557379190802,-0.140042245776072,-0.30266439057853,-0.337157710901201,-0.258002826606999,-0.123127259968763,-0.00130527847687548,0.0709171332840949,0.106379088551651,0.135244140571076,0.157822025897835,0.13521329491752,0.0291376651747424,-0.144495691234706,-0.302836014370485,-0.342787442964143,-0.206482782684607,0.0713937903151242,0.350011546808305,0.44453025258684,0.267688822863335,-0.0771863248104187,-0.374845044624461,-0.460818487780146,-0.303075263992069,0.00452245676964819,0.287332436171441,0.386613977717367,0.271712929071358,0.0557330382505073,-0.111288513565825,-0.155059605724824,-0.101486170306031,-0.0286816724560726,0.00268210079824854,-0.00721165016560162,-0.0114749191642136,0.0283206202309715,0.0993352448885945,0.145560621117787
0.106270884788982,0.00533922130366117,-0.0969271464583541,-0.126796658231853,-0.0625012150727488,0.046925463758225,0.116175555938306,0.090009256871477,-0.0118770968778196,-0.110508064002445,-0.125184688977823,-0.026648402396291,0.139238748968552,0.271320294314469,0.276123697611171,0.133047020104919,-0.0918162798784599,-0.291756728473824,-0.378810911641096,-0.314287829868844,-0.11643976455429,0.138958970499052,0.337984318266885,0.383865998390807,0.259566002477525,0.0372336570516777,-0.17442208585549,-0.291532938092026,-0.286306917920206,-0.186460603322239,-0.0518914246745151,0.0610800471491702,0.126578348795491,0.145359840594982,0.121316976204994,0.0507346572046308,-0.0636401824868349,-0.190091676456854,-0.265019887732823,-0.223731455584336,-0.0484883395274848,0.195658960239945,0.370281838633437,0.344706661799446,0.106823491335621,-0.208775623658808,-0.417964831511557,-0.407430584774452,-0.184780883994598,0.127258473485471,0.347380666064423,0.353104327049313,0.173714377068793,-0.0449368666098202,-0.166031310135586,-0.149872393278034,-0.0531062084364222,0.0304176483264509,0.0438964843787426,0.00575865226804892,-0.0189087290448508,0.0148463424043947,0.0887665142480344,0.137204331933685
0.0644085446481006,-0.0194215466997124,-0.0935514248846056,-0.0956664427998779,-0.0144805336652225,0.0961272201580223,0.152405522143965,0.104789927162865,-0.0219370486738714,-0.147309295039778,-0.190534670836081,-0.116759162725808,0.0450289591726513,0.214496932754663,0.300533919175925,0.251482847280952,0.0852485670803692,-0.122540943897023,-0.282647651060575,-0.332437545490706,-0.252658038901806,-0.071201479638687,0.13785874767299,0.276355860625246,0.276391224228723,0.14769628195905,-0.0312046525323782,-0.167677365160125,-0.207268830353092,-0.153064002201766,-0.0519169510007812,0.0384732543090715,0.0820390802842566,0.0749853280022769,0.031832426451935,-0.0323050798469117,-0.104352394375178,-0.16238601713283,-0.170228232572851,-0.095552565086748,0.0557127048269211,0.218862111380722,0.292708053857406,0.20694743485136,-0.0124695374020885,-0.246501525025641,-0.359892035267668,-0.283438629551626,-0.0524186368179467,0.202377932094581,0.325825619818025,0.250775923562479,0.0499579539308973,-0.131630812761037,-0.189463368889921,-0.116950010712667,0.00966125946873236,0.0931881941394489,0.0875635674893931,0.0258990157399443,-0.0187870762805977,-0.0018605153507221,0.0566349332643737,0.094244675100984
0.0069176465957239,-0.0476695677114665,-0.0765232338436094,-0.0405278505776175,0.0528407236940888,0.146496408142676,0.171190454311184,0.0986645675570976,-0.0362348180531766,-0.161461178172739,-0.213435969557445,-0.167194267871976,-0.041591280720626,0.113482889760938,0.237498375943367,0.278689299258929,0.213805305527603,0.0637133916260594,-0.112519406605703,-0.24550319275035,-0.284348832976108,-0.213509086465451,-0.0619037556561876,0.0987967464191479,0.186942053005843,0.165426961766964,0.066631201806707,-0.0370841712905681,-0.0865305003073829,-0.0694143436630301,-0.0177208302597061,0.0215802589989845,0.0207916019813593,-0.0138828399740213,-0.0566643222613458,-0.0869434024796086,-0.0992585248171509,-0.0936177533276037,-0.0633474244210728,-0.000304820067750775,0.0856787320838367,0.156563805419815,0.161736587085818,0.0749000746159383,-0.0742885846391816,-0.205520363022851,-0.234557353303619,-0.129345940698488,0.0600998152222695,0.219840923508158,0.245041077294451,0.122086078793687,-0.0601710745058245,-0.182729460417481,-0.17937592555473,-0.0691720545593184,0.0650731738057527,0.136388574975507,0.115345313329083,0.0434037749017449,-0.0111381750075859,-0.0122388913085226,0.0200179508033695,0.036085428613197
-0.0485458173719293,-0.07610550957053,-0.0593380781548951,0.0135145490080853,0.112571334880928,0.179599921524629,0.168178997697496,0.0791780757312226,-0.0423580090037243,-0.141121561632026,-0.182816659352303,-0.162930180909152,-0.0960802900298855,0.000183812218673118,0.11027634902808,0.208187657253843,0.251298354799332,0.203840866572949,0.0706312388976029,-0.0962545556471866,-0.224827341312059,-0.260296327009764,-0.191075388253279,-0.0583054642269888,0.0633405329184275,0.11493403619836,0.0927197723688739,0.0404254037897138,0.00648639554405889,0.00708416353711522,0.021527241332523,0.016678963693356,-0.0210473911949074,-0.0728590581281223,-0.105237783577858,-0.0989031293055488,-0.0614207010667851,-0.0158385177288262,0.0198603545291499,0.0416908942449919,0.0524069740334641,0.0504425636392675,0.0272743767516193,-0.0222698440629429,-0.0837602385492944,-0.119430880846352,-0.0905721651362458,0.00676568148431565,0.124436771141873,0.185549177327893,0.140556685472829,0.0106365286190608,-0.124699990061016,-0.184353187536743,-0.137652937799566,-0.0195076046273375,0.0946394906305643,0.141400364867469,0.112164930640703,0.0491151111682865,0.00318124509293977,-0.00689499286541706,-0.00211825489671781,-0.0141569567822941
-0.086797019592356,-0.100244008792361,-0.0520525724814861,0.0455243206123445,0.142599193493035,0.182385058380998,0.143044798628586,0.0533040604816259,-0.0351099531598559,-0.0878050996839175,-0.104576620705791,-0.10605798205924,-0.105928574384029,-0.0918353008752705,-0.0346221068576473,0.0748580082449126,0.195993721857341,0.255103029413755,0.201896176895255,0.0535156325391898,-0.115254557723534,-0.221925585905648,-0.223421227307553,-0.13676939288349,-0.0250636355909506,0.0483337597739679,0.0631396286700393,0.045038225432518,0.0311424811850991,0.0348453656337691,0.0392157233065197,0.0188017263406622,-0.030914841926554,-0.0836064092724333,-0.102591748973068,-0.0718162053763977,-0.00943175788754971,0.0456148775966746,0.0620080797554299,0.0360310648289908,-0.0109321212316394,-0.0514535210612482,-0.0708876522676266,-0.0709093789749651,-0.0570773281893019,-0.0269563748906856,0.0243103906356243,0.0867318709858775,0.129398726353614,0.118212272333631,0.0456489366456919,-0.0556621603951227,-0.130598234802356,-0.136824149730014,-0.0724933885856655,0.0218622857258939,0.0907849554284564,0.103981519254123,0.0745477304509493,0.0388683001053366,0.0217842542837563,0.017921764252361,0.00223854407756556,-0.0390675720358378
-0.0998123324103579,-0.115288249674545,-0.0568771783682148,0.0474383020994431,0.135075956623335,0.153224368918742,0.100331328792257,0.0250209639543774,-0.0190846430274981,-0.0176356179232346,-0.00169482489052385,-0.0158482924021334,-0.0741596825360276,-0.139784030340143,-0.148777288366429,-0.0631651930616134,0.0879671717055853,0.21740390763165,0.241203384616398,0.143921973823591,-0.0122240421098587,-0.137287130316258,-0.173253439268578,-0.123884538657279,-0.0431041357342552,0.0101288596704785,0.0158647358645127,-0.0019364908407676,-0.0085518599857864,0.00680675886556886,0.0247402167112316,0.0182563638144036,-0.0175601673292733,-0.0566333989927102,-0.0635308891992993,-0.0250568993524106,0.036151603304953,0.0766824994714408,0.0649706087013839,0.00502817166739837,-0.0678683798638973,-0.113395160937019,-0.111928784718979,-0.0713065723473333,-0.0138522452453209,0.0405972441049048,0.0804072588840073,0.0976922500567834,0.0852410473218441,0.0417797577938925,-0.0194782265191103,-0.0715803130626824,-0.0872868668214379,-0.0570809315002419,0.000610718245068078,0.0488893745720362,0.0597014610750792,0.0373885464109922,0.0134470678333758,0.0153486635870408,0.0404520946461779,0.057229806836814,0.0328803320696383,-0.0329549938711855
-0.0882386608068553,-0.117444750437984,-0.0679489326783433,0.0261997890656818,0.0987885388948798,0.102733129837048,0.0491834664925826,-0.00388302209144772,-0.00519516607803843,0.0445858369236033,0.0925979511130053,0.0771685283078995,-0.0167370218395421,-0.137097044270842,-0.200375236932757,-0.153473657039636,-0.0155518679163483,0.129737155745292,0.192912652451285,0.145590671234193,0.0356381946692669,-0.0578665720098243,-0.0832164303998846,-0.0458380268521205,0.00413122082716749,0.0167179583489543,-0.0162513503074466,-0.060385472296739,-0.0754211928243286,-0.0509137402652095,-0.0111394679723886,0.0100845071984709,0.00103295896891581,-0.0182641960035814,-0.0169746894374976,0.0160193196780266,0.0596180401892721,0.0761253031932091,0.0428744910421659,-0.0273497699454268,-0.0949963955644963,-0.122121910672419,-0.0966111471835935,-0.0360998127289679,0.0274515432926333,0.0679713066522241,0.0757632822963222,0.0555376155905039,0.0186381110305907,-0.0214982708665899,-0.049452790817268,-0.0510959346670517,-0.0218485429966671,0.0254689411977702,0.0620091725144363,0.0602771905180903,0.0181208219611469,-0.0331905901007247,-0.050224552128085,-0.0133139559726655,0.0539060995547909,0.0983223550760562,0.0775169005850796,-0.00270288234579532
-0.0595064412358743,-0.104785944863239,-0.0747727793252508,-0.00142569244472469,0.053252559122261,0.0487563728837111,0.00133611484370991,-0.0313318189097978,-0.00334122077690828,0.0766863584160094,0.147497096056253,0.14154826695097,0.0429670089234303,-0.09355237712086,-0.182518173837007,-0.170042553208508,-0.070805148159401,0.0433099147638938,0.0981344123142952,0.0740792241854502,0.0135059430576812,-0.022494377817636,-0.00385075843547352,0.0483579012364381,0.0811351628249945,0.0551258757334973,-0.0204645742470989,-0.0965064330187141,-0.125876238004629,-0.0986503473108217,-0.0438725487614872,-0.00147065913551853,0.0106327190489836,0.0061631277204374,0.0105056712809336,0.0328909758414456,0.0563141234081237,0.0531464070296963,0.0124701133410975,-0.0466938382737853,-0.0885517145674487,-0.0871154079319151,-0.0441384278329233,0.0134502833871168,0.0531289089270679,0.0576943749219815,0.0320061645466185,-0.00592037186045898,-0.0386364544725116,-0.0551931478195588,-0.0489089035940722,-0.0173135069212323,0.0325637277800755,0.0797219964032804,0.0947383244420268,0.0591029098895569,-0.0144165456605124,-0.0817616859463302,-0.0948213495059295,-0.0375206845124473,0.0572718394427978,0.125479285635273,0.117021389056178,0.0362655720967904
-0.0240289656899504,-0.0778364476971783,-0.0675516235689254,-0.0179755931249437,0.0184044341414794,0.008122441952422,-0.0328541285088728,-0.0538642379473004,-0.0161056605435012,0.0702936668363125,0.14859313501508,0.157454012850795,0.0818234934877171,-0.0321088891747818,-0.113099328772357,-0.118829211256552,-0.0642842584993266,-0.00607011828327068,0.00713469882044524,-0.0235147585961098,-0.0529585903470757,-0.0361509426900207,0.0322133178833479,0.110656750890698,0.140656914371628,0.093365804937389,-0.00571302388882117,-0.0970974474214012,-0.132517926604472,-0.106024184276586,-0.0505755911842863,-0.00727862398229464,0.00668348660162555,0.00431217488019244,0.00751692871067023,0.0225371491316438,0.0341042645741256,0.0224812448379189,-0.0134081791734011,-0.0508189042542546,-0.0609766226211831,-0.0329225716646689,0.0166326675986556,0.0548308627484429,0.05705794050726,0.024418564391239,-0.0204560835851573,-0.0529155367729705,-0.062253384248059,-0.0515712608767941,-0.026892279528832,0.00886380172358584,0.051225590155525,0.0863426295280389,0.0915934341292098,0.0510692536240996,-0.023929017036651,-0.0922203717640608,-0.107136655712718,-0.0508989124406481,0.0474128066579836,0.126310393847701,0.133688206858837,0.0670392600433568
0.00855903802620802,-0.0402340639754546,-0.0422273075083508,-0.0135097573073819,0.00568664913220718,-0.0104731120543549,-0.0485888269372354,-0.0679546838396836,-0.0374745899976874,0.0349926504511837,0.105157117979929,0.126112063174619,0.0865230525425962,0.0192809754724159,-0.0278566964491986,-0.0322036600450483,-0.012555213851867,-0.00971726408794294,-0.0454654222515344,-0.0974233527393991,-0.116760543479386,-0.071093610494408,0.0255376258608518,0.117788213531438,0.147496606217961,0.0979382331935277,0.00537083904343309,-0.0712905166306242,-0.0934518462304559,-0.0651723430086082,-0.022670658419478,-0.00133751332424584,-0.00756387889202489,-0.0207515400967668,-0.0194674977705367,-0.00312731385012268,0.0088853716144944,-0.00107062830373471,-0.0278234977228366,-0.0456153885366002,-0.0312825724743666,0.0133739323996866,0.0596145252680532,0.0728997216124357,0.0411574315384028,-0.0146515377372747,-0.0582341417846113,-0.0666084274873444,-0.0444075238439244,-0.0141572598585005,0.00617754166421431,0.0166049124354935,0.0284931355721487,0.0467915179069198,0.058606045875221,0.042359505497562,-0.00696736786200866,-0.0638439519943665,-0.0873572381797835,-0.0532899737397688,0.0238426733154436,0.0970778645948806,0.119047170004122,0.0783063088414678
0.0319041608997724,0.00110154977210754,-0.0031058912867405,0.0104886909833568,0.0143281138150158,-0.00906091772210829,-0.0482700819132136,-0.0719998845651493,-0.0565999098161173,-0.00729151449430111,0.0450676974768859,0.0694847047571492,0.0605885180008819,0.0403934111873151,0.0342673265595664,0.0449352530524349,0.048528790737773,0.0170095147258555,-0.0505061191557767,-0.118034002007056,-0.137843277367301,-0.0890615198147326,0.00243139964637911,0.0795885668742952,0.0964648040926241,0.0531470724153369,-0.00849775333043366,-0.0415089311105618,-0.0286821500180875,0.00858930610031194,0.0306487085748125,0.0145256401186532,-0.0260830318214921,-0.0562355270996711,-0.0533439909991388,-0.0259265395802881,-0.00362591844792921,-0.00764925377038983,-0.0294001203940956,-0.0389534336342058,-0.0145154516781531,0.0346576378141707,0.0724791999472332,0.0654259161664092,0.0133445558132479,-0.0474113297021302,-0.0733596531707598,-0.0486514162045431,0.00379320606782849,0.0420022327058544,0.0397359666104285,0.00704069033948017,-0.0213486174295897,-0.0178703903496312,0.012906481708399,0.0383757752824794,0.0296294234836789,-0.0101559460528816,-0.0479874324950071,-0.0501474562339343,-0.0105349731879941,0.0447575754251019,0.0775860190773024,0.0684345246212726
0.0437794332904902,0.037212200123381,0.0383582545082157,0.0426492572867689,0.0335123995642382,0.00219294357379645,-0.0395729481362626,-0.0671319035475767,-0.0635466390014016,-0.0337728429584642,8.87839131064778e-05,0.0185923874605267,0.0223232736927986,0.0284528910470136,0.0492772576062725,0.0756152733043608,0.0811889955953326,0.0456906169295953,-0.0219819592026456,-0.084161415003192,-0.101677626122975,-0.0656074204116451,-0.00704274686566627,0.0266009308679166,0.0121504701527836,-0.0291814018122837,-0.0522524177880671,-0.0278650054703987,0.0329852012705847,0.0861975877311769,0.08791595314383,0.0316306666351578,-0.0441492349520488,-0.0881185437412625,-0.0773150645345625,-0.0320274997059114,0.00435819598177856,0.0041206741815671,-0.0215691898375529,-0.0364023282163679,-0.0153540819516246,0.0301496774924497,0.0603667025491317,0.0426986452833816,-0.0154267964723552,-0.068798398777075,-0.0717542224525752,-0.0166162342754292,0.057859418728401,0.0947079778079043,0.0642410310141903,-0.0107095077706754,-0.0733254913273747,-0.0778920992059412,-0.0244307242046405,0.0429811292315631,0.0729661644624774,0.047519338576805,-0.00755018535191951,-0.0485185538975507,-0.0489640969769191,-0.0150902696323068,0.0245418897049594,0.0448812268927156
0.0452425027728807,0.0596639550110129,0.0683818325395307,0.067807459987537,0.0489384775039555,0.011006630676489,-0.031396166105255,-0.0568165585315598,-0.0540559566622509,-0.0313774879362799,-0.00930383667785208,-0.00256823698623689,-0.00647347751067076,-0.00295376996304226,0.0187832201674077,0.0492721109372782,0.0653024804013627,0.0505173544964673,0.0129022857508675,-0.0195314759016413,-0.0232302640104959,-0.00209548556775603,0.0123624110837645,-0.0108056259491351,-0.0679880658737856,-0.117006439947977,-0.110363122496596,-0.0355590534425223,0.0698375530895668,0.139697885986269,0.126356284733585,0.0395132345170777,-0.0598165907013485,-0.107535530958745,-0.0828513521418562,-0.0184134259816968,0.0292357359767994,0.0266871102627942,-0.0111583879127878,-0.0397484708486943,-0.0282780030739322,0.0123903273970057,0.0401348275978043,0.0212805921570351,-0.0343099196510663,-0.0781696679817308,-0.0648617241594826,0.00779349492776417,0.0918940089039268,0.123145289985355,0.0726638418345807,-0.0267741450570607,-0.105372899225618,-0.109032255555979,-0.0374997336850606,0.057075789779875,0.109395945016006,0.0888942091635653,0.0179822746449414,-0.0521337483525449,-0.0815156754689374,-0.0637599231884166,-0.0209385066599838,0.0195358568654938
0.0385692541864171,0.0632008509856172,0.0770693829432001,0.0749002155441893,0.0507148923566693,0.00947676154290792,-0.0298534059079634,-0.0458485435960866,-0.0316823642461452,-0.00186844499860422,0.0181554458823268,0.0122217915686303,-0.0128905462243733,-0.0342975052858298,-0.0342578273859081,-0.0141909861488976,0.0097745353992305,0.0236406332586886,0.0292687778568403,0.0399780486221819,0.0611106098520957,0.0761147729981655,0.0548440782714241,-0.0171159110976792,-0.113365563198732,-0.176113868046873,-0.156687774218469,-0.0540538782529057,0.0765622198942694,0.155046468478921,0.132963165114872,0.0321287331242946,-0.0727193421751178,-0.112473451819457,-0.0714723412219403,0.00720611498333837,0.0583806671706659,0.0471908581719092,-0.00566114526181878,-0.0475776602275425,-0.042924791579599,-0.00246628684771986,0.0289162910407853,0.0147400323847873,-0.03635120857651,-0.076299378284844,-0.060528894815675,0.0118089627424251,0.0919964132113425,0.117105337293333,0.0620780215385007,-0.0366378499723348,-0.10871063910874,-0.102833095267616,-0.0225386778365074,0.0769637224116529,0.128651882880564,0.102223805059042,0.0218912968193375,-0.0588035401182863,-0.0975767597428079,-0.085886630325067,-0.0437256529182336,0.00251992111965932
0.025272220083613,0.0473393055906733,0.0629120408891982,0.0626729500604664,0.0386195741518626,-0.00204103964748988,-0.0358239970021482,-0.0387596214376473,-0.00636118544674086,0.0397913976915844,0.0658456071557885,0.0505956590608183,0.0017674723587336,-0.0510974724726242,-0.0803449924141544,-0.0778437076219262,-0.0533637280959641,-0.0198802508354133,0.0188331514240782,0.0650106869244536,0.111225253326299,0.13223333516793,0.0983499877156995,0.00433705492512232,-0.111964500830306,-0.186129729343553,-0.169841108876113,-0.0669160811667625,0.0621568636352453,0.135797247747819,0.109683663038959,0.0116549899005451,-0.0816817116089384,-0.10536681413014,-0.0510621060975374,0.031918873340581,0.0770491183909832,0.0539356354483169,-0.00976962185057342,-0.0567173406689803,-0.0506385732895006,-0.00451767795894155,0.0339222927660657,0.0258857970395111,-0.0222049550577745,-0.0647221435458505,-0.0585479955496227,-0.00136235573748452,0.0637157339124578,0.0822013046931264,0.0352768158570578,-0.042291947207664,-0.0900301881883889,-0.0687974642380059,0.0105379446132997,0.0944674547593727,0.126082576457132,0.0873472960735332,0.00821643243146999,-0.0617470932056988,-0.0895696878008607,-0.0745403516659913,-0.0382623960993196,-0.00245789753968113
0.00569773698801803,0.0166157216440782,0.0333945944833575,0.0400746597923094,0.0218060173312416,-0.0156742113003122,-0.0450474688871418,-0.0379326455024893,0.0104006138301452,0.0730491271885015,0.108165170020412,0.0892485475437774,0.0248623794781633,-0.0493626887688094,-0.0982182934384806,-0.108409312023053,-0.0883589780801224,-0.0525582056042602,-0.00739490832997436,0.0474578708796623,0.104071953239528,0.137347128462773,0.117191670628429,0.0361582610998316,-0.0721024577949024,-0.147474961786643,-0.143842891795171,-0.0633293915226258,0.0405998544801087,0.0970654932149269,0.0700931509305466,-0.0127054563588582,-0.0837327440460672,-0.0897008920951488,-0.0301595190098623,0.0450500021982645,0.0762250652828049,0.0425425050149882,-0.0226956695358794,-0.0633342777692606,-0.0481815176549279,0.00545461809049472,0.0488860004426303,0.044606241218846,-0.00133437108709065,-0.0468660539982604,-0.0526124193006381,-0.0156219129969337,0.0285595439065003,0.0375927383547551,0.00136452495187812,-0.0482672025989705,-0.0653138865652712,-0.0279853783367521,0.0432762249168467,0.099950786752384,0.102983177830596,0.0533796232105957,-0.0122692570032779,-0.0539064816646003,-0.0563453246442989,-0.0334040910523576,-0.00996797156809905,0.000939838713146447
-0.0195863445337125,-0.0204218567558169,0.00167396436966137,0.0213302509116301,0.0132277021136742,-0.0210544850670347,-0.0510344587758374,-0.042728958949953,0.0113278139180763,0.0822092618653134,0.123493717144473,0.106025484072319,0.0399625185874186,-0.0353928796884717,-0.0829527728637192,-0.0915697726608678,-0.0750293672174469,-0.0524501515316679,-0.0296657652423086,0.00137978555957443,0.0452463251670036,0.0871080085020934,0.0976039664840288,0.0580357888024239,-0.015967167392359,-0.0791112377625529,-0.0899928278552177,-0.0438705149758231,0.0221210203456717,0.0556802010571044,0.0307911726712234,-0.0302156615006837,-0.0758832807876879,-0.0685069674583866,-0.0140366910634608,0.0431935918516697,0.0569927562190958,0.0183087461905623,-0.0378058013536452,-0.0632436721827781,-0.0370364991529357,0.0187227263420615,0.0586933551628831,0.0529544086551097,0.0111691550321173,-0.0290320984859847,-0.0365785549838214,-0.012853372243991,0.0114842549256195,0.00653868274327655,-0.0267208349197404,-0.0564793706069674,-0.0495003458524131,-0.00114239815909119,0.0585535881418528,0.0872391525958101,0.0653654622920926,0.0129996360388331,-0.0287318790178031,-0.0325988136066065,-0.00472627215139816,0.0243816199286675,0.0275420905886155,0.00456486652022784
-0.0480703073917271,-0.0534992739346298,-0.0189196579287148,0.018714904070162,0.0221878649291733,-0.0117610380444324,-0.0494181967123179,-0.0505095826565846,-0.00324921579059866,0.0643368854994331,0.105244652270969,0.0912930815083389,0.03553756674847,-0.0213893730243636,-0.046102830287403,-0.0365087821713488,-0.0176469614124141,-0.015708887347817,-0.033448249860553,-0.0485597135865398,-0.0363755928359835,0.00436019177251679,0.0470342494750559,0.0591544798275907,0.0323261539616689,-0.00909330274080801,-0.0307896525913945,-0.0188813414791715,0.00968126578194538,0.0229227767391248,0.00344467770884321,-0.034640950957719,-0.0582485807830952,-0.0450351224821409,-0.00417648964123148,0.0303160052564959,0.028940335334424,-0.00688107567482696,-0.0454652387591879,-0.0524253912324698,-0.0201156007392243,0.0260199967524394,0.0497025730655092,0.0356696645256016,0.00170746142561395,-0.0196147185096449,-0.0108537073206474,0.0150959715869909,0.026765932334139,0.00452972712792341,-0.0379412359601102,-0.0642461349251159,-0.0481341100951704,0.00247475292469954,0.0500731183693371,0.0577859084647909,0.0220177214334856,-0.0231185847356653,-0.0356238605317501,-0.00191842249888906,0.0517203481881737,0.080444092541237,0.058195567614715,0.00067325740482245
-0.0749507571776828,-0.0738157246653583,-0.0202087980678054,0.03668888145402,0.0490695118246446,0.0105444476745627,-0.0409021484818295,-0.0584954805717332,-0.0260983191045552,0.0300624565652365,0.0645811453844725,0.0526526875135976,0.0113507369421291,-0.0181159834657806,-0.00848945640775031,0.0299992218807799,0.058310575558949,0.0422290267445505,-0.0168493925080378,-0.0809633564708062,-0.105532581075104,-0.0742092341811807,-0.0101250964440698,0.0436179902095109,0.0580982930768394,0.0382625453486196,0.0111289242303417,-0.00147470360862073,0.000913473899616948,0.00254215300989807,-0.00866669734291386,-0.0271700163450718,-0.0357546877620552,-0.0237707186673768,-1.65285134107705e-06,0.0138985604459124,0.00401962738602024,-0.0214606024302745,-0.0384432196767811,-0.0290577758688573,0.000640955159312263,0.0244068760625684,0.0197580220122845,-0.00918079711909039,-0.0335497767420439,-0.0255810975236064,0.0155928199695572,0.0600211771916612,0.0695331569381158,0.0310894770134391,-0.0290636273343026,-0.0663650117676246,-0.0554371527243943,-0.0107424810220853,0.0258500069393637,0.0214179800160248,-0.0173964031825179,-0.0490642443161636,-0.0341813650441887,0.0284153264605915,0.0968320318338452,0.117536261333918,0.0699718507718814,-0.0139178409012611
-0.0945006148948337,-0.0769903268733347,-0.00231869036194575,0.0696613520460082,0.0845469098725753,0.0365471559202934,-0.0306493578234232,-0.0646030542316322,-0.0466891484948605,-0.00276981158719506,0.0230762770130149,0.00974631016904252,-0.0214561561981503,-0.0283094622811941,0.0115390331694536,0.0775209950709888,0.118916881987077,0.0949556903266989,0.0101905989167186,-0.0862948168630618,-0.1372008688797,-0.117287692020982,-0.0472498344399895,0.0249934757597393,0.0600569684096801,0.0521163103956663,0.0237116457962967,0.000795278457119169,-0.00687576328054246,-0.00675619096847272,-0.00922296330746045,-0.0150257848048666,-0.0167879409981326,-0.00997469300951994,-0.000576928391730449,0.000414967810047047,-0.00992601818106409,-0.0208342966693097,-0.0172131925147783,0.00345669309375586,0.0238035058661511,0.0189823854844324,-0.0187257764785362,-0.0662324040649032,-0.0838282423037999,-0.0471327737940513,0.0299972808918877,0.100535866876476,0.117023020701935,0.0691500162449725,-0.00712563894029631,-0.0590928529730347,-0.0591228003409557,-0.0237713292715743,0.00352522909728121,-0.00732999529208864,-0.0442413931327828,-0.0634666962447822,-0.030114856532904,0.0473777885489971,0.117882895225793,0.125965339309212,0.0595559385480222,-0.0363474445634461
