-0.0724003988932249,-0.06309469091643,-0.0378628338271958,-0.00718629932832219,0.0181030952083195,0.032750925613484,0.0383133000444377,0.0395225917619387,0.039558451000385,0.0378122792780056,0.0314043045037822,0.0186629752032922,0.0011210869722222,-0.0174975264867367,-0.0335861953022423,-0.0450895296775052,-0.0512041670263612,-0.0508284234373401,-0.0417365709817385,-0.0222196801686744,0.00580636331665245,0.0354894584573863,0.0571995863048226,0.0630501318440762,0.0513894037079075,0.0280207881564358,0.00285343376003513,-0.0154798813495923,-0.0234636157520286,-0.0228899625503134,-0.0181904495789338,-0.0136308904224891,-0.0117922519466301,-0.0134514846527918,-0.0179148736829855,-0.0227292502214887,-0.0237261400743608,-0.0164278220804747,0.00123264724659536,0.0261550495682976,0.0499924517022983,0.0627645624695557,0.0582248220134726,0.0374672051603692,0.00804579477320187,-0.020378828091455,-0.0406432407906547,-0.0504688032152494,-0.0513939791546172,-0.0456936585991621,-0.0345608227909347,-0.0187794010752549,-0.000285698826182457,0.0174130742277375,0.0305556310448597,0.0374136153703413,0.0394626042409394,0.0395877639572136,0.038609909657422,0.0335565960574943,0.0196552580468614,-0.00501397750983797,-0.0356776833054919,-0.0617176857318774
-0.0553903558402477,-0.0359052030523796,-0.0124324086352533,0.00218944134179657,0.00236114457864862,-0.00699611247394942,-0.0150479449402856,-0.0130979506628924,0.000432337083260962,0.0203165723999582,0.0388096711856251,0.0504533384898303,0.0534344276906706,0.0471621037125237,0.0301092871800884,0.00101772049057759,-0.0371894458953944,-0.0742424080443179,-0.0946305172310553,-0.085879179947006,-0.0474207115721416,0.00698928423139279,0.0552284938879787,0.0779942272437855,0.069327430751664,0.0394950602758118,0.00764425229643443,-0.0103501198537421,-0.0104256437946733,-0.000374730864788382,0.00748125504838778,0.00514234289914617,-0.00658770574616869,-0.0203148567507295,-0.028353267824252,-0.027845796048826,-0.0216174467495268,-0.0149519535629858,-0.0111337716502667,-0.00916830152429773,-0.00473184728643241,0.00641486202980196,0.0247105296666983,0.0455977395617936,0.0612387696780921,0.0635132626609739,0.047258794093779,0.0133314166263235,-0.0297955963588091,-0.0683382500996308,-0.0894229313120348,-0.0870476917229226,-0.0639007975300351,-0.0287767276490872,0.00814911579064238,0.039378801311429,0.0613520666348387,0.0726998184297199,0.0717760649364465,0.0565510414493815,0.0275531499322048,-0.00898597699315618,-0.0416187514836997,-0.0588041273183508
-0.0112374908702488,0.0123718094990034,0.024203437639808,0.0135160443805721,-0.0162219607976277,-0.0488507368059546,-0.0662888004267698,-0.059549629594613,-0.0322970961227066,0.00340697708707326,0.0353233901280578,0.057528949851524,0.0702106301991772,0.0739931271291215,0.0656865885928427,0.0401303941764305,-0.00307892944089475,-0.0535510707401441,-0.0915186926458486,-0.0983513470852202,-0.069052923256797,-0.0171200996149515,0.0320533834261397,0.055789790213978,0.0477058796883294,0.0205403669728338,-0.00379403863899263,-0.00923412405546522,0.00473773934176464,0.0245237187971078,0.0333864354415307,0.0238649332119072,0.00249907182236938,-0.0160030388728527,-0.0200463736246427,-0.00971130270253667,0.0032283241972015,0.00385801436795384,-0.014834346457372,-0.0458360274187729,-0.0707871417932904,-0.070357938129217,-0.0363468308801544,0.0224875965301076,0.0843057680649715,0.124188219407384,0.12477279851664,0.0838479215425956,0.0158807651156523,-0.0544161905802218,-0.103679605898244,-0.119525580804753,-0.103127609234293,-0.0653318501138474,-0.0199359984990135,0.0218614633148841,0.053189795215947,0.0700812665873052,0.0699471663941475,0.0524435615788545,0.0222618316468581,-0.00965074730983432,-0.0297952452767689,-0.0295945492524799
0.0398800392358735,0.0617001282006624,0.057637886816869,0.0224710306468716,-0.0306026079560367,-0.0767795799765332,-0.0948328177859956,-0.0791295168232708,-0.0410152990803599,-0.000193545851134916,0.0280584998161642,0.0411707954345551,0.0467182230478665,0.052132776832631,0.0566040101468748,0.0517149190071995,0.0298703621721862,-0.0063453137693664,-0.0423326639180008,-0.0600562097759143,-0.0507872345158521,-0.0220898504550089,0.00652875879581838,0.0171161722434791,0.00611581879830901,-0.0138244900182809,-0.0240217315564352,-0.0136513998894312,0.0123467540639447,0.0367968524511167,0.0431301028795101,0.028060846453568,0.00403529837006267,-0.0099987545693331,-0.00232491902421559,0.0221057355697751,0.0434208520728695,0.0397210200685712,0.00218388233741377,-0.0575167720933766,-0.111716145518728,-0.130787613498156,-0.0994593226995848,-0.0261099299558664,0.0610261004095907,0.127846653844562,0.149953572349976,0.122443861031465,0.0601040544797991,-0.0112856140473902,-0.0674261102569184,-0.0948750680856391,-0.0931918759052105,-0.0710275191584977,-0.0397666938050282,-0.00852196138805347,0.0168863464833082,0.0323190558911145,0.0346815831895699,0.0238114517769181,0.00524117604097817,-0.00973963579225724,-0.00941099722870331,0.0100563779509363
0.0744732134908074,0.091038901009517,0.0745975637946767,0.0260769002792612,-0.0349929468862407,-0.0806502931666895,-0.0909422263920811,-0.0653929481647334,-0.022556229612997,0.0121373383309742,0.0229132637165336,0.0129317032425484,-0.000836422609189393,-0.00209452741099932,0.0128989089807474,0.0338692373734769,0.0454575747649798,0.0394057984169716,0.0202723457918107,0.000679143014085316,-0.00912712435100248,-0.00889927290162359,-0.00744284194301045,-0.0136847986731671,-0.0274879493713309,-0.0389245409383747,-0.036372001718659,-0.0164804765043994,0.0114249768343502,0.0307074934858809,0.0296269251773547,0.0108905993834689,-0.00942945643534852,-0.0126167477285137,0.00975336621039924,0.0480947114966441,0.0785064809229348,0.0772727979573959,0.0359566558628573,-0.0328972120659446,-0.101521404705184,-0.139821104913139,-0.129790316909614,-0.074995958835188,0.00134474801045639,0.0689232653888113,0.105199016755651,0.104128310309497,0.075207536541444,0.0354727481768325,0.000139493129665033,-0.0232210801789389,-0.0348010464377802,-0.038715042573258,-0.0385668830488985,-0.0353667570658484,-0.0291419955960891,-0.0216948108222234,-0.0166275147817336,-0.0161288273271938,-0.0173677811099898,-0.0123042224630452,0.00691860004481868,0.0399462019882534
0.07618465316241,0.0877538800759405,0.069041584838676,0.0244479199792881,-0.0264825436113098,-0.0591638546546373,-0.0584139654658942,-0.0281597268836535,0.0100590778700368,0.030407142520075,0.019995078654728,-0.0127677125976403,-0.0450022820530961,-0.0550713857468291,-0.0357235574601609,0.00274576861933631,0.0404901209189023,0.0613043879845954,0.0610061088209391,0.0461303740995608,0.0264995290287265,0.00831669643510859,-0.00764010697871239,-0.0223198375750046,-0.0336441034494011,-0.0364347934512249,-0.0272040888202269,-0.00906795525936261,0.00776482592382593,0.0119687946160825,-0.000138447595255555,-0.0205044718916439,-0.0335214870145353,-0.0254403764643633,0.00659166242150718,0.0507192729523548,0.0855932080875475,0.0925581734514415,0.0659725672091492,0.0150072023613483,-0.0419984331858022,-0.0855893975529684,-0.102711497487979,-0.0916282637584515,-0.0611283030467775,-0.0244165467411071,0.0078740498728684,0.031415831547996,0.0471407440037757,0.0572998179980584,0.0620332264654567,0.0586261398092789,0.0438950014197735,0.0179518887125733,-0.0137520373424927,-0.0421616979613486,-0.0595211749988456,-0.0637474950076242,-0.0584630192188724,-0.0487779605571772,-0.0364162270355457,-0.0182946081320019,0.00945682856266682,0.0447297855680823
0.043097466871615,0.0527403024301841,0.0440621492753174,0.0202725680848331,-0.0059391422870284,-0.0191680072624621,-0.0111173976250225,0.0128329744158065,0.0353655263013074,0.0379313765589187,0.0138572931532299,-0.0265165635082132,-0.0623378598123935,-0.0746807743869774,-0.0569977296445452,-0.0181573666125012,0.0236575050929305,0.0520647740422914,0.0603129136345218,0.0514466963317495,0.03348961512524,0.0143031947698643,-0.00107714030495647,-0.010187584577548,-0.0118437680735197,-0.00634906123622773,0.00304146164383216,0.00991362646494036,0.00734284410291975,-0.00731211004571129,-0.029188769521276,-0.0477062936874759,-0.052267209519682,-0.0379788611872256,-0.00846440330640443,0.0257741422685454,0.053186036883142,0.0670759198346522,0.0670172749348969,0.0559702712945037,0.0366800653760897,0.0102897787277696,-0.0222603841381425,-0.0574293762380437,-0.0875258961842683,-0.102650362673292,-0.0952799364715216,-0.0641516901421259,-0.0154218224865786,0.0387792802062325,0.083834304213151,0.10703345171919,0.101741649746343,0.0702799843860965,0.0235877960630139,-0.0230781126101167,-0.0565988263436859,-0.0712593235751634,-0.0695369292570932,-0.0581958093778239,-0.0428940757546306,-0.0250884554489085,-0.00348836462925469,0.0212356580917857
-0.0112774966344951,-0.000627909816258191,0.00936094687451799,0.016542475750365,0.0216450005300049,0.0270955879080189,0.0337547345921337,0.0387340968457679,0.0364170189456098,0.0225714729082186,-0.00128654441600346,-0.0273850221758391,-0.0454491286659636,-0.0480740680484031,-0.0349268340514624,-0.0129842597857317,0.0077928731773488,0.0201872412375069,0.0225348516723516,0.0176381415755005,0.0101941152462924,0.00468614966980453,0.00426247433762097,0.0101998362249698,0.0211774891738367,0.0327001681066714,0.0379667141299294,0.0309152410103589,0.0104672639472991,-0.0171790113440052,-0.0410840376351966,-0.0518926046719656,-0.0474409390741978,-0.0337212981233703,-0.0204901181930267,-0.0136349373517318,-0.00975979291661683,0.00101438763897749,0.0257035280098298,0.0610237351418637,0.092963774769986,0.102658687700916,0.0765254004364224,0.0161637504563191,-0.059499123993646,-0.122705569860701,-0.150409012344911,-0.134177362521202,-0.0819010747152211,-0.0126102408162438,0.0518633283921114,0.0943312217503907,0.106452980714864,0.0897864293162203,0.0539733906340826,0.0127367754844342,-0.021060181302522,-0.0399877500423286,-0.0440713728036686,-0.0390315441080962,-0.0320015926935006,-0.0271679753713181,-0.0240402771182355,-0.0194474856635343
-0.06384895138501,-0.0524884508803852,-0.023503352783847,0.0141661679374096,0.0476304166564225,0.0655443609444765,0.0624072305673578,0.0409120496597088,0.0111333085185606,-0.014050462357568,-0.025176507975454,-0.0203392784315293,-0.00490952429504726,0.0116773139530506,0.0200413279412485,0.0154433732963446,0.000487890731574771,-0.0168434679773652,-0.0285135382016611,-0.030601100434084,-0.0236591798124167,-0.0105074790381445,0.00623398183854949,0.0248635094589275,0.0428103055522444,0.0549200577700045,0.0547599679666675,0.0389267743956141,0.0115496112941031,-0.0157139952168728,-0.0300786152387082,-0.0264182665982379,-0.0119618936798833,-0.00286178638938071,-0.0134507586270198,-0.0437531682779801,-0.0752963174826686,-0.081856392557793,-0.0477558639086547,0.02069642173958,0.0969833666487182,0.146728057766075,0.145202247564734,0.0910334711122262,0.00650074230953711,-0.0753708168916906,-0.127237699904919,-0.137884267048801,-0.112836710681348,-0.0674225637641758,-0.0179674521343275,0.0237569168140508,0.0514850118506087,0.0631410520728043,0.0598824567368226,0.0459847120261453,0.0281781052974614,0.0132199361388998,0.00447597669245708,-4.78915733417573e-05,-0.00621364194019474,-0.0191401383135462,-0.0384064151055383,-0.0567691243240515
-0.0921713514141515,-0.084534099780047,-0.0456202978785182,0.0110548869294105,0.0617529234363728,0.0841825511910279,0.0687515534885139,0.0241004325651726,-0.0261771266260745,-0.0554681270158205,-0.0488136870815285,-0.01072613592233,0.0384126037899417,0.0733358385892835,0.0763636926222346,0.0464512265989927,-0.000739008204787145,-0.0428568013765006,-0.0637245801593515,-0.0600654878429333,-0.0395383416810041,-0.0136990932506213,0.00905281424002133,0.0261665557763272,0.0379632768500887,0.0433140647295913,0.0391506000705909,0.0244363153176411,0.00473910333854859,-0.00826039242607873,-0.00403399372746791,0.0174542379551398,0.0418904967100879,0.0468792566792726,0.0163261094961136,-0.0452152760191142,-0.11010463472792,-0.14234326703638,-0.11944522864068,-0.0461722864606584,0.0472776647413824,0.121103553455447,0.14735314858689,0.123381095503317,0.0683506688684342,0.00812515989891374,-0.0389495571584101,-0.0677811553298624,-0.0827487437907769,-0.0888246572597046,-0.0857168290594756,-0.0695605309793243,-0.0392162331081449,-0.000693395233687687,0.0347613624414407,0.0572661961620793,0.0638967979496794,0.0591774833373036,0.0501256647072622,0.0398265076803149,0.0251384676404713,0.000568843146124202,-0.0344408352952695,-0.0707569991577821
-0.0845583866831282,-0.0870695911413753,-0.0533869210996153,0.00347510712121126,0.0559256732070156,0.0768477308886147,0.0550857715723236,0.00216841424745046,-0.0528140647861576,-0.0782293684493818,-0.0578639969753273,-0.000623052835656251,0.0644780442332284,0.104323759151671,0.0995858180765558,0.0549262098127252,-0.00484981961691796,-0.0504651020098238,-0.0645699894253194,-0.0486425722206981,-0.0185070574131282,0.00711010784325292,0.0177790604982952,0.0151161880349436,0.00729483098266527,0.000624525248892137,-0.00401504758661707,-0.00798790266156764,-0.00937164756491086,-0.00156067673183384,0.0213256384062411,0.0560146998878662,0.0865195884545502,0.0906360876687032,0.0540236960148093,-0.0171257299549166,-0.0954739294407516,-0.146400537218058,-0.147037533095386,-0.0987335648983348,-0.0258028730662212,0.0397107229571019,0.0774938076338767,0.087643427062494,0.0830786580850348,0.075100762230959,0.0643850998747043,0.042258922020659,0.000752175195562086,-0.0558242554561774,-0.108582191000178,-0.134346400219886,-0.120427960769857,-0.0729847559117128,-0.0130270238006903,0.0367217827032907,0.0641709075362629,0.0713403192517713,0.067973839063453,0.0613013291163858,0.050189636773912,0.0279143692315914,-0.00881523608510221,-0.0522823875709783
-0.0453779065369324,-0.0624660199489221,-0.0486176203086898,-0.0108259643534178,0.0285917556223582,0.0455716393374878,0.0294941236129255,-0.0104840444110109,-0.0504074496423736,-0.0646031949553584,-0.0409631059803551,0.010540494517517,0.0627267295369925,0.0873994571796599,0.0723960233847545,0.0284608177694791,-0.0179733988269393,-0.0412342034896136,-0.0312656182600876,0.00181982053758976,0.0349931563335775,0.046976176202442,0.0312563587009206,-0.00165211829215693,-0.0335725530979592,-0.0510598753982801,-0.0514046270527936,-0.0397280926470681,-0.0215892702538218,0.00191096358851947,0.0321769721058812,0.0665125920853556,0.0941123803539746,0.0997689448921087,0.0738372817312511,0.0209812907663315,-0.0402840248245327,-0.0873878792418145,-0.105899016963821,-0.0968623363618213,-0.0741233410696115,-0.0519601219806683,-0.0329850567681483,-0.00824851399454659,0.0309309840897741,0.0810673786320051,0.123846069446992,0.134550540462562,0.0978213784633762,0.0208535748700103,-0.0672575050386602,-0.130879756907033,-0.147138253500675,-0.117129687057286,-0.0625899927962151,-0.0104230509634158,0.0234128236605284,0.0392739223120765,0.0470714256863402,0.0546431723614729,0.0602124810902742,0.0545122282908564,0.0304969326157277,-0.00797001828902969
0.00711921053847252,-0.023417413561621,-0.0363255184799998,-0.0296352065331552,-0.0128213960107741,0.000421023910180122,0.00186576169813887,-0.00656355857893256,-0.0151868821106547,-0.0136560209131983,0.00131018994868209,0.0223403528925327,0.0352752707922557,0.029152055355078,0.005040632649809,-0.023033812296393,-0.0357156300033474,-0.0202918341694946,0.0201345518427306,0.0663491276503964,0.0928716453018757,0.0831059677347899,0.039766330047621,-0.0171914565717248,-0.0630882597923666,-0.0820594058821483,-0.0733010755662766,-0.0478017250522113,-0.0191090873240519,0.00502728633728725,0.0242281417291797,0.0407067791360252,0.0540452941898129,0.0602691073868824,0.0557509790655409,0.0416298672574579,0.0234734152111074,0.00650107379275772,-0.00927866501886581,-0.0297857849086831,-0.0609454344661903,-0.0989711262251241,-0.126388980158557,-0.120825997412921,-0.0708454345569008,0.0134600720805551,0.10193963977938,0.157902754197288,0.157594369337807,0.10339017754844,0.0212453436264279,-0.0547096475770713,-0.0994660616110674,-0.107206356252686,-0.0897730574590375,-0.0649650281803147,-0.0436458749733094,-0.0254031390374533,-0.00383027686981067,0.02433404733407,0.0533387633940526,0.0709825045917907,0.0674666083103019,0.0426898290095873
0.0494310546432698,0.013380929361273,-0.0215142969714473,-0.0457919784568261,-0.0534265577420957,-0.0433419458993105,-0.0192942730129263,0.0114230225957699,0.0395577659460477,0.0556281750059361,0.0528044180266077,0.0301914919443669,-0.00596378796274715,-0.0437942857911676,-0.0692884801931391,-0.0706519496333434,-0.0428098003915732,0.00874386476664837,0.0672640163178528,0.109867446691395,0.117895570922369,0.0871345195310909,0.0307269726505422,-0.0275563480896703,-0.0652252475030206,-0.0714155289782606,-0.0508609197905147,-0.0197504405589346,0.00424447195974788,0.0116052333030853,0.00411271176387611,-0.0090407899106498,-0.0176236092472019,-0.0149991482495071,0.000703621698577531,0.027441685949582,0.0593912943750731,0.0863227586740328,0.0944521092374384,0.070885873640699,0.0117276261797625,-0.0705035533399204,-0.147575747566426,-0.187266684229832,-0.169624845224237,-0.0979060384783197,0.00164868351435983,0.0919862449798612,0.143647093343778,0.147436413380345,0.113419311548405,0.0602544633820608,0.00455346817864855,-0.04378557170603,-0.0803531197147904,-0.102651553003259,-0.107875514348295,-0.0935321766635997,-0.0599834374342532,-0.0132229537164848,0.0348055146217585,0.0705252440252287,0.0848671955486661,0.0762168428478521
0.0636245268106745,0.034945024804159,-0.00688708154340525,-0.0501500321076616,-0.0764684261966486,-0.0700630035826672,-0.0283967129351947,0.0338066784322037,0.0896572270983377,0.112029815089749,0.0877780297383472,0.0260061678286579,-0.046389420738658,-0.0988701819737896,-0.111291247173349,-0.0808417843433527,-0.0211753670943351,0.044134602214506,0.0911782991466134,0.105022459505394,0.0850014389479436,0.0434141891627504,-0.000987299907042931,-0.0307564798399698,-0.0360194149012372,-0.0180210351022406,0.0113463720653977,0.0350218062586264,0.0392033719383126,0.0198456901747455,-0.0163175720286045,-0.0556677148805407,-0.0833367098145329,-0.0879960537887297,-0.0647360533542981,-0.01622970602952,0.0470929740826499,0.108159413584349,0.146853046133454,0.146310042767573,0.100231222034647,0.0176176143897428,-0.0786968769270702,-0.159748758810789,-0.200711869271114,-0.189404677420636,-0.130183769921596,-0.0418182666814025,0.0502626918974402,0.123228654277204,0.162201484782683,0.160405728994235,0.118154865364144,0.0449290161026597,-0.0387738020930612,-0.107056580895132,-0.140102592428824,-0.132288731628895,-0.0923200447731855,-0.0375675928637055,0.0141147256489463,0.0515374986606941,0.0717651627790847,0.0757373750683014
0.0451559831296039,0.0371098919293616,0.00733169261396596,-0.0365125217746904,-0.0707141540427516,-0.0693385259655703,-0.0233839161580242,0.0494109377549518,0.111662956295264,0.127325368461957,0.0843638465473378,0.00321353663339818,-0.0753942538056536,-0.113567425078407,-0.095487479031553,-0.0341070146873736,0.0368428982381238,0.081841993525814,0.0827358902879974,0.0463776709529695,-0.0027971071667562,-0.0385649525508464,-0.0456216121117493,-0.023298205327649,0.0173168735761812,0.0590267799728017,0.085265509040995,0.0863048475792469,0.0620101498167401,0.0198989145326449,-0.0289828333956978,-0.0733900003383402,-0.103758004470908,-0.113263219249753,-0.0985787088854807,-0.0606112732937822,-0.00528980150268783,0.0564181716952476,0.110418593897017,0.142981606603333,0.144319961449509,0.110936553007941,0.0464131891664153,-0.0386458379497255,-0.127027304718709,-0.195834667866234,-0.220424150232497,-0.184524939815992,-0.0922807650980717,0.0287018087494299,0.137956887472364,0.198576144012037,0.190408489011372,0.118704161501041,0.0147839771175343,-0.0778471199459415,-0.126023784266966,-0.121957586669072,-0.0823426736768001,-0.0346845197077077,0.000262026550350583,0.0186356773464353,0.0290242522904195,0.0388503738993593
0.00436721839826431,0.0248756919965343,0.0217596963689298,-0.00576771739422816,-0.036201295043677,-0.0407439988805337,-0.00630928428521846,0.0511355545451247,0.0944593639051773,0.0910442260731231,0.0373709695260271,-0.0370754686007609,-0.088272157880605,-0.0838591645331124,-0.0227751139171592,0.0611548781289775,0.117495683128972,0.111082018072697,0.0443464911521916,-0.0460895535392267,-0.113115544316497,-0.1251084563569,-0.0792709518081042,0.00124006737020192,0.0809711171035415,0.129083240286249,0.132408021560028,0.0985512027246236,0.0477170260026322,-0.000265686973185103,-0.0344585006472778,-0.0535280950002973,-0.0619330999879583,-0.0654595854306683,-0.067669329549168,-0.068000555523882,-0.0620896916825047,-0.0438957530745721,-0.00881942687163444,0.042520661714589,0.100856595688306,0.14781781213005,0.160984397262351,0.123208799988528,0.0320399923534399,-0.0928950504052636,-0.208627297819674,-0.263099028284992,-0.224660401259527,-0.105792762267194,0.0412674807281213,0.153750220076891,0.18986239313277,0.146340672417323,0.0567549713503421,-0.0288676393656135,-0.0723018559890827,-0.066092363942362,-0.0327496610306163,-0.00546696259248478,-0.00312827916736318,-0.018623678986246,-0.0296352507118738,-0.0205292486802365
-0.0384844364094628,0.0086785878347274,0.0357685213969766,0.0329909974989771,0.0145299498460437,0.0047554330142131,0.0165625719507562,0.0388848366190432,0.0449865454591704,0.016577654973198,-0.0372763546951457,-0.0830359388949816,-0.0834472919386295,-0.0220481382400693,0.0800308999541491,0.168180156586463,0.186155669270285,0.115171270018718,-0.0130244457604009,-0.136762802892987,-0.198484382395892,-0.172008352844822,-0.0734563001215537,0.0483477678947229,0.138096126721839,0.16233530737438,0.123473626000375,0.0526168518807031,-0.0116559318928955,-0.0435093152020457,-0.0382180694185861,-0.00861990354060715,0.024051096843733,0.0395183904559608,0.025574128114163,-0.0179832004970887,-0.0786543610126127,-0.133534619798682,-0.155215189233282,-0.122205052576392,-0.0320201977127685,0.0906832484917121,0.200108529946319,0.248747554545988,0.208210398530042,0.0826344137072763,-0.0864195906246027,-0.229823376490416,-0.282855716811631,-0.224872266605222,-0.0937870270511903,0.0396236873153761,0.116287741934558,0.11895142404929,0.0724864003480418,0.0210428727149122,-0.00114412664525251,0.0108021805865673,0.0328808037117323,0.0333466065720479,1.83706836906009e-05,-0.0494167104291172,-0.0825160560500119,-0.0775076611838883
-0.0622249531393848,-0.00111170105099198,0.0463348064466763,0.0651352661931682,0.060860833152537,0.0484860312516023,0.0362768761874803,0.0185670707173014,-0.015532925235909,-0.0649757294402419,-0.108610473767299,-0.114416503864428,-0.0591281406828805,0.0513370528263327,0.172066834877617,0.237119116824925,0.202738010231365,0.0794848117019364,-0.0754105038366004,-0.19166077619557,-0.218030876957594,-0.144680569202025,-0.0108593181698636,0.114032652568107,0.170479519627352,0.141280862701935,0.0543676064797255,-0.039720475364479,-0.0962251152770883,-0.0945118478391978,-0.0413942419705555,0.0370661224641458,0.108589179964395,0.146219619707503,0.13458458381209,0.0714795911332432,-0.0317252257061299,-0.149429354080595,-0.243321269498336,-0.271020766324802,-0.205085266335852,-0.0547751387679906,0.128391489184777,0.272560321054478,0.320557619490649,0.253226622230877,0.0949496059627142,-0.092811511329695,-0.233303867644002,-0.272452414982436,-0.210776939164425,-0.0994218577723461,-0.000836016028157839,0.0510547607401803,0.0614153165937214,0.0571821702917077,0.0613733125725307,0.0759455781545634,0.0819967172969427,0.0577400828046564,0.000735662747076177,-0.0660495078626654,-0.109194477904242,-0.106821215979867
-0.054170124476486,0.000882913388036623,0.0486520974550844,0.076273347533771,0.0828811564902225,0.0721170238815422,0.0444784473715492,-0.00203738752660931,-0.0630207660458353,-0.120010325437398,-0.144133070483604,-0.11010749455652,-0.0133916271461672,0.115709525979625,0.215860581510539,0.2292574893198,0.143847275478772,0.00170142735385586,-0.129878284021761,-0.191654665179002,-0.154483768344734,-0.0361505354938284,0.0993800127739328,0.177505087859548,0.160808238893583,0.0671162232858954,-0.0507889461503141,-0.138239221284692,-0.162189601904288,-0.119887076630929,-0.0338976435100711,0.0625038916501557,0.140965578887315,0.185522980477004,0.189315275920676,0.148139909740834,0.0604309745366613,-0.0657506965416435,-0.204524430146111,-0.309986024862936,-0.32916567017349,-0.23257268488019,-0.0434895488009745,0.16512957841508,0.3105351103217,0.342005344904151,0.255728261544205,0.0888222741829253,-0.0939177467732013,-0.223044925806004,-0.257727854396463,-0.206809851741208,-0.115144290381572,-0.0277196956708031,0.0347052136842725,0.0735661902936735,0.0963097914213874,0.1038970951608,0.0899343604564946,0.0498390690226448,-0.00898496351562002,-0.0664442876160183,-0.0993706709335352,-0.0940211296793938
-0.0161904233529807,0.0125536808576042,0.0385414944502053,0.0590763055740096,0.0707552865042727,0.0662931270507333,0.0370989068542104,-0.0176517484122874,-0.0826399167310059,-0.128374838663242,-0.124897725184025,-0.0590607472357338,0.0516306958297756,0.15614377068348,0.19354322864111,0.13729095237999,0.0173577975403996,-0.102934740827449,-0.164619252238959,-0.134575283075967,-0.0193320156195442,0.125301964230471,0.217267396409403,0.204027433604446,0.0977979273972203,-0.0422832265077484,-0.152432919044797,-0.193292250737789,-0.160283470558323,-0.0808566772548546,0.0031390153317124,0.061574881982468,0.0916876050175145,0.110937810989157,0.133924806602725,0.154258471729855,0.146970272327096,0.0865657894612595,-0.0336445547642308,-0.188200223569679,-0.317755268530525,-0.351222121309582,-0.251814164547897,-0.0520372006304561,0.161869459728561,0.303796688061995,0.329191890471403,0.240859196589457,0.0778730335828766,-0.0963621434844956,-0.215266567660718,-0.241325490821701,-0.184320370814384,-0.0865770457188861,0.00801864425000889,0.072724633103616,0.0983454157223971,0.0877920070198326,0.0524053186889391,0.00798162578462545,-0.0306250009510618,-0.0534903943717998,-0.0566766050658591,-0.0420142661958085
0.0355408982695129,0.0254564759338647,0.0155343515697447,0.0179528636083769,0.029974183772508,0.0351730345793625,0.0165050363347838,-0.0271702637108973,-0.0743910143189723,-0.0917655462353382,-0.0553114639812457,0.0304806462359218,0.124928089593837,0.166202331629456,0.114520023756877,-0.00995973941556465,-0.139178215762956,-0.204213166268657,-0.166875832057597,-0.0299121467241281,0.152295299392455,0.283710677210212,0.28628257750209,0.161381911382972,-0.0169833133554112,-0.161158824313612,-0.215576448367361,-0.17045014366027,-0.0619342294089672,0.0425691091166004,0.082881349458567,0.0459166008956477,-0.0270610552771156,-0.0706900277075285,-0.0402203228069328,0.0586422278622707,0.173709628045632,0.237911353785537,0.203176451897922,0.0612050975942978,-0.146128688750261,-0.331075816118164,-0.39699999659078,-0.300806686012052,-0.0881880494551671,0.138154170301076,0.285255769870071,0.309974442618342,0.218877935339894,0.0567688747247613,-0.105204936503253,-0.197436089114248,-0.190272369500674,-0.108432130893136,-0.00753335786426813,0.0619672613489401,0.0761751691229551,0.0415878231093067,-0.012543707811712,-0.051970634611229,-0.0574253017646211,-0.032514613725198,0.00362685154973234,0.02995623847236
0.0777593957490813,0.0294766292608545,-0.0154109763347774,-0.0315594002346456,-0.0205078736757044,-0.00539238606408315,-0.00901556212848284,-0.0322052874970052,-0.050214224313731,-0.0310311757985375,0.037771583368694,0.13046693409403,0.186575447137033,0.147477714633887,0.00940689016525972,-0.16152994253529,-0.274049131772863,-0.265518175314721,-0.123416319273753,0.105372376997002,0.312112065949271,0.377159449007516,0.262113254968948,0.0410020699150992,-0.164899660797413,-0.264069034174973,-0.222415653230846,-0.0666084432456247,0.118747576378244,0.226597217611382,0.192583010370129,0.03532988533344,-0.159650664781597,-0.288418748775482,-0.278135662059416,-0.123227438766393,0.109184074055555,0.314640620730479,0.403502349734391,0.334164940982749,0.121871049952222,-0.160581961272103,-0.3952353538984,-0.46947649966257,-0.34935717331734,-0.10653729349003,0.135244047066201,0.278611746238513,0.288061151598966,0.183403711527617,0.0255669618060424,-0.104338039240112,-0.146099519411216,-0.0978618994044648,-0.011816999154153,0.0480088996456139,0.0465458271015165,-0.00778712720525431,-0.0735275425520396,-0.103923570600989,-0.0772863617063394,-0.00911113422761944,0.0607825686581925,0.094253937183389
0.0911937494296931,0.0187350758610872,-0.0450187484336538,-0.0692421683370607,-0.0567475480296199,-0.0350044148923268,-0.0283325379397823,-0.0345521164296732,-0.0261167591317101,0.0250277124939222,0.117231967929544,0.204405302466672,0.214959366268024,0.106467876072107,-0.0868938942317183,-0.26879471502664,-0.342142329015831,-0.256206049460593,-0.0272726984809081,0.246682858598569,0.41249351690056,0.365335295643157,0.13849542804433,-0.131752401649662,-0.311649365004852,-0.327078709494469,-0.170619706361932,0.0892586819236646,0.320199654643584,0.397897098045249,0.284850427982766,0.0390736234733943,-0.234866943886296,-0.430991211339894,-0.468555700958949,-0.321138452745386,-0.039503706422392,0.264196297038217,0.471633085431795,0.510611575105249,0.36978119480584,0.0905886086372528,-0.233842128534092,-0.470697701813193,-0.509294765773635,-0.341454466604082,-0.0714130378978701,0.163215262003891,0.2751621328104,0.250321674684682,0.130973653548702,-0.00624440105369296,-0.0850252449234142,-0.0760534543780585,-0.0148068118799622,0.0331356143445395,0.0247741922185185,-0.0346260930032052,-0.10116345101685,-0.123655164527698,-0.0788742540410152,0.0115846107545201,0.0957233946473091,0.126286486306042
0.0697629851171552,-0.00474398598620107,-0.0632192816123366,-0.0792603973623545,-0.0609385351656466,-0.038199936411913,-0.0323580097914699,-0.0347841498296137,-0.0141810450535394,0.0533814715877141,0.153343804576679,0.225149532404639,0.197518806671491,0.0512493559432914,-0.151654073725341,-0.305830129714521,-0.321997438253937,-0.165732998264543,0.11130479137715,0.36189494766172,0.422236735009638,0.248530930410668,-0.0478970648374713,-0.305896147554593,-0.413249001127778,-0.323740342300323,-0.0642801271778214,0.247420570143165,0.452486748138931,0.460019176187858,0.294502808082231,0.0429056743601846,-0.211124781850921,-0.404285168195908,-0.485997771541539,-0.422576492341463,-0.216818268089008,0.0735539573958489,0.346583577480356,0.503949715156192,0.494460376698404,0.318531120319354,0.0215443794506582,-0.295858957643105,-0.493003285653957,-0.471920739974587,-0.260931438022751,0.00630070531149225,0.19639055735326,0.250479632597234,0.184323121097791,0.0610140433642485,-0.0396296573328784,-0.0657590663378816,-0.0283584468922681,0.0156414362227816,0.0175145197801891,-0.0270767626542257,-0.0822181741501603,-0.10062219467263,-0.0583420957609065,0.0248092828616072,0.0974837336978211,0.114714365807887
0.0230670186503029,-0.0316925564394836,-0.0631282582564387,-0.0570347484007754,-0.0298547337369544,-0.0123498000115439,-0.019131477559105,-0.0327770877140458,-0.0176785166377098,0.0469636483016418,0.137693488264646,0.188341944514866,0.137967330576476,-0.00971023342161147,-0.179930372002206,-0.275209246287532,-0.223028442113036,-0.0136474469350517,0.258978760759014,0.41793005918864,0.338187763519403,0.0654449129176875,-0.237261745694149,-0.425723344466549,-0.425331251089013,-0.225724980111831,0.0907387550237766,0.355859365361389,0.436543782647698,0.341051772457279,0.172013628613241,0.0148546102534979,-0.102096038270649,-0.187154209893515,-0.26111610417261,-0.324662119341522,-0.328808699081023,-0.209830163682569,0.0268283776390933,0.284397253910581,0.446419462070041,0.446040531199475,0.275143972626591,-0.0166368827048698,-0.30861447358554,-0.448729355155847,-0.366487740831387,-0.138326652623379,0.0853950239114325,0.199070511290062,0.183851726302466,0.0840931852711582,-0.0250336177095114,-0.0767965796045985,-0.0565181728126992,-0.00607983950128113,0.0219361987591965,0.00871151461926597,-0.0255425150508222,-0.0439913670095527,-0.0230724467089787,0.0265619497065899,0.0670666541931565,0.0659526925581271
-0.0286183932800058,-0.0498763172773862,-0.043592003944302,-0.0108846370893706,0.0233448040962623,0.0300805239534093,0.00384631346465586,-0.0292732258009839,-0.030944710166488,0.0167365263437531,0.0860581211686016,0.113929224467912,0.0558337647745544,-0.066683008571846,-0.178852616109503,-0.199994184768004,-0.0808590673297038,0.153188734385997,0.36820529914143,0.393796720340773,0.185098720133902,-0.12932981869118,-0.377057309143081,-0.452453292485397,-0.317865155560196,-0.0174445745396315,0.282195258412542,0.383328222580456,0.250031006477404,0.035713797926737,-0.0912790671082427,-0.0761801709498316,0.03876560802233,0.159481066967644,0.165963121471022,-0.011465285646644,-0.293798648127721,-0.477259447941863,-0.404285280283955,-0.107246481496961,0.233914813246982,0.44729787718447,0.455055429015919,0.264360447251378,-0.0395866404424596,-0.297699744075304,-0.363771433207855,-0.228555047640996,-0.019776672441442,0.124350918213145,0.147726047581344,0.0728792116421609,-0.0344574663862039,-0.101055421239207,-0.0911726082725722,-0.0294519497262243,0.0303210412892781,0.053873249836573,0.0428798627943193,0.0209731415030955,0.0107605902614275,0.0150203783563556,0.0168494642707118,0.000774760805926984
-0.0636802532860097,-0.0496503278147508,-0.0097268929859244,0.0415926744316535,0.0749084571621939,0.0670603668184134,0.0226262297211693,-0.0266634099025776,-0.0439023439202689,-0.0157783294031574,0.0287897385484369,0.0358397552792637,-0.0208386262658257,-0.108087219479453,-0.158303592928076,-0.110370762629049,0.057024349614666,0.279135546438971,0.399555433345201,0.292341236015468,0.00359587821455722,-0.291387280858554,-0.442661658270778,-0.378245897559452,-0.0952100125211407,0.278917248279617,0.482441024779787,0.337550868443006,-0.0450790839031594,-0.37853889399654,-0.455081327692758,-0.242956081939997,0.152534314106887,0.530207845626425,0.657014703829997,0.409721333742145,-0.109658775169253,-0.609927137451941,-0.788652052323634,-0.55147122340436,-0.080617494739335,0.339383323272477,0.530977968835461,0.464546032379164,0.206307596000066,-0.101195864623826,-0.282060497315897,-0.252776463626159,-0.0917369810668333,0.0552268147440056,0.102246655922775,0.0502307470466963,-0.0473029654520103,-0.118698223549914,-0.11561826289218,-0.0470813860582157,0.0357456581052724,0.0870661268257699,0.0927976589131892,0.0652624374211516,0.0265192305065095,-0.00779630469202554,-0.0347129817989561,-0.0552164547001257
-0.0683626918966352,-0.0285982559073484,0.0282344051087869,0.080517197927915,0.101493365133852,0.0783004434544884,0.024444565785454,-0.027842827021949,-0.0484309130125837,-0.0314196359355115,-0.00596694322815278,-0.0144678348527613,-0.0664806753584114,-0.122737408182385,-0.125374490979924,-0.0322672423894326,0.149827425766091,0.325408753128318,0.343177252205214,0.142048289974963,-0.164642425315623,-0.397934922839636,-0.438154024160719,-0.229700604431532,0.188953608167939,0.588942078651741,0.645595081057511,0.260727624781985,-0.321860403789498,-0.759489754685653,-0.827671407132643,-0.463632417678003,0.195585483850921,0.813749717557279,1.04114131733077,0.762282601414654,0.131148753631921,-0.558098244609464,-0.968234494681004,-0.877972275612422,-0.383635927829354,0.171807215640885,0.503754680929793,0.540090841772506,0.347078192040768,0.0516171753826942,-0.180261174893558,-0.228917586531291,-0.12220683610991,0.00995027846056551,0.0682498741566927,0.0368736357348948,-0.0439419188091684,-0.111143620024631,-0.113968775092523,-0.0504006948539201,0.0353261130203304,0.0941717003857398,0.103948479135945,0.0707791251494496,0.0165298400558609,-0.0354691558650784,-0.070469788840057,-0.0823486517489736
-0.0423705576823282,0.0063275205417935,0.0576739522711684,0.0915817348220172,0.0912876223122923,0.056300663586143,0.00555602405324497,-0.0337345932981108,-0.0423948201919128,-0.0236945913812333,-0.00672906604031073,-0.0227356728656982,-0.0689772682259908,-0.105320183988542,-0.0844434262173301,0.0193882768108989,0.178564156195029,0.287283322580719,0.224273107340481,-0.0125199142540319,-0.28515558333304,-0.441237213852803,-0.383026837812415,-0.0607636526059428,0.438163530453116,0.803991238635964,0.719344925946187,0.198315428726043,-0.45751536537221,-0.953838301091787,-1.07205990971113,-0.664565543043198,0.148508109021895,0.909606183632119,1.17910517758401,0.902083445517157,0.305518673839873,-0.372967076872456,-0.879763461581734,-0.944083115997,-0.541115500263742,0.0180348190145492,0.394916248441662,0.482645510335796,0.349250390979484,0.107844678930448,-0.108446320272403,-0.185004064635935,-0.118016156833824,-0.00781895684953531,0.0526066251923053,0.0398245772247332,-0.018528732820682,-0.0734199105239649,-0.0813869029489229,-0.0356231008121955,0.0300891027217802,0.0737236168269688,0.0749455022909939,0.0390622082811634,-0.013264275081821,-0.0584097735470141,-0.0803074145483416,-0.0739760101416802
0.00100488153765032,0.0404869799376124,0.0677500566087237,0.0718246343952352,0.0495950009621298,0.0107194718830347,-0.0256342231490965,-0.0412667973917669,-0.0291142347974254,-0.000512035963051642,0.0171107132743376,0.00232093122394241,-0.0356926695948147,-0.0616984620712549,-0.0401364250239224,0.0422105873884677,0.150242941092469,0.192186440310155,0.0894514328084028,-0.125899145794806,-0.331829464996878,-0.416055622044945,-0.297161428747045,0.0652817564183012,0.547567582647389,0.827781082876949,0.666696053929751,0.166261728133074,-0.406401314517699,-0.871106931905453,-1.04911708073208,-0.726502321511892,0.0312680593163297,0.752003794423337,0.999770968892595,0.778672794504534,0.339078781360838,-0.158019890311957,-0.582334838308975,-0.714885773747027,-0.467084232474182,-0.0525626622412676,0.241357674214907,0.315423105226905,0.228133060509182,0.066072485517751,-0.0828147923528466,-0.138265613029731,-0.0897743281393209,-0.00449688158123903,0.0489195094454078,0.0505632484525183,0.0175368690578533,-0.0185387314612644,-0.0288952193036997,-0.00802417391699202,0.0224939241989363,0.0361510604344986,0.0226259697757511,-0.0104614891031983,-0.0459683576705432,-0.0666233300221102,-0.0632737828793894,-0.0376691520836282
0.0406007125432539,0.0574776079894853,0.0537490785758482,0.0304303468352126,-0.00421684296066566,-0.0363802882367981,-0.0520203445227806,-0.0434853803470027,-0.0136968379258207,0.0222677609880542,0.0426463539711823,0.0352767510399047,0.0100251681712182,-0.00868843780455805,0.000793757617291953,0.0428245102715678,0.0889447812570036,0.0809112133787187,-0.0168476487961184,-0.166616099851965,-0.288506367437364,-0.315509211714501,-0.191260937379145,0.104320569736786,0.454026158960206,0.620805336026041,0.479726810197397,0.145046700876055,-0.216313203935598,-0.532704461161587,-0.7006070154647,-0.546249885897625,-0.0881816759721448,0.360834596112576,0.525237586885244,0.427644267994201,0.228256892833261,0.00548534116722738,-0.197123162831011,-0.277108588385705,-0.183851718009463,-0.019319806755667,0.0826705260326656,0.0886253781583978,0.0363855710984806,-0.0333786298607225,-0.0846806602628372,-0.0871963991361619,-0.0435941772567159,0.0107626159219325,0.0449293232659755,0.052653719170529,0.0430972575503861,0.0292539674234062,0.0213046483217124,0.0192911738231984,0.0137419372112013,-0.00273630159361272,-0.0276041700894872,-0.0510362674167429,-0.0619406588969194,-0.0533670005366653,-0.0266306527787595,0.00892539175881708
0.0571187759221378,0.0472075366276056,0.0194382366639413,-0.0161476056997305,-0.0467614764804697,-0.0616895866824399,-0.0561285039712579,-0.0324929119667967,0.000488615948009491,0.0304677401415607,0.0472171205993206,0.0487335803675845,0.0412886883442723,0.0336129063487697,0.0309857791856434,0.0308060354338222,0.0203854007881161,-0.0149311820331369,-0.0727936967750925,-0.128991483367952,-0.15729952132101,-0.140420347532879,-0.0648466699501236,0.0604053702879084,0.177548692267342,0.218282796046678,0.17571237773994,0.0975100592016561,0.0186657874395454,-0.0550944752848208,-0.110301351474804,-0.128349168130163,-0.126574584652234,-0.12831719615222,-0.112678037446207,-0.0597337370476155,0.0133756140546788,0.091768150718438,0.170483123318242,0.217185109794282,0.183079061531746,0.0697176826808402,-0.0570644349311855,-0.136641194332903,-0.157129109491371,-0.131581467187139,-0.0769007031241291,-0.0185852654807549,0.0184011504989002,0.0300927281777687,0.0305886487204624,0.0330688969957733,0.0407171342818523,0.0485904343421293,0.0480126000054102,0.0323562109830264,0.00300004748555525,-0.0302256195153382,-0.0549084986216773,-0.0619718797488169,-0.0485129642975697,-0.0187995351177941,0.0168288100235735,0.0456035294142157
0.0425503273617958,0.0117049217597203,-0.0240106704665289,-0.0518689271533658,-0.0620408463399015,-0.052483440044372,-0.0296219671904892,-0.00444149780656526,0.0128959779342167,0.019090951034771,0.0209358915978544,0.0282651907777861,0.041995642739784,0.0524546918759812,0.0465700238752761,0.014523487652516,-0.0391599975430944,-0.0851595719900888,-0.0869464374461522,-0.0386050913029099,0.0310493097178576,0.0859439631410228,0.0860603510056049,-0.0084147472260809,-0.171955852408486,-0.275511554245477,-0.208444448266349,-0.0109413067037371,0.212390219201572,0.414769996347145,0.524912297497063,0.383874998343001,-0.0504934663091034,-0.5206093460221,-0.701772548731779,-0.551685214210813,-0.241049965842486,0.118492102799537,0.459411572872085,0.620430151790391,0.47465753006421,0.130011524407528,-0.17532488312254,-0.311930245371366,-0.293719305818889,-0.176676581690096,-0.0264268448059323,0.0769127902122439,0.0906524582788818,0.0461815760167123,0.00248022772399023,-0.00930154842199368,0.00819760800071953,0.0340028359200293,0.0432968216789304,0.0246941370092638,-0.010962674817034,-0.0419219628055402,-0.0522875378707315,-0.0382909925580141,-0.00693332249504276,0.0280259797491051,0.0525676586701655,0.057935877461236
0.00420531447288019,-0.0349062707426443,-0.0618814293997739,-0.0671697594112175,-0.0482435865740785,-0.0133826865958787,0.0205256463667538,0.0359951969847985,0.0243356073104873,-0.00567409117897769,-0.0282483137842426,-0.0204530847323831,0.014505678411254,0.0489219932333155,0.0507407909672483,0.00114767219411092,-0.0835575820301426,-0.137593934333733,-0.0906961227609779,0.0535624880712581,0.217774052565836,0.313384034324391,0.253993714581559,-0.0244340689088406,-0.438437758041261,-0.708733233073628,-0.604638199804778,-0.193710847597555,0.303724300958557,0.751258699883734,0.996836511425743,0.788881608657722,0.0921346478643636,-0.682243520889054,-1.04442166446942,-0.896410225931871,-0.44515674462031,0.124420059375606,0.638575022694893,0.831705752269903,0.578920128634925,0.0990336928820664,-0.279134440487043,-0.415108126294801,-0.342772662411636,-0.142317571503672,0.0767628737551515,0.190173402090717,0.156778141749863,0.0498084186918164,-0.0363695331898466,-0.062196730996322,-0.0384513213503978,0.000143146908084316,0.0174029927728794,0.00165831179326611,-0.0272468867628764,-0.0413065196941988,-0.0277110292179432,0.00761056583917223,0.0469704796916532,0.070913428189186,0.0688715556853651,0.0431123855003196
-0.0390463136019165,-0.0722074548531706,-0.0806347393458183,-0.060915284988835,-0.017217440899435,0.0352760493626628,0.0732216036469491,0.0752944966309522,0.0345858644184522,-0.0306953852550219,-0.0794541831070151,-0.075921006039857,-0.0234200207784282,0.0363601311722846,0.0537943279768391,-0.001145133356872,-0.10992032563831,-0.183944317279949,-0.1194234568435,0.0897159026258646,0.334058519990642,0.479275700912079,0.410871528002012,0.0544326941256136,-0.500801321290004,-0.928505750039145,-0.902175274993616,-0.419370537820433,0.256401481720041,0.866518927027547,1.17569406976142,0.949389737271923,0.212572337998923,-0.615250860501331,-1.06125801509332,-0.977842459862272,-0.501755664673051,0.151225061150592,0.693674183349193,0.8156153938849,0.474264211662341,-0.0280047060738351,-0.368962577914405,-0.445429315322576,-0.301989472712843,-0.0331649091230605,0.212032849616926,0.289788093683683,0.190119516942172,0.0300288282402698,-0.0797933309841673,-0.106306504263937,-0.0726420058823061,-0.0254269335569673,-0.00649448881582103,-0.0218262488412328,-0.0416260514309349,-0.0354672967066582,0.00195578204040504,0.0526870640708878,0.0895946665659057,0.0926813087645232,0.0609394239061706,0.0103003985548718
-0.0660883939188173,-0.0820269473698419,-0.072081075474341,-0.0388081821076332,0.0121842605259374,0.0669833190970806,0.102657484585192,0.0967075669451762,0.0412914311224147,-0.0438236014862999,-0.110945732171076,-0.11385364307444,-0.0502992898145331,0.0315894434731361,0.0683420683503628,0.0170959088247846,-0.1117596601626,-0.224841374908743,-0.190315409115887,0.0308526283904946,0.327480072847226,0.532748570898012,0.516110545640368,0.205569986043209,-0.34081288737582,-0.852475864926624,-0.979921202177744,-0.601531404661913,0.0790563986351252,0.725530181358403,1.0377442638388,0.847113086713447,0.247133115542325,-0.422647287105754,-0.81600253839848,-0.779210117799376,-0.362446271905654,0.220766102682191,0.631671801553734,0.608702528748792,0.223418466010104,-0.204637085746138,-0.432036812500251,-0.408917139441809,-0.186568653863278,0.120698427528065,0.33550828107979,0.334114306253846,0.165150863362653,-0.0210336319484863,-0.121984471834004,-0.125489361102208,-0.0713552972918469,-0.0172367778479139,-0.00510008525464579,-0.0292051374425394,-0.0481192186289996,-0.0305180243327143,0.0201857306067149,0.0749788686182304,0.101095216517674,0.0832231598207465,0.0324922725086599,-0.0247332312540778
-0.0633324878797134,-0.0562268012730439,-0.0364762631706884,-0.0102073461334687,0.023447926066701,0.0623080981948352,0.0916207305197599,0.0892150453024451,0.0413552966313041,-0.04034193064502,-0.112030188921841,-0.121246666015732,-0.054523230718631,0.0433638572210626,0.100931308251093,0.062220571949876,-0.0788789406983149,-0.243408323266909,-0.286618710887796,-0.120285492475779,0.183597347479485,0.451019009785478,0.534474418628137,0.362135526767845,-0.0451471947096355,-0.521628761948553,-0.78493465614012,-0.636896090342228,-0.150881625932663,0.378635304915053,0.652236248247425,0.550950354771177,0.183943861781673,-0.218450441105779,-0.4493849405897,-0.394985451007828,-0.0750841414067916,0.314504904677397,0.48468412150575,0.303943964784277,-0.0673576620497148,-0.364003404387048,-0.445988376532771,-0.309258258184115,-0.0208683053310004,0.274975506267333,0.399933938383383,0.294017316502856,0.0736269536047415,-0.101445203301334,-0.158479383253112,-0.114012503379631,-0.0273043915485935,0.0334077104694165,0.0310443346145313,-0.0123276324794734,-0.042997534947093,-0.0291073554043273,0.0188041379586467,0.0646924060516773,0.0756615304295963,0.0448605473146302,-0.00607210416362938,-0.0474164484046718
-0.0305196135206711,-0.00102790407060627,0.0162312900437189,0.0151709991771914,0.010326915334632,0.0194048196812634,0.0413298904107706,0.0543288229714725,0.0339340885200815,-0.0239041145170812,-0.0875189687320787,-0.103026835406717,-0.0418224218431373,0.0647345831718989,0.14459653214683,0.130139630630503,-0.00559268756688731,-0.213412825300787,-0.359399050380444,-0.310069729611112,-0.0622607173389416,0.244283982386443,0.447190126565935,0.455207226586593,0.255598569003437,-0.0810981016265384,-0.388553859821302,-0.481752746800691,-0.313449793249545,-0.0305426568538228,0.159605272114148,0.165767836051968,0.0492908254005822,-0.0701403326951858,-0.0953284491106674,0.0212332358977284,0.233847645170702,0.380122731815273,0.29847380441653,0.00818821814644748,-0.299131721904263,-0.449183420327345,-0.389275643439868,-0.152149696579314,0.162443246116061,0.384960839597135,0.378016338801372,0.172332222657473,-0.0658395095789171,-0.195678662379817,-0.184153096407931,-0.0765573547948074,0.0478065248510772,0.112294136167546,0.0901890152172451,0.0219565287880602,-0.0286986841776376,-0.0305665359109026,0.00127150872394926,0.0289792596724269,0.0247988558261189,-0.00815905969812098,-0.0418473609295457,-0.05027622616522
0.0192845487143434,0.0640872808648267,0.0684392078864121,0.0299754867279167,-0.020460496920661,-0.0441405827438084,-0.0278356559561888,0.00680106599018459,0.0227774762463194,-0.00234296534094624,-0.0529158891159604,-0.0776348476191384,-0.0317204404553857,0.0750292147272627,0.178384644501688,0.202169658624814,0.0985716149245941,-0.119517834409957,-0.352741296045308,-0.45032470986915,-0.326107812437741,-0.0403146986511905,0.25666681444323,0.4392584425724,0.452822385933691,0.301266511064262,0.0467454624008066,-0.196053368166694,-0.325382152002448,-0.32828844754084,-0.266352912016938,-0.192180965784664,-0.108459673209057,0.0053474400911819,0.159371937329791,0.329175773972506,0.433625864190514,0.368177601822859,0.114169393215263,-0.20404190255838,-0.416120759394428,-0.431923650033488,-0.256145677125004,0.0416123568160098,0.322222641903308,0.42005455173801,0.276696405179113,0.00660050496655351,-0.211846940558086,-0.276488409627044,-0.19052301482989,-0.0230148942006865,0.129274801678818,0.188109470323595,0.143721390216232,0.0537079454686854,-0.0142047312005818,-0.0328162221472453,-0.0203345375544746,-0.0123105084384254,-0.0281732888413096,-0.0554787987244321,-0.0637571624410568,-0.0348083512553712
0.0650923976328738,0.113432872555529,0.100815261435156,0.0308370016868896,-0.0534891670172187,-0.0998550461673291,-0.0853326744255737,-0.031133721396324,0.0159243366369326,0.0178892961785649,-0.0244333746494901,-0.0647776818447832,-0.044707562887921,0.0515958153895687,0.176161148629205,0.2494124215393,0.20570236810081,0.0246726842812932,-0.241096841797135,-0.46201246821333,-0.500135176768644,-0.316833229342212,-0.00290769800310327,0.300313580604704,0.487714445565333,0.510078209578834,0.363497346743923,0.0952574755072147,-0.198212452137852,-0.412858196164313,-0.486827634467874,-0.414174360619844,-0.227155266263613,0.0243168911253219,0.278184679534191,0.452525949015579,0.45924092713684,0.267015989702028,-0.0415302033700138,-0.309204017240279,-0.412814453382409,-0.319202288328836,-0.0697270824372732,0.228592877647259,0.416242810954457,0.373919759028347,0.132933488144823,-0.147728934453504,-0.315823772432622,-0.312267313433343,-0.166096154403311,0.0365836189775962,0.189980263257418,0.226992869637224,0.160770564841024,0.0606055253815035,-0.0105128475421548,-0.0343734702449483,-0.0328023761212315,-0.0375225545267655,-0.0593470794793774,-0.078807329365009,-0.0656695826270991,-0.00965358809686993
0.0869446433169376,0.125921372887445,0.100096794949639,0.0184628550105305,-0.0734978133776096,-0.122850271273866,-0.104911446462113,-0.0398760828638416,0.0219553113506997,0.0348704757096684,-0.00995262617666783,-0.072656306835523,-0.087546076732695,-0.0150376597456899,0.120405210348823,0.244271627877021,0.27832048068896,0.176790413562012,-0.0512104497089955,-0.323705455438805,-0.504138981891865,-0.48203606562755,-0.256299822819953,0.0671990078175981,0.354102781633073,0.507237953496456,0.481340490869817,0.283738876885405,-0.0173592948600078,-0.305077947545603,-0.464525981705476,-0.439648331889095,-0.252209445438835,0.01962635490366,0.27086578894397,0.395828948455054,0.331560519458163,0.108190820768274,-0.15419242893549,-0.321055575440242,-0.31849664149,-0.148928174084808,0.11839741739827,0.353309503666866,0.416488570430235,0.264364532403152,-0.00670535268942891,-0.243161342124455,-0.341214026019876,-0.278884143994352,-0.102388363873866,0.0936527495058198,0.210774416176871,0.208748126052805,0.125131791657859,0.0312726376964931,-0.0237211449472254,-0.0349578556678459,-0.0290295706767631,-0.0343698308815586,-0.0553891284140955,-0.0692872747649124,-0.0479783181312025,0.013663364351041
0.0751005405980119,0.0947534230670595,0.064830852871706,-0.00349165558089405,-0.0733091963432915,-0.104014251882738,-0.0775756208784829,-0.0129841106434803,0.0439382959427217,0.0502083275609924,-0.00572561713642335,-0.0919299911583281,-0.145341248250116,-0.111050858121068,0.0139734516019077,0.172830760519867,0.28416630995332,0.284454427834801,0.150276270471838,-0.087404267303772,-0.334995314238626,-0.467865644602919,-0.407690808954169,-0.180791233634756,0.103145099954275,0.323931335107137,0.404610377637738,0.325874388735009,0.125649782809592,-0.108750675011023,-0.272046652941953,-0.292944858959628,-0.171818386327269,0.0220526806493571,0.185290873944207,0.229424810483294,0.130132486617244,-0.0532949895089697,-0.214625720245052,-0.266041383646637,-0.176530965509675,0.0240721896461416,0.248096926141026,0.374483842882327,0.32289388786885,0.12316079400361,-0.108186910687967,-0.259141141768627,-0.277996338814291,-0.173159696338162,-0.00375020273237812,0.139743381399241,0.187338500437304,0.137117624294911,0.045031942367075,-0.0270473050646694,-0.0502590725765649,-0.0344382673709119,-0.0108141279956579,-0.00537381478013621,-0.0194139688826767,-0.0313510770780276,-0.0173985354851154,0.0259641474881062
0.0350987234795089,0.0310247437363449,0.00618353274936607,-0.0297236658461408,-0.0561993315012756,-0.0535338172077698,-0.0164758505122009,0.0375046374927261,0.0747619458629814,0.0649368414245349,-0.00069064161104385,-0.100683568622321,-0.186120615894815,-0.200454726237857,-0.115293108143653,0.0438072150623767,0.208820458676749,0.30728811412442,0.291813262272921,0.15261019646363,-0.071038917150135,-0.288733207676425,-0.395944586032879,-0.340948221659094,-0.161147832530516,0.0481886519136255,0.196789289828488,0.239117996472029,0.180346137547019,0.0664850617033888,-0.0355871911961827,-0.0714070027340354,-0.0315887458823442,0.0418067252445294,0.0832727501542702,0.0485241506877346,-0.0533378191220474,-0.164264685066967,-0.215818729142416,-0.168858484672595,-0.0298105067366651,0.148866153505455,0.280791017568735,0.288850601370567,0.165155930418419,-0.0166522396263729,-0.159475526294299,-0.205020342186572,-0.147039718711762,-0.0208066290256836,0.106551080979998,0.165367704387396,0.13071020964579,0.0384724817518634,-0.049685870062593,-0.0906556875627338,-0.0771647274784566,-0.0313866552711248,0.0134229876557968,0.0343854824162493,0.0308246783346815,0.0188919242235998,0.0154805537369042,0.0246030923235666
-0.0145084811505197,-0.0406824698946727,-0.0560615860422972,-0.0539671547965511,-0.032405916012986,0.00505496044181315,0.0490868059980059,0.0853856946507952,0.0982462501718837,0.075819973046211,0.0142442600814777,-0.0786252001997161,-0.177619839906028,-0.239630522131585,-0.220881972124247,-0.108083107087059,0.0644628662008828,0.230977555491365,0.326684685648673,0.310180031660593,0.175617049096259,-0.035915476994793,-0.240124550725185,-0.348676820419167,-0.324049511642528,-0.198978392303705,-0.0439391409601717,0.0797912629403656,0.144312154724624,0.154525458412183,0.135274807210037,0.112250808602955,0.0933886579561112,0.0650075523221079,0.00889878361941411,-0.074116306415237,-0.155493984990447,-0.193278934233418,-0.158181170255513,-0.052206738857803,0.0876361750424144,0.198652502093093,0.21999115479745,0.134850744718412,-0.00846740838155392,-0.12820459002331,-0.165398302339429,-0.11002312976131,0.00734596881405956,0.129344594355522,0.192011131494631,0.161695504526909,0.0607173178944311,-0.0513156103171903,-0.121596413758039,-0.129935136514184,-0.0873799687782182,-0.0229466890386461,0.0334150581248144,0.0650070456152558,0.071387832655557,0.0606827879515463,0.0404078315139015,0.0143803461366856
-0.0510909378587172,-0.0926078822206753,-0.100302691336989,-0.0693974469103677,-0.0128417909525012,0.0463892400528475,0.0877581873236107,0.103164869935832,0.0968658533312577,0.0755074811661652,0.0385342301973715,-0.021642024284007,-0.107682508419738,-0.200764852864599,-0.256885345790927,-0.229589931323388,-0.106374889374053,0.0750456416575243,0.245890095603864,0.33989143699409,0.317355677035426,0.178858035708419,-0.0279922584181138,-0.221455868339893,-0.326204412621361,-0.31481621473434,-0.213851536739615,-0.0758022113816132,0.05230270159153,0.143165773589872,0.187735811144942,0.187158603391825,0.145493630628896,0.0691682958833654,-0.0267410740057674,-0.114640345705568,-0.161114128451648,-0.142263882511649,-0.0587072571748153,0.0585909725522291,0.155950208126412,0.179428597416517,0.107690170106454,-0.0258018326209701,-0.147789972093242,-0.192077114572073,-0.137173614195992,-0.00925070943034683,0.134164664299036,0.225588151791026,0.21997934583984,0.125027087248076,-0.0038804014248305,-0.104404514602104,-0.1435216406623,-0.123433121072861,-0.0682005999607701,-0.00673049205798255,0.0415061969076667,0.0709943585988226,0.08327248826888,0.0779502749051712,0.05147540470826,0.00436922937272035
-0.0588270661731613,-0.105421017685307,-0.110720690365692,-0.0698473359789447,-0.00346468690708874,0.0550241999414492,0.0813818155629813,0.0764800521361754,0.0616414792163198,0.0567717596700604,0.0614566148639143,0.053512290645718,0.00524363249781991,-0.0909190976225987,-0.203765322055172,-0.271539733114931,-0.240501452896648,-0.105804808742739,0.0814539294288316,0.244565294184769,0.319899203783393,0.280047845503468,0.14110624408767,-0.041857628059108,-0.196805888288104,-0.269686491315967,-0.24809443631712,-0.157529081021915,-0.0400693721474206,0.0652581447481491,0.131814604642386,0.147202585544161,0.112670807165504,0.0427029659801253,-0.036381652370411,-0.0923155384441634,-0.0981573513081124,-0.045392237329753,0.0473287868736408,0.136530017321876,0.171215849511991,0.120933111299643,-0.000625646714011677,-0.136209499474987,-0.215758038965208,-0.196925265832158,-0.086022676943239,0.0681548803986989,0.195891050894703,0.237906181227087,0.179491408152354,0.060939019208121,-0.0520736427297289,-0.112204530929297,-0.110727002571056,-0.0692115818637066,-0.0194745442482808,0.0162248977361129,0.0353629463203054,0.0482052801323366,0.0609209773574832,0.0660365542200233,0.0486922302707216,0.00247087714716304
-0.0358183226195673,-0.0762305875847325,-0.0836432525281889,-0.0523182635400028,-0.00273850538496589,0.0324875513849383,0.0339873107498911,0.0120947902229424,-0.00178294991012815,0.0178743754357131,0.0684342159619878,0.117111666229628,0.119358253444013,0.0479165215760357,-0.0832721641315412,-0.217325594912484,-0.282659215238772,-0.237625253611457,-0.0986980925338715,0.0712262566362989,0.20191366382952,0.249198959805373,0.206301637873113,0.0996515524529946,-0.0239220056647231,-0.117675312958996,-0.154986378081537,-0.136542285672978,-0.0829595083036161,-0.0217054185177978,0.0236668556941183,0.0397641246304201,0.0259030520751773,-0.00637757008289515,-0.0370685225481595,-0.0446559436266139,-0.0153925882306418,0.0474010522875989,0.119199063105907,0.161706265237362,0.142489622526208,0.0566433616246313,-0.0646845241772231,-0.16687770639378,-0.199655660154814,-0.143995271616799,-0.0231517071843227,0.106890653427273,0.183701688011216,0.172390368734961,0.0879725283736428,-0.0150220028639056,-0.0806441402159711,-0.0848669838217898,-0.0417055336556368,0.0125288070705701,0.0434370944369599,0.0398706854811483,0.0183869605425188,0.00566515462599457,0.0141691296936184,0.0324567070718592,0.0364554096338261,0.0109327566565281
0.00562534005277608,-0.0195443800164573,-0.0298051323526077,-0.0195479461058073,-0.00340208253987056,-0.00401027141775849,-0.0301047635218715,-0.0643846053725111,-0.0737558167976032,-0.0340550806091536,0.0496768535365152,0.140899741758152,0.189400904634536,0.159502243045091,0.0514986402932675,-0.0952100933488921,-0.21836918330007,-0.263750522184937,-0.215403507118265,-0.102342064161234,0.0237176661367774,0.118378066787189,0.160189585324573,0.150200364893942,0.10482102129745,0.0465038211164558,-0.00576661961274109,-0.0419933342983991,-0.0610797335244397,-0.0674889212244939,-0.0673820040664807,-0.0653769681819414,-0.0622959234483191,-0.0547109194358408,-0.0367630992614099,-0.00368671201933447,0.0437347061145306,0.0952199619299954,0.131272618437798,0.131203549530267,0.086100528061398,0.0076398328337741,-0.0742023566448365,-0.12369944637682,-0.11624891715308,-0.0524975329982205,0.03778667623484,0.107857115720342,0.119404711694811,0.0670275028355103,-0.0164550477603704,-0.0807073720915967,-0.0898568538818373,-0.0422534987102148,0.0316361894586167,0.0879556208260078,0.0954818540737074,0.0551227593834545,-0.00215114122693245,-0.0388033942512941,-0.0369604251703941,-0.00783729503088066,0.0203257230812845,0.0250601882273598
0.044878289933091,0.0393413301857112,0.0297172170523639,0.019679452024166,0.00232025935421595,-0.0313588803103339,-0.0787018996300287,-0.119968199675791,-0.127545178828223,-0.0833428052990918,0.00689552812573226,0.111535105799928,0.187045542264528,0.200532917519561,0.144659070886885,0.0378822834940328,-0.0837651518716256,-0.17948255957776,-0.220118280854577,-0.19964979310593,-0.133197257906109,-0.0452680984999129,0.0408171769701644,0.107305938315571,0.143082015529202,0.144110639834949,0.113489419105247,0.0606763908770356,-0.000789969866634797,-0.056810465518188,-0.0962163715291639,-0.112757379853452,-0.105154997144278,-0.0763487640146975,-0.0328154856482849,0.0161148408365155,0.0592567295050585,0.0853764105999854,0.0864567216449694,0.0618962466150842,0.0207541826155625,-0.0206756727764772,-0.0449583320945517,-0.0403093323313035,-0.00636293156947368,0.0426460479748137,0.0809712562884108,0.0834758313935772,0.0415672212683569,-0.028430711163613,-0.0917753107032349,-0.113914241363661,-0.0799059555546006,-0.00343291542981552,0.0788174101585932,0.12561653465293,0.114434806985738,0.0548696089569645,-0.0182587230932126,-0.0669668737896974,-0.0716759596540073,-0.0395339993013517,0.0042694799099335,0.0353816345802997
0.0621692555772881,0.0755400902009518,0.0726770009049657,0.053578660265693,0.0173335776831432,-0.0335381457995403,-0.0885100698254342,-0.130119107900781,-0.140765723794406,-0.110878116422416,-0.0448494936162355,0.038492644146269,0.1133796023024,0.158597482469967,0.16374530157976,0.127791067827162,0.056874976090224,-0.0347430314942886,-0.124561687838687,-0.186871986078134,-0.202011056830648,-0.164463909394772,-0.0854027243665616,0.0108941017927011,0.0953645052621191,0.144462939813548,0.148157195956721,0.111822899258734,0.0518044294825954,-0.0118470999448723,-0.0617756010923303,-0.0870670474109869,-0.08446921305312,-0.0582951083356643,-0.0194004238646914,0.0175041868674427,0.0385053777307448,0.0361440878202304,0.0135878545218166,-0.0159348040817589,-0.0353069855097785,-0.0320015360874898,-0.0039033412427533,0.0398700154276366,0.0822754926627567,0.104437743270301,0.093341960243387,0.0485502601299878,-0.0160125829401169,-0.0768878135353577,-0.11018122098467,-0.101216728556257,-0.0514050397368169,0.0203547026648828,0.0839538018497441,0.11169364763331,0.0927608681339741,0.0386877180311423,-0.024038538220132,-0.0680261230671779,-0.0772960021125076,-0.0530449784626849,-0.0103475370034598,0.0322072469015127
0.04740934900258,0.0751899113456108,0.0851501601488288,0.0722128014875279,0.0376560923977721,-0.00983787196509387,-0.0568884517422775,-0.0914278224523897,-0.107176479972892,-0.103502026576916,-0.0826753859964537,-0.0473195522465606,0.000256672284305003,0.0559154739664673,0.110106151714124,0.14643299373113,0.145943928391361,0.0975328327587593,0.00892511278108299,-0.0914333342572719,-0.166306817244341,-0.188152111026163,-0.152002588699915,-0.0765075797596605,0.0064077712504173,0.0677585721820501,0.0938227991898675,0.0875757952875987,0.0615682228656124,0.0296732802709812,0.00237889800065647,-0.0142227573703138,-0.0178146721153612,-0.00991075403365302,0.00323091986059444,0.0115213483539027,0.00545370827658719,-0.0175109417416532,-0.048673732768035,-0.0706647556609004,-0.0667959559045879,-0.0312656393823004,0.0261506937375627,0.083518462665862,0.116764263752783,0.111677396911444,0.0711969490323412,0.0131882243329017,-0.0394583810987093,-0.0693733261258047,-0.0702251811175671,-0.0463667053510936,-0.00913153233726664,0.0275945764120333,0.05167940668532,0.0562859887332756,0.0416188828563694,0.014036974717171,-0.0170634314134854,-0.0422153424031429,-0.0537320191045195,-0.0473991166569548,-0.0239195493509047,0.0108508072150071
0.00513534361477963,0.0408288008942526,0.0664998767444222,0.0712747386686717,0.0546866292484414,0.026147183318297,-0.00205756229572636,-0.023731864615593,-0.0418225653742205,-0.0629121477155086,-0.0880256551220568,-0.106894304712063,-0.101654801248774,-0.0595081796746241,0.0150979685078325,0.0981560456678655,0.15553543289,0.160073403901624,0.107495859687353,0.0200724527836288,-0.0657214004426284,-0.118707371367456,-0.127216816529255,-0.10143994375847,-0.0635167271111251,-0.0316709995536218,-0.0106106344722656,0.0052450843127657,0.0220801099542978,0.0403227846976628,0.0549651609249476,0.0602806030552922,0.054760285056144,0.0418272979980128,0.0255942119167844,0.00672601707065138,-0.0169896004485908,-0.0455787417199533,-0.0718376478330425,-0.0823585811994264,-0.0655871130888794,-0.0212625905984853,0.0357188738670682,0.080886771712845,0.0934476734404721,0.0692261021565866,0.0236600452404215,-0.0179169563476916,-0.0354515359321885,-0.0246057069388398,0.00282864853129126,0.0276429530652984,0.0352095042254792,0.0235257521810278,0.00288148076241038,-0.0125766945212295,-0.0149540844966697,-0.00691482827325328,0.0015150511772116,0.000526508620819863,-0.0122770625898699,-0.0291785885763243,-0.0366214305154294,-0.0247374822441264
-0.0469019131714108,-0.0104336765123218,0.0282207689862948,0.0531436106889947,0.0597815632464277,0.0547393896937746,0.0474371952084521,0.0401983543213229,0.0255220074184463,-0.00684486653225146,-0.0582454930958736,-0.113740249946774,-0.146604652650451,-0.134056507057263,-0.0732538784739973,0.0143416693218594,0.093338188034356,0.13352762990939,0.125954602007804,0.0847211277438786,0.0344319746883858,-0.00577592822166137,-0.0313488410507023,-0.0504300131027012,-0.0723858284490861,-0.0955567734866794,-0.106153267812583,-0.08982357472044,-0.0444215531760297,0.0165451611502769,0.0707009902305399,0.0988768457967521,0.0953179637732626,0.0688803188451886,0.034706538152349,0.00406704572232936,-0.0198778826616415,-0.038479258761294,-0.0509121892656945,-0.0517636716911009,-0.0355710870055206,-0.00429556275365219,0.0292529506504559,0.046801038181797,0.0368425770122679,0.00459100873315796,-0.0293627486231816,-0.0415742484879062,-0.0206522968165235,0.0247698371580219,0.0697460503036974,0.0873637846469869,0.0654380273588104,0.0145881694738372,-0.0376984328630673,-0.0636871878628413,-0.051991560915695,-0.0133505633538138,0.0271257590950902,0.0450471452166876,0.030125621464764,-0.00825256009732654,-0.0466096929920083,-0.062186035408291
-0.0854457099000072,-0.0548620361659033,-0.0118181436879634,0.0254721426365186,0.0485843573630528,0.0602867239671384,0.0673578475836969,0.0714080394682517,0.065574496781301,0.0398841047500104,-0.00854500969445436,-0.0685973048667126,-0.117911415367308,-0.134819606935692,-0.111795325478492,-0.0603146857308978,-0.00325922745736641,0.0397329364514689,0.0632181203140161,0.0745789206708736,0.0827787453860715,0.0879167392044453,0.0792463524472823,0.0435306627186075,-0.0205744874398304,-0.0940556823205942,-0.14509705508766,-0.148245597916856,-0.100354284521328,-0.0228801284671303,0.0497981593153226,0.0892912902487409,0.0877940168206214,0.0585296769775631,0.0236062559976844,-0.000288316715147589,-0.00904671814162024,-0.00816546375702421,-0.00438650722988188,8.44356001942631e-05,0.00659791415176654,0.0145938417480491,0.0180543818244478,0.00860607398546734,-0.0161442387982592,-0.046609029077704,-0.0642891845778806,-0.0526895336147573,-0.00902700210545196,0.0506028933307246,0.0973011541082333,0.105360197560817,0.0684011996347249,0.00423649434738568,-0.0544932169685806,-0.0779553158760564,-0.0555581174117842,-0.00191121037376642,0.0519584570352973,0.0763352687652055,0.0582692603299669,0.00743404645017442,-0.0498135343203983,-0.0855090361581748
-0.0924545943750718,-0.0728313230898257,-0.037176156362708,-0.00182559315895436,0.023468160445694,0.038690295212822,0.0492185984692674,0.0585221447755484,0.0639216083663559,0.0584587576886171,0.0371918023122105,0.00242863816165024,-0.0363337034818588,-0.0677107799056122,-0.0851370214765672,-0.0892486247771646,-0.0838513607530684,-0.069583621734248,-0.0417595286789905,0.0042600175263226,0.064175383404872,0.120443461711321,0.147341791279211,0.124744452348307,0.0535278353504023,-0.0398277744868734,-0.115679098494984,-0.142560169772678,-0.113725655505311,-0.0500486893450198,0.0127549044518124,0.0458617322872982,0.0430156032219814,0.0192580660027929,-0.002974374792145,-0.00853217086033906,0.00350123765865401,0.0230639152827219,0.0383135556496792,0.0432167461603254,0.0384981272047901,0.0272271337623953,0.0106452075714623,-0.0116594119701775,-0.0375249967051283,-0.0589292333336916,-0.0642780916443427,-0.045316452183639,-0.00435791898756552,0.0432206624196413,0.0750913389172681,0.074670896671045,0.0416698904965578,-0.00720178068943344,-0.0468284240061178,-0.0560903803002569,-0.0291216365181328,0.0203812250686281,0.0662179474858987,0.0841677510531731,0.06434635928858,0.0151331415945075,-0.0418077200157855,-0.0824939623422838
-0.0636560799011477,-0.0577912491533297,-0.0399164096003994,-0.0204066097547354,-0.00693370851992913,-0.000448225219932326,0.00391481774673179,0.0121829218639778,0.026775150231617,0.0447023520928452,0.059308460081552,0.0636793617072832,0.0532324466010111,0.0265367922361748,-0.0145533048522881,-0.064022174853428,-0.110384910907929,-0.137443855300961,-0.12954360186986,-0.0802660527792004,0.000349252313006103,0.085806360134468,0.142984865623137,0.14839242546914,0.101633244283492,0.0261517869469259,-0.0437944474508696,-0.0806978303768463,-0.076674187888454,-0.0460973533891852,-0.0150114214605014,-0.00289477656139444,-0.011009895085269,-0.0256545431107809,-0.030422170990956,-0.0172821901754223,0.00941759068169427,0.0371712909805391,0.0540150282595777,0.0552532900743795,0.0438913326325415,0.0262834069147515,0.00770104626510429,-0.00918790167726864,-0.0227192086155447,-0.0303204654460585,-0.0290598725287284,-0.0180817914011276,-0.000927636063644918,0.014554082339282,0.0201519574456061,0.0127097227504049,-0.00354511854025456,-0.0194217380088989,-0.0253287601781444,-0.0154533273936403,0.00891129554659357,0.0387771540383301,0.0613151879656903,0.0660466112743363,0.0496399445786179,0.01701806038836,-0.0207925775886539,-0.0508272263955902
-0.0106940530715726,-0.0191340105306158,-0.0238489868960127,-0.0268276260599909,-0.0313917032754639,-0.0383962495608462,-0.043964230767521,-0.0409549813136461,-0.0232752414201214,0.00967634419588001,0.0509608045326038,0.0878693828769828,0.106452569328518,0.0965548136034038,0.0559624656359862,-0.0076044150762257,-0.0773876298527842,-0.131612863876966,-0.15077527685789,-0.12602830853762,-0.0646771267327223,0.010996176367186,0.0731483942627496,0.101907476957428,0.0944394087925048,0.0635323351173849,0.0280044129333022,0.00241083119278913,-0.00917435386006799,-0.0132168303713089,-0.019698496896664,-0.0326356898470748,-0.0466686696819222,-0.0520561573088502,-0.0423608346602189,-0.0191539365066845,0.00857031796694951,0.0297741654751276,0.0378061907727087,0.0332748163738169,0.0220214568583182,0.0108946042881406,0.00457379459484628,0.00457233017490064,0.00976744892410169,0.0171463822681722,0.0223263054067948,0.0205966457173659,0.00895024174429163,-0.0113427588116344,-0.033448273341084,-0.0474664189768057,-0.0460590281057632,-0.0289982568027176,-0.0032688423303751,0.0209321864434625,0.0355603126583014,0.0386546397129394,0.0341472712493678,0.0276535244896256,0.0222427457285035,0.0172164454573361,0.0101398220522817,0.000146618560990894
0.0440909179042653,0.0228039893057872,-0.00181821923138312,-0.0235061575771406,-0.0414022307015669,-0.056912429117675,-0.068871265321509,-0.0717681273794972,-0.0586196825888879,-0.0263869208223176,0.0198375789607327,0.0672455835417901,0.100406987236032,0.107827164048659,0.0865136063935438,0.0425833064569594,-0.0115019459034594,-0.0610910524466876,-0.0937586460683822,-0.102883040427704,-0.0892253384804472,-0.059949305220073,-0.0249058009122078,0.00798711221549752,0.0349166201291344,0.0548213324135021,0.0666028167819246,0.0675882356346323,0.0547260725686027,0.0281016824996595,-0.0060199891633267,-0.0362598839212046,-0.0518294471199285,-0.0485289781185513,-0.0307083402381662,-0.00872210933380774,0.006656273781174,0.0100568746546753,0.00365342300522926,-0.00577846362671645,-0.0116835346504667,-0.0105718293751218,-0.00197584626400864,0.0130061267894705,0.032049236071537,0.0503395879899124,0.0601606366491392,0.053344515002629,0.0263058161562041,-0.0149771198400895,-0.0546343205452631,-0.0742514786799799,-0.0640266407970358,-0.0294232796814819,0.0112408635458235,0.0368680010774655,0.0361067352457088,0.0144984168368214,-0.00986472283633499,-0.0192104667153208,-0.00723363160677325,0.0185329061162783,0.0428673961911567,0.05267118589069
0.0776381729309996,0.0471094602028083,0.0117930557614949,-0.0164689465247688,-0.0350463041061544,-0.0476758315854417,-0.0576879929359275,-0.0636457956549809,-0.0604446111290895,-0.0441166997955107,-0.016266850841965,0.0156045265236283,0.0422996881580885,0.0579758443746842,0.0621715918904796,0.0579679422759902,0.0482199212201092,0.0329801715716133,0.0100288505159342,-0.0218084150342022,-0.0586298215559277,-0.0901183971276929,-0.102988318513535,-0.0878924660515446,-0.0457616952717368,0.0109783556802252,0.0630513751880334,0.091770891870383,0.087113561946697,0.0536744766950972,0.00947701384754536,-0.0239006011072636,-0.0336889624869682,-0.0217721749350951,-0.00139532556108663,0.011655051158731,0.00859771728568658,-0.00765894489838765,-0.0260735182196939,-0.0361275605571928,-0.0341695932033277,-0.0233441708107415,-0.00886072206865886,0.00695686274514608,0.024992339029798,0.0447416218960505,0.060355753286874,0.062043560020733,0.0427489947741645,0.00576373971884217,-0.0333583779096498,-0.0545779486294733,-0.0465600346123324,-0.0153075573117508,0.0181991372321601,0.030632691932275,0.0122113119018702,-0.025535276686532,-0.057141299578002,-0.0602498369250277,-0.0295514015341831,0.0208565220827184,0.0665805323463975,0.0873430926747743
0.0763177976680577,0.0424419792921665,0.00887678148813192,-0.0113447197864769,-0.0171093650992592,-0.0159850515546663,-0.0162409951282227,-0.0211052895652089,-0.0286115315565582,-0.0351049950592411,-0.0386046622750687,-0.0390303084414891,-0.03551753772097,-0.0245975113381047,-0.00204630723779265,0.0327374192990639,0.0727394961594315,0.103091759805511,0.106554143794619,0.0727970450178158,0.00669322094587799,-0.0701141126143879,-0.127355921688514,-0.140837170172524,-0.105460815853451,-0.0379949022481344,0.031826405120159,0.0756249736616406,0.0795440601161409,0.050650510108588,0.0120286992493581,-0.011914954798036,-0.0103648317503889,0.0093377083224016,0.028804736580643,0.0313924397776389,0.0133104750532804,-0.0144994848996417,-0.0353534016043713,-0.0391675752631936,-0.0284628348731456,-0.0145530204436006,-0.00775573851774759,-0.00893636247493542,-0.00954412967275735,-0.000446675393812018,0.0188222334295918,0.0384897229850389,0.0457273834837468,0.0351755317327565,0.0143143895459997,-0.00157724712704006,-0.00147687060534524,0.0119178068527787,0.0228529753216621,0.0138637648266964,-0.0195116652639487,-0.0626468303117656,-0.0902322168982028,-0.0827130457301898,-0.0390736398623742,0.0218171574290512,0.0720088640783264,0.0909306345382062
0.0418419916311738,0.0119382261847543,-0.00866867979038604,-0.0103255044995521,0.003952479642408,0.0227329217879693,0.0344565939890658,0.0331211516531106,0.0185432197519275,-0.00633169664422401,-0.037441783387982,-0.0691188081955154,-0.0924333233095989,-0.0959643993737979,-0.0706198765176658,-0.0160494403865186,0.0551592129279393,0.119146819066392,0.149774816366278,0.131137223659508,0.0667181622167371,-0.0201456848488769,-0.0955153610723779,-0.130244550491543,-0.114355287651441,-0.0617017923794525,-0.00143237555445474,0.0381552057472888,0.044052028870205,0.0238106761030927,-0.00113078469595742,-0.0102874916481843,0.00249839804982826,0.0264464135502575,0.042687375753131,0.0379546797053715,0.0143829441443106,-0.0120637060486559,-0.0238174621850128,-0.0148752556911965,0.00488772743739276,0.0169414958089685,0.00784965620563251,-0.0200106776080966,-0.0493470571260313,-0.060300945433781,-0.0442619035854817,-0.00898595613364802,0.0277312037489856,0.0507090828461215,0.0565241147171633,0.0523744577365334,0.0469659316245548,0.0417389766978934,0.0295940710414617,0.00254145361179428,-0.0377981937436488,-0.0768547805753702,-0.0947744626730881,-0.0792118834076788,-0.0344968816789712,0.0189446381404257,0.0560177307676464,0.0623233769803529
-0.00957754789184836,-0.0288350299183191,-0.0305622540652286,-0.0117129174797107,0.0197887771830882,0.0505592112151966,0.0692906376732229,0.0708162823318959,0.055163933349337,0.0247647715421723,-0.0165700769151021,-0.0622121696101604,-0.101180698626276,-0.119625743651718,-0.106215393956813,-0.058931231302568,0.0107245222318955,0.0798196994479594,0.123287043883214,0.12566192820117,0.0880192906014557,0.0269247769037837,-0.0328760576138905,-0.0689972009535858,-0.0716010872612094,-0.0478403356376405,-0.0166433181872332,0.00320018691080098,0.00375048105489923,-0.00881469268664187,-0.0197990946335236,-0.016893205321827,0.000881369272819578,0.0225373827892072,0.0332292209030023,0.0255853644295304,0.00612868300454577,-0.00871554348013719,-0.00474609104772452,0.0186496692488144,0.0462857611948609,0.056212802082076,0.0346629404732278,-0.0133495524364971,-0.0659237157012076,-0.0973684333906512,-0.0930661984184601,-0.0567874147161799,-0.00657437149397113,0.0375034814314585,0.0642966679406976,0.0736440197559217,0.0706328768604464,0.0586976971900658,0.0373470501657228,0.00609911130247104,-0.0296761312432017,-0.0580235738602358,-0.0665543849006082,-0.0507633009353471,-0.0187285074694938,0.0118204714421279,0.0241625871593587,0.0137304026825711
-0.0544390505762673,-0.0592724053672264,-0.043530886580006,-0.0117159391786588,0.0249205459335384,0.0547516207961425,0.0711158315494678,0.0731359747711899,0.0627251318701409,0.0415313016601116,0.0108407992609647,-0.0260075601074626,-0.0617314683885882,-0.0861630732481683,-0.090204040604006,-0.0706175081660421,-0.0328481400058465,0.0104878451557763,0.0454089104506422,0.0629573371803498,0.0618153634447593,0.0468616634286835,0.0261249715785026,0.00753803247625538,-0.00407986605032881,-0.00885330993025183,-0.0108619628181966,-0.0145233717163356,-0.021093916111672,-0.027537414356512,-0.0285885205365068,-0.0211356406901916,-0.00762603059660972,0.00447735795595357,0.00756940562028174,0.000265568090774305,-0.00997712948196776,-0.0108993251662645,0.00586823328648385,0.0371740061823976,0.0677784919821233,0.0783929168048778,0.0578179699105963,0.010859485243917,-0.0438347941374432,-0.0839706764848253,-0.0949523019222977,-0.0763340289848791,-0.0399950641266953,-0.00152825975568689,0.0283090046644054,0.046165591877138,0.053156046721868,0.0508616195356383,0.0398801128296552,0.021812699651153,0.00183114439354767,-0.0123559073798612,-0.0151761968651964,-0.00764970102997992,0.00194408461938331,0.00268259380611841,-0.010994940809164,-0.0342197545485621
