-4.35288543682099e-17,-5.38284191917113e-05,-0.000183923203622999,-0.000266114404783369,-0.000276941948947593,-0.000294974375260116,-0.000418277399458762,-0.000556194377839899,-0.000574488679229872,-0.000603291616038551,-0.000747725403411093,-0.000897339610669629,-0.000932268848148471,-0.000896790267346891,-0.000933957122162368,-0.000940045712223926,-0.000838945249717851,-0.00072776936262393,-0.000731203054742564,-0.00076166566890785,-0.000742946683157227,-0.000604159336638929,-0.000472792008930375,-0.000366506936773421,-0.00028748344732425,-0.000195798568319242,-0.000120245694800959,-7.61621311009782e-05,-7.96444328079958e-05,-8.30192136856159e-05,-1.93617744222683e-05,2.61863603842535e-05,-4.50226510197754e-16,-2.61863603846732e-05,1.9361774422786e-05,8.30192136864322e-05,7.96444328081724e-05,7.61621311004412e-05,0.000120245694800347,0.000195798568319151,0.000287483447324673,0.00036650693677402,0.000472792008930535,0.000604159336638383,0.000742946683156536,0.000761665668907874,0.00073120305474333,0.000727769362624508,0.000838945249717464,0.000940045712223137,0.000933957122162224,0.000896790267347551,0.000932268848148878,0.000897339610669295,0.000747725403410578,0.000603291616038593,0.000574488679230271,0.000556194377840035,0.000418277399458481,0.000294974375259892,0.000276941948947714,0.000266114404783565,0.000183923203623056,5.38284191915955e-05
-0.000322816951994594,-0.000222990868921111,-0.000168681955982726,-0.000335796015954942,-0.000459471599278649,-0.000383550217816614,-0.000285001814381292,-0.000361048759596803,-0.000469594213036303,-0.000563316514971106,-0.000686135442925786,-0.000723372784630956,-0.000623448967881459,-0.000579785897080565,-0.00064015701823241,-0.000559877105125564,-0.000321725589670486,-0.000236018746832652,-0.000364439234522421,-0.00042379907428775,-0.00033530067761494,-0.000232928838484502,-0.000216892823427747,-0.000156540196577231,-9.20459474628856e-05,-0.000122749343539155,-0.000258992056628371,-0.00031626787644456,-0.000305283244306173,-0.000291657697800329,-0.000270513184803439,-0.000238186870191712,-0.00020857467858103,-0.000193797392855936,-0.000143622835015795,-9.11409602993637e-05,-0.000139321972641294,-0.000189187946249576,-8.78610441591775e-05,0.000127738913777111,0.00029871013599853,0.000368045129190995,0.000462430769780772,0.000588747997798829,0.000617121557221229,0.000549868727809831,0.000610624045162763,0.000735637602464215,0.000718110300866852,0.000583915811916516,0.000510784552868637,0.000529284710257599,0.00052934276386601,0.000414616269080819,0.00027783735497266,0.000174379298943924,0.000135368353140405,0.000194298134862704,0.000105995414475674,-0.000113901217166311,-0.000200599312767888,-6.20205309463058e-05,3.97757842822929e-05,-0.000174136694292448
-0.000144645633185822,-2.63084188841006e-05,5.20828033520162e-05,-0.000105838116574739,-0.000210450390652371,-0.000112031967303516,3.44977869676597e-05,1.47309513978346e-06,-8.46708253074151e-05,-0.000143392490675495,-0.000208338421229007,-0.000190385963451091,-6.20429580915034e-05,-2.05354325564618e-05,-5.93091834307688e-05,2.81177940723198e-06,9.29823487734546e-05,-2.0578402596649e-05,-0.000196612585541549,-0.000190285995772528,-0.000101257529464607,-0.000132302722445222,-0.00023640020667403,-0.000211871528310521,-0.000131498028214728,-0.000153877766978503,-0.000291635148250214,-0.000330018515063462,-0.00029856693269032,-0.000309567198911863,-0.000339241150350483,-0.0003085099735967,-0.000180951350686349,-0.000112384180584036,-0.000104775001223623,-9.07115853575301e-05,-0.0001156932107407,-0.000198517646328728,-0.000188794378867862,-9.78908741218061e-05,-2.384544790534e-05,-2.76059733297817e-05,3.02930517281014e-05,0.000140500843952825,0.000112614194366053,2.99841579994817e-05,0.000157005629479803,0.000325945116059726,0.000218565765296165,2.69263854690173e-05,3.18091376172525e-05,7.37400651945043e-05,-2.32075133017744e-05,-0.000121324142123024,-5.92415174930248e-05,-6.9454513733306e-05,-0.000228061289631126,-0.000204856065829171,-0.000108574119132563,-0.000162808546981954,-0.000235123317172247,-7.33071680590162e-05,0.000136798564383831,7.61903154989503e-06
0.000254496877852188,0.000205553617257977,0.000106212050341131,-2.03283098925657e-05,1.15102516091369e-05,6.58716090345637e-05,5.87857971266549e-05,1.66851350818332e-05,5.06005200117366e-05,0.000112959302673552,9.05133497618645e-05,4.65481159052308e-05,5.80720414976207e-05,5.69884314815118e-05,4.91547279348948e-05,3.50446181391571e-05,-0.000101922730271659,-0.000324955779044608,-0.000399915241100059,-0.000297549957252304,-0.000264910169964147,-0.000322935939889731,-0.00034697818302129,-0.000298936232390682,-0.000238519633078133,-0.000195321971981531,-0.000179940261179326,-0.000133139643374511,-7.09234992491478e-05,-5.1921749774687e-05,-6.72353945858258e-05,-2.40260505481314e-05,0.000124934634497506,0.000181516604630979,9.43743426177817e-05,6.02450097452858e-05,0.000118721381811611,5.96321982726645e-05,-5.39906279875592e-05,-0.00015486938790221,-0.000183776182807473,-0.00025096445992681,-0.000220906946661901,-9.48990798831052e-05,-4.51898891001566e-05,-9.54162476802623e-05,-1.83629373114208e-05,6.61933870507403e-05,-3.88321980028062e-05,-0.000113458827826351,2.91619229967644e-05,6.02222341282252e-05,-0.000137013010449071,-0.000188874926735738,6.91678659017681e-05,0.000181995751285078,-2.20173146338473e-05,-4.96971185176008e-05,0.000186055068242348,0.00033816408287428,0.00029576358278441,0.000309788776175202,0.0004119721662979,0.000373298040715265
0.000330821752340422,0.000177264618285108,-6.39123428136879e-05,-0.00012857923681897,2.87099207211893e-05,4.27174700920547e-05,-7.67185774057507e-05,-7.61215504973456e-05,5.1190730498392e-05,0.000115713915039518,7.8490648569405e-05,-1.85340426892178e-05,-0.000115959744434389,-0.000186968558272173,-0.000180580032766332,-0.000212778728994479,-0.000390571766554389,-0.000486503226597262,-0.000382453086149011,-0.000290811739185478,-0.00036783029065351,-0.000323009412342217,-0.000113291661478003,-3.99626128316084e-05,-8.36048343194078e-05,-2.4110359939926e-05,8.09500947243507e-05,0.000102034494006604,0.000137834379929942,0.000247618593478026,0.000293854374212524,0.000305045704040486,0.000382912935837159,0.000397319974727854,0.00024366595757263,0.000140948922272916,0.000213056998398402,0.000168393638080746,6.04533801659279e-06,-9.5934154165842e-05,-5.09743711184571e-05,-9.18511991631251e-05,-0.000118901480103346,-3.31593377721691e-05,7.21878578920062e-05,3.96319181021167e-05,1.01878474953966e-05,2.48783857884885e-05,-7.14964194633244e-06,2.21326754173103e-05,0.000190708388611684,0.000222894192280977,7.59110642763438e-05,6.01896679984291e-05,0.000299564824668182,0.000470963871959538,0.00041829697485606,0.000436977180861245,0.000586674250318854,0.000689706799650082,0.000632917301228803,0.000504829290191624,0.000399803452229264,0.000375668933498444
9.51589889875714e-05,3.86370631514066e-05,-0.000145115152191454,-0.000139856166452969,5.6907371300959e-06,-2.98913134463489e-05,-8.70854159245106e-05,5.55890763050299e-05,0.000155389315428093,3.48572643850892e-05,-5.93228613358102e-05,-7.86620760067774e-05,-0.000164841292513714,-0.000279232544867913,-0.000257614789996319,-0.000236250951912011,-0.000320786808761398,-0.00027005949225935,-8.82164125525107e-05,-0.000117742482269567,-0.000279441486297102,-0.000125340453623875,0.000233651010818298,0.00026982060337913,0.000143246307740393,0.000239213482106015,0.000333998469760047,0.000203932183925491,0.000136294248609166,0.000285644175814878,0.000325140380164676,0.000220144134510099,0.00020622916637345,0.000235760973182772,0.000110380215318343,-3.61731007567706e-05,-4.40903997566606e-05,-0.000124009130955325,-0.000275843220798594,-0.000250521463547853,-5.66003524979861e-05,-2.68747880874338e-05,-0.000103057565928227,-9.95880089125849e-05,-2.59006695419859e-05,-5.08315880386306e-05,-8.03927307046283e-05,1.84284232387206e-05,0.000124605662440525,0.000155396493473621,0.00019575143397072,0.000216000171453318,0.000254828461177572,0.000281728706042864,0.000303784634704212,0.000372597830329731,0.00052268621822892,0.0006293895404603,0.000531886520546016,0.00036796396098178,0.000312362210128755,0.000236767168137657,5.30701261022871e-05,2.29939014954016e-05
-4.52185127598437e-05,1.30390092894312e-05,-4.77086648256081e-05,-2.08436388783727e-05,4.48841618150919e-06,-0.000116102487405736,-6.98154694371239e-05,0.000188489016264649,0.000183129772720217,-0.000118657072812345,-0.000215759630252918,-9.05207417266903e-05,-0.000124880708116092,-0.000245727005054414,-0.000173603260151102,-8.81308913089765e-05,-0.000155704691283808,-0.00015644416480873,-5.61393450434248e-05,-0.000130251486610022,-0.00024094701052344,-3.3405136372721e-05,0.0002497805273341,0.000209990569091143,0.000108441046515402,0.000297381360671632,0.00035892798000752,0.000119035819995837,-6.89517142183057e-06,0.00010529460572431,5.61688953671295e-05,-0.000147053885379716,-0.000187638296184861,-0.000102954523858193,-0.000157964451721538,-0.000260007259805768,-0.000299308597481008,-0.00035564938372262,-0.000461828037105036,-0.000370282515930908,-0.000204331999796493,-0.000169696882856636,-0.000224916686770817,-0.00022618408966818,-0.00020568440406697,-0.000211325246410705,-0.000160971853119755,3.74702322712334e-05,0.000216390094102778,0.000205106724096914,8.48069937735987e-05,-1.53496175045687e-06,0.000104261900447993,0.000174819002415475,2.86900076633214e-05,-6.80826545615982e-05,0.000144834100970588,0.000302278880619248,6.78436126044373e-05,-0.00023448152350618,-0.000204263152097799,-9.25880241252009e-05,-0.00019221290984893,-0.000202204958756959
2.47427576754892e-05,5.13972225380822e-05,-7.39237836907891e-06,1.943015994927e-05,-1.58022541626293e-05,-0.000171285867405113,-0.000124495430911553,9.82805354129561e-05,4.27443739164775e-05,-0.000217374313927804,-0.000196372672347335,-5.11901128151598e-06,-5.31436792470153e-05,-0.00015608386313789,-4.60003216624196e-06,0.000101205943191594,-4.39362240245884e-05,-0.000202768570461875,-0.000203115919510911,-0.000207094454891253,-0.000170889039873668,-9.78832283430271e-06,8.33163028633601e-05,-7.12758257795973e-06,-1.7644932523889e-05,0.000174071352956213,0.000176821417407526,-1.12790612236548e-05,-3.76946441879105e-05,4.68673126029064e-05,-6.09758784653044e-05,-0.00020222691219968,-0.0001719131364448,-0.000108079077713112,-0.000146882835410677,-0.000151668049169421,-0.000102859223481103,-5.8280707992543e-05,-7.08627076615533e-05,-1.37508870345393e-05,-6.36139229364485e-05,-0.000141850447440587,-0.000141872962561094,-9.65693991763866e-05,-0.000149657626436501,-0.000144698112347908,-7.71291514383734e-05,1.86883056766005e-05,4.79640182248385e-05,2.56279663717616e-05,-0.000109110756236636,-0.000348848658691113,-0.000431060919547671,-0.000338929689481286,-0.000395230921939181,-0.000496448624010865,-0.000340012532842418,-0.000162478176418322,-0.000281967861110837,-0.000439701816212403,-0.000323712117711619,-0.000147655608453928,-0.000173023325727862,-0.000138928943531703
2.36420472439613e-05,-2.91335910138989e-05,-0.000148288539061867,-9.82119596360029e-05,-5.5578892889547e-05,-0.000128977800863304,-0.00013265210600904,-3.03233836290361e-05,-1.97224637938957e-05,-3.42823236767553e-05,0.000126655611482004,0.00026681456462645,0.000183475610565384,0.00014844030822089,0.000332249558568828,0.000382006800702311,0.000198712865928931,2.81624805212223e-05,9.84617376718398e-06,3.23825867294981e-05,0.000112507949032722,0.000160766083158988,0.000126876905263913,8.96976944305192e-05,0.000148847390105714,0.000190831144665663,7.7129931505806e-05,4.73882351860791e-05,0.000183292772807084,0.000241474340163841,0.000132164924460782,0.000179813832990159,0.000313950374008797,0.000260125689451102,0.000192328550340166,0.000279542003776818,0.00038778584709882,0.000422955738628029,0.000470540450191632,0.000486488820652476,0.000275150255126627,6.28839900902414e-05,0.000101815682439513,0.000112967261874581,-6.56108057534157e-05,-8.14523608120121e-05,-1.59212122361479e-05,-0.000136293461016031,-0.000367591604530202,-0.000362779448480975,-0.000321266184911041,-0.000583461522986631,-0.000892191558229307,-0.000794809936091911,-0.000605346586251728,-0.000546885507894956,-0.000441946324519928,-0.00028533499242476,-0.000228973556445181,-0.000226051426183583,-0.000174686655639385,-0.000171864208222157,-0.000230328963465309,-0.000150257725930557
-0.00015198033700794,-0.000160664934679308,-0.000257437400007775,-0.000200180608506985,-0.000102455716679784,-8.43229934377937e-05,-7.78294138938667e-05,-3.98221525580547e-05,7.1272424905697e-05,0.000247183650204351,0.000398630501710801,0.000414144946118594,0.000370421033692616,0.000454504851328754,0.000570280879219777,0.000504040912103941,0.000396557510820941,0.000426733954153318,0.000434997215951172,0.000372021639283154,0.000377354227581186,0.000386156113188074,0.000354653985056733,0.000424828935354669,0.000520725212784967,0.000408210051481155,0.000219238595094255,0.000307622748267794,0.000498583446418022,0.0004400896309432,0.000314233132679061,0.000493614213754976,0.000651448624158718,0.000478607553455332,0.00041530498722926,0.000580094235287838,0.000586926743751826,0.00040870765717225,0.000389161260599989,0.000418786200487935,0.000238473061445381,1.42270608331784e-05,9.06554401735219e-05,2.10594456778122e-05,-0.000280620418450526,-0.000325729057637486,-0.000182124875885887,-0.000337223951205049,-0.000645095099386934,-0.000613285562438165,-0.000398349517080551,-0.000521168848460443,-0.000818869200649901,-0.000714310129037461,-0.000428287104842629,-0.000284812756062149,-0.000187742393296376,-9.21257605507625e-05,-5.25178476766763e-05,-0.00010914672960351,-0.000235662257902454,-0.00040350067630368,-0.000499433739674992,-0.000376442454616428
-0.000208731091150626,-0.000109202432986798,-0.00010137502889558,-0.000109214306413418,-0.000129817504126513,-0.000139754934392546,-6.50538932904345e-05,-1.04024209963132e-05,0.000102075126212169,0.000243549645117833,0.000233396213369931,0.000126070957093371,0.000162767465628626,0.000342935667415071,0.000360617961009858,0.000218735574110863,0.000262668434412288,0.000498945245635427,0.000503716673544872,0.00035142690850796,0.000373531981871342,0.000488054341083047,0.000497914395504649,0.00055306211923902,0.000642880597768644,0.00052488301146213,0.000385108310245726,0.000485591406086337,0.000589761349481073,0.000390687435213767,0.000229485901989829,0.000382614398151946,0.000439597503524387,0.00018436546178613,0.000150632941598854,0.000334931875482733,0.000205054068283513,-0.000150353725386913,-0.000242599859853335,-0.000154332696902129,-0.00021760955225816,-0.000344679262677496,-0.000236956172983474,-0.000298896034450135,-0.000605710952092023,-0.000661484734987372,-0.000456504014185836,-0.000427577378523192,-0.000535037368924925,-0.00050099076681031,-0.000353736621152934,-0.000373916453266608,-0.000464557964517463,-0.000354290446251352,-0.000232478341578068,-0.000186417547869824,-5.93421297550424e-05,1.26067551372873e-05,-9.95262259181105e-05,-0.000300306680571019,-0.000479586293422764,-0.000571555411249266,-0.000571122857032457,-0.000439535493158058
-3.19196888933419e-05,8.13144639985679e-05,0.000160090154751918,9.42042482124013e-05,-9.35217791960903e-05,-0.000178187688021783,-3.0197676573251e-05,5.41012035558871e-05,5.56988492372013e-05,6.84265843361911e-05,-3.67533301024636e-05,-0.000173659077110693,-0.000137178866541812,2.74694335034498e-05,2.30676986426289e-05,-5.78580039964965e-05,9.1087762932086e-05,0.000341420131778699,0.000274483730725866,0.000136157642944002,0.000303708252318397,0.000554068706020418,0.000515835816485733,0.00039109521918051,0.00039477876046032,0.000379320122564301,0.000326765976596108,0.000347019971584447,0.000325381818044044,0.000130010121145048,8.09881342081109e-06,6.87893063434826e-05,-6.2074269600439e-06,-0.000288713723880374,-0.000339323283243306,-0.00021026424736856,-0.000310792342425072,-0.000512085059464201,-0.000517872804318183,-0.000382158341912499,-0.000372089917376215,-0.000412491490600391,-0.000341025947214785,-0.000355303977156686,-0.000547851357768008,-0.000606952407889909,-0.000510623233534102,-0.000367609434902361,-0.000217295420444165,-0.000200068182098286,-0.000325969013788973,-0.000423952772464577,-0.000369915249884182,-0.0002902578613481,-0.000381291977579651,-0.000446947144826516,-0.000254326471417653,-0.000141802349571669,-0.00030908763393494,-0.000487136991091933,-0.000525797420711619,-0.000425092358862251,-0.000277477366361628,-0.000162433942105335
0.000127244538791224,0.000145930851667436,0.000209410344626564,0.000189137195293943,4.13060975462952e-06,-7.02538759735113e-05,0.000148612214742675,0.000232164376927086,0.000138640006733623,0.000116209471348036,0.000119079625989999,4.58633307994476e-05,-3.89984803709681e-05,-1.10045323011809e-05,4.57909588121339e-05,0.000106388966823012,0.000232339365131901,0.000331141337709878,0.000208226811970404,0.000150566741654751,0.000399443795011562,0.000641507734148904,0.000498534418545073,0.000203339541268877,0.000100827522168881,0.000175798558856496,0.000174310469859556,7.20687179075732e-05,-3.27738340078644e-05,-6.83236290249996e-05,-2.85046640081008e-05,9.06095812248392e-06,-8.63375961277712e-05,-0.00029147929197648,-0.000345140572067503,-0.000262451433403929,-0.000147405229943519,-5.43448788599757e-07,8.97885085245692e-05,0.000109481166999484,0.00011978776056625,0.000159908773135957,0.000141285686086418,6.94420456511726e-05,-7.42454796389797e-05,-0.000175823455332906,-0.000321736701972216,-0.000295518365524733,-5.99578386633778e-05,-3.59009662218031e-05,-0.000351860491771832,-0.000571460656114212,-0.000554916642668541,-0.000560184542304784,-0.000688816527728669,-0.000696427675373853,-0.000451457281132923,-0.000332418488006788,-0.000408253573033939,-0.000385443157554344,-0.00029884569626754,-0.000204148672396898,-4.6405759595572e-05,9.97047309278017e-05
0.000148223099964018,6.36014099035375e-05,7.511165952995e-05,0.000146520088191483,0.000101999346066662,8.79923402593621e-05,0.00033610500726498,0.000420763283109412,0.000321077501426015,0.000330996579237394,0.000450887714552316,0.000403765187989357,0.000171879129149459,5.43566610301151e-05,0.000193531353938684,0.000360389689064977,0.000378140008602923,0.000346056929685631,0.000281001751536202,0.000324967121905878,0.000504982738042027,0.000612347176184227,0.000407523493345259,9.1397401771881e-05,-4.53507389456841e-06,0.000202731909838607,0.000297841131153385,8.07509040796241e-05,-0.000117667336595252,1.84085828685474e-05,0.000295383343718028,0.000375930354754083,0.000296855810084614,0.000181468460728797,0.00020427240203722,0.00034504573351226,0.000676585779923806,0.000982487046989166,0.000902676480620685,0.000544155618335901,0.000422730204317791,0.000561030063781495,0.000569962344297822,0.000451318996607458,0.000248137548183187,3.29819176466198e-05,-0.000316539071665607,-0.000458977464501257,-0.000253420116805247,-0.00014017610002695,-0.000355332784347259,-0.000535671175516849,-0.000618584313739582,-0.000735892112825271,-0.000742103867263991,-0.00057624476344211,-0.000334280147703007,-0.000306931287809667,-0.000276870354038877,-7.42980534520917e-05,-1.94932965451848e-05,-0.000166176892554539,-0.000127549144691922,9.5201226019424e-05
0.00016841257879739,7.78774375271156e-05,5.11080944108958e-05,0.000157282742267858,0.000185901511006028,0.000160843452705911,0.000328301975932493,0.000436125964725305,0.000376667906499845,0.000345283719962356,0.000349792551180033,0.000215302387606367,-5.59610340038764e-05,-0.000173612063263968,4.35024900842246e-05,0.000276374932162888,0.000210178781136211,0.000122463310289051,0.000176571077891559,0.000378826522371549,0.000546048101214628,0.000515603678432324,0.000207871853318935,-7.06618125193114e-05,7.95909472003986e-05,0.000622129510827896,0.000831654155311254,0.000356804879372373,-5.10919832332026e-05,0.000259886566192936,0.000840832438905364,0.000878156050899374,0.000535303432786654,0.000285686642193706,0.000398321166836621,0.000629064919328235,0.000942870207100198,0.0011244897698382,0.000874809649501345,0.000221848803524754,-0.000211138607359021,-0.000253339767210557,-0.000107818445821533,7.36847499343095e-05,9.03260937573169e-05,-0.000159945822301474,-0.000602806721260658,-0.000836120314789483,-0.000628960794989639,-0.000346939188962628,-0.000265797005821408,-0.000272162228907017,-0.000405431277176229,-0.000599653978889887,-0.000516998195770154,-0.000252159182028044,-5.76485572237082e-05,-9.88172153186044e-05,-5.50447521153691e-05,0.000154028209716881,0.000115528976054944,-0.000186849376248759,-0.000228469850047938,2.75083138741523e-05
0.00027158086058009,0.00027006770807907,0.000234345273981971,0.000268202906607489,0.000269865999855978,0.000150695460673622,0.000170689759902004,0.000269306553571621,0.000263247724443167,0.000125609884284663,-0.000106361302657528,-0.000329835704453067,-0.000477020373121271,-0.000439969460014613,-0.000133028687081943,0.000153538214428581,3.34104473015431e-05,-0.000177803164242845,-4.95915674877164e-05,0.000469757858639699,0.000845399575654637,0.000561404067585172,-0.000156921671407089,-0.000343825505529829,0.00049432209891066,0.00151604296089652,0.00135209300246387,0.000100838749818323,-0.000461436042512617,0.000421588643653838,0.00140203164588909,0.00101284524737741,-7.29707410325525e-05,-0.00051765588870482,-0.000101164941593862,0.00012029091563504,-0.000165937416507838,-0.00035507364647346,-0.00010582070557597,-5.04271481311177e-05,-0.000631002379690554,-0.00151557074271232,-0.00176942181329372,-0.00108625672166604,-0.000220251065803525,-5.08750755360285e-06,-0.000420236934066071,-0.000877387694399592,-0.000835378643263068,-0.000471204474247708,-0.000144353529282479,-3.42600787630681e-05,-0.000189802502156333,-0.000406619653881565,-0.000376037428972513,-0.000210863004530747,-5.28541780479396e-05,3.56944314329842e-07,1.5373220607064e-05,6.77635712239855e-05,3.65982585959774e-05,-9.33624984044532e-05,-7.13023713932661e-05,0.000106425642640534
0.000318724892955426,0.000412989088262545,0.00034511403147746,0.000243279628400442,0.000224051621363828,8.91008541648084e-05,3.54792167428862e-06,6.47892512847938e-05,0.000106966537730198,-2.9858744807565e-05,-0.000335419922343584,-0.000512430319798096,-0.000463423338000619,-0.000248733320472344,0.000123376906807543,0.00035285555675363,4.79118100140738e-05,-0.00036211358142931,-2.13209666957164e-05,0.00104944086439112,0.00152501900974293,0.000402021978190303,-0.00103289337565166,-0.000515199891917326,0.00174280279965596,0.00280572452029675,0.000918489858815127,-0.00165469352989965,-0.0014434169334503,0.00107866076700634,0.00221768759622376,0.000353693158128923,-0.00184964436665549,-0.00160933999667911,0.000229202256598694,0.000524489070316782,-0.00143261427407668,-0.00287087451794191,-0.0016228402134475,0.000790439937126186,0.00128860508790178,-0.000649908485802352,-0.00258634174392536,-0.00240887193597169,-0.000639512836078164,0.000807093917625592,0.000895412375274258,-4.59715130576269e-07,-0.000663461660070212,-0.000599069434593018,-0.000219573579089907,-8.16480716860688e-05,-0.000237356192836715,-0.000423155457373335,-0.000517478102727675,-0.000584516295903735,-0.000448046972729944,-0.000165167558987815,-0.000134059573714634,-0.000246339913169369,-0.000177551749122322,4.13563528715865e-05,0.000164746924459588,0.00019510753567629
0.000169608161656212,0.000310810924854147,0.000170242474530739,-2.54114241654096e-05,-8.49093077086511e-06,-3.14358287858879e-05,-0.000101420003805352,-6.19607787619874e-05,8.18924095569819e-06,-5.14425257389293e-06,-0.000189585874593567,-0.000265742244499676,-9.11655755561723e-05,0.000260846268557825,0.000603998452239734,0.00047479114097641,-0.000243877425865024,-0.000539678442538745,0.000626414254460884,0.00226331006858634,0.00186094789598806,-0.00102163343488631,-0.00264154323149837,0.000224516969598634,0.00443529646502247,0.00382964824819316,-0.00166610660455087,-0.00497169737361388,-0.00149861222757645,0.00392514365505635,0.00382140526057385,-0.00154070032078154,-0.00493396185591561,-0.00213401731882237,0.00310164276649555,0.00410875413379411,-0.000448685812550767,-0.00497414813525864,-0.0040671903023495,0.00119076789190042,0.00493704970037462,0.00370770491252036,-0.000430745510819588,-0.00301457154841239,-0.00204824500065729,0.000737618998385105,0.00236914667629754,0.00157953825951248,-8.55258579991828e-05,-0.000835444938070848,-0.000648222404708837,-0.000423353479807815,-0.000437451420805971,-0.000509045712185794,-0.000669702726588786,-0.000937816606528527,-0.000851970902089657,-0.000420543575897425,-0.000335952673056547,-0.000496105785432248,-0.000361035377426629,1.49908124123303e-05,0.000113626377936286,5.15696807381943e-05
1.47496814354988e-05,0.00013325162111236,-3.75206883071086e-05,-0.000211193097715152,-0.000185407319561123,-0.000162370014749818,-0.000145024729304249,-9.02235300046625e-05,-4.99748448874465e-05,-6.43211405550007e-06,-9.58909745480152e-05,-0.000182584008596732,4.63857131951042e-05,0.000572211428637015,0.000742858995197522,-0.000117376179841633,-0.00122516400328922,-0.000522926063807653,0.00219416504416964,0.00355246820139586,0.000445221505152767,-0.00445045737697901,-0.00393743471839406,0.00344262585036396,0.00843406851989915,0.0026978898021768,-0.00749127702804906,-0.00833818146591372,0.00200950764047318,0.0100253410762661,0.0054227934877749,-0.00531665466137146,-0.00888292005334352,-0.00199334956374917,0.00707110035016077,0.00940611241739772,0.00352762853241523,-0.00448011038936779,-0.00730027589087513,-0.00263188760208163,0.00493551243027282,0.00847536800929499,0.005066766138391,-0.00135807627068212,-0.00448176567190436,-0.00224104834159614,0.00159925552531401,0.00262274321658691,0.000879018865869458,-0.000816936557327411,-0.00118899568329167,-0.000871767770859503,-0.000547190111432009,-0.000403060172688998,-0.000530118276898228,-0.000867006238009097,-0.0008748318536259,-0.000548591195839628,-0.000464673426177801,-0.000541134336347351,-0.000407215042844981,-0.000185163916218238,-0.000190431005497839,-0.000181142738497
0.000154592002154456,0.000132774450655565,7.46481350062609e-06,-3.37721567619094e-05,-0.000129810201724595,-0.000252236824098993,-0.000174640871078831,-5.3376430911335e-05,-0.0001340655404854,-0.000199037092670384,-0.00031514929869573,-0.000447878191939266,-9.93855411126402e-05,0.00060393922414933,0.000348298514777753,-0.00141116065317511,-0.00224229046545271,0.000582724870081575,0.00467448278828285,0.00355376233507491,-0.00396094870614242,-0.00890194919609465,-0.00209106439381091,0.0105241016943527,0.0115227250842737,-0.00378703322519446,-0.016332085769056,-0.00809632300922739,0.0112307367946452,0.0167417824278052,0.002832777100752,-0.0112869098502689,-0.0102273456081034,4.67518249215247e-05,0.00700581159517364,0.00841700496553623,0.006947822508264,0.001987148032678,-0.00620738128229369,-0.0107185470491691,-0.00500061566022142,0.00633146157110295,0.0110922404911141,0.004709311280476,-0.00463227409712503,-0.00714615820642852,-0.00274643153621372,0.00162698195116974,0.00202672584520133,0.000161546251183509,-0.00117030741302573,-0.00117640258778618,-0.000549195488618805,-0.000154624256766985,-0.000213326186558123,-0.000488905802608069,-0.000566228637805673,-0.000502204412188656,-0.000497625142286625,-0.000399029807190611,-0.000246120581005441,-0.000261078098716614,-0.000282066329536776,-6.40514018731555e-05
0.000454749749221285,0.00017427761628833,0.000150953045862622,0.00026426679381525,1.49617022535108e-05,-0.000296469414087655,-0.0001386494723032,6.03895662752788e-05,-0.000191236471046169,-0.000438937905595917,-0.0005338585190235,-0.000502824823206963,6.73110239772529e-05,0.000627045522845877,-0.000478404246203943,-0.00276284943737817,-0.00195842677240346,0.0036165037476873,0.00712523539413399,0.000459124655208595,-0.011167644753129,-0.0109540402119138,0.00637454213908186,0.0204850766575513,0.00863596707829563,-0.018379814680299,-0.0241151021396052,0.00230823282622284,0.0264329032155966,0.016240260183307,-0.0115608106126766,-0.0181311930507429,-9.99753350994683e-05,0.0103323827671778,-0.00104601062323863,-0.0102917039498609,0.00122339851145705,0.0164603062740536,0.0099160645069283,-0.0132042949669068,-0.0236972470469658,-0.00904357190294857,0.0114644295343454,0.0151151293640407,0.00262943491740266,-0.0086705876354047,-0.00857778058862483,-0.0018963970792345,0.00258892658052597,0.00225407578614315,2.10338037364185e-05,-0.00100453840487708,-0.000513917675896122,2.04299497486692e-05,1.09188137926077e-05,-0.000143104148663897,-0.00017879491459635,-0.000309369525161518,-0.000378064335820458,-0.000110370012866571,0.000105698668373263,-4.75232736441334e-05,6.08231551446395e-06,0.000379484871618721
0.000451734546895342,2.84642151998708e-05,0.000118014487122671,0.000337178130203143,4.22067168053874e-05,-0.000259455050459677,3.34679097887995e-05,0.000246089279039788,-0.000160515075861172,-0.0005063050641196,-0.000391601251291389,6.81573650142667e-05,0.000774260397648607,0.000544892770025941,-0.00170225653717972,-0.00336724702382527,0.000612971231737641,0.0081148294005632,0.00736022410219466,-0.00697645494299868,-0.018477960292278,-0.00562421528117936,0.0227128165887316,0.0277700605696665,-0.00689521212180609,-0.0399715925985954,-0.0215136105552041,0.0303154801928409,0.0443732460194541,-0.00213197316094373,-0.0445816329330415,-0.0226758121504342,0.0316139200031424,0.0390275433715417,-0.0128775478075075,-0.0509549571812916,-0.0233557361382246,0.0322780023776379,0.0461096569539964,0.00519253530704596,-0.0372848905006666,-0.0349553786193209,-0.000543638756642846,0.0232712431000672,0.0175348178595861,-0.00144834609026464,-0.0110377924254472,-0.00672929817480621,0.00126352611464597,0.00415063681790034,0.00208866166287428,-0.000191338956735165,-0.000431725203605417,-1.7588387474523e-05,3.32449555440288e-06,-2.77365652415293e-05,4.3251619081144e-05,-0.000125843867495262,-0.000232776226665969,9.84804534607939e-05,0.000321330844694058,0.000110738605814265,0.000178858838254983,0.000551700488313362
5.45067236812875e-05,-0.000199275565650165,-3.20863502245544e-05,0.000155947507923399,-7.64831490472623e-05,-0.000187069611486941,0.000171404569763399,0.000283756531442355,-0.000177336274128783,-0.000429740621657291,-5.35005177514475e-06,0.000883599650642563,0.0013800299766417,-0.000161762594105625,-0.0031381887571399,-0.00245965744479207,0.00533940567403126,0.0118125190129166,0.00265771472062975,-0.0180120276823124,-0.0208588034244361,0.0106750964459471,0.0424706676280129,0.0224525198940855,-0.0388657420512509,-0.0603135248925993,0.00231743290314343,0.076094709403013,0.0554771432244819,-0.0444760829102169,-0.0925714812404517,-0.0210518379002691,0.0818935155932336,0.0857823682915647,-0.0159034655651346,-0.0965845202271305,-0.0651525239757505,0.030684990733497,0.0833576117914642,0.0463529220525377,-0.0259725428776038,-0.0546470946512241,-0.0251097404666737,0.0171152375494144,0.029916650427706,0.013155464421335,-0.00624476053780498,-0.0101844907342104,-0.00273289898058159,0.00355932050875257,0.00351279142974332,0.000853282560792928,-0.000379069128863207,-0.00038808929077907,-0.000353737349920643,-0.000255814118467159,-0.000125173411182638,-0.000254658527197345,-0.000393938008918949,-0.000115048886382673,4.15878664229984e-05,-0.000166141538445882,-0.000156051604480494,0.000131009419790775
-0.000315425979359816,-0.000230893504063416,-7.78399941911494e-05,-7.29976377622739e-05,-0.000209631615663917,-0.000140947815454336,7.47245605665758e-05,-2.59543268761062e-07,-0.000339042891360773,-0.000332267677166161,0.000307122048974601,0.00125861451614419,0.00107355471531821,-0.00172426656021216,-0.00411893985370511,0.000405591029129211,0.0106709901153879,0.0114496298793644,-0.00824303333425829,-0.0287045974643654,-0.0127629567910081,0.0362537948188644,0.0543468226775086,-0.00463239938913102,-0.0807068940641527,-0.0628893187768236,0.0509929302215516,0.121637690203113,0.0424349117411482,-0.101314244670306,-0.128419251600888,-0.00691061302425677,0.120252095699124,0.118127003261941,-0.00260116052515204,-0.104754530460946,-0.0941482047467326,-0.00497900620483899,0.0759904845556746,0.0808501472455958,0.0176771468067847,-0.0425754285913026,-0.048235196031507,-0.0102685019592158,0.0240783193493937,0.0253765217704147,0.005377086952962,-0.00896734402864837,-0.00785925003410198,-0.000478253883260591,0.00283686188558502,0.00151092788347346,-0.000323629858427937,-0.000945497373896063,-0.000934759993890663,-0.000701199945450723,-0.000552884412280741,-0.00064815767907738,-0.000780787894894868,-0.00061399075082341,-0.000511389924022168,-0.000610266265874817,-0.000608744792373259,-0.000416752002066577
-0.000283256181342472,1.62926059184414e-05,7.10542513771989e-05,-0.000120695185254853,-0.000155366094835948,-6.52686618283719e-06,-9.05763181660785e-05,-0.000366937408334507,-0.000472677286525691,-0.000190623618020575,0.000445835625326949,0.00095887150092995,-0.000249689574810491,-0.00356799039031831,-0.0036949999008341,0.00487076871399824,0.0140280763977341,0.00478389360079531,-0.0228021356092716,-0.0320313576512428,0.00875395329789228,0.062004818171717,0.0440529583605399,-0.0531507140442966,-0.110248344985579,-0.0268064676630083,0.113017787608151,0.128003587775559,-0.0152957136652261,-0.142357822292672,-0.0981976064451698,0.03491020650133,0.0968226230399894,0.0690515110152145,0.0100599404885871,-0.0296435083361682,-0.0513867822935499,-0.0615806294053553,-0.0160938326214901,0.0577996568384555,0.0739378945765545,0.017333871338774,-0.0443737532661682,-0.0483933604567676,-0.00662687462028262,0.0241392182165063,0.0190289321850477,-0.00094386856892015,-0.0100374764232261,-0.0057381033340343,0.00041700406820692,0.00177808731189839,0.000208870879205938,-0.000994378442833662,-0.00111864792376356,-0.000823109937576426,-0.000679800142342597,-0.000733374669681107,-0.000788955030111065,-0.000743701926269321,-0.000701011088686769,-0.000626086619200675,-0.000542734416217934,-0.000460327584548669
2.28737589852558e-05,0.000329186381451422,0.000311889739955093,4.16971960660717e-05,8.10505280642742e-05,0.000248609412018706,-8.17336633543158e-05,-0.00048139035429368,-0.000412757023765619,3.80278720527244e-05,0.000505056168763763,0.000292643948895569,-0.00185766201936417,-0.00450358728064553,-0.00120097905521878,0.00963250933754349,0.0130151728725545,-0.00742702699990927,-0.0344269112979697,-0.0210205495644667,0.0404756226854234,0.0732855901721945,0.00234719280529756,-0.108175690380593,-0.0964667093854515,0.0612920120017044,0.162160633398428,0.0518077692522088,-0.129251688684269,-0.131103067819031,0.0516582480530059,0.127992843538974,-0.0177122651503461,-0.118350660337948,-0.0187861133998991,0.131979424315891,0.110569057225801,-0.0868209428163403,-0.178106387164356,-0.0503466648394185,0.103378850139316,0.110232331747292,0.00314953880785128,-0.0715498312827994,-0.0494221285566749,0.00696797393609617,0.0279564911217846,0.0119953539346302,-0.00615602505686801,-0.00843664077376266,-0.00197173735819548,0.00197091621354992,0.00141167562258348,-0.000105258542788487,-0.000527915351161065,-0.000351715944719499,-0.000289236261834051,-0.000292172233944462,-0.00021943485420694,-0.000282096143621991,-0.000373273352384936,-0.000216843273578146,-1.7882659813977e-05,-5.89668997284452e-05
0.000154704944390755,0.00041440814804092,0.000437718165231151,0.000187950561411954,0.000201414657964853,0.000339443764314754,2.81741204353595e-06,-0.000366478575093611,-0.000215913001176939,0.000304259594818543,0.00059944304279154,-0.000307764092437053,-0.00281904767662696,-0.0035958510831988,0.00304207738889388,0.0127279653088771,0.00673335515840503,-0.0212320732281163,-0.0358997578769329,0.005593300921205,0.0714824466095445,0.056818744815419,-0.0664631753577365,-0.145401851903445,-0.0212376217260269,0.190034922154085,0.169639268223547,-0.118436907271415,-0.283498545125411,-0.0568122111032901,0.314437560279853,0.279873124264586,-0.188040311942996,-0.413833276829354,-0.113759518315104,0.30848595255406,0.357216047722426,-0.0294535483038459,-0.324436475628274,-0.203155965230726,0.0777879664130362,0.186151167290128,0.0767400483055513,-0.0600388503379279,-0.0783031156010927,-0.0167394762949231,0.0267366347584977,0.0225709784742224,0.00171541172921253,-0.00710657778994137,-0.00320149313742068,0.00171447404046969,0.00232197945736561,0.000908800960496484,0.000190758254188335,0.000125244028085684,5.22420444161612e-05,5.11677860766464e-05,0.00024458768590354,0.000149481425052718,-0.000100526762127375,-1.97523307828288e-06,0.000273275171145972,0.000189431126652462
-5.20489261013065e-05,0.000202056505094393,0.000344184197472239,0.000142537053871432,1.99177842501311e-05,8.10435430180881e-05,-6.3941392872462e-05,-0.000247547031493493,-4.01085746568098e-05,0.000520256857246079,0.000670367238681427,-0.000728229308734759,-0.00284206263482781,-0.0011077111382956,0.00732153167486003,0.0122350043331794,-0.00348406001114242,-0.0311768081169101,-0.0242936858493255,0.0396811984488546,0.0868914220158522,0.0109668751100506,-0.140039744439353,-0.143959411296292,0.0974251980812787,0.312611396702715,0.12238806450729,-0.327193689632982,-0.417665153643071,0.0468016642650218,0.574652199343732,0.437425602095645,-0.316922648955384,-0.662038986492696,-0.230205774276078,0.381500676498682,0.539254915329374,0.0912888122065375,-0.349241734192373,-0.29717871213955,0.00945825408341056,0.186919415209654,0.123845116883649,-0.0206747340373117,-0.0725083757146581,-0.0313807641632599,0.0147280398369137,0.022284104484356,0.00728691823197524,-0.00356974462499088,-0.00332168674023239,0.000493874312187183,0.0018036895089114,0.000918818292018019,0.000187167093728456,9.9804838548144e-06,-0.000134810430835376,-0.000213715657934898,-3.8785618096782e-06,-1.1266765445297e-05,-0.000303689571946637,-0.00031240318403252,-5.44801268901463e-06,2.42485571060258e-07
-0.000275800123997985,-7.05045981087769e-05,0.000159316619292559,2.25148752594602e-05,-0.000232508033528019,-0.000263131209730742,-0.000218242938771544,-0.000211587641165018,3.80323396641882e-05,0.00057238495083593,0.000505154085846342,-0.00113844365717208,-0.00226822522729695,0.00165851917101604,0.00944311124730434,0.0075938807278115,-0.0139523864066351,-0.0325411315365434,-0.00322612551964346,0.0662122635593122,0.0760728998666377,-0.0478637383780279,-0.182474955957829,-0.0967944205493852,0.203443004035284,0.35659451475319,0.0319430307359927,-0.45721802252248,-0.431176652800288,0.126060663308938,0.641093100255101,0.470225435039724,-0.315691625818135,-0.652010980487854,-0.248771056346279,0.270815406229284,0.469753239904568,0.167715655774793,-0.210823103469073,-0.232328820295882,-0.0500075811321473,0.0902244927727761,0.0946265884274688,0.0182003437914598,-0.0304801140692109,-0.025112624938581,-0.00235790181239789,0.00896581533013112,0.00631035415132044,9.43867470253757e-05,-0.00220044650573312,-0.000947448149964062,0.000267126221306091,0.00012079371750723,-0.000279999556859519,-0.000342650776864253,-0.00044157624486656,-0.000659652258566088,-0.000586914107431753,-0.000452617633717092,-0.000637703704257899,-0.000737905573071128,-0.000428725295091028,-0.000265365595314477
-0.000131229029793801,-8.4284010592456e-05,0.00013639936706852,9.00953453337868e-05,-0.000193044527029219,-0.00027390649737863,-0.00015396517843468,-9.50144122416627e-05,0.000123611378876808,0.000494169534178871,0.000124408838529326,-0.00142931719241332,-0.00130309532740925,0.00361868431258298,0.00841658172443281,0.000526139597510588,-0.019938173798114,-0.0234533511753264,0.0189562477644569,0.070926114187082,0.0389103017601675,-0.0919095757232273,-0.160671867744389,-0.0118951679306082,0.233202996372148,0.259546173173268,-0.077553703869896,-0.398464083376516,-0.230545664616394,0.160028539527565,0.377799488173092,0.245317367074014,-0.191135108015878,-0.275507425089014,-0.051777398921189,0.0120953726202153,0.0805389600916669,0.092875832549782,0.0289701042466829,0.00489963098419395,-0.0486160991250843,-0.0667100300383168,-0.0114086696181675,0.0341209199863168,0.0307175350139386,0.00132785796147069,-0.016299400280664,-0.0106845369635742,0.000735695139578495,0.00365888790723771,0.000538138146988331,-0.00133013833014378,-0.00087616721042234,-0.00036232743558233,-0.000326016877094406,-0.000240315077986108,-0.000268522031289122,-0.000607796464214099,-0.00071755629099012,-0.000474074770696965,-0.000515240965923265,-0.000703506641672396,-0.000437410280209709,-0.000137399108521993
0.000288990160134617,0.000157545108473263,0.000313745071605468,0.000347339344803871,9.58006055599384e-05,3.80129682872497e-05,0.000185463941842612,0.000214558637736557,0.000318595936426915,0.000450757033855878,-0.000163670389889848,-0.00123602912381859,4.3355603352129e-05,0.00442148958899883,0.00489864459234188,-0.00609863365159422,-0.0186336770097245,-0.00636608832498128,0.0337007722889276,0.0486601206586175,-0.0146134696476645,-0.100942386156292,-0.0672014340587366,0.0932025029410278,0.162662927298338,0.0179163214253083,-0.190107719703699,-0.144086043873869,0.187639654631538,0.185344953243107,-0.158110550522886,-0.23396308830988,-0.0470904770194289,0.342651793426311,0.357209551617346,-0.252575369820605,-0.479494088651144,-0.121768157694628,0.253212283168953,0.309161492390419,0.0150919871993304,-0.21039970496414,-0.136652491923285,0.0303304053768625,0.086002955731177,0.0323309949191171,-0.0237137438764195,-0.0266809109300421,-0.00390541482032288,0.00740536021022738,0.00385637869166901,-0.000866132546649416,-0.00122657696508217,-0.000173610771502246,0.000147382463794989,0.000215375731668459,0.000187100703703961,-0.000156373588434639,-0.000314081684214797,5.78890732302931e-06,5.07176739717255e-05,-0.000228637192054814,-4.91713506274458e-05,0.000310721999058378
0.00041833026570951,0.000209182884779593,0.000351644881114698,0.000405715913651948,0.000154389577640115,0.000152222506545237,0.000390007540544171,0.00041320347619286,0.000400287070566069,0.00034827270729991,-0.000286763883882963,-0.000683866864222288,0.00127307500564362,0.00394174536127097,0.000289339995934829,-0.0103500603180904,-0.0113338125568473,0.0127107365448992,0.037372733018769,0.00815442538777958,-0.068899214302693,-0.0779221671058754,0.0657340083098369,0.196253576343914,0.0341694710285693,-0.284044553937071,-0.29755153987531,0.174550346087518,0.677536861294665,0.25335329001419,-0.704480860040394,-0.76527537974894,0.018203520783992,0.88253222640761,0.788725814188429,-0.382891819402254,-0.914918620089057,-0.33202550259171,0.374041575491985,0.513537136606129,0.0786152753438433,-0.282381664344414,-0.205313779534153,0.0285976314249818,0.114307757227434,0.0460792696717415,-0.0281043279409537,-0.0326127804116281,-0.00352011546627089,0.0105301402778291,0.00538510524072716,-0.00105285747134859,-0.0014555390592833,0.000120918470293701,0.000495917646104645,0.000351373129028828,0.000275240088118033,3.59385132026168e-05,-2.20430044113812e-05,0.000347830917997617,0.000415923273734057,8.77418445495205e-05,0.000181949772463887,0.000500616494742495
-9.53332303286187e-16,-0.000166480758361004,5.06009889450446e-05,0.000103209573281715,-0.000197106253678855,-0.000151330476140438,0.000194146959266597,0.000217344138390042,0.000101090539369806,-6.71766995757988e-06,-0.000441602810400673,-0.00029506726316081,0.00169188382946413,0.00243671937909708,-0.0037430877067478,-0.0117545753354528,-0.00242459230502465,0.0272418432104246,0.0333785272609422,-0.0303089952750997,-0.106881868416285,-0.0459731830412638,0.176083417260116,0.270006836269306,-0.0670190373728031,-0.501589424493224,-0.375316152752291,0.368547661390517,0.986461709750909,0.35211232905862,-0.955867890788778,-1.04612553064347,-5.78672176154781e-17,1.04612553064347,0.955867890788779,-0.35211232905862,-0.98646170975091,-0.368547661390518,0.375316152752291,0.501589424493226,0.067019037372804,-0.270006836269309,-0.176083417260117,0.0459731830412634,0.106881868416284,0.0303089952750992,-0.0333785272609421,-0.0272418432104239,0.00242459230502474,0.0117545753354512,0.00374308770674898,-0.00243671937909569,-0.00169188382946174,0.000295067263160909,0.000441602810397892,6.71766995793224e-06,-0.000101090539365986,-0.000217344138387791,-0.00019414695926736,0.000151330476134671,0.000197106253677753,-0.000103209573279761,-5.0600988944546e-05,0.000166480758359587
-0.000418330265711204,-0.000500616494743139,-0.000181949772463001,-8.7741844547618e-05,-0.000415923273735406,-0.000347830918002498,2.20430044108918e-05,-3.59385132006683e-05,-0.00027524008811475,-0.000351373129028645,-0.000495917646106822,-0.000120918470293458,0.00145553905928501,0.00105285747135006,-0.00538510524072694,-0.01053014027783,0.00352011546627162,0.0326127804116286,0.0281043279409539,-0.0460792696717412,-0.114307757227435,-0.0285976314249812,0.205313779534151,0.282381664344413,-0.0786152753438419,-0.513537136606127,-0.374041575491985,0.332025502591709,0.914918620089057,0.382891819402254,-0.788725814188428,-0.882532226407611,-0.0182035207839922,0.765275379748941,0.704480860040396,-0.25335329001419,-0.677536861294666,-0.174550346087519,0.29755153987531,0.284044553937072,-0.0341694710285685,-0.196253576343917,-0.0657340083098372,0.0779221671058757,0.0688992143026927,-0.00815442538778075,-0.0373727330187672,-0.0127107365448981,0.0113338125568479,0.0103500603180894,-0.000289339995935471,-0.00394174536126961,-0.00127307500564204,0.000683866864223552,0.000286763883879513,-0.000348272707299561,-0.000400287070562804,-0.000413203476190676,-0.000390007540545013,-0.000152222506549736,-0.000154389577641038,-0.0004057159136498,-0.000351644881114002,-0.000209182884781053
-0.000288990160135616,-0.000310721999058185,4.91713506279459e-05,0.000228637192055567,-5.07176739727939e-05,-5.78890732561256e-06,0.000314081684214741,0.000156373588436012,-0.000187100703702574,-0.000215375731668532,-0.000147382463795611,0.000173610771502792,0.00122657696508318,0.000866132546649732,-0.00385637869166861,-0.00740536021022752,0.00390541482032321,0.0266809109300421,0.0237137438764189,-0.0323309949191173,-0.0860029557311763,-0.0303304053768621,0.136652491923285,0.210399704964139,-0.0150919871993298,-0.309161492390417,-0.253212283168953,0.121768157694628,0.479494088651144,0.252575369820605,-0.357209551617346,-0.342651793426312,0.0470904770194291,0.23396308830988,0.158110550522887,-0.185344953243107,-0.187639654631538,0.144086043873868,0.190107719703699,-0.017916321425307,-0.162662927298338,-0.0932025029410285,0.0672014340587369,0.100942386156291,0.0146134696476637,-0.0486601206586179,-0.0337007722889271,0.00636608832498165,0.0186336770097246,0.00609863365159324,-0.00489864459234146,-0.00442148958899816,-4.33556033509939e-05,0.00123602912381813,0.000163670389888175,-0.000450757033855737,-0.000318595936424941,-0.000214558637735907,-0.00018546394184313,-3.80129682889643e-05,-9.58006055594645e-05,-0.00034733934480296,-0.000313745071605439,-0.000157545108474878
0.00013122902979372,0.000137399108523181,0.000437410280209892,0.000703506641672021,0.000515240965922788,0.000474074770697273,0.000717556290990304,0.000607796464214438,0.000268522031288608,0.00024031507798572,0.000326016877094924,0.000362327435582846,0.000876167210422449,0.00133013833014318,-0.000538138146988488,-0.00365888790723717,-0.000735695139578232,0.0106845369635742,0.0162994002806629,-0.00132785796147122,-0.0307175350139376,-0.0341209199863155,0.0114086696181678,0.0667100300383164,0.0486160991250838,-0.00489963098419444,-0.0289701042466831,-0.0928758325497819,-0.0805389600916662,-0.0120953726202145,0.0517773989211884,0.275507425089013,0.191135108015878,-0.245317367074013,-0.377799488173092,-0.160028539527566,0.230545664616393,0.398464083376517,0.0775537038698968,-0.259546173173267,-0.233202996372149,0.011895167930608,0.160671867744389,0.0919095757232279,-0.0389103017601672,-0.0709261141870824,-0.0189562477644568,0.0234533511753267,0.0199381737981142,-0.000526139597510621,-0.00841658172443288,-0.0036186843125827,0.0013030953274091,0.0014293171924132,-0.00012440883852964,-0.000494169534178874,-0.000123611378876861,9.50144122411064e-05,0.000153965178434341,0.000273906497379349,0.000193044527030448,-9.00953453334116e-05,-0.000136399367068804,8.42840105914908e-05
0.000275800123998702,0.00026536559531599,0.000428725295090451,0.00073790557306959,0.000637703704257181,0.000452617633719789,0.000586914107432516,0.000659652258565651,0.000441576244864352,0.000342650776863782,0.000279999556861065,-0.000120793717506763,-0.000267126221306359,0.000947448149963514,0.00220044650573229,-9.43867470248794e-05,-0.00631035415131987,-0.00896581533013162,0.00235790181239711,0.0251126249385804,0.0304801140692117,-0.0182003437914592,-0.0946265884274682,-0.0902244927727758,0.0500075811321466,0.232328820295881,0.210823103469072,-0.167715655774792,-0.469753239904568,-0.270815406229284,0.248771056346278,0.652010980487853,0.315691625818136,-0.470225435039722,-0.641093100255101,-0.126060663308939,0.431176652800287,0.457218022522481,-0.031943030735992,-0.356594514753191,-0.203443004035285,0.0967944205493859,0.182474955957829,0.0478637383780286,-0.0760728998666369,-0.0662122635593124,0.00322612551964379,0.032541131536543,0.013952386406635,-0.00759388072781217,-0.00944311124730472,-0.00165851917101645,0.00226822522729624,0.00113844365717228,-0.000505154085845535,-0.000572384950836016,-3.80323396659244e-05,0.000211587641163478,0.000218242938771494,0.000263131209733167,0.000232508033529241,-2.25148752594384e-05,-0.000159316619293382,7.05045981084733e-05
5.20489261024895e-05,-2.4248556967467e-07,5.44801268906341e-06,0.000312403184030533,0.000303689571946406,1.12667654482912e-05,3.87856181055743e-06,0.000213715657934201,0.000134810430833383,-9.98048385506899e-06,-0.000187167093727335,-0.000918818292018195,-0.0018036895089126,-0.000493874312188103,0.00332168674023139,0.0035697446249919,-0.00728691823197505,-0.022284104484356,-0.0147280398369139,0.0313807641632601,0.0725083757146587,0.0206747340373121,-0.123845116883649,-0.186919415209652,-0.00945825408341094,0.297178712139549,0.349241734192372,-0.0912888122065372,-0.539254915329373,-0.381500676498681,0.230205774276077,0.662038986492696,0.316922648955384,-0.437425602095645,-0.574652199343731,-0.0468016642650225,0.417665153643071,0.327193689632983,-0.12238806450729,-0.312611396702716,-0.0974251980812795,0.143959411296293,0.140039744439353,-0.0109668751100503,-0.0868914220158521,-0.0396811984488549,0.0242936858493258,0.0311768081169095,0.00348406001114211,-0.0122350043331795,-0.00732153167486013,0.00110771113829474,0.00284206263482715,0.000728229308735083,-0.000670367238680271,-0.000520256857246129,4.01085746549631e-05,0.000247547031491924,6.39413928726669e-05,-8.10435430155383e-05,-1.99177842493034e-05,-0.000142537053871974,-0.000344184197473164,-0.000202056505094267
-0.000154704944389624,-0.000189431126651629,-0.000273275171146411,1.97523307644064e-06,0.000100526762127307,-0.000149481425050016,-0.000244587685902452,-5.11677860778509e-05,-5.22420444177012e-05,-0.0001252440280855,-0.0001907582541866,-0.000908800960496212,-0.00232197945736706,-0.00171447404047052,0.00320149313742018,0.00710657778994201,-0.00171541172921205,-0.0225709784742228,-0.026736634758498,0.0167394762949245,0.0783031156010931,0.0600388503379269,-0.0767400483055514,-0.186151167290127,-0.0777879664130356,0.203155965230726,0.324436475628274,0.0294535483038462,-0.357216047722427,-0.30848595255406,0.113759518315104,0.413833276829354,0.188040311942996,-0.279873124264586,-0.314437560279853,0.0568122111032897,0.283498545125412,0.118436907271416,-0.169639268223547,-0.190034922154086,0.0212376217260265,0.145401851903445,0.0664631753577367,-0.056818744815419,-0.0714824466095441,-0.0055933009212043,0.0358997578769326,0.0212320732281157,-0.00673335515840449,-0.0127279653088765,-0.00304207738889391,0.00359585108319818,0.00281904767662591,0.000307764092437389,-0.000599443042790347,-0.000304259594818505,0.000215913001175524,0.000366478575092247,-2.81741204305247e-06,-0.000339443764312895,-0.000201414657964639,-0.000187950561412404,-0.000437718165231881,-0.000414408148040448
-2.28737589845716e-05,5.89668997286072e-05,1.78826598139054e-05,0.000216843273577155,0.000373273352385177,0.000282096143623344,0.000219434854207588,0.000292172233943682,0.000289236261833395,0.000351715944719777,0.000527915351162023,0.000105258542788218,-0.00141167562258427,-0.00197091621354999,0.00197173735819582,0.00843664077376272,0.00615602505686792,-0.0119953539346305,-0.0279564911217847,-0.00696797393609502,0.049422128556675,0.0715498312827987,-0.00314953880785137,-0.110232331747291,-0.103378850139315,0.0503466648394182,0.178106387164356,0.0868209428163406,-0.110569057225801,-0.131979424315892,0.0187861133998994,0.118350660337948,0.0177122651503461,-0.127992843538974,-0.0516582480530067,0.131103067819031,0.129251688684269,-0.0518077692522081,-0.162160633398429,-0.0612920120017052,0.0964667093854516,0.108175690380594,-0.00234719280529759,-0.0732855901721953,-0.0404756226854236,0.0210205495644672,0.0344269112979698,0.00742702699990866,-0.0130151728725551,-0.00963250933754305,0.00120097905521897,0.00450358728064547,0.0018576620193637,-0.000292643948896157,-0.000505056168764117,-3.80278720526768e-05,0.000412757023765844,0.000481390354293907,8.17336633546709e-05,-0.00024860941201817,-8.10505280642969e-05,-4.16971960668034e-05,-0.000311889739954684,-0.00032918638145127
0.00028325618134269,0.000460327584548481,0.000542734416217761,0.000626086619200375,0.000701011088687029,0.000743701926269924,0.000788955030111462,0.000733374669680818,0.000679800142342476,0.000823109937576484,0.00111864792376379,0.000994378442833688,-0.000208870879205643,-0.00177808731189833,-0.000417004068206607,0.00573810333403426,0.010037476423226,0.00094386856891987,-0.0190289321850471,-0.024139218216506,0.00662687462028219,0.0483933604567674,0.044373753266168,-0.0173338713387737,-0.0739378945765543,-0.0577996568384552,0.0160938326214895,0.0615806294053551,0.05138678229355,0.0296435083361683,-0.0100599404885866,-0.0690515110152141,-0.0968226230399896,-0.0349102065013311,0.0981976064451692,0.142357822292673,0.0152957136652271,-0.128003587775559,-0.113017787608151,0.0268064676630076,0.11024834498558,0.0531507140442974,-0.0440529583605398,-0.0620048181717176,-0.00875395329789269,0.0320313576512431,0.0228021356092717,-0.00478389360079552,-0.0140280763977344,-0.00487076871399777,0.00369499990083391,0.00356799039031851,0.000249689574810405,-0.000958871500930042,-0.000445835625327258,0.00019062361802067,0.000472677286526145,0.000366937408334811,9.05763181661073e-05,6.52686618273074e-06,0.000155366094835595,0.000120695185254692,-7.10542513770484e-05,-1.62926059181686e-05
0.000315425979359633,0.000416752002066052,0.000608744792373297,0.00061026626587523,0.000511389924022847,0.000613990750823248,0.000780787894894749,0.000648157679077085,0.000552884412280937,0.000701199945450617,0.000934759993890334,0.000945497373895499,0.000323629858427836,-0.00151092788347354,-0.00283686188558402,0.000478253883259995,0.007859250034102,0.00896734402864894,-0.00537708695296165,-0.0253765217704146,-0.0240783193493941,0.0102685019592152,0.0482351960315067,0.0425754285913024,-0.0176771468067847,-0.0808501472455954,-0.0759904845556754,0.00497900620483857,0.0941482047467324,0.104754530460947,0.00260116052515243,-0.118127003261941,-0.120252095699124,0.00691061302425603,0.128419251600888,0.101314244670306,-0.0424349117411475,-0.121637690203113,-0.0509929302215515,0.0628893187768234,0.0807068940641531,0.00463239938913051,-0.0543468226775087,-0.0362537948188646,0.012762956791008,0.0287045974643649,0.00824303333425802,-0.0114496298793643,-0.0106709901153875,-0.000405591029128604,0.00411893985370475,0.0017242665602123,-0.00107355471531854,-0.00125861451614396,-0.000307122048974966,0.000332267677166343,0.000339042891361116,2.59543269085113e-07,-7.47245605664943e-05,0.000140947815453876,0.000209631615663765,7.29976377623674e-05,7.78399941916597e-05,0.000230893504063691
-5.4506723681581e-05,-0.000131009419791319,0.000156051604480408,0.000166141538446249,-4.15878664226607e-05,0.000115048886382347,0.000393938008918773,0.000254658527197243,0.000125173411182473,0.000255814118467524,0.000353737349920637,0.000388089290779047,0.000379069128862854,-0.000853282560793043,-0.00351279142974347,-0.00355932050875249,0.00273289898058167,0.0101844907342107,0.00624476053780533,-0.0131554644213355,-0.0299166504277058,-0.0171152375494143,0.0251097404666739,0.0546470946512242,0.0259725428776034,-0.046352922052538,-0.0833576117914639,-0.0306849907334969,0.0651525239757505,0.0965845202271307,0.0159034655651347,-0.0857823682915642,-0.0818935155932335,0.0210518379002686,0.0925714812404518,0.0444760829102167,-0.0554771432244816,-0.0760947094030133,-0.00231743290314304,0.060313524892599,0.038865742051251,-0.0224525198940857,-0.0424706676280127,-0.0106750964459468,0.020858803424436,0.0180120276823123,-0.00265771472062979,-0.0118125190129162,-0.00533940567403106,0.00245965744479227,0.00313818875713983,0.00016176259410558,-0.00138002997664155,-0.000883599650642453,5.35005177538052e-06,0.000429740621657425,0.000177336274128695,-0.000283756531442463,-0.000171404569763699,0.000187069611486834,7.64831490468847e-05,-0.000155947507923078,3.20863502243659e-05,0.000199275565650278
-0.000451734546895562,-0.000551700488313718,-0.000178858838255057,-0.000110738605813659,-0.000321330844693624,-9.84804534609929e-05,0.000232776226665554,0.000125843867495117,-4.32516190811495e-05,2.77365652418752e-05,-3.32449555437598e-06,1.7588387474495e-05,0.000431725203605012,0.000191338956735,-0.00208866166287387,-0.00415063681790026,-0.00126352611464588,0.00672929817480595,0.0110377924254469,0.0014483460902641,-0.0175348178595861,-0.0232712431000669,0.000543638756643392,0.034955378619321,0.0372848905006663,-0.00519253530704619,-0.0461096569539956,-0.0322780023776375,0.0233557361382247,0.0509549571812911,0.0128775478075067,-0.0390275433715422,-0.0316139200031418,0.0226758121504357,0.0445816329330417,0.00213197316094357,-0.0443732460194551,-0.0303154801928411,0.0215136105552047,0.0399715925985953,0.00689521212180575,-0.0277700605696669,-0.0227128165887312,0.00562421528118007,0.0184779602922781,0.00697645494299796,-0.00736022410219449,-0.00811482940056297,-0.000612971231737425,0.00336724702382478,0.00170225653717958,-0.00054489277002615,-0.000774260397648107,-6.81573650137392e-05,0.000391601251291743,0.000506305064119615,0.000160515075861169,-0.000246089279039671,-3.34679097888578e-05,0.000259455050459612,-4.22067168056455e-05,-0.000337178130203059,-0.00011801448712314,-2.8464215199907e-05
-0.000454749749221424,-0.000379484871618954,-6.0823155145701e-06,4.75232736446514e-05,-0.000105698668373016,0.000110370012866106,0.000378064335820035,0.000309369525161703,0.000178794914596855,0.000143104148664282,-1.09188137927528e-05,-2.04299497490121e-05,0.000513917675896294,0.00100453840487731,-2.1033803736267e-05,-0.00225407578614323,-0.00258892658052632,0.00189639707923443,0.00857778058862504,0.00867058763540466,-0.00262943491740263,-0.0151151293640405,-0.0114644295343451,0.00904357190294896,0.0236972470469655,0.0132042949669061,-0.00991606450692871,-0.016460306274053,-0.00122339851145635,0.0102917039498613,0.0010460106232375,-0.010332382767179,9.99753350995298e-05,0.0181311930507444,0.0115608106126774,-0.0162402601833077,-0.0264329032155976,-0.00230823282622329,0.0241151021396059,0.0183798146802989,-0.00863596707829569,-0.0204850766575513,-0.00637454213908157,0.0109540402119141,0.0111676447531287,-0.000459124655209351,-0.00712523539413393,-0.00361650374768678,0.00195842677240374,0.00276284943737796,0.000478404246203382,-0.000627045522846126,-6.73110239770925e-05,0.000502824823207395,0.000533858519023612,0.000438937905595882,0.000191236471045886,-6.03895662754057e-05,0.00013864947230319,0.000296469414087733,-1.49617022535001e-05,-0.000264266793815108,-0.000150953045862556,-0.000174277616288291
-0.000154592002154582,6.40514018730471e-05,0.000282066329536762,0.000261078098716973,0.000246120581005612,0.00039902980719026,0.000497625142286454,0.00050220441218863,0.00056622863780621,0.000488905802608372,0.000213326186557866,0.000154624256766562,0.000549195488618134,0.00117640258778652,0.00117030741302595,-0.000161546251183377,-0.00202672584520109,-0.00162698195116965,0.0027464315362129,0.00714615820642872,0.00463227409712524,-0.00470931128047619,-0.0110922404911134,-0.0063314615711036,0.00500061566022089,0.0107185470491688,0.0062073812822934,-0.00198714803267711,-0.00694782250826239,-0.00841700496553601,-0.00700581159517451,-4.67518249224162e-05,0.0102273456081035,0.0112869098502687,-0.0028327771007516,-0.0167417824278056,-0.0112307367946449,0.00809632300922786,0.0163320857690552,0.00378703322519404,-0.0115227250842734,-0.010524101694352,0.00209106439381144,0.00890194919609421,0.00396094870614161,-0.00355376233507502,-0.00467448278828225,-0.000582724870081055,0.00224229046545276,0.00141116065317452,-0.000348298514778162,-0.000603939224149341,9.93855411129567e-05,0.00044787819193929,0.000315149298695681,0.000199037092670224,0.000134065540485399,5.33764309111501e-05,0.00017464087107889,0.000252236824099237,0.000129810201724743,3.37721567616293e-05,-7.46481350096175e-06,-0.000132774450655702
-1.47496814356342e-05,0.000181142738497047,0.000190431005497771,0.000185163916218358,0.000407215042844692,0.00054113433634709,0.000464673426177428,0.000548591195840062,0.00087483185362667,0.000867006238008935,0.000530118276897831,0.00040306017268853,0.00054719011143277,0.000871767770859895,0.00118899568329211,0.000816936557326772,-0.000879018865869537,-0.00262274321658711,-0.00159925552531368,0.00224104834159609,0.00448176567190418,0.00135807627068221,-0.0050667661383905,-0.00847536800929466,-0.00493551243027296,0.00263188760208104,0.00730027589087499,0.00448011038936814,-0.00352762853241484,-0.00940611241739776,-0.0070711003501609,0.00199334956374898,0.00888292005334345,0.00531665466137106,-0.00542279348777488,-0.0100253410762657,-0.00200950764047242,0.00833818146591333,0.00749127702804847,-0.00269788980217703,-0.00843406851989867,-0.00344262585036333,0.00393743471839442,0.00445045737697821,-0.00044522150515367,-0.00355246820139585,-0.00219416504416897,0.000522926063808106,0.00122516400328875,0.000117376179841003,-0.000742858995197668,-0.000572211428636656,-4.6385713194678e-05,0.000182584008597121,9.58909745482921e-05,6.43211405542251e-06,4.99748448871544e-05,9.02235300044176e-05,0.000145024729304464,0.000162370014750064,0.000185407319561162,0.000211193097715111,3.7520688306761e-05,-0.000133251621112332
-0.000169608161656269,-5.15696807378545e-05,-0.000113626377936442,-1.49908124121203e-05,0.000361035377426046,0.00049610578543211,0.000335952673056863,0.00042054357589779,0.000851970902089379,0.000937816606528216,0.000669702726588358,0.000509045712186428,0.000437451420806859,0.000423353479807985,0.000648222404708238,0.000835444938069921,8.55258579994391e-05,-0.00157953825951202,-0.00236914667629723,-0.000737618998385863,0.00204824500065675,0.00301457154841189,0.000430745510819939,-0.00370770491252044,-0.00493704970037496,-0.00119076789189998,0.00406719030234967,0.00497414813525853,0.000448685812549777,-0.00410875413379451,-0.00310164276649429,0.00213401731882353,0.00493396185591567,0.00154070032077988,-0.00382140526057472,-0.00392514365505566,0.00149861222757809,0.00497169737361356,0.0016661066045495,-0.00382964824819437,-0.00443529646502133,-0.000224516969597376,0.00264154323149848,0.00102163343488508,-0.00186094789598858,-0.00226331006858592,-0.000626414254459082,0.000539678442538499,0.000243877425864026,-0.000474791140977494,-0.000603998452240054,-0.000260846268557432,9.11655755565166e-05,0.000265742244499779,0.000189585874593299,5.14425257398563e-06,-8.18924095576559e-06,6.196077876209e-05,0.00010142000380534,3.14358287861601e-05,8.4909307707564e-06,2.54114241651643e-05,-0.000170242474530985,-0.00031081092485428
-0.000318724892955406,-0.000195107535676085,-0.000164746924459445,-4.13563528717708e-05,0.000177551749121826,0.00024633991316903,0.000134059573714954,0.000165167558988305,0.000448046972730158,0.000584516295903172,0.000517478102727429,0.000423155457373727,0.00023735619283737,8.16480716860993e-05,0.000219573579089339,0.000599069434592685,0.000663461660070564,4.59715131164907e-07,-0.000895412375274306,-0.000807093917625705,0.000639512836078289,0.0024088719359722,0.00258634174392542,0.000649908485801494,-0.00128860508790237,-0.000790439937125506,0.00162284021344865,0.00287087451794192,0.00143261427407474,-0.000524489070318153,-0.000229202256597941,0.00160933999668138,0.00184964436665552,-0.000353693158130973,-0.00221768759622519,-0.00107866076700543,0.00144341693345235,0.0016546935298996,-0.000918489858816131,-0.0028057245202968,-0.00174280279965529,0.000515199891917459,0.00103289337565126,-0.000402021978191195,-0.00152501900974311,-0.00104944086439002,2.13209666959415e-05,0.000362113581428656,-4.79118100145873e-05,-0.000352855556753502,-0.000123376906806688,0.000248733320472885,0.000463423338000101,0.000512430319797605,0.000335419922343662,2.98587448078803e-05,-0.000106966537730124,-6.4789251285015e-05,-3.54792167425863e-06,-8.91008541649303e-05,-0.000224051621363714,-0.000243279628400469,-0.000345114031477516,-0.000412989088262586
-0.000271580860580021,-0.000106425642640505,7.13023713938874e-05,9.3362498404016e-05,-3.65982585961005e-05,-6.77635712243137e-05,-1.53732206069565e-05,-3.56944313549769e-07,5.28541780483086e-05,0.000210863004529934,0.000376037428971998,0.000406619653881586,0.000189802502156629,3.42600787632904e-05,0.000144353529282068,0.000471204474247799,0.000835378643263396,0.00087738769439976,0.000420236934065603,5.08750755337494e-06,0.000220251065803913,0.00108625672166644,0.00176942181329367,0.00151557074271171,0.000631002379689999,5.04271481319869e-05,0.000105820705577296,0.000355073646473332,0.000165937416505849,-0.000120290915636292,0.000101164941595724,0.000517655888707256,7.2970741032738e-05,-0.00101284524738046,-0.00140203164589074,-0.000421588643652608,0.000461436042515292,-0.000100838749817675,-0.00135209300246502,-0.0015160429608968,-0.000494322098910124,0.000343825505530114,0.000156921671406941,-0.000561404067585656,-0.000845399575654544,-0.000469757858638615,4.95915674874135e-05,0.000177803164242082,-3.3410447301484e-05,-0.00015353821442791,0.000133028687082492,0.000439969460014618,0.000477020373120294,0.000329835704452907,0.000106361302658317,-0.0001256098842842,-0.000263247724443778,-0.000269306553572396,-0.000170689759901923,-0.000150695460673174,-0.000269865999855944,-0.000268202906607472,-0.000234345273982549,-0.000270067708078914
-0.00016841257879728,-2.75083138740304e-05,0.000228469850047819,0.00018684937624828,-0.000115528976054994,-0.000154028209716258,5.50447521158092e-05,9.88172153185082e-05,5.76485572231096e-05,0.000252159182027927,0.00051699819577037,0.000599653978890346,0.000405431277175663,0.000272162228906497,0.000265797005821335,0.000346939188963174,0.00062896079499067,0.000836120314789311,0.000602806721259839,0.0001599458223004,-9.03260937568889e-05,-7.36847499332731e-05,0.000107818445822036,0.000253339767209406,0.000211138607358102,-0.000221848803524045,-0.000874809649499568,-0.00112448976983813,-0.000942870207101407,-0.000629064919329227,-0.00039832116683613,-0.000285686642192449,-0.000535303432786447,-0.000878156050899637,-0.00084083243890605,-0.000259886566192629,5.10919832331266e-05,-0.000356804879372746,-0.00083165415531175,-0.000622129510828035,-7.95909472000133e-05,7.06618125193564e-05,-0.000207871853319966,-0.000515603678431957,-0.000546048101213421,-0.000378826522371183,-0.000176571077891817,-0.000122463310290037,-0.000210178781137044,-0.000276374932162214,-4.35024900830212e-05,0.000173612063263692,5.59610340035896e-05,-0.000215302387607069,-0.000349792551180065,-0.000345283719962118,-0.000376667906499574,-0.000436125964725189,-0.000328301975932618,-0.00016084345270593,-0.00018590151100608,-0.000157282742267982,-5.11080944105931e-05,-7.78774375270928e-05
-0.000148223099963873,-9.52012260195013e-05,0.000127549144691555,0.000166176892554334,1.94932965453523e-05,7.42980534525125e-05,0.00027687035403902,0.000306931287809336,0.000334280147702627,0.000576244763442002,0.000742103867264741,0.000735892112825544,0.00061858431373942,0.00053567117551615,0.000355332784347188,0.000140176100027297,0.000253420116805556,0.000458977464500962,0.000316539071665202,-3.29819176463825e-05,-0.000248137548182646,-0.000451318996607227,-0.000569962344298633,-0.000561030063782046,-0.000422730204317279,-0.000544155618334897,-0.000902676480619958,-0.00098248704698962,-0.000676585779925159,-0.000345045733512896,-0.000204272402035806,-0.000181468460727652,-0.000296855810084761,-0.000375930354754899,-0.000295383343718655,-1.84085828678932e-05,0.000117667336595458,-8.07509040793848e-05,-0.000297841131153503,-0.000202731909838105,4.53507389410854e-06,-9.13974017727573e-05,-0.000407523493345624,-0.000612347176183494,-0.000504982738041352,-0.000324967121905693,-0.000281001751537122,-0.000346056929686156,-0.000378140008602335,-0.000360389689063951,-0.0001935313539384,-5.43566610306676e-05,-0.000171879129150251,-0.000403765187989474,-0.000450887714552116,-0.000330996579237126,-0.000321077501425742,-0.000420763283109367,-0.000336105007265029,-8.79923402594863e-05,-0.000101999346066498,-0.0001465200881917,-7.51116595293983e-05,-6.36014099034948e-05
-0.00012724453879114,-9.9704730927822e-05,4.64057595952069e-05,0.000204148672396987,0.00029884569626798,0.000385443157554719,0.000408253573033899,0.000332418488006308,0.000451457281132345,0.000696427675373925,0.000688816527729013,0.000560184542304511,0.000554916642668107,0.000571460656113717,0.000351860491772232,3.59009662217045e-05,5.99578386630395e-05,0.000295518365524531,0.000321736701971801,0.000175823455333662,7.42454796393022e-05,-6.9442045651904e-05,-0.000141285686086969,-0.000159908773136278,-0.000119787760565855,-0.000109481166998768,-8.97885085247041e-05,5.43448787618433e-07,0.000147405229943026,0.000262451433404358,0.000345140572068506,0.000291479291976764,8.63375961275733e-05,-9.06095812370157e-06,2.85046640080614e-05,6.83236290245866e-05,3.27738340086861e-05,-7.20687179073044e-05,-0.00017431046985901,-0.000175798558856621,-0.000100827522169189,-0.000203339541270083,-0.000498534418544399,-0.000641507734148192,-0.000399443795011109,-0.000150566741655459,-0.000208226811971146,-0.000331141337709689,-0.000232339365130787,-0.0001063889668225,-4.57909588131427e-05,1.10045323004611e-05,3.89984803704317e-05,-4.58633307985486e-05,-0.000119079625989139,-0.000116209471347999,-0.000138640006734273,-0.000232164376927495,-0.000148612214742558,7.02538759738529e-05,-4.13060975481937e-06,-0.000189137195293797,-0.000209410344626927,-0.000145930851667224
3.19196888933643e-05,0.000162433942105073,0.000277477366361434,0.00042509235886239,0.000525797420712074,0.000487136991092173,0.000309087633934675,0.000141802349571249,0.000254326471417602,0.000446947144826969,0.000381291977580042,0.000290257861347775,0.000369915249883864,0.000423952772464602,0.000325969013789473,0.000200068182098654,0.000217295420443832,0.000367609434901751,0.000510623233534154,0.000606952407890411,0.000547851357767988,0.000355303977156271,0.000341025947214461,0.000412491490600831,0.000372089917376697,0.0003821583419124,0.000517872804317149,0.000512085059464399,0.000310792342425947,0.000210264247368865,0.000339323283242505,0.000288713723878894,6.20742695975638e-06,-6.87893063419274e-05,-8.09881341996732e-06,-0.000130010121145337,-0.000325381818045468,-0.000347019971584581,-0.000326765976595292,-0.000379320122563213,-0.000394778760460914,-0.00039109521918178,-0.000515835816485587,-0.000554068706019772,-0.000303708252318066,-0.000136157642944162,-0.000274483730726632,-0.000341420131778237,-9.10877629311712e-05,5.78580039969577e-05,-2.3067698643126e-05,-2.74694335038236e-05,0.00013717886654162,0.000173659077110845,3.67533301025099e-05,-6.84265843364061e-05,-5.56988492370586e-05,-5.4101203555705e-05,3.0197676573377e-05,0.000178187688021558,9.35217791961272e-05,-9.42042482125167e-05,-0.00016009015475157,-8.13144639986166e-05
0.000208731091150618,0.000439535493157979,0.000571122857032416,0.000571555411249259,0.000479586293423142,0.000300306680571229,9.95262259179511e-05,-1.26067551375118e-05,5.93421297550303e-05,0.000186417547870284,0.000232478341577996,0.000354290446251182,0.000464557964517194,0.000373916453266921,0.000353736621153242,0.000500990766810191,0.000535037368925086,0.000427577378522964,0.000456504014186145,0.000661484734986807,0.00060571095209152,0.000298896034449516,0.000236956172984026,0.000344679262678224,0.000217609552258533,0.000154332696901384,0.000242599859852322,0.000150353725387064,-0.0002050540682817,-0.000334931875481571,-0.000150632941599374,-0.000184365461787917,-0.00043959750352461,-0.000382614398150541,-0.000229485901988243,-0.000390687435214456,-0.000589761349482796,-0.000485591406086828,-0.000385108310245508,-0.000524883011461364,-0.000642880597768786,-0.000553062119238506,-0.000497914395504522,-0.000488054341082938,-0.000373531981871755,-0.000351426908508508,-0.000503716673543609,-0.000498945245635467,-0.000262668434412524,-0.000218735574111984,-0.000360617961010192,-0.00034293566741532,-0.000162767465627571,-0.000126070957093249,-0.000233396213370144,-0.000243549645118115,-0.000102075126212016,1.04024209964297e-05,6.50538932903059e-05,0.000139754934392641,0.000129817504126426,0.000109214306413201,0.000101375028895284,0.000109202432986814
0.000151980337007931,0.000376442454616208,0.000499433739675025,0.000403500676304045,0.00023566225790254,0.000109146729603368,5.25178476762389e-05,9.21257605508256e-05,0.000187742393296757,0.000284812756062253,0.000428287104842326,0.000714310129037234,0.000818869200650459,0.00052116884846073,0.00039834951708092,0.000613285562437786,0.000645095099386511,0.000337223951205149,0.000182124875886589,0.000325729057636998,0.0002806204184499,-2.10594456779585e-05,-9.06554401732695e-05,-1.42270608319228e-05,-0.000238473061445278,-0.00041878620048886,-0.000389161260600696,-0.000408707657172697,-0.000586926743751763,-0.000580094235286702,-0.000415304987229486,-0.000478607553455633,-0.000651448624158957,-0.000493614213754209,-0.000314233132678388,-0.000440089630943099,-0.000498583446418765,-0.000307622748267773,-0.000219238595093676,-0.000408210051480821,-0.000520725212785321,-0.00042482893535481,-0.000354653985056638,-0.000386156113188132,-0.000377354227581539,-0.000372021639283166,-0.000434997215950787,-0.000426733954153205,-0.000396557510821114,-0.000504040912104493,-0.000570280879219767,-0.000454504851328485,-0.000370421033692218,-0.000414144946118835,-0.000398630501711132,-0.000247183650204476,-7.12724249054891e-05,3.98221525582065e-05,7.78294138938268e-05,8.43229934376297e-05,0.000102455716679906,0.00020018060850698,0.000257437400007924,0.000160664934679173
-2.36420472439812e-05,0.000150257725930366,0.000230328963465305,0.000171864208222232,0.000174686655639327,0.000226051426183569,0.000228973556445282,0.000285334992424995,0.000441946324519962,0.000546885507894902,0.000605346586251269,0.000794809936091945,0.000892191558228824,0.000583461522986483,0.000321266184910813,0.00036277944848081,0.000367591604530458,0.000136293461016348,1.5921212236055e-05,8.14523608112577e-05,6.56108057526405e-05,-0.000112967261874869,-0.000101815682438162,-6.28839900889952e-05,-0.000275150255126675,-0.00048648882065421,-0.000470540450193203,-0.000422955738626906,-0.000387785847096131,-0.000279542003775886,-0.000192328550341386,-0.000260125689453863,-0.000313950374008727,-0.000179813832989085,-0.000132164924459788,-0.000241474340164081,-0.000183292772807493,-4.73882351861284e-05,-7.71299315051684e-05,-0.00019083114466607,-0.000148847390105685,-8.96976944308334e-05,-0.000126876905263516,-0.000160766083158744,-0.000112507949032787,-3.23825867296603e-05,-9.84617376723905e-06,-2.81624805210126e-05,-0.00019871286592887,-0.000382006800702698,-0.000332249558569057,-0.00014844030822082,-0.000183475610565342,-0.000266814564625687,-0.000126655611481048,3.42823236768706e-05,1.97224637929607e-05,3.03233836282944e-05,0.00013265210600906,0.000128977800864064,5.55788928891544e-05,9.82119596362844e-05,0.000148288539060568,2.91335910140127e-05
-2.47427576755341e-05,0.000138928943531875,0.000173023325728082,0.000147655608453986,0.000323712117711509,0.000439701816212247,0.000281967861110979,0.000162478176418255,0.000340012532842319,0.000496448624010594,0.000395230921939205,0.000338929689481516,0.000431060919547179,0.000348848658690487,0.000109110756236237,-2.56279663715532e-05,-4.79640182248909e-05,-1.86883056764699e-05,7.71291514377385e-05,0.000144698112347725,0.000149657626436199,9.65693991763302e-05,0.000141872962561493,0.000141850447440738,6.3613922936493e-05,1.37508870341596e-05,7.08627076619388e-05,5.82807079931547e-05,0.000102859223481455,0.000151668049168806,0.000146882835410944,0.000108079077713069,0.000171913136445244,0.000202226912199138,6.09758784645377e-05,-4.68673126028202e-05,3.76946441883722e-05,1.12790612242846e-05,-0.000176821417407581,-0.000174071352956441,1.76449325233263e-05,7.12758257838744e-06,-8.3316302863184e-05,9.78832283410918e-06,0.00017088903987395,0.000207094454891817,0.000203115919510809,0.000202768570461555,4.39362240244258e-05,-0.000101205943191796,4.6000321666974e-06,0.000156083863137878,5.31436792470694e-05,5.11901128139515e-06,0.0001963726723481,0.000217374313927913,-4.27443739168877e-05,-9.82805354133219e-05,0.000124495430911695,0.000171285867405648,1.58022541625434e-05,-1.9430159949209e-05,7.39237836830226e-06,-5.1397222538029e-05
4.52185127598684e-05,0.000202204958757074,0.000192212909848988,9.25880241249849e-05,0.000204263152097528,0.00023448152350632,-6.7843612603942e-05,-0.000302278880619074,-0.000144834100970972,6.80826545614913e-05,-2.86900076633686e-05,-0.000174819002414866,-0.000104261900448619,1.53496174985728e-06,-8.48069937737134e-05,-0.000205106724096241,-0.000216390094102393,-3.74702322711531e-05,0.000160971853119185,0.000211325246410182,0.000205684404067349,0.000226184089668771,0.00022491668677126,0.000169696882856213,0.00020433199979559,0.000370282515930466,0.000461828037105237,0.000355649383723415,0.000299308597481192,0.00026000725980513,0.000157964451721363,0.000102954523858328,0.000187638296185051,0.000147053885379822,-5.61688953675718e-05,-0.000105294605724471,6.89517142190618e-06,-0.000119035819995835,-0.000358927980007544,-0.00029738136067196,-0.000108441046515259,-0.000209990569091245,-0.000249780527334257,3.34051363726692e-05,0.000240947010523731,0.000130251486609913,5.61393450432473e-05,0.000156444164808499,0.000155704691283991,8.81308913093237e-05,0.000173603260150926,0.000245727005054404,0.000124880708115736,9.05207417271235e-05,0.000215759630253006,0.000118657072812241,-0.000183129772720364,-0.000188489016264658,6.9815469437118e-05,0.00011610248740548,-4.48841618156848e-06,2.08436388784698e-05,4.77086648256544e-05,-1.30390092895378e-05
-9.5158988987543e-05,-2.29939014952115e-05,-5.30701261022317e-05,-0.000236767168137759,-0.000312362210128651,-0.000367963960981654,-0.000531886520545822,-0.000629389540460487,-0.000522686218229349,-0.000372597830329747,-0.000303784634703762,-0.000281728706042987,-0.000254828461177655,-0.000216000171453411,-0.000195751433969838,-0.000155396493473101,-0.000124605662440745,-1.84284232395427e-05,8.03927307037802e-05,5.08315880387809e-05,2.5900669542695e-05,9.9588008912871e-05,0.000103057565927825,2.68747880861336e-05,5.66003524976268e-05,0.000250521463549215,0.000275843220800119,0.00012400913095441,4.40903997546277e-05,3.61731007552882e-05,-0.000110380215317714,-0.000235760973180447,-0.000206229166372469,-0.000220144134511327,-0.000325140380166507,-0.000285644175815982,-0.000136294248607756,-0.000203932183924693,-0.000333998469759473,-0.000239213482106607,-0.000143246307741027,-0.000269820603379474,-0.000233651010818375,0.000125340453624153,0.000279441486297764,0.000117742482269145,8.8216412551735e-05,0.000270059492259587,0.000320786808761896,0.000236250951912852,0.000257614789996063,0.000279232544868046,0.000164841292513548,7.86620760072071e-05,5.93228613357387e-05,-3.48572643853405e-05,-0.000155389315428465,-5.55890763050649e-05,8.7085415924451e-05,2.98913134463057e-05,-5.69073713007968e-06,0.000139856166453808,0.000145115152192,-3.86370631510224e-05
-0.00033082175234036,-0.000375668933498303,-0.000399803452229316,-0.000504829290192081,-0.000632917301229039,-0.00068970679964967,-0.000586674250318579,-0.000436977180861165,-0.000418296974856192,-0.000470963871959275,-0.000299564824668442,-6.01896679988745e-05,-7.59110642772109e-05,-0.000222894192281022,-0.000190708388610458,-2.21326754164401e-05,7.14964194576716e-06,-2.48783857895821e-05,-1.0187847496033e-05,-3.96319181018299e-05,-7.21878578912108e-05,3.31593377722091e-05,0.0001189014801028,9.18511991620866e-05,5.09743711183732e-05,9.59341541670175e-05,-6.04533801542333e-06,-0.000168393638080702,-0.000213056998399108,-0.000140948922274201,-0.000243665957572115,-0.000397319974726637,-0.000382912935836525,-0.000305045704041204,-0.000293854374213543,-0.000247618593478093,-0.000137834379929436,-0.000102034494005681,-8.0950094725225e-05,2.41103599398936e-05,8.36048343189929e-05,3.9962612832104e-05,0.000113291661478332,0.000323009412342423,0.000367830290653277,0.000290811739185296,0.000382453086148894,0.00048650322659748,0.000390571766554721,0.000212778728994251,0.000180580032765987,0.000186968558271573,0.000115959744434789,1.85340426891656e-05,-7.84906485695828e-05,-0.000115713915039973,-5.1190730498182e-05,7.6121550497713e-05,7.67185774059055e-05,-4.27174700921776e-05,-2.87099207210443e-05,0.000128579236818655,6.39123428138345e-05,-0.000177264618285343
-0.000254496877852102,-0.000373298040715109,-0.000411972166298042,-0.000309788776175493,-0.000295763582784382,-0.000338164082874006,-0.000186055068242418,4.96971185172721e-05,2.20173146339109e-05,-0.00018199575128445,-6.91678659016535e-05,0.000188874926735355,0.000137013010448605,-6.02222341281296e-05,-2.91619229962478e-05,0.000113458827826506,3.88321980018433e-05,-6.61933870514293e-05,1.83629373115415e-05,9.54162476809926e-05,4.51898891006922e-05,9.48990798827104e-05,0.000220906946661558,0.000250964459926167,0.00018377618280742,0.000154869387902628,5.39906279881466e-05,-5.96321982728182e-05,-0.000118721381811424,-6.02450097451521e-05,-9.43743426180821e-05,-0.000181516604631316,-0.00012493463449741,2.40260505479464e-05,6.72353945865544e-05,5.19217497744943e-05,7.09234992493715e-05,0.000133139643374155,0.000179940261179388,0.000195321971981148,0.0002385196330781,0.000298936232391351,0.000346978183021746,0.000322935939889815,0.000264910169963769,0.000297549957251451,0.000399915241100033,0.000324955779045051,0.000101922730272276,-3.50446181396353e-05,-4.91547279358316e-05,-5.69884314818933e-05,-5.80720414966841e-05,-4.65481159042074e-05,-9.05133497614335e-05,-0.00011295930267405,-5.06005200125574e-05,-1.66851350820928e-05,-5.87857971264663e-05,-6.58716090343943e-05,-1.15102516095002e-05,2.03283098929254e-05,-0.00010621205034176,-0.000205553617257505
0.000144645633185839,-7.61903154947738e-06,-0.000136798564383639,7.33071680590854e-05,0.000235123317172345,0.000162808546982023,0.000108574119132132,0.00020485606582847,0.000228061289631262,6.94545137339123e-05,5.92415174931474e-05,0.000121324142123115,2.32075133017088e-05,-7.374006519425e-05,-3.18091376165817e-05,-2.69263854694155e-05,-0.000218565765296905,-0.000325945116059603,-0.00015700562947892,-2.99841579989557e-05,-0.000112614194366157,-0.000140500843952974,-3.02930517280561e-05,2.76059733301712e-05,2.38454479054122e-05,9.78908741210302e-05,0.000188794378867565,0.00019851764632927,0.000115693210741241,9.07115853575604e-05,0.000104775001222358,0.000112384180583468,0.000180951350685989,0.000308509973599323,0.000339241150350873,0.000309567198911685,0.000298566932688069,0.000330018515063364,0.000291635148249561,0.000153877766978914,0.000131498028214742,0.000211871528310804,0.000236400206673527,0.000132302722445298,0.000101257529464537,0.000190285995772504,0.000196612585542199,2.05784025973552e-05,-9.29823487736934e-05,-2.81177940760513e-06,5.93091834306596e-05,2.05354325568007e-05,6.20429580921183e-05,0.000190385963450005,0.000208338421226802,0.000143392490675021,8.46708253093389e-05,-1.47309513800798e-06,-3.44977869678189e-05,0.000112031967302059,0.000210450390652817,0.000105838116574474,-5.20828033498084e-05,2.63084188835055e-05
0.000322816951994535,0.00017413669429216,-3.9775784282518e-05,6.20205309464598e-05,0.000200599312768163,0.000113901217166139,-0.000105995414475657,-0.00019429813486255,-0.000135368353140033,-0.00017437929894374,-0.000277837354973011,-0.000414616269081696,-0.000529342763866328,-0.000529284710256731,-0.000510784552868285,-0.000583915811916621,-0.000718110300867576,-0.000735637602464617,-0.000610624045162316,-0.000549868727809258,-0.000617121557221283,-0.000588747997799288,-0.000462430769781554,-0.000368045129191165,-0.000298710135997934,-0.000127738913775951,8.78610441596598e-05,0.000189187946248703,0.000139321972639523,9.11409602994892e-05,0.000143622835017632,0.000193797392856886,0.000208574678580183,0.000238186870190094,0.000270513184803415,0.000291657697801938,0.000305283244307025,0.000316267876443653,0.000258992056627406,0.000122749343539049,9.20459474632085e-05,0.00015654019657772,0.000216892823428025,0.000232928838484379,0.000335300677614261,0.000423799074287522,0.000364439234522928,0.000236018746833509,0.000321725589670462,0.000559877105124957,0.000640157018231901,0.000579785897081026,0.000623448967882099,0.000723372784630883,0.000686135442925204,0.000563316514970915,0.000469594213036633,0.000361048759597125,0.000285001814381147,0.000383550217816403,0.000459471599278602,0.000335796015955146,0.00016868195598304,0.000222990868921216
