0.000859386347834976,0.000550264109306977,0.000642871019205232,0.0013097205100873,0.00193043008756549,0.00132020383474186,0.000855835141041935,0.00142070431815418,0.00195885257189769,0.00127619965651534,0.00044756839770166,0.000866112512325895,0.00186451538162663,0.00193037779064159,0.00175086805772943,0.00198067933717628,0.0020266577685283,0.000510970675665245,-0.00107947202277976,-0.00149744721137243,-0.000621427020421718,0.000101407230847976,0.000137084838966886,5.31262266542497e-05,2.89387644429991e-05,0.000264707250419112,0.000251264549222796,1.22448380012504e-05,1.47980509831603e-05,0.000448625512508004,0.000557649198467824,8.46979169336622e-05,-0.000412721432088912,8.46979169413521e-05,0.000557649198474422,0.000448625512506486,1.47980509759647e-05,1.22448379963664e-05,0.00025126454922463,0.000264707250425014,2.89387644470563e-05,5.31262266526554e-05,0.000137084838961018,0.000101407230843876,-0.000621427020418881,-0.00149744721136523,-0.00107947202277702,0.000510970675659601,0.00202665776852149,0.0019806793371773,0.00175086805773637,0.0019303777906446,0.00186451538162231,0.000866112512321373,0.000447568397703125,0.00127619965651947,0.0019588525718981,0.00142070431815108,0.000855835141040402,0.00132020383474361,0.00193043008756743,0.0013097205100871,0.000642871019203921,0.00055026410930617
0.000837374354895959,0.00181298276130919,0.00064833211960765,-0.000300375003423588,0.0013321374591528,0.00275736410369831,0.00199363437599362,0.000585402640360934,-3.50313411996601e-05,-0.000230173006998421,0.000421664047432887,0.00160574687096409,0.00206005853172834,0.00131432782825654,0.00147867625588691,0.00277997999543695,0.00237053347199667,-4.86412352444773e-05,-0.00135272738599421,-0.000122728467217005,0.00110974582179855,0.0011976604783643,0.000973305430512843,0.000779933041568211,-0.0003249529451244,-0.00177719017000662,-0.00190805477043156,-0.000814577281931452,0.000117677929572881,0.00063501888582984,0.000682249442288569,0.000540003358032562,0.000123151317817665,-0.000170433998690375,-0.000320353294938674,-0.00113845540950365,-0.00121475063495314,3.39495993520664e-05,0.00204885872838895,0.00274359308473504,0.00157548506258363,0.000645390490450823,0.000157206162497462,-0.000672391503625528,-0.00140136555695788,-0.000924349314013425,0.000507340893556156,0.000633198367105823,-0.000378222293272857,-0.000213409608515457,0.00108511329188307,0.00191598620148909,0.00136822749421916,0.000683561356951452,0.00090155855534833,0.00186032159484787,0.00273967875340028,0.00221495240642088,0.000516785707718807,0.000521078118298597,0.00240443572800201,0.00323507175362904,0.00108211405422727,-0.000437209323974694
0.00096142326926943,0.00219405035510957,0.000926452455292339,-1.11287062712351e-06,0.00134360301748552,0.00286335180258197,0.00190911919748652,0.000302046343247314,-0.000414199966963138,-0.00042846856161913,0.000472749076418861,0.00173022492386906,0.00188551279322185,0.00122951202658894,0.00106933475847328,0.00157811976053537,0.000546922196544911,-0.000629730629441996,0.000102172710538077,0.00167333287381064,0.00175680158524632,0.000502895603926254,0.000779878409388502,0.00133330726207962,0.000753701888819954,-0.000755447535174185,-0.00122980555626876,-0.000512018298339618,-0.00046567069169397,-0.00059664818562911,-0.00034889147642627,0.000483112763720889,0.000532632154083706,-0.000302430798859419,-0.000915540721975729,-0.00145785663707503,-0.00148721329653056,-0.000795785708127734,0.000942354031196508,0.00178454708879143,0.00168429919026417,0.00132467943434225,0.00165389860766415,0.000601398206412941,-0.000181343036395032,0.000598762990165877,0.00170735292306174,0.000480455070050573,-0.00151737976093709,-0.000930804756074023,0.000663644166308306,0.000675404516277875,0.000423118902576221,0.00117115241232434,0.00159246060956847,0.00055093105759716,0.000759066942601412,0.00200038542183283,0.00171216517979931,0.0011146514712382,0.00229284294710873,0.00361700069114717,0.00190400564268468,3.06366439564599e-05
0.00136742852813975,0.00154271939481723,0.0012250428356762,0.00166578701705324,0.00224729984469688,0.00161166374931164,0.000735483336639507,0.000668102616356841,0.00116026218185063,0.000784021452122812,0.000383573323250242,0.000746796543468196,0.00109137369614555,0.00142488547031366,0.00125429982953555,0.000379541249972437,-0.000653661373630932,-0.000135218728139098,0.00159381999499748,0.0019428603995684,0.000639318742753415,-0.000492166122802807,-0.000207371380397475,0.000438275626338943,0.000666331609043954,0.000794410873341466,0.000829119118995331,0.000818048819829397,0.000186310798442817,-0.000584061841453976,-0.000614127672991624,0.000117192492285581,2.12969234230151e-05,-0.0009083379444782,-0.00128456602166885,-0.00030979066100872,-0.00023868252912451,-0.000999009070479493,-0.00129590029035352,-0.00077651581567826,-8.8520895229578e-05,0.000734841023938845,0.00213172010406522,0.00216062146086093,0.00124004071941156,0.00110943271065028,0.00142970795391419,0.000495105161928027,3.86878045578622e-05,0.00108990500668901,0.00171910997987083,-0.00019002246946331,-0.000442457199235991,0.00149482920402887,0.00196182923140486,-0.000798850873631427,-0.001611822962149,0.000896839535148326,0.00256224687359239,0.00172383293649249,0.00137721257688124,0.00237560966267674,0.0023490873505115,0.00165033100976257
0.00168572612682312,0.000574698321483969,0.000986026482020725,0.00274246802788201,0.00285018632469952,0.00103983582764283,0.000570735034633335,0.00191121776463348,0.00240260311713734,0.00152239124572739,0.000326425164339704,-5.21750526024515e-05,0.000188846034753508,0.00108826690524052,0.00147063561220427,0.000447356818721513,0.000151757533201845,0.00130444674921182,0.0017377652061681,0.00030586960453512,-0.000522532896712391,0.000272306304267899,0.000163604569837504,-0.000987351468174277,-0.000932914812670346,0.000126491232556008,0.000698406230786531,0.000580656121242534,0.00124418424875309,0.00116323321485967,0.000677970234538609,0.000479989861877409,6.85420769622125e-05,-0.00103379924114088,-0.00140743369230788,-6.3291502744202e-05,0.000427744141901493,-0.00086662784930283,-0.00150359934385975,-0.00083822130804074,-0.00046708141425989,-0.000557775002302225,0.000406700699450334,0.00118662554666739,0.000738870362865427,0.000100590695028387,0.000444804482462291,0.00101485789532992,0.00196619058392326,0.00315357403284936,0.00291085062828102,0.000666456794964823,-0.000151189715283701,0.00122547444233867,0.00174799269382772,-8.35489867693381e-05,-0.000939558202715141,0.000369324714391396,0.00161789367418424,0.00114221406158611,0.000467134047753125,0.000858827474828833,0.00183541495902045,0.00258805478014603
0.00156117846910321,-3.64230253920494e-06,0.000312327220466763,0.00196939013377278,0.00209215188752247,0.00155102576879273,0.00234774501950782,0.00329706402468725,0.0018767168016403,0.000660859556021089,0.000687220676644607,0.000628212455657152,8.07136747362413e-05,0.000658012895657043,0.00135069417060732,0.00104261026678021,0.00112848756588525,0.00205366721152102,0.000863618288220456,-0.00119339339330915,-0.000292170133604835,0.00215892388256926,0.00147576517962056,-0.00133702269003806,-0.00159131944255519,-0.000922707233447695,-0.00137469532813854,-0.00159898803065146,0.000576374848554572,0.00192592264865752,0.00112429920083615,0.00092424344371875,0.0011364608984896,0.00035598356063776,-0.000890274355903646,-0.000676652987863277,-0.000466744693898011,-0.000873745699850644,-0.000122533336160401,0.00152121989277021,0.00126583361643817,-0.000866272542563226,-0.00154049295237294,-0.00121847698904572,-0.00103221179808867,-0.000990316105736025,0.000345364091032804,0.00178519358981682,0.00215740743232915,0.00211930373745131,0.00194530889687209,0.00176863444100247,0.00118705356853601,0.000892305309757899,0.00117514320533039,0.00208974007323764,0.00247917231202104,0.00120775003011236,6.88617587770216e-05,0.000257386347727456,0.000879700413356524,0.000513719194402074,0.000834068218941185,0.00190387727596294
0.00127028244536745,0.000226272769583295,5.42715915449396e-05,0.000626978406475928,0.000624491036963648,0.00162395275414608,0.00387077304712416,0.00335714116697534,0.000430443629793002,-0.000552510305865944,0.00150890529899944,0.00194388781515298,0.000673501360774313,0.000965145006531056,0.00165663609706183,0.0011348760804925,0.000500975751993987,0.0011056133213827,0.000343634877913781,-0.000623171905583948,0.000940115655671141,0.00279326097952252,0.00134127282707129,-0.000856052985047649,-0.000288812424664459,1.5286612254146e-05,-0.00202111721981684,-0.00270925211566716,-0.000719992428668492,0.00038668542776617,-0.000628039492926834,-0.000342033589372616,0.00121148598064003,0.00116335031867696,-0.000127906943278705,-0.000366328273061918,-0.00050645850192306,-0.000163714724648931,0.000786971186130378,0.00241624704308021,0.0016700735893111,-0.000298748045423847,-0.00155130742218351,-0.0015541584646217,-0.00149461495760272,-0.000488406645146671,0.00118369452227079,0.0022771315844669,0.00114092291375123,-0.000495630762176696,-0.00080377814998329,0.000942163655115352,0.00189576692353061,0.000995309440151069,0.000858780785159076,0.00317356597868214,0.00482085674001805,0.00227679629455169,-0.00031205267534417,0.000551209533850615,0.0023089830597582,0.00154211475601921,0.00040314239333271,0.00113641916071283
0.00179714427590234,0.000919516140123431,0.000806849405095164,0.000753321976606591,0.000131018998030473,0.000813263102338481,0.00283243680398577,0.00196862385242538,-0.000344249653515222,-0.000192612134099296,0.00218481946794288,0.0021341719987245,0.000828869651214025,0.00163543577089927,0.00242037642130525,0.00074331256075401,-0.000851691688636481,-0.000300822633426781,0.000757186263072026,0.00111548734290105,0.00186233643394665,0.00157245319698201,-3.33110431960343e-05,-0.000447052812102579,0.0010656941653494,0.00125750437544672,-0.000682478206048498,-0.00100884420855202,-0.000361351499125193,-0.00101968294457315,-0.00244959327749527,-0.00204968206021634,-0.000753175854789766,-0.000650357178365562,-0.000364902575811099,0.00048482981016294,0.00132529143199622,0.00111262232762931,0.0010868749225676,0.000354877125124237,-0.00047565522391071,-0.000395167792473986,8.5701230529625e-05,0.00028146658135344,0.00022036531731614,0.00126986942880983,0.0019121941727606,0.00174014869352348,0.000590140305157034,-0.000744097856309018,-0.00211645970565067,-0.00118575484311552,0.000852590552870856,0.00150952579976744,0.00115350466213446,0.00234616178905347,0.00370595157204231,0.00219989324871323,0.000369438921894731,0.00137687274392071,0.00283849097386487,0.00219228111642868,0.00122450428482344,0.00183845678670248
0.00307676436776183,0.00149865309113748,0.00174023321529074,0.00199369098194402,0.00101695399438751,0.000254014462569519,0.000675979434927186,0.000813221749801874,0.00042980961245619,0.00161319005944477,0.00216688288621686,0.00118869080026017,0.000360954459455205,0.00178166793041391,0.00217955275269208,0.000268766394899201,-0.00116418089483891,-0.000309995363858525,0.00101288158845361,0.00163152798068749,0.00147608756069088,0.000459031638964665,-0.000176836830223319,0.000348959388303226,0.000994159589674001,0.000286586395215457,9.02637583835997e-05,0.00109261524901203,0.00087553330936524,-0.000968366180999745,-0.00188767831313584,-0.00143864531778729,-0.00217176391453177,-0.00276150103368777,-0.00137322220281957,0.000565158946581316,0.00134722284215019,0.00116398654569993,0.000676447785399721,-0.00128424223676206,-0.00226867220408325,-0.000615773905916916,0.00132275445445611,0.00121516405188366,0.00162609255641973,0.00255952577109602,0.00206014256044803,0.000277026261881776,0.000798515619230414,0.00159819067416618,-0.000220705815320403,-0.00220743403182893,-0.000507299456193301,0.0019385553557971,0.00207433213824475,0.00122788383623211,0.00140876184632298,0.00120790665231958,0.000817089199134509,0.000950648488008873,0.00132138365143987,0.00121807862755256,0.00236945904669265,0.0035306450445168
0.00369798382800604,0.00181052478806046,0.00151710558931964,0.00204369034071374,0.00151710324816556,0.000563137446139042,0.000412446713041706,0.0012945930808782,0.002290930314191,0.002826746702867,0.00181187756034127,0.000560584238877659,0.000876038023402206,0.00142176314605396,0.000748882807622439,-0.000367407657534118,2.97324966212173e-05,0.000557385511842087,0.000276791623457485,8.11769770584054e-05,0.000481779152087189,0.000537825523712234,0.0011758554628592,0.00151314295434567,0.000342350226292788,-0.00155961041793581,-0.00051835563219096,0.001236477385962,0.000525059430631909,-0.00106315823160376,-0.000121087361712773,0.000879973824554218,-0.00105590170404169,-0.00219994920347546,-0.000838435285786384,-0.000146040325575826,-0.00156932510323098,-0.0013275132010831,-0.000189337462282778,-0.000663707389979786,-0.001345761511176,0.000194032446584686,0.00129659795487303,-2.01613904199957e-05,0.000524240479379168,0.00242195512937133,0.00197224658746929,-0.000440795565368935,0.000709494323106807,0.00313908100376802,0.00202893619851874,-0.00102832145183954,-0.000410933039707987,0.00230345659264898,0.00278760323699873,0.00166598407201816,0.00110438904274537,0.000877246198446146,0.000262865388492532,-0.000494627871878836,-0.000742393198855177,5.13146572182911e-05,0.00250716749133263,0.00447038449618306
0.00321729266546938,0.00177757372183497,0.000569277755489929,8.56872451215938e-05,0.000338634235427952,0.00102992963336945,0.00190188353702087,0.00272094419805566,0.00329544802854827,0.0026148188767184,0.00137975282057245,0.00120929949158086,0.00250913680312966,0.00171725449861765,-0.000225959969679892,-0.000351695659940298,0.00142913036389372,0.000964311102559009,-0.00102049636070845,-0.00117658752611539,0.0003173231087992,0.000968384247414662,0.00107156391858784,0.00125865742918834,-0.000141484039581316,-0.00161363045868448,-0.000784775812941978,0.000512583814676592,-0.000905766820647983,-0.00166142326893862,0.000385817014136372,0.00172086755988319,4.79610311870677e-05,-0.000530321247201728,0.000800729771573283,-0.000322336648141565,-0.00352523433614875,-0.00316850406762573,-0.000430611987485077,0.000617537538667224,0.000111966207567346,0.000913761620374888,0.000550787776654475,-0.00143348042605268,-0.00142790654989055,0.00129148356610554,0.00206894509181605,0.000549870925378403,0.000522948379746018,0.00176437271372956,0.001512877211567,0.000538190669661729,0.0012130844437127,0.00236088465522346,0.00277903139636735,0.00283075949124067,0.00292512186058602,0.00129734688953983,-0.000481907914381819,-0.00124381986788332,-0.000596319617440791,0.000633195748293193,0.00226755290307942,0.00369402498214308
0.00233923252349292,0.00176053196451336,0.000313113700091331,-0.0014704941611505,-0.00107279674647513,0.0011337084964686,0.00282910936037718,0.00282637163648154,0.00240598646208692,0.00166102318483345,0.00107854772545133,0.00175873232582873,0.00305260008805012,0.00247254962850498,0.00057067794894077,0.00107330448319722,0.00223203549240414,0.000866316929866129,-0.00115536573722994,-0.000143958212235846,0.00169500966252062,0.000654891129170425,-0.00130777999779597,-0.00133478540731129,-0.000777084263475921,-0.000639872849261875,-0.000177247875306903,0.000352282136606223,-0.00077744665827468,-0.00104682587319132,7.11154190466596e-05,0.000183720541433235,-0.00132588168203529,-0.00130116215285379,0.000281098765243449,-0.000162570418085868,-0.00187119798739634,-0.00114603476438279,0.000843603827741052,0.00100725478213659,-3.75044269187551e-05,-5.57467684403345e-05,-0.000434207730115206,-0.0014818528396601,-0.00150022647580043,0.000314815397176529,0.00197153151436056,0.00222542302309906,0.00125376173267504,-0.00033388563413979,-0.000782171236506453,0.000826519633338906,0.00246701835013736,0.001973677950164,0.00193071974815038,0.00322682169310646,0.00383303293979169,0.00154371826988909,-0.000682009932157839,-0.000219958947038543,0.00139509029147344,0.00269843563769056,0.00268033424153838,0.00268001167725288
0.00194402601877716,0.00188966460464695,0.00118836881466417,-0.000362575573040885,-0.000434634610487983,0.0015917526954213,0.0026799118526432,0.0013252184055816,0.000822746019466895,0.000930699885057883,0.00100644343610271,0.000499039434855244,0.00115305688187428,0.00203988032321253,0.00226890734235399,0.00271226255614067,0.00262266798285693,0.0011903743682791,0.000478905755696994,0.0020723534978285,0.00305870465140638,0.00022113224914526,-0.00310870750962105,-0.00343485945540115,-0.00143145765321322,-0.000275440790270255,-0.000221410557622553,4.0867199110628e-05,0.000300304398332097,0.000583972380613049,0.000142819130082476,-0.00154522096256171,-0.00323804995735718,-0.00362815259585823,-0.00220746304616094,-0.000698303483809642,0.000827047337876396,0.00155669886423521,0.00147855489398474,0.000587861737845931,6.66694445010469e-05,-0.000536066227101812,-0.00106572649296279,-0.0010742737357113,-0.000524867218919857,-0.00012463136476648,0.0011395152071246,0.00313646894458627,0.00275815292444235,-4.08280176467908e-05,-0.00156628775336875,0.000393767214932769,0.00191109742554681,0.00120213434404431,0.0011134705128486,0.00267723007914383,0.00264315549228822,0.00101497534960775,0.000164029503965952,0.00131526012746547,0.00238073187714097,0.00330457618370904,0.00348195073029126,0.00284907042487827
0.00197568950773251,0.00170986152741853,0.0022691387689633,0.00209878302066806,0.00184721289686168,0.00288414997656154,0.00288858675237165,0.000925284938907042,0.000355661553049732,0.000970277754443223,0.000784217892483094,-0.00147716035346238,-0.00141038196252213,0.000748131825678056,0.00296272912264772,0.00290326413980533,0.00221366728889369,0.00174023109727718,0.00212305043345226,0.00277405920657228,0.00264764519191747,0.000207031765542086,-0.00236210066554798,-0.0024895122682446,-0.000466116546376296,0.00072343195062355,-0.00071694399367565,-0.00162129099610281,-0.000680023623986285,0.000760384471952628,-0.000107039126678825,-0.00231639040891047,-0.00367925072203529,-0.00378069985758108,-0.00250300181934072,-0.000259528482240236,0.00165468961597833,0.00018520443024673,-0.00209998276098283,-0.0015099338418161,0.00169597805840651,0.00244936122219704,0.000765337062399118,-0.000707059580161096,-0.000876268726861423,-0.00131321099183168,-0.000221443568398033,0.00288565776908167,0.00414980859445355,0.00226599735990824,0.000162247778723803,0.000200557545047386,0.00022811780049542,0.000289837634337241,0.00143518182816619,0.00242000833237696,0.00143104107912077,0.000614486193866538,0.00172443501997545,0.00194772796021497,0.000875482425064578,0.00115027646911776,0.00328026153785573,0.00352339633408775
0.00174699289017729,0.00117819289889426,0.00238818385979859,0.00304690671453725,0.00307955873831787,0.00367068863307399,0.00402235350993615,0.002765795494352,0.00159859446476243,0.00125884981063266,0.000359927838181695,-0.00166150062680893,-0.00152180846734035,0.000957947402593195,0.00282863278047068,0.00182549757275854,0.000522897483000402,0.000936763258351001,0.00197303848776216,0.00200710400508074,0.00102600836372563,-0.000498969279708483,-0.00174383233999388,-8.93363133788799e-05,0.0032455453765133,0.00390858001879084,-0.000783035104934199,-0.00483744644857672,-0.0033464412302905,0.000349511421165045,-0.000146126654605529,-0.0036072942837712,-0.00473731383256688,-0.00271390862137598,0.00054754165848128,0.00260540585669621,0.00236839184168955,-0.00247883686936442,-0.00724857078833754,-0.00656393757530752,-1.5250653036174e-05,0.00498891383206662,0.00567006705957489,0.00269175757074167,-0.000740425736381304,-0.00342968910047035,-0.00236472287315756,0.00153038102515616,0.00449334058076694,0.00417745911605558,0.00219108182574244,0.000274945866236776,-0.00111160230551871,-8.77075848315128e-05,0.00246925079341043,0.00344473283658874,0.0019871439201256,0.00153114731379372,0.00267617643949145,0.00174655474697149,-0.00110158381014818,-0.00110716695300101,0.00185420072167086,0.00325154812180181
0.00152176384731718,0.000864197506802276,0.00154165869504741,0.00195214652831833,0.0021153788243187,0.00280944081048412,0.00432998701865507,0.00453548898542515,0.00301031289023117,0.00108632785799486,0.000295164080079749,0.000246702832947936,0.00135113837220774,0.00320403263690776,0.0034324698874709,0.00100339395246675,-0.00189103094231334,-0.00125460375075676,0.00157797064627247,0.00294312106168811,-1.91429831279074e-05,-0.00415625234942652,-0.00426148524484438,0.00256279264129903,0.00925702390904888,0.00632855567389286,-0.004686678626112,-0.00977723358196242,-0.00296324128881154,0.00507217910732166,0.00205596766046685,-0.00676871634051653,-0.00889337333619102,-0.00306351715136037,0.00256926871515384,0.00365139969843328,0.00276117130552614,0.00108555613806052,-0.00339155148347552,-0.00904402678192288,-0.0100650319515389,-0.0031683522184195,0.00683602797294936,0.0109626391286543,0.00599351918153256,-0.00204983843986909,-0.00518551043859284,-0.00214799827102058,0.0024629368381222,0.00436702210294118,0.00310272397462639,0.000486921474963876,-0.000956721104540615,0.000267522342323561,0.0029905350274102,0.00441434631201092,0.00382605108358469,0.00298806732970926,0.00224063694057229,0.00110537118838277,-0.000606799655185279,-0.000549434516454812,0.000999116657825884,0.00197416452077923
0.00198980935928752,0.00135206154853296,0.000484426900649769,0.00066913110100465,0.000893454776778444,0.00131004656172665,0.00279920175554795,0.00395260293799317,0.00291539944102204,0.000807911704515245,0.000648704002309548,0.00241919936335538,0.00413787874659114,0.00522277694858763,0.00415346713142224,0.000185108984997585,-0.00369937876754961,-0.00166794894506865,0.00522051228743636,0.00669716279656205,-0.00247366431573113,-0.0120383928728499,-0.00626203915150769,0.0110008119114805,0.0167623182600253,1.08993337555345e-05,-0.0195644806064248,-0.0149174855822493,0.00732279465951446,0.0171085935831917,0.00224418727586974,-0.0151613646303406,-0.0123966544807587,0.00147340949497212,0.00425161068634689,-0.0056501959064988,-0.00764737538282488,0.00648465134734242,0.0172937125875662,0.00556208661130834,-0.0179487321105219,-0.0253539730798346,-0.00810151654677537,0.0141708837619681,0.020258001394019,0.00931697895743218,-0.00406097391863353,-0.00832519899587499,-0.00340899356803397,0.00248953874146701,0.00375703896881128,0.00180447746935955,0.000803170830643393,0.00124683135633919,0.00206576603654077,0.00359367626408549,0.00475563671038538,0.00360454657046647,0.000932325201704316,0.000453866209806133,0.0019368315838086,0.00235929663744356,0.00153703652491636,0.00152851582226383
0.00328177933543871,0.00195030728883763,-2.40369471285105e-05,0.000232741676265806,0.00132403974261648,0.00085220496680462,0.00140930438104794,0.0021009303805413,0.00212510198504861,0.00100792886448655,0.00112528522473818,0.00307008408122544,0.0047005587545728,0.00508793571090716,0.00225695347717941,-0.00270074319488819,-0.00390846234812466,0.0043476138137093,0.0138562320407132,0.0076797176856548,-0.0135168043061207,-0.0213016887844475,0.0033365145819983,0.0327531709219791,0.0209065394328592,-0.0246048639879661,-0.0446742770849008,-0.00899215936798731,0.035219352730849,0.0288513874538211,-0.0159559028027136,-0.0370045520285632,-0.00789654294738424,0.0270069308114515,0.0181166411980169,-0.0249870514506495,-0.0437040895004748,-0.00902137574675459,0.0408066224173052,0.0473861321079873,0.00354452249621437,-0.0405168698439563,-0.0423401290216556,-0.00709406647951584,0.0259770872098043,0.029605201447344,0.00883108203570983,-0.0102380544967876,-0.011630510082955,-0.00208606207950108,0.00414471629833644,0.0044869643621495,0.0035585909062934,0.00229686746798595,0.000380789494087805,0.00102453320115866,0.0037417310958798,0.00309239191195415,0.000297937339029817,0.000475270133177127,0.00378758357880649,0.00437552992845991,0.00248537015183735,0.0026477705007772
0.00404925938621255,0.00184302333152813,-0.000110137283811836,0.000605501588856146,0.00187161340387171,0.00198872497199943,0.00188490449405691,0.00210293756661993,0.00209662044080009,0.00168258490325688,0.00131596013471803,0.00248505819909441,0.00442584716034207,0.00353187106311286,-0.00295870363862167,-0.00774455727846167,8.71780691556806e-05,0.0179131304841696,0.0213059394058082,-0.00560261826593066,-0.0363280911224645,-0.0213469901529015,0.0366717654053063,0.062785769080152,0.00417811098235341,-0.0740364212622055,-0.0632399739308924,0.030931915673473,0.0842784899596638,0.0235516319935379,-0.0694746404795431,-0.0756752200813236,0.00852923074776345,0.0784976545335646,0.0547790867053207,-0.0344907517185845,-0.0945835957380988,-0.0644866758386274,0.0257266906993359,0.0900997380271723,0.0701488090399651,-0.00729970903094486,-0.066814790456973,-0.0583358215877963,-0.00293411894595982,0.0392820783711537,0.0336798309923758,0.00323852460398568,-0.0139770885096232,-0.00866908993878869,0.00160304805981327,0.00616874193905473,0.00593448533398769,0.00300302641769444,-0.00067243608934051,-0.00113970400042763,0.00170773908330912,0.00224440020907832,0.00110962967169089,0.00169617324401435,0.00379881403004588,0.00375050612303492,0.00296457507689644,0.00400420704796838
0.00299533408431703,0.000961597516030899,0.000657201564161299,0.00104006809221073,0.00132651702738759,0.00288945175960442,0.00407359883727894,0.00364401402775042,0.00250787555605022,0.00188911715454514,0.0012480933197076,0.0024106752600304,0.00504292046027974,0.00168806074629472,-0.00894416542127824,-0.0097340043310768,0.0124396137745642,0.0343827310602622,0.0148138248349143,-0.0401408518206337,-0.0593233699044223,0.00821729165486221,0.0954010757665727,0.0737450550100921,-0.0611857735460301,-0.14056007892032,-0.0407823761606905,0.123152260276883,0.134400336763834,-0.0250242754072625,-0.150861547830841,-0.103410390905322,0.0389473201886572,0.118561113008171,0.0861477680232183,-0.0052958977017358,-0.0920048572642198,-0.123632797033494,-0.0668079372089751,0.0531970852264139,0.135565834882233,0.0976706509087609,-0.0215521705786178,-0.100043641734007,-0.0726119340909878,0.00785903237870858,0.0505185153161024,0.033572032878279,0.000238215238150333,-0.0120110139376671,-0.00541511177060673,0.0035886525866722,0.00641509101841271,0.0033511305273859,-0.000324560465342533,-0.00110957306890096,0.00043990257092769,0.00146120138553544,0.00249143841366365,0.00347606438404964,0.00303414741323347,0.00216141891805401,0.00327162381942509,0.00433099532949726
0.000779945658877894,0.00028679806420989,0.00253871485903261,0.00178312369258605,0.000610283575880445,0.00306936056845583,0.00584691641682135,0.00390494286535754,0.00134387147245504,0.00112136801045221,0.00175271221195935,0.00367838094862076,0.00519054185004365,-0.00188927334913108,-0.0125326244018616,-0.00148496391343625,0.0340723219739296,0.0425767864347159,-0.0174332010651456,-0.0874855339970985,-0.0535409849552376,0.0861383131543937,0.157491970173024,0.0202275546591269,-0.187545970577907,-0.181115184469601,0.0706558438356338,0.252876986532133,0.115759743493499,-0.15298843723666,-0.209166576089226,-0.0356996454692139,0.0979410223076126,0.0597368478946717,0.00751454018168557,0.0534744278270469,0.0691032630126207,-0.0595534720642353,-0.201055812189053,-0.146716023007258,0.0767308663947321,0.219818410855642,0.133374022959979,-0.0547332274441469,-0.138855961188224,-0.0740093303698171,0.0263493033691352,0.0607953271393476,0.0314173305103238,-0.00391188848144244,-0.0127941418544051,-0.00326286574770591,0.00444179598829005,0.00351331367414794,0.00107754200806387,0.000867495747930346,0.000745905352435929,0.0007921753585289,0.00305242461583628,0.00439831871538116,0.00240049272560094,0.00149107035045274,0.00381522426150847,0.00378984900091619
-0.000542185689504204,0.000806570551888888,0.00446190596451489,0.0031328992965638,0.0011014249476789,0.00386999403633732,0.00586382456085002,0.00202418860892356,-0.00138409015084063,0.000528781887349429,0.00361107873676716,0.00534102782436742,0.00187458983683185,-0.00882467278805731,-0.0110747560298134,0.0192468075955882,0.0565690271752519,0.0269889239627211,-0.0760661230798493,-0.119612706527793,0.013876992967843,0.205048223222465,0.167596268162803,-0.138436795959222,-0.337103189694211,-0.108168791415699,0.311148608463074,0.347516004059049,-0.0848422180921505,-0.388620363364651,-0.156809005369303,0.251514993462059,0.227610102330989,-0.177578800319316,-0.327094418769158,0.0347204055718857,0.416008828294329,0.276210517369033,-0.218475007513446,-0.465500733264209,-0.209643544407738,0.211535482528421,0.337035115042062,0.122802449058288,-0.119514183119281,-0.163373433651201,-0.0509712007461903,0.0520457295236635,0.0619992803942321,0.017961009010078,-0.0120486518956815,-0.00997032403501673,0.000749959098363454,0.00335611916891114,0.0026427326371599,0.00327140227865062,0.00204894172970255,0.000650213949098144,0.00264704996282846,0.00406914103494293,0.00161075854019438,0.00125542000028372,0.00380618005081203,0.00310166534319141
0.00028439422684487,0.00204414766223307,0.00504041813667708,0.0037849288819672,0.00265781206088044,0.0050555866903092,0.00483000319306542,0.000105722679860157,-0.00235099371660133,0.00174134956734294,0.0063243591575545,0.00545718897636786,-0.00512578014333059,-0.0159630489145775,-0.00103178077457254,0.0467077340990221,0.0629615614410457,-0.0234929161580792,-0.14224526213542,-0.0970931147797718,0.154309360356129,0.310855249015844,0.0512708048835132,-0.396664593654825,-0.410488907521756,0.173054405725032,0.655990506431986,0.280727282611799,-0.541893989968542,-0.699437488303288,0.079029450423748,0.811406599682993,0.464708182372225,-0.537420618581634,-0.917878787631317,-0.217306397904679,0.741149387591744,0.845263753422622,0.0672919457732638,-0.647057146440083,-0.625008582916441,-0.0532485432977391,0.400858369044767,0.35698302981536,0.0347862290886325,-0.175202577668061,-0.143070402454894,-0.00750045069885272,0.0643736331549773,0.0436123835183537,0.00157774165829773,-0.0108607487995216,-0.00328147417667388,0.0021671879522507,0.00377838224136851,0.00485921386770231,0.00353795969994689,0.00134507703910931,0.00244559681696216,0.00341288537088674,0.000807401146430402,0.000322688769713239,0.00252304804853901,0.0023056501954021
0.00196953088797519,0.00312002064019842,0.00361321880058432,0.00297760711160505,0.00354344049158495,0.00493198741297701,0.00329299276300049,0.000226849049614883,0.000524936262675718,0.00462827708881605,0.00779641653005756,0.00260782678576219,-0.0121952777541272,-0.0158464872062833,0.0201256125150378,0.0693754528870346,0.0376637390899467,-0.101867353336451,-0.177952548402728,0.00995448563003835,0.332580649814995,0.310582501704384,-0.229127638775613,-0.662028115858168,-0.277032895629657,0.671110739346489,0.941185647083883,-0.0647517940589358,-1.14495746821613,-0.915205954998777,0.479604801848928,1.41736963323382,0.709342080091123,-0.757097589333662,-1.38437007478158,-0.650805514265663,0.623372237604964,1.19192817670286,0.623083615707023,-0.355423707475285,-0.803503527377323,-0.485401946176036,0.136282896072662,0.439098853671927,0.266005034177189,-0.0475585854822112,-0.172936318208927,-0.0917071926092853,0.0236259329609179,0.054087155670285,0.0230062829547676,-0.0036278919597295,-0.00611146531080778,-0.000376109597056945,0.00391452348744959,0.00558687768975355,0.00459294929450757,0.00270250828999695,0.00302445429625559,0.00322213577933889,0.000926149973060286,-0.000289597776406192,0.00078562186665701,0.0016846207537595
0.00313719503304422,0.00330015674303016,0.00166004982930439,0.00164100388068691,0.00337333418537084,0.0031998956226235,0.00119287188636917,0.00173433966978223,0.00459590045238274,0.00689303700248613,0.00590666177284947,-0.00266124840812636,-0.0152424233764224,-0.00357885110444843,0.0476372471041322,0.073668263226344,-0.0214478938321218,-0.176575898522346,-0.140797609903016,0.194427033039042,0.459811382823703,0.121883965867534,-0.606780690496619,-0.754809324913473,0.156909176636183,1.20634056273502,0.846824808172196,-0.685874045790002,-1.5209101365442,-0.684312939350619,0.910965653589229,1.42185300304119,0.551567646071218,-0.534162135328211,-1.016067452845,-0.783317143883372,-0.176613596750597,0.565439085510491,0.967048162006436,0.517357635278016,-0.333673062249466,-0.743347114734807,-0.423626101450637,0.174903981454918,0.408540640100486,0.189964906859462,-0.0846233521542403,-0.144730190187176,-0.0461517861777427,0.0361191443820017,0.0392245816503875,0.00898603868961152,-0.00607062918119429,-0.00333872474662018,0.00273542365457503,0.00552358053996991,0.004884685306295,0.00420239829623667,0.00366826091248131,0.00318217161067051,0.00204483562255292,0.0010017567394178,0.000624110787851455,0.0015006534336712
0.00358248103173092,0.00323227984849193,0.00106782533539808,0.00143986752081626,0.00341088582251206,0.00180763084280549,-0.00041781889110161,0.0023607780914046,0.0061674992188038,0.00617008341800652,0.0013578812787108,-0.00813612687457659,-0.0120142900417759,0.0171809952951351,0.0682023259804682,0.0484523123193169,-0.0974330611504657,-0.203895708348817,-0.0109009087244181,0.394699178713972,0.424200739665184,-0.257181346576735,-0.904101173187011,-0.47793457887504,0.866284546505362,1.39986146528951,0.0531810604516273,-1.42119633796256,-1.18082820798321,0.431446617857716,1.2002814806598,0.10230497708477,-0.647893059859528,0.0800851595625597,0.780437871161758,0.0623787614737805,-1.29855632201609,-1.29283055250066,0.373579171020731,1.56676325483605,0.870834715107641,-0.487449582219595,-0.965445977097496,-0.390919351006519,0.311074689441247,0.409135590726203,0.0981313188316787,-0.124168345908368,-0.107527702427325,-0.00445304986485014,0.0392993828749441,0.0208844867971473,-0.00214323272913492,-0.00497581879648974,0.000967928935643491,0.00408334723105108,0.00456888372115391,0.00501963065257245,0.00400504640335465,0.00246940947450897,0.00285517015225864,0.0033760343208214,0.00226899722554806,0.00180926421555803
0.00380348077098702,0.00400519809267869,0.00228576062094232,0.00239665507647611,0.0040345371691794,0.00223918518331412,-0.000192142360639413,0.00197011337500741,0.00496341059413194,0.003552490635974,-0.00288011760505123,-0.0107102699166607,-0.00285294704494775,0.0371918556727328,0.0677316569902855,-0.00565070059559084,-0.160105592862739,-0.153335097901132,0.184828716100983,0.509833278761136,0.163457574922145,-0.714590362711721,-0.922462535926646,0.255757000507965,1.64600081288931,0.8886750308179,-1.4398911900165,-2.05900405979141,0.134589264411965,2.63555161297527,1.25336537174235,-2.41413502632727,-3.02452134905546,0.444148631675682,3.79859653421718,2.14900032729659,-1.96725398650305,-3.49070449668492,-1.22531154990347,1.96755675293093,2.27422595834523,0.286776084436016,-1.12168695737376,-0.928669236326022,0.00144750992514446,0.464110846165319,0.269561389414867,-0.0402321050131268,-0.123638291294945,-0.0442003309695119,0.0243408904344788,0.0259990464491127,0.00430314201040026,-0.00383159168616223,-0.000307840172688159,0.00211750445411581,0.0034040545177835,0.0050124906108362,0.0040390261010898,0.00139842815723834,0.00218814634313164,0.00431399321267113,0.00360188878446932,0.00216098748849797
0.0039064936818729,0.00538259363662652,0.00390827439817798,0.00299256672675657,0.0037242673896096,0.00332423896967982,0.00149043059612813,0.00225782219484089,0.0039551597894055,0.0024280451385955,-0.00438696405047326,-0.00839369804653073,0.0095156136324431,0.0484076835704431,0.042804764548418,-0.0699719267792469,-0.17915878533424,-0.0297595455924731,0.371886728580775,0.456760031686024,-0.26370659112828,-1.06361473109738,-0.572203512336974,1.28520884585961,2.13222593548024,-0.273242047286628,-3.10339424218421,-2.40553651995974,2.08341393010244,5.31047938507719,1.15186986629854,-4.76172197451923,-5.43361059933966,-0.0135364763422277,6.26822888688599,4.62694971800873,-1.56901705886873,-4.58360920470124,-2.73015011406147,1.27797002511514,2.798799300918,1.09606264377455,-0.753481228778205,-1.04981907862645,-0.296814095717115,0.309581272651778,0.306151241298507,0.0494293697876329,-0.0846268234099987,-0.0562861368093468,0.00528425989528464,0.0223913048762653,0.00926364160570012,-0.00029928063211665,9.39769852136563e-05,0.00150710997967186,0.0019703391648426,0.00411322480836479,0.00381706721547953,0.000906872878807419,0.000637047178202205,0.00299524705597459,0.00328861773458833,0.00218777521761515
0.00363532306578307,0.00555186827371412,0.00436503120353793,0.00197281337777244,0.00184513952639864,0.00292489716922201,0.00305217122640133,0.00348446244201039,0.00510981398673642,0.00358571714594214,-0.00295635586240503,-0.00254067721456605,0.021031376703693,0.0467759237687397,0.0042727078319677,-0.115151449836659,-0.139457728616582,0.121939747601893,0.460978900476992,0.234584468939972,-0.674813886160179,-1.1277660181338,0.0493799435251832,2.13401329554749,1.97497086112839,-1.4797894511687,-4.05265342810567,-2.18551630597708,3.59712470221578,6.52277310134674,1.0478388480714,-5.32937732864237,-6.09840659608993,-0.699626755035728,5.59697107191571,5.13239935135435,-0.166892040472266,-3.57907766140791,-2.795950563828,0.055005087820754,1.69941892676775,1.18740438658564,-0.0537168141297802,-0.585189565181515,-0.345978812178151,0.0329025939773582,0.161522683820681,0.084122106563706,-0.0102844807474908,-0.0310704226644559,-0.00680226769446207,0.0118576227129565,0.00967115126226888,0.00333152954793756,0.00257563128375102,0.00291029439300217,0.0016249990125808,0.00245447693728928,0.00336836904252102,0.00137254887938382,-0.000217585703257028,0.00138982651872255,0.00272411858107979,0.00234961935132882
0.00281272926101073,0.00377649243039802,0.00309280542061471,0.000315376543183921,-0.000310585308628042,0.00179905075817455,0.00342825876387132,0.00459132518171823,0.0063402559955977,0.00466923018113347,-0.000903877184277188,0.00381110965182441,0.0269655886587969,0.0328237666225116,-0.031272579032538,-0.118840629650438,-0.0522172493769351,0.235685073912723,0.396807849866322,-0.0643749829714647,-0.856534766741922,-0.81198917316848,0.684827323728356,2.18739488674931,1.05713888870213,-2.03481120440216,-3.48397957104223,-1.02403101808753,3.45473123497587,4.12250274184952,0.515208109447894,-3.32677503892323,-3.70417178551277,-0.506649093113059,1.45603231713747,1.62621076346953,1.04607387353473,-0.33046679970726,-0.834939418640527,-0.842486025664524,-0.533977915416529,0.230715378200269,0.5799746622945,0.298367653392159,-0.100634591693569,-0.230898621325145,-0.0940272747642076,0.0527195255087247,0.0681762301555264,0.0160867679023044,-0.0102131223715293,-0.00228510938459486,0.00607869516350834,0.00553762873571939,0.00526588643389346,0.0049987350690191,0.00225671145507619,0.0010999240344578,0.00312915904707356,0.00257455953244135,0.000499561237160329,0.00144191389284687,0.00375873783409922,0.00338205253088897
0.00188671844887778,0.00154728791817642,0.00157803805515444,-0.000332735148721452,-0.000624972652499833,0.00207123018336708,0.00368030594831209,0.00452735063615942,0.00532399096868919,0.00333490499281058,-1.95465062470118e-05,0.00808178188102565,0.0248548832298561,0.0112758279462708,-0.0514945744880259,-0.0800674597569045,0.0488203919784656,0.259814113210729,0.190945875829345,-0.31977289293484,-0.695002375871697,-0.146664743754396,1.0650543211669,1.17869932834128,-0.456519428458995,-1.75221402181909,-1.07231222291673,1.27544498803519,1.42562730807322,-1.38186002371171,-1.56420500177936,0.673931268566452,2.3346035652102,0.848735924705956,-3.5916265159391,-4.13089301814313,0.431605964686224,4.0134297708998,2.56378024532178,-1.08087093278962,-2.65022430928123,-1.18039536862804,0.875307695243723,1.17323981884256,0.24388078771128,-0.403114914316234,-0.323562015076109,0.00540010829489149,0.128113392676546,0.056718086248162,-0.0132535667655103,-0.0159068142649626,0.00210173821658927,0.00665480541705904,0.00578996714607648,0.00524855162201082,0.00241713243220587,0.000992370416067895,0.00370783312387485,0.00433026955562521,0.0021250401654227,0.00277291378081501,0.0056718181377251,0.00468020607869198
0.00131706250787378,0.00114077904758558,0.00184661008504738,0.00068592067847395,0.00109142205689677,0.00402448105647224,0.00478090228606842,0.00348270644166203,0.00295205415466576,0.000725659963553948,0.000284204539298394,0.00949584308967683,0.0165924819709474,-0.00990647614689386,-0.0527542252801839,-0.0185556410447349,0.127386673462003,0.191147791271352,-0.0812983186613344,-0.465284857586752,-0.263227456078232,0.688271730012548,1.11058414488809,-0.437626326250761,-2.16260154534847,-1.10515999555391,2.57788490685014,4.27031389915218,-1.15375501144777,-6.71284894557267,-4.85198814108465,3.98448104130061,10.33264911178,2.75893718105183,-6.79425612656611,-8.35962700112123,-1.48392103557876,6.89546430482401,5.43393027898826,-0.888724597425847,-3.70688234827394,-2.03895073997296,0.928667715622636,1.59418469064164,0.395254726697394,-0.486697637281826,-0.409500030397767,0.00746789930384423,0.16181304339267,0.066584449150919,-0.0236488737642905,-0.0243195964375234,0.0018740827185825,0.00769756787156667,0.00390390169461535,0.00282957919688348,0.00170271377124503,0.00168719220890957,0.00495320654345821,0.00587197055267907,0.00328705720331851,0.00348648506098992,0.00600463085317271,0.00464143100649961
0.00113709963899389,0.00286990273486139,0.00403915988996206,0.00252201070217333,0.00292643793145071,0.00585150197593832,0.00557370933503379,0.00247691467855454,0.00147493894183347,0.000314171045111814,0.00150523152164209,0.00892351785187213,0.00729929881496779,-0.0229367768542283,-0.039975967462495,0.0380075872880903,0.16451851212538,0.082507102092108,-0.313612487626176,-0.509185356229583,0.192395844440553,1.38032502470852,0.994677446137502,-1.75190883799703,-3.44757147847005,-0.764070269653387,5.48309568182822,6.70438155723394,-2.38345419801548,-9.28842355107862,-7.0888117596122,4.32415813444701,14.4043725163116,4.32415813444692,-7.08881175961224,-9.2884235510786,-2.38345419801542,6.70438155723396,5.48309568182818,-0.764070269653422,-3.44757147847005,-1.75190883799701,0.994677446137522,1.38032502470852,0.192395844440545,-0.509185356229594,-0.313612487626181,0.0825071020921107,0.164518512125387,0.0380075872880974,-0.0399759674624912,-0.0229367768542339,0.00729929881495254,0.00892351785186157,0.00150523152165247,0.000314171045136387,0.00147493894184437,0.00247691467853712,0.00557370933500819,0.00585150197593497,0.00292643793147101,0.00252201070218922,0.00403915988995451,0.00286990273484481
0.00131706250787822,0.00464143100651704,0.00600463085317876,0.0034864850609731,0.00328705720329785,0.00587197055268085,0.00495320654347919,0.00168719220892625,0.00170271377123926,0.00282957919686505,0.00390390169460592,0.00769756787157241,0.00187408271859152,-0.0243195964375187,-0.0236488737642903,0.0665844491509151,0.161813043392664,0.00746789930383977,-0.409500030397761,-0.486697637281814,0.395254726697401,1.59418469064163,0.928667715622616,-2.03895073997297,-3.70688234827393,-0.888724597425814,5.43393027898828,6.89546430482396,-1.48392103557881,-8.35962700112123,-6.79425612656606,2.75893718105189,10.33264911178,3.98448104130054,-4.85198814108467,-6.71284894557263,-1.15375501144771,4.27031389915218,2.5778849068501,-1.10515999555393,-2.16260154534846,-0.437626326250743,1.1105841448881,0.688271730012546,-0.263227456078238,-0.465284857586758,-0.0812983186613365,0.191147791271353,0.127386673462007,-0.0185556410447292,-0.0527542252801783,-0.00990647614689591,0.0165924819709346,0.00949584308966531,0.00028420453930339,0.0007256599635726,0.00295205415467642,0.0034827064416519,0.0047809022860501,0.00402448105647046,0.00109142205690989,0.000685920678481888,0.00184661008503867,0.00114077904757393
0.00188671844888555,0.0046802060787047,0.00567181813772821,0.00277291378080458,0.0021250401654111,0.00433026955562454,0.0037078331238839,0.000992370416074417,0.00241713243220498,0.00524855162200738,0.00578996714607491,0.00665480541705832,0.00210173821658804,-0.0159068142649617,-0.0132535667655066,0.0567180862481632,0.128113392676542,0.00540010829488671,-0.323562015076106,-0.403114914316225,0.243880787711284,1.17323981884256,0.875307695243711,-1.18039536862804,-2.65022430928121,-1.08087093278961,2.56378024532177,4.01342977089977,0.431605964686203,-4.13089301814311,-3.59162651593905,0.848735924705969,2.33460356521015,0.673931268566412,-1.56420500177935,-1.38186002371166,1.42562730807326,1.27544498803516,-1.07231222291676,-1.75221402181909,-0.456519428458978,1.17869932834129,1.06505432116689,-0.146664743754405,-0.695002375871701,-0.319772892934838,0.190945875829348,0.259814113210729,0.048820391978463,-0.080067459756905,-0.0514945744880216,0.0112758279462748,0.0248548832298529,0.0080817818810186,-1.95465062489963e-05,0.00333490499281536,0.00532399096869363,0.00452735063615756,0.00368030594830915,0.00207123018336952,-0.000624972652495337,-0.000332735148723895,0.00157803805514556,0.0015472879181718
0.00281272926101739,0.00338205253089252,0.00375873783409755,0.00144191389284498,0.000499561237161994,0.00257455953244176,0.00312915904706845,0.0010999240344523,0.00225671145507794,0.0049987350690282,0.00526588643389976,0.00553762873571514,0.00607869516349949,-0.00228510938459722,-0.0102131223715242,0.0160867679023091,0.0681762301555243,0.0527195255087207,-0.0940272747642067,-0.230898621325142,-0.10063459169357,0.298367653392155,0.579974662294499,0.230715378200275,-0.533977915416519,-0.842486025664524,-0.834939418640545,-0.330466799707277,1.04607387353473,1.62621076346957,1.45603231713749,-0.506649093113084,-3.7041717855128,-3.32677503892324,0.515208109447927,4.12250274184956,3.45473123497586,-1.02403101808756,-3.48397957104225,-2.03481120440214,1.05713888870215,2.18739488674931,0.684827323728341,-0.811989173168492,-0.856534766741923,-0.0643749829714564,0.39680784986633,0.235685073912722,-0.0522172493769425,-0.118840629650444,-0.0312725790325377,0.0328237666225192,0.0269655886588041,0.00381110965182471,-0.000903877184283933,0.00466923018112458,0.00634025599559379,0.00459132518172306,0.00342825876388131,0.00179905075818135,-0.00031058530863104,0.000315376543173818,0.00309280542060827,0.00377649243040068
0.00363532306578662,0.00234961935132216,0.00272411858107358,0.00138982651872749,-0.000217585703244927,0.0013725488793872,0.00336836904250898,0.0024544769372748,0.0016249990125816,0.00291029439301627,0.00257563128376107,0.00333152954793334,0.00967115126225962,0.0118576227129526,-0.00680226769445857,-0.0310704226644524,-0.0102844807474907,0.0841221065637062,0.161522683820682,0.0329025939773559,-0.345978812178157,-0.585189565181517,-0.0537168141297738,1.18740438658565,1.69941892676776,0.0550050878207414,-2.79595056382802,-3.57907766140791,-0.166892040472243,5.13239935135439,5.59697107191571,-0.699626755035769,-6.09840659608995,-5.32937732864235,1.04783884807145,6.52277310134676,3.59712470221574,-2.18551630597711,-4.05265342810567,-1.47978945116867,1.97497086112841,2.13401329554748,0.0493799435251658,-1.12776601813381,-0.674813886160178,0.234584468939982,0.460978900477001,0.121939747601894,-0.139457728616589,-0.115151449836669,0.00427270783196398,0.0467759237687462,0.0210313767037058,-0.00254067721455917,-0.00295635586241114,0.00358571714592759,0.00510981398672784,0.00348446244201678,0.00305217122641604,0.00292489716922884,0.00184513952639143,0.00197281337776128,0.0043650312035366,0.00555186827372123
0.00390649368187512,0.00218777521760383,0.00328861773457834,0.00299524705598064,0.000637047178218414,0.000906872878813747,0.0038170672154684,0.00411322480834969,0.00197033916484188,0.0015071099796832,9.39769852214833e-05,-0.000299280632119703,0.0092636416056941,0.0223913048762639,0.00528425989528508,-0.0562861368093464,-0.0846268234099983,0.0494293697876367,0.30615124129851,0.309581272651773,-0.296814095717123,-1.04981907862645,-0.753481228778195,1.09606264377456,2.798799300918,1.27797002511513,-2.73015011406149,-4.58360920470123,-1.5690170588687,4.62694971800875,6.26822888688596,-0.013536476342269,-5.43361059933966,-4.7617219745192,1.15186986629858,5.31047938507718,2.0834139301024,-2.40553651995976,-3.10339424218419,-0.2732420472866,2.13222593548025,1.2852088458596,-0.572203512336986,-1.06361473109738,-0.263706591128277,0.456760031686031,0.37188672858078,-0.029759545592472,-0.179158785334245,-0.069971926779254,0.0428047645484131,0.0484076835704461,0.0095156136324524,-0.00839369804652368,-0.00438696405047598,0.00242804513858461,0.00395515978939823,0.00225782219484555,0.00149043059613926,0.00332423896968326,0.0037242673896016,0.00299256672674875,0.00390827439818131,0.00538259363663651
0.00380348077098791,0.00216098748848725,0.00360188878445988,0.00431399321267496,0.00218814634314418,0.00139842815724434,0.00403902610108289,0.00501249061082648,0.00340405451778258,0.00211750445412172,-0.000307840172685259,-0.00383159168616382,0.00430314201039909,0.0259990464491135,0.0243408904344772,-0.0442003309695152,-0.123638291294944,-0.0402321050131203,0.269561389414871,0.464110846165314,0.00144750992513624,-0.928669236326023,-1.12168695737375,0.286776084436025,2.27422595834523,1.96755675293092,-1.22531154990348,-3.49070449668491,-1.96725398650302,2.1490003272966,3.79859653421715,0.444148631675653,-3.02452134905546,-2.41413502632723,1.25336537174238,2.63555161297525,0.134589264411937,-2.05900405979141,-1.43989119001648,0.888675030817917,1.6460008128893,0.255757000507954,-0.922462535926651,-0.71459036271172,0.163457574922149,0.509833278761138,0.184828716100984,-0.153335097901132,-0.16010559286274,-0.00565070059559231,0.0677316569902833,0.037191855672732,-0.00285294704494586,-0.0107102699166577,-0.0028801176050508,0.00355249063597142,0.0049634105941293,0.00197011337500913,-0.000192142360636055,0.00223918518331301,0.00403453716917396,0.00239665507647317,0.00228576062094821,0.00400519809268773
0.00358248103173081,0.00180926421555173,0.0022689972255423,0.00337603432082278,0.00285517015226481,0.00246940947451172,0.00400504640335211,0.0050196306525696,0.00456888372115442,0.00408334723105269,0.00096792893564266,-0.00497581879649043,-0.00214323272913305,0.0208844867971489,0.0392993828749414,-0.00445304986485408,-0.107527702427324,-0.124168345908362,0.0981313188316814,0.409135590726198,0.311074689441241,-0.390919351006518,-0.965445977097489,-0.48744958221959,0.870834715107637,1.56676325483604,0.373579171020726,-1.29283055250066,-1.29855632201608,0.0623787614737819,0.780437871161743,0.0800851595625467,-0.647893059859521,0.10230497708479,1.2002814806598,0.431446617857701,-1.18082820798323,-1.42119633796255,0.0531810604516421,1.39986146528952,0.866284546505352,-0.477934578875047,-0.904101173187009,-0.257181346576729,0.424200739665187,0.394699178713969,-0.0109009087244217,-0.203895708348818,-0.0974330611504635,0.0484523123193204,0.0682023259804693,0.0171809952951323,-0.0120142900417801,-0.00813612687457806,0.00135788127871308,0.00617008341801062,0.00616749921880596,0.00236077809140412,-0.000417818891103955,0.0018076308428023,0.00341088582250989,0.00143986752081693,0.00106782533540262,0.00323227984849707
0.00313719503304344,0.00150065343366959,0.00062411078785081,0.00100175673941851,0.0020448356225537,0.00318217161066955,0.00366826091248007,0.00420239829623756,0.00488468530629736,0.00552358053997021,0.00273542365457303,-0.00333872474662122,-0.00607062918119287,0.00898603868961265,0.0392245816503856,0.0361191443819997,-0.0461517861777412,-0.144730190187172,-0.0846233521542403,0.189964906859459,0.408540640100483,0.174903981454921,-0.423626101450634,-0.743347114734807,-0.333673062249469,0.517357635278013,0.967048162006436,0.565439085510495,-0.176613596750593,-0.783317143883374,-1.016067452845,-0.534162135328211,0.551567646071226,1.4218530030412,0.91096565358922,-0.68431293935063,-1.5209101365442,-0.685874045789988,0.846824808172205,1.20634056273501,0.15690917663617,-0.754809324913476,-0.606780690496612,0.121883965867542,0.459811382823704,0.194427033039038,-0.140797609903021,-0.176575898522347,-0.0214478938321187,0.0736682632263491,0.047637247104135,-0.00357885110445097,-0.0152424233764286,-0.00266124840813017,0.00590666177285203,0.00689303700249227,0.0045959004523862,0.0017343396697799,0.00119287188636452,0.00319989562262121,0.00337333418537195,0.0016410038806892,0.00166004982930608,0.00330015674303089
0.00196953088797402,0.00168462075376077,0.000785621866659841,-0.000289597776404721,0.000926149973058593,0.0032221357793355,0.00302445429625391,0.00270250828999892,0.0045929492945109,0.00558687768975442,0.00391452348744766,-0.000376109597058555,-0.00611146531080799,-0.00362789195972912,0.0230062829547676,0.0540871556702858,0.0236259329609193,-0.0917071926092854,-0.17293631820893,-0.0475585854822131,0.266005034177191,0.43909885367193,0.136282896072663,-0.485401946176039,-0.803503527377325,-0.355423707475283,0.623083615707026,1.19192817670286,0.62337223760496,-0.650805514265667,-1.38437007478158,-0.757097589333654,0.709342080091131,1.41736963323382,0.479604801848914,-0.915205954998784,-1.14495746821612,-0.0647517940589213,0.941185647083887,0.671110739346479,-0.277032895629667,-0.662028115858168,-0.229127638775606,0.31058250170439,0.332580649814994,0.00995448563003377,-0.177952548402731,-0.101867353336451,0.0376637390899491,0.069375452887038,0.0201256125150398,-0.0158464872062848,-0.0121952777541314,0.00260782678575947,0.00779641653005957,0.00462827708882073,0.000524936262677383,0.000226849049611857,0.00329299276299673,0.00493198741297696,0.00354344049158803,0.00297760711160713,0.0036132188005836,0.00312002064019593
0.000284394226843343,0.00230565019540384,0.00252304804854289,0.000322688769715487,0.000807401146428598,0.00341288537088252,0.00244559681696013,0.0013450770391116,0.00353795969995065,0.00485921386770345,0.0037783822413664,0.00216718795224817,-0.0032814741766747,-0.0108607487995207,0.00157774165829948,0.0436123835183555,0.0643736331549775,-0.00750045069885491,-0.143070402454896,-0.175202577668061,0.0347862290886357,0.356983029815362,0.400858369044766,-0.0532485432977431,-0.625008582916443,-0.64705714644008,0.0672919457732687,0.845263753422622,0.741149387591737,-0.217306397904685,-0.917878787631315,-0.537420618581623,0.464708182372234,0.811406599682988,0.0790294504237352,-0.699437488303293,-0.541893989968534,0.28072728261181,0.655990506431986,0.173054405725023,-0.410488907521762,-0.396664593654822,0.0512708048835198,0.310855249015846,0.154309360356126,-0.0970931147797752,-0.14224526213542,-0.0234929161580774,0.0629615614410466,0.046707734099022,-0.00103178077457274,-0.0159630489145777,-0.00512578014333137,0.00545718897636756,0.00632435915755575,0.00174134956734447,-0.00235099371660188,0.000105722679857784,0.00483000319306412,0.00505558669031075,0.00265781206088319,0.00378492888196812,0.00504041813667519,0.00204414766223003
-0.000542185689505537,0.00310166534319271,0.00380618005081552,0.00125542000028578,0.00161075854019224,0.00406914103493872,0.00264704996282721,0.000650213949101322,0.00204894172970629,0.00327140227865062,0.00264273263715666,0.00335611916890859,0.000749959098363836,-0.0099703240350146,-0.0120486518956796,0.0179610090100784,0.0619992803942309,0.0520457295236614,-0.0509712007461915,-0.1633734336512,-0.119514183119279,0.122802449058289,0.33703511504206,0.211535482528417,-0.209643544407739,-0.465500733264206,-0.218475007513441,0.276210517369035,0.416008828294324,0.0347204055718778,-0.327094418769159,-0.177578800319308,0.227610102330997,0.251514993462056,-0.156809005369312,-0.388620363364654,-0.0848422180921449,0.347516004059055,0.311148608463072,-0.108168791415705,-0.337103189694212,-0.138436795959216,0.167596268162807,0.205048223222463,0.0138769929678381,-0.119612706527794,-0.0760661230798457,0.0269889239627241,0.0565690271752509,0.019246807595585,-0.0110747560298148,-0.00882467278805608,0.00187458983683378,0.00534102782436842,0.00361107873676717,0.000528781887348465,-0.00138409015084215,0.00202418860892255,0.0058638245608507,0.00386999403633913,0.00110142494768031,0.0031328992965638,0.00446190596451339,0.000806570551886689
0.000779945658877165,0.00378984900091739,0.00381522426151117,0.00149107035045349,0.00240049272559786,0.00439831871537771,0.00305242461583719,0.000792175358533452,0.000745905352438472,0.000867495747927799,0.0010775420080596,0.003513313674147,0.00444179598829287,-0.00326286574770313,-0.0127941418544051,-0.00391188848144425,0.0314173305103223,0.0607953271393474,0.0263493033691358,-0.0740093303698162,-0.138855961188223,-0.0547332274441463,0.133374022959978,0.21981841085564,0.07673086639473,-0.146716023007257,-0.201055812189049,-0.0595534720642317,0.0691032630126183,0.0534744278270403,0.00751454018168279,0.059736847894676,0.0979410223076176,-0.0356996454692147,-0.20916657608923,-0.152988437236661,0.115759743493502,0.252876986532134,0.0706558438356295,-0.181115184469605,-0.187545970577905,0.0202275546591323,0.157491970173024,0.0861383131543884,-0.0535409849552416,-0.0874855339970961,-0.0174332010651399,0.0425767864347178,0.0340723219739259,-0.00148496391344057,-0.012532624401862,-0.00188927334912824,0.00519054185004623,0.00367838094862118,0.00175271221195802,0.00112136801045037,0.001343871472454,0.00390494286535809,0.00584691641682298,0.00306936056845689,0.000610283575880267,0.00178312369258542,0.00253871485903197,0.00028679806420889
0.00299533408431709,0.00433099532949887,0.00327162381942702,0.00216141891805287,0.0030341474132293,0.00347606438404759,0.00249143841366724,0.00146120138554073,0.000439902570927814,-0.0011095730689063,-0.00032456046534653,0.00335113052738797,0.00641509101841766,0.00358865258667387,-0.00541511177060953,-0.0120110139376701,0.000238215238150407,0.033572032878281,0.0505185153161033,0.00785903237870768,-0.0726119340909885,-0.100043641734006,-0.0215521705786166,0.0976706509087597,0.13556583488223,0.0531970852264131,-0.0668079372089718,-0.12363279703349,-0.0920048572642204,-0.00529589770173972,0.0861477680232165,0.118561113008172,0.0389473201886585,-0.103410390905323,-0.150861547830841,-0.0250242754072598,0.134400336763836,0.12315226027688,-0.0407823761606949,-0.14056007892032,-0.0611857735460245,0.0737450550100953,0.0954010757665686,0.00821729165485571,-0.0593233699044229,-0.0401408518206275,0.0148138248349197,0.0343827310602605,0.0124396137745583,-0.00973400433107963,-0.00894416542127575,0.0016880607462985,0.00504292046028086,0.002410675260029,0.0012480933197057,0.00188911715454397,0.0025078755560503,0.00364401402775182,0.00407359883728043,0.00288945175960449,0.00132651702738648,0.00104006809220996,0.000657201564161235,0.000961597516030691
0.00404925938621336,0.00400420704797042,0.00296457507689742,0.00375050612303203,0.00379881403004151,0.0016961732440145,0.00110962967169663,0.00224440020908265,0.001707739083306,-0.00113970400043443,-0.000672436089342239,0.0030030264176997,0.00593448533399276,0.00616874193905352,0.00160304805980836,-0.00866908993879065,-0.0139770885096205,0.00323852460398854,0.0336798309923751,0.0392820783711511,-0.00293411894596028,-0.0583358215877939,-0.0668147904569712,-0.00729970903094654,0.070148809039962,0.0900997380271721,0.0257266906993387,-0.0644866758386257,-0.0945835957381002,-0.034490751718586,0.054779086705322,0.0784976545335659,0.00852923074776151,-0.0756752200813261,-0.0694746404795414,0.0235516319935418,0.0842784899596633,0.0309319156734677,-0.0632399739308947,-0.0740364212622003,0.00417811098236002,0.0627857690801508,0.0366717654052979,-0.0213469901529067,-0.0363280911224599,-0.00560261826592207,0.0213059394058102,0.0179131304841633,8.71780691494677e-05,-0.00774455727846073,-0.00295870363861621,0.00353187106311577,0.00442584716034039,0.00248505819909164,0.00131596013471699,0.00168258490325715,0.00209662044080083,0.00210293756662109,0.00188490449405779,0.00198872497199897,0.0018716134038704,0.000605501588855463,-0.000110137283811782,0.00184302333152827
0.00328177933544001,0.00264777050077901,0.002485370151837,0.00437552992845613,0.00378758357880343,0.000475270133179805,0.00029793733903599,0.00309239191195567,0.0037417310958739,0.0010245332011528,0.000380789494089751,0.0022968674679929,0.00355859090629606,0.00448696436214497,0.00414471629833153,-0.00208606207950001,-0.0116305100829503,-0.0102380544967862,0.00883108203570657,0.0296052014473412,0.0259770872098061,-0.00709406647951229,-0.0423401290216555,-0.0405168698439599,0.0035445224962126,0.0473861321079902,0.0408066224173082,-0.00902137574675662,-0.0437040895004791,-0.024987051450649,0.0181166411980218,0.0270069308114531,-0.00789654294738845,-0.0370045520285658,-0.0159559028027097,0.0288513874538251,0.035219352730845,-0.00899215936799473,-0.0446742770849002,-0.0246048639879565,0.0209065394328654,0.0327531709219733,0.00333651458198772,-0.0213016887844493,-0.0135168043061118,0.00767971768566268,0.0138562320407104,0.00434761381370023,-0.00390846234812815,-0.00270074319488279,0.00225695347718565,0.00508793571090696,0.0047005587545684,0.00307008408122312,0.00112528522473927,0.00100792886448797,0.00212510198504892,0.00210093038054155,0.00140930438104836,0.00085220496680421,0.00132403974261541,0.000232741676265219,-2.40369471284549e-05,0.00195030728883804
0.00198980935928876,0.00152851582226461,0.00153703652491473,0.00235929663744022,0.00193683158380802,0.000453866209810579,0.000932325201708764,0.00360454657046439,0.00475563671037859,0.00359367626408294,0.00206576603654611,0.00124683135634523,0.000803170830642051,0.00180447746935315,0.00375703896880884,0.0024895387414714,-0.00340899356802955,-0.00832519899587672,-0.00406097391863843,0.00931697895743152,0.0202580013940236,0.0141708837619711,-0.00810151654677887,-0.0253539730798398,-0.0179487321105207,0.00556208661131512,0.0172937125875687,0.00648465134733619,-0.00764737538283121,-0.00565019590649583,0.00425161068635444,0.00147340949497238,-0.0123966544807656,-0.0151613646303424,0.00224418727587699,0.0171085935831964,0.00732279465950757,-0.0149174855822586,-0.0195644806064226,1.08993337666848e-05,0.0167623182600299,0.0110008119114724,-0.0062620391515167,-0.0120383928728476,-0.00247366431572117,0.0066971627965657,0.00522051228742903,-0.00166794894507673,-0.00369937876754795,0.000185108985005854,0.00415346713142594,0.0052227769485832,0.00413787874658582,0.00241919936335558,0.000648704002312949,0.000807911704516603,0.002915399441021,0.00395260293799258,0.00279920175554842,0.0013100465617266,0.000893454776777624,0.000669131101004178,0.000484426900649999,0.00135206154853368
0.00152176384731778,0.00197416452077862,0.000999116657823672,-0.000549434516456453,-0.00060679965518327,0.00110537118838724,0.00224063694057341,0.00298806732970442,0.00382605108357958,0.00441434631201267,0.00299053502741696,0.000267522342326286,-0.000956721104545613,0.000486921474958164,0.00310272397462776,0.00436702210294727,0.00246293683812416,-0.00214799827102535,-0.00518551043859716,-0.00204983843986641,0.00599351918153863,0.0109626391286547,0.00683602797294258,-0.00316835221842417,-0.0100650319515339,-0.00904402678191421,-0.00339155148347575,0.00108555613805078,0.00276117130552081,0.00365139969844059,0.00256926871516285,-0.00306351715136385,-0.00889337333620202,-0.00676871634051792,0.00205596766047777,0.00507217910732877,-0.00296324128881835,-0.00977723358197239,-0.00468667862611103,0.00632855567390133,0.00925702390905108,0.00256279264129256,-0.0042614852448482,-0.004156252349421,-1.9142983121132e-05,0.00294312106168563,0.00157797064626348,-0.00125460375076003,-0.00189103094230643,0.00100339395247449,0.00343246988746963,0.00320403263690025,0.00135113837220419,0.000246702832951542,0.000295164080084162,0.00108632785799476,0.00301031289022868,0.00453548898542441,0.00432998701865598,0.00280944081048434,0.00211537882431799,0.00195214652831806,0.00154165869504801,0.000864197506803177
0.00174699289017691,0.00325154812180012,0.0018542007216691,-0.0011071669530004,-0.00110158381014467,0.00174655474697415,0.00267617643948906,0.00153114731378825,0.00198714392012406,0.00344473283659384,0.00246925079341587,-8.77075848330158e-05,-0.00111160230552521,0.000274945866234055,0.00219108182574699,0.00417745911606079,0.00449334058076548,0.0015303810251503,-0.00236472287315921,-0.00342968910046508,-0.000740425736376452,0.00269175757073861,0.00567006705956729,0.00498891383206524,-1.52506530280471e-05,-0.00656393757530052,-0.00724857078834257,-0.00247883686937584,0.00236839184168823,0.00260540585670858,0.000547541658490654,-0.00271390862138359,-0.00473731383258186,-0.0036072942837736,-0.000146126654593314,0.000349511421174894,-0.00334644123029361,-0.00483744644858465,-0.000783035104936065,0.00390858001879316,0.00324554537651265,-8.93363133810826e-05,-0.00174383233999111,-0.000498969279702114,0.00102600836372652,0.00200710400507317,0.00197303848775524,0.00093676325835404,0.000522897483009823,0.00182549757276235,0.00282863278046456,0.000957947402585668,-0.00152180846734016,-0.00166150062680297,0.000359927838185025,0.00125884981063052,0.00159859446475943,0.00276579549435191,0.00402235350993748,0.00367068863307414,0.00307955873831718,0.00304690671453732,0.00238818385979954,0.00117819289889501
0.00197568950773129,0.00352339633408575,0.00328026153785516,0.0011502764691202,0.000875482425067996,0.00194772796021489,0.00172443501997087,0.000614486193862705,0.00143104107912302,0.00242000833238301,0.00143518182816833,0.000289837634332638,0.000228117800490184,0.000200557545048367,0.000162247778729281,0.0022659973599105,0.00414980859444964,0.00288565776907739,-0.000221443568396378,-0.00131321099182625,-0.000876268726860111,-0.000707059580166597,0.000765337062393933,0.00244936122220022,0.00169597805841529,-0.00150993384181363,-0.00209998276099202,0.000185204430236555,0.00165468961598154,-0.000259528482225756,-0.0025030018193327,-0.00378069985758978,-0.00367925072204991,-0.00231639040891423,-0.00010703912667027,0.0007603844719616,-0.00068002362398442,-0.00162129099610527,-0.000716943993678753,0.000723431950619473,-0.000466116546379848,-0.0024895122682427,-0.00236210066554044,0.000207031765546965,0.00264764519191289,0.00277405920656317,0.00212305043345001,0.00174023109728475,0.00221366728890152,0.00290326413980382,0.00296272912263953,0.000748131825673729,-0.00141038196251826,-0.00147716035345658,0.000784217892483797,0.000970277754439769,0.00035566155304755,0.000925284938907909,0.0028885867523729,0.00288414997656134,0.00184721289686112,0.00209878302066853,0.00226913876896438,0.00170986152741883
0.00194402601877556,0.00284907042487667,0.00348195073029195,0.00330457618371221,0.00238073187714306,0.00131526012746308,0.000164029503961234,0.00101497534960673,0.00264315549229273,0.00267723007914828,0.00111347051284725,0.0012021343440391,0.00191109742554471,0.0003937672149362,-0.00156628775336493,-4.08280176478113e-05,0.00275815292443836,0.00313646894458535,0.00113951520712826,-0.000124631364763569,-0.000524867218922476,-0.00107427373571662,-0.00106572649296341,-0.000536066227095603,6.66694445069716e-05,0.000587861737843408,0.00147855489397547,0.00155669886422989,0.000827047337881707,-0.000698303483799683,-0.00220746304615725,-0.0036281525958632,-0.00323804995736384,-0.00154522096256446,0.000142819130082799,0.000583972380614921,0.000300304398336407,4.08671991155097e-05,-0.000221410557623022,-0.000275440790277402,-0.00143145765321896,-0.00343485945539782,-0.00310870750961276,0.000221132249147401,0.00305870465139947,0.00207235349782189,0.00047890575569948,0.00119037436828723,0.0026226679828601,0.00271226255613531,0.00226890734234753,0.00203988032321277,0.00115305688187966,0.000499039434858435,0.00100644343610083,0.000930699885054784,0.000822746019466426,0.00132521840558297,0.00267991185264378,0.00159175269542073,-0.000434634610488219,-0.000362575573040135,0.00118836881466505,0.00188966460464675
0.00233923252349149,0.00268001167725202,0.00268033424153982,0.00269843563769331,0.00139509029147385,-0.000219958947041872,-0.000682009932161003,0.00154371826989053,0.00383303293979614,0.00322682169310801,0.00193071974814707,0.00197367795016058,0.00246701835013835,0.000826519633342366,-0.000782171236505707,-0.000333885634142547,0.0012537617326733,0.00222542302310133,0.00197153151436374,0.000314815397175548,-0.00150022647580511,-0.00148185283966233,-0.000434207730111328,-5.57467684347324e-05,-3.75044269186577e-05,0.00100725478213094,0.000843603827737101,-0.00114603476438028,-0.00187119798739217,-0.000162570418086907,0.000281098765239541,-0.00130116215285221,-0.00132588168202809,0.000183720541435444,7.11154190382387e-05,-0.00104682587320062,-0.000777446658272499,0.000352282136616849,-0.000177247875301937,-0.000639872849267537,-0.0007770842634823,-0.00133478540730956,-0.00130777999779067,0.000654891129170118,0.00169500966251523,-0.000143958212237731,-0.00115536573722508,0.000866316929871003,0.00223203549240235,0.00107330448319139,0.0005706779489386,0.00247254962850856,0.0030526000880541,0.00175873232582844,0.00107854772544844,0.00166102318483217,0.00240598646208799,0.00282637163648255,0.00282910936037685,0.00113370849646797,-0.00107279674647495,-0.00147049416114973,0.000313113700091816,0.00176053196451286
0.00321729266546846,0.00369402498214292,0.00226755290308091,0.000633195748294829,-0.000596319617441591,-0.0012438198678861,-0.000481907914382817,0.00129734688954232,0.00292512186058864,0.00283075949123973,0.00277903139636436,0.00236088465522282,0.00121308444371502,0.000538190669663128,0.0015128772115652,0.00176437271372747,0.000522948379747362,0.000549870925381863,0.00206894509181654,0.00129148356610139,-0.00142790654989429,-0.00143348042605033,0.000550787776660761,0.000913761620376504,0.000111966207560886,0.000617537538661117,-0.000430611987480793,-0.00316850406761503,-0.00352523433614718,-0.000322336648154738,0.00080072977156094,-0.000530321247195307,4.7961031206759e-05,0.00172086755989223,0.000385817014123808,-0.00166142326895656,-0.000905766820650581,0.000512583814688354,-0.000784775812932803,-0.00161363045868616,-0.000141484039586509,0.00125865742918734,0.00107156391858888,0.000968384247413324,0.000317323108797567,-0.0011765875261132,-0.00102049636070443,0.0009643111025591,0.00142913036388931,-0.000351695659943426,-0.00022595996967783,0.00171725449862172,0.00250913680313047,0.00120929949157822,0.00137975282057048,0.00261481887671921,0.00329544802854981,0.00272094419805571,0.00190188353701999,0.00102992963336916,0.000338634235428417,8.56872451220806e-05,0.00056927775549,0.00177757372183445
0.00369798382800575,0.00447038449618337,0.00250716749133361,5.13146572186393e-05,-0.000742393198856418,-0.000494627871880168,0.000262865388493252,0.000877246198448129,0.00110438904274569,0.00166598407201634,0.00278760323699765,0.00230345659265032,-0.000410933039706554,-0.00102832145184067,0.00202893619851649,0.00313908100376835,0.000709494323110064,-0.000440795565366954,0.00197224658746656,0.00242195512936646,0.000524240479378643,-2.01613904139903e-05,0.00129659795487883,0.000194032446581486,-0.00134576151118659,-0.000663707389984419,-0.000189337462272391,-0.0013275132010678,-0.00156932510323088,-0.000146040325594727,-0.000838435285803203,-0.00219994920346921,-0.00105590170401906,0.000879973824566851,-0.000121087361722729,-0.00106315823162151,0.000525059430626433,0.00123647738597002,-0.000518355632182496,-0.00155961041793459,0.000342350226289977,0.00151314295434328,0.00117585546285753,0.000537825523711411,0.000481779152088972,8.11769770619479e-05,0.000276791623458469,0.000557385511838694,2.97324966175216e-05,-0.000367407657533408,0.000748882807626401,0.00142176314605597,0.000876038023400192,0.000560584238874919,0.00181187756034122,0.00282674670286884,0.00229093031419184,0.00129459308087744,0.00041244671304101,0.000563137446139282,0.001517103248166,0.00204369034071376,0.00151710558931941,0.00181052478806014
0.00307676436776218,0.00353064504451738,0.00236945904669285,0.00121807862755179,0.00132138365143886,0.000950648488009146,0.000817089199135969,0.00120790665232015,0.00140876184632174,0.00122788383623107,0.00207433213824573,0.00193855535579856,-0.000507299456194045,-0.00220743403183122,-0.000220705815320786,0.00159819067416891,0.000798515619233036,0.000277026261880578,0.00206014256044365,0.0025595257710933,0.00162609255642263,0.00121516405189021,0.00132275445445901,-0.00061577390592271,-0.00226867220409311,-0.00128424223676442,0.000676447785410055,0.00116398654571305,0.00134722284215069,0.000565158946567197,-0.0013732222028329,-0.00276150103368581,-0.00217176391451836,-0.00143864531777833,-0.00188767831313898,-0.000968366181007762,0.0008755333093619,0.00109261524901405,9.02637583862695e-05,0.000286586395216432,0.000994159589673685,0.000348959388301832,-0.000176836830224977,0.000459031638965075,0.00147608756069384,0.00163152798068949,0.00101288158845154,-0.000309995363862407,-0.00116418089483963,0.000268766394902449,0.00217955275269496,0.00178166793041307,0.000360954459452405,0.00118869080025917,0.00216688288621823,0.00161319005944604,0.000429809612455876,0.000813221749801084,0.000675979434927261,0.000254014462570093,0.00101695399438759,0.00199369098194358,0.00174023321529036,0.00149865309113745
0.00179714427590329,0.00183845678670315,0.00122450428482275,0.00219228111642715,0.00283849097386451,0.00137687274392221,0.000369438921895983,0.00219989324871232,0.00370595157204078,0.00234616178905401,0.00115350466213633,0.0015095257997673,0.000852590552868279,-0.00118575484311669,-0.00211645970564806,-0.000744097856305682,0.000590140305156588,0.00174014869351938,0.00191219417275743,0.00126986942881111,0.000220365317320658,0.000281466581356821,8.57012305285754e-05,-0.00039516779247872,-0.000475655223914892,0.000354877125124427,0.00108687492257186,0.00111262232763363,0.0013252914319973,0.000484829810161159,-0.000364902575813511,-0.00065035717836783,-0.000753175854792101,-0.00204968206021718,-0.00244959327749231,-0.0010196829445678,-0.000361351499122691,-0.00100884420855498,-0.000682478206053152,0.00125750437544529,0.00106569416535094,-0.000447052812101457,-3.33110431958633e-05,0.00157245319698321,0.00186233643394828,0.00111548734290016,0.000757186263068729,-0.000300822633428342,-0.000851691688634121,0.000743312560757108,0.00242037642130517,0.00163543577089677,0.000828869651212774,0.00213417199872563,0.00218481946794411,-0.000192612134099687,-0.000344249653516179,0.00196862385242546,0.00283243680398665,0.000813263102338907,0.000131018998030028,0.000753321976605858,0.000806849405094782,0.000919516140123761
0.00127028244536886,0.00113641916071335,0.000403142393331212,0.00154211475601741,0.0023089830597587,0.00055120953385271,-0.000312052675343743,0.00227679629454988,0.00482085674001731,0.00317356597868403,0.000858780785160256,0.00099530944014868,0.0018957669235278,0.000942163655117061,-0.000803778149978441,-0.000495630762175263,0.00114092291374679,0.00227713158446196,0.0011836945222714,-0.000488406645141442,-0.00149461495759921,-0.00155415846462374,-0.0015513074221881,-0.000298748045424953,0.00167007358931487,0.00241624704308318,0.000786971186126861,-0.000163714724655784,-0.000506458501923289,-0.000366328273051913,-0.000127906943268628,0.00116335031867399,0.00121148598062526,-0.000342033589383245,-0.000628039492921624,0.000386685427780502,-0.000719992428661054,-0.0027092521156724,-0.00202111721982599,1.52866122508464e-05,-0.000288812424661824,-0.000856052985044261,0.0013412728270732,0.00279326097952335,0.000940115655670126,-0.000623171905587076,0.00034363487791168,0.00110561332138464,0.000500975751997668,0.00113487608049301,0.00165663609705882,0.000965145006529107,0.000673501360775901,0.00194388781515519,0.001508905298999,-0.000552510305867964,0.000430443629792475,0.0033571411669767,0.00387077304712531,0.00162395275414588,0.000624491036962774,0.000626978406475181,5.42715915446705e-05,0.000226272769583967
0.00156117846910475,0.00190387727596307,0.000834068218939218,0.000513719194400651,0.000879700413357847,0.000257386347729392,6.88617587763986e-05,0.00120775003011049,0.00247917231202166,0.00208974007323998,0.00117514320532972,0.000892305309753908,0.00118705356853482,0.00176863444100732,0.00194530889687706,0.00211930373744907,0.00215740743232183,0.00178519358981369,0.000345364091037977,-0.000990316105728773,-0.00103221179808807,-0.00121847698905272,-0.00154049295237941,-0.00086627254256072,0.0012658336164481,0.00152121989277575,-0.000122533336168266,-0.000873745699864998,-0.000466744693901385,-0.000676652987849068,-0.000890274355886849,0.000355983560637396,0.00113646089847231,0.000924243443704695,0.00112429920084023,0.00192592264867227,0.000576374848562249,-0.00159898803065669,-0.00137469532814731,-0.000922707233450467,-0.00159131944255209,-0.001337022690034,0.00147576517962275,0.00215892388256871,-0.000292170133608183,-0.00119339339331256,0.000863618288221248,0.00205366721152569,0.00112848756588781,0.00104261026677711,0.00135069417060301,0.000658012895657561,8.07136747403739e-05,0.000628212455658745,0.000687220676641874,0.000660859556018469,0.00187671680164114,0.00329706402468958,0.00234774501950846,0.00155102576879173,0.00209215188752153,0.00196939013377232,0.000312327220466652,-3.64230253833921e-06
0.00168572612682432,0.00258805478014571,0.00183541495901861,0.000858827474828283,0.000467134047754861,0.00114221406158715,0.00161789367418276,0.000369324714390345,-0.000939558202713164,-8.35489867676166e-05,0.00174799269382495,0.00122547444233452,-0.000151189715282159,0.000666456794971541,0.00291085062828382,0.00315357403284339,0.00196619058391563,0.00101485789533041,0.000444804482470551,0.000100590695034804,0.000738870362862782,0.00118662554665835,0.000406700699444301,-0.000557775002298161,-0.000467081414248601,-0.00083822130803404,-0.00150359934386654,-0.000866627849317262,0.000427744141895562,-6.32915027342206e-05,-0.00140743369229344,-0.00103379924113853,6.85420769513563e-05,0.000479989861867796,0.000677970234540726,0.00116323321486806,0.00124418424875635,0.000580656121238417,0.000698406230781901,0.000126491232555927,-0.000932914812667244,-0.000987351468171336,0.000163604569838302,0.000272306304265583,-0.00052253289671662,0.000305869604533509,0.00173776520617212,0.00130444674921721,0.000151757533201387,0.000447356818715485,0.00147063561220087,0.0010882669052442,0.000188846034758642,-5.21750526028962e-05,0.000326425164335238,0.00152239124572558,0.00240260311713983,0.00191121776463588,0.000570735034632842,0.0010398358276413,0.00285018632469904,0.00274246802788204,0.000986026482020695,0.00057469832148471
0.00136742852814032,0.00165033100976205,0.00234908735051042,0.00237560966267716,0.00137721257688266,0.00172383293649218,0.00256224687359065,0.000896839535148724,-0.00161182296214621,-0.000798850873631179,0.00196182923140059,0.00149482920402608,-0.00044245719923175,-0.000190022469456846,0.00171910997987008,0.00108990500668096,3.86878045527018e-05,0.000495105161932343,0.00142970795392264,0.00110943271065336,0.00124004071940673,0.0021606214608535,0.00213172010406178,0.000734841023942288,-8.85208952217923e-05,-0.000776515815672904,-0.00129590029035609,-0.000999009070487737,-0.000238682529129941,-0.000309790661006342,-0.0012845660216629,-0.000908337944475779,2.12969234212281e-05,0.000117192492284394,-0.000614127672990283,-0.00058406184145353,0.000186310798440071,0.000818048819826396,0.000829119118995779,0.000794410873344737,0.000666331609046874,0.000438275626339774,-0.00020737138039909,-0.0004921661228067,0.000639318742749946,0.0019428603995699,0.00159381999500382,-0.000135218728135175,-0.000653661373634995,0.000379541249965329,0.0012542998295348,0.00142488547031981,0.00109137369614973,0.000746796543465239,0.000383573323245434,0.000784021452122874,0.00116026218185421,0.000668102616358272,0.000735483336637745,0.0016116637493102,0.00224729984469731,0.00166578701705377,0.00122504283567603,0.00154271939481749
0.000961423269269457,3.06366439561934e-05,0.0019040056426847,0.00361700069114813,0.00229284294710909,0.00111465147123663,0.00171216517979814,0.00200038542183483,0.00075906694260408,0.000550931057595538,0.00159246060956386,0.00117115241232398,0.000423118902582104,0.000675404516282061,0.00066364416630405,-0.000930804756081654,-0.00151737976093799,0.000480455070057397,0.00170735292306753,0.000598762990164512,-0.000181343036400415,0.000601398206409596,0.00165389860766451,0.00132467943434432,0.00168429919026632,0.00178454708879312,0.000942354031197214,-0.000795785708128322,-0.00148721329653224,-0.00145785663707755,-0.000915540721978279,-0.000302430798859773,0.000532632154087495,0.000483112763726761,-0.000348891476424043,-0.000596648185633638,-0.000465670691701154,-0.000512018298342328,-0.00122980555626496,-0.000755447535168292,0.000753701888823037,0.00133330726207859,0.000779878409384355,0.000502895603921271,0.00175680158524471,0.00167333287381536,0.000102172710545105,-0.000629730629441075,0.000546922196538009,0.00157811976052938,0.00106933475847588,0.0012295120265959,0.0018855127932235,0.00173022492386417,0.000472749076415283,-0.000428468561616918,-0.00041419996695958,0.000302046343247043,0.00190911919748395,0.00286335180258134,0.00134360301748697,-1.11287062638148e-06,0.000926452455291764,0.00219405035510917
0.000837374354895807,-0.000437209323974382,0.00108211405422822,0.00323507175362987,0.00240443572800103,0.000521078118296456,0.0005167857077189,0.00221495240642394,0.00273967875340177,0.00186032159484459,0.000901558555344719,0.000683561356953804,0.00136822749422508,0.00191598620148975,0.00108511329187654,-0.000213409608520423,-0.000378222293269284,0.000633198367113074,0.00050734089355768,-0.000924349314018629,-0.00140136555696243,-0.000672391503624456,0.000157206162501336,0.000645390490452196,0.0015754850625813,0.00274359308473234,0.00204885872838962,3.39495993561934e-05,-0.00121475063494984,-0.00113845540950583,-0.000320353294945453,-0.000170433998694719,0.000123151317821438,0.000540003358041293,0.000682249442292922,0.000635018885825028,0.000117677929564208,-0.000814577281935087,-0.00190805477042747,-0.00177719016999967,-0.000324952945120636,0.000779933041566403,0.000973305430507001,0.00119766047835905,0.00110974582179922,-0.000122728467210087,-0.00135272738598842,-4.86412352470933e-05,0.00237053347198869,0.00277997999543395,0.00147867625589238,0.00131432782826235,0.00206005853172681,0.00160574687095862,0.000421664047431672,-0.000230173006994665,-3.50313411973076e-05,0.000585402640358909,0.00199363437599112,0.00275736410369893,0.00133213745915489,-0.000300375003423126,0.000648332119606567,0.00181298276130834
