0.00898515992058155,0.00881797338534307,0.00975867281922563,0.0133094408897572,0.0154852616941353,0.0139207900863797,0.0119824597112143,0.0128354134357748,0.0133540998266783,0.0106404727327356,0.00822598310908137,0.0103243796564536,0.0138532689623287,0.0145423645443091,0.0134924074910925,0.0131985270811824,0.0109313289335465,0.0046202094063635,-0.00228825384211114,-0.00406548377773875,-0.00142223664460746,0.00178191275379205,0.0030354059981706,0.00296406012527417,0.00276123132711546,0.00225203540734847,0.00100225671734247,-0.000912612358129418,-0.00129142830971754,0.000187136436247768,0.00126004246681941,0.000141533347018716,-0.000840666724347258,0.000141533347052466,0.00126004246684893,0.000187136436241966,-0.00129142830974906,-0.000912612358151648,0.00100225671735021,0.00225203540737495,0.0027612313271333,0.00296406012526596,0.00303540599814422,0.0017819127537754,-0.00142223664459361,-0.00406548377770782,-0.00228825384210043,0.00462020940633927,0.0109313289335179,0.0131985270811861,0.0134924074911209,0.0145423645443226,0.0138532689623124,0.0103243796564349,0.00822598310908557,0.0106404727327516,0.0133540998266811,0.0128354134357633,0.0119824597112076,0.0139207900863858,0.0154852616941434,0.0133094408897572,0.00975867281922027,0.00881797338533906
0.00946917156288743,0.012572446461182,0.00929278399383352,0.00794725449897013,0.0134822145068268,0.0179776021421863,0.0150174542181307,0.00941545226728267,0.00598311579496402,0.00494970088332436,0.00714566367428406,0.0122320562982288,0.0146941208430948,0.0132244465815618,0.0135332836002582,0.0159901321948667,0.0125160249554572,0.00316282712145811,-0.00210050767091363,0.00123499187432904,0.00549024599460747,0.00630681931334993,0.00581382744097533,0.00459744400907422,6.33169875531216e-05,-0.00557012040329543,-0.00692270633856215,-0.00410336100279309,-0.000655635231245175,0.00127259559699596,0.0022942074547203,0.00181350904386022,0.000221617620221372,-0.00131133116409124,-0.00312340396602133,-0.00549383203363913,-0.00581254486360599,-0.00034548212454668,0.0076796888799597,0.0112811247747341,0.0090010770888632,0.00578965311351044,0.00347714657736238,-0.000120037641312775,-0.00359877665994395,-0.00187960999877279,0.00294896972551945,0.00451018288208789,0.0029588867335237,0.00458724536308856,0.00981785236957579,0.0127823577878649,0.011449743247504,0.00958640514071007,0.00994953745872653,0.0131374220023254,0.016285868086657,0.0153466026804799,0.0113403142716471,0.0116838099915112,0.0181501658905366,0.0199072358139228,0.0125462926513567,0.00664723960569469
0.011155027165905,0.0142643751780149,0.010959291262717,0.00885495333157846,0.0141678015280812,0.0183335626957787,0.0147032852225185,0.00812348443002499,0.00435939084919078,0.00385487503112362,0.00694437153236429,0.0118702127519366,0.0137199657621745,0.0119944016350408,0.0115366916487149,0.0112682618948544,0.006713804888461,0.00181087888852891,0.00339747757236308,0.00853614006645543,0.00858680672943566,0.00544819857886854,0.0049850805328353,0.00603478982078948,0.00275971910816438,-0.00286381436489125,-0.00470177580266738,-0.00292998559681571,-0.00175481527229317,-0.00209152475383419,-0.000742901373170763,0.00142126047475865,0.000764205124222686,-0.00274416838380511,-0.00615680160399776,-0.00764188721247153,-0.00756853099028752,-0.00347823400682219,0.0034422198429385,0.00839666101351639,0.00865414310216055,0.00866293033823349,0.0084983106626184,0.00547288616953054,0.00195555737317323,0.00448758964416452,0.00800235926177189,0.00462219027767541,-0.000649096913130459,0.00175777951331348,0.00739277064840818,0.00816215895360842,0.00746678149011388,0.0104655501484754,0.0112669046483696,0.00867870681846654,0.00946616131973773,0.0138584291177086,0.0144256036896912,0.0135255777128766,0.0183894006434105,0.0218960966876183,0.0161293952807751,0.00922098914079728
0.0134998294908899,0.0129986161759034,0.0126643121505698,0.0145563152543595,0.0171121496922294,0.0153899495358293,0.0115456169979137,0.0102786635094407,0.0100568488562549,0.00814639810686061,0.00690008920439503,0.00822007128151017,0.0102373109857525,0.0112960106801766,0.0105775495869272,0.0068557827615881,0.00276163456425195,0.00396463285646098,0.00880822874095185,0.00993285894644025,0.00561099457976774,0.00176653858167914,0.00151034862927672,0.00232764969818524,0.00231393251474874,0.00190455104127825,0.0020908993415512,0.00218746959351197,0.000988578808071885,-0.0010637113458543,-0.00120432003315825,0.000487149770757641,-0.000687876059182335,-0.00514680610551408,-0.00714997850392722,-0.00491271373117039,-0.00404938321850885,-0.00548939602489618,-0.00483782644626865,-0.00124343330976814,0.00174744927594401,0.00568892922158091,0.00979267275935939,0.0103622641708791,0.00726339817196814,0.00715094243087021,0.0083473119721441,0.00644283244450926,0.00526017254768179,0.00957347900950752,0.011147150169756,0.00611390351278742,0.00458540444447274,0.0109427393221297,0.0117591673784779,0.00378367633766177,0.00134380550029053,0.00962845652061877,0.0157712970373504,0.0145745452081115,0.0147935857339937,0.0178492431480348,0.01779864045073,0.0146154868977747
0.0144278861626265,0.0101019242919848,0.0118338230303245,0.0178431624566834,0.0189625174144335,0.0142216215399368,0.0125651190387567,0.0155466996028106,0.0157378560950103,0.0112986633170599,0.00707327485378457,0.00550138711125491,0.00655863970455761,0.00969687026038736,0.0105363195097053,0.00719449893937072,0.00552501644580218,0.00878390403314922,0.00963198475760503,0.00477329075579315,0.00199888100971749,0.00341940773932773,0.00204230630593417,-0.00277310025120321,-0.00365333726062273,-0.000646842858476116,0.000706951283758312,0.00173479407669982,0.0040698175170175,0.00497751497444688,0.00328747150699936,0.00226492868253045,0.000125636093918519,-0.00489531253400983,-0.00690734403725549,-0.00348170273541415,-0.00190112048368528,-0.00510351526914618,-0.00597225948173019,-0.00237066783194925,-0.000575503177719789,-6.79017227131606e-05,0.00263728178511783,0.00540050836556601,0.00413442187834771,0.00347736945793457,0.00583158191909834,0.00938098671384323,0.0131466002192352,0.0174669317518647,0.0161527687131968,0.00922756501201343,0.00607947249550426,0.0105066633693947,0.0119122735439856,0.00674629607682553,0.00401471309448673,0.00830504194507868,0.0121736448905889,0.0114721142395181,0.0103792773875923,0.0120752782757454,0.0157090840260691,0.0172184487293484
0.0131812761513347,0.00785391470751509,0.00876026194764704,0.0146092342934044,0.0163304275757936,0.0157413698035691,0.0191189964844708,0.0207961262554599,0.0152563691965165,0.00937152958178518,0.00852133304200543,0.00783516100636272,0.00648128896390121,0.00858340030009081,0.0108018562628579,0.0091900751072637,0.00893208974001996,0.0107470883665464,0.00689611288441769,0.000287853966326635,0.00297970885742186,0.00983820412720008,0.00625172529657622,-0.00374060732662653,-0.00657205315334737,-0.00498537998024647,-0.0070818866103453,-0.00644449045978461,0.000997853525359219,0.00603909244931976,0.00433837070153696,0.00317263362895342,0.00352337912348908,-0.000192588580196833,-0.00450579492983164,-0.00429123646368068,-0.00328580601763304,-0.00382046752968281,-0.00029497369242356,0.00549292067614542,0.0045085767292884,-0.00225015635763113,-0.0055395402329447,-0.00427604500278568,-0.00332080254640733,-0.000776724083734933,0.00562097055783538,0.0121122764870217,0.01430724418878,0.0139317703293489,0.0128616973849533,0.0115707897768671,0.0103396389353924,0.0103693124083272,0.0122583234923594,0.0157883549050031,0.016672627168566,0.0124884041875411,0.00784191491998232,0.00834715650637246,0.0104638969047865,0.0104781374660424,0.0119494379985452,0.0150798078670673
0.0127620894823851,0.00839663651118203,0.00744895790006489,0.00964585174480745,0.010945632936341,0.0155354736239955,0.022863008787316,0.0211230323838631,0.0102816318058272,0.00626411997959469,0.0114631571011924,0.0128525476518976,0.0094425814393985,0.0102442978703505,0.0123923484244422,0.0092520478466896,0.00654416110000625,0.00714354888843624,0.00502661547559484,0.0024091724738084,0.00760171490068583,0.0128447951884093,0.00696614989077515,-0.00162285908153735,-0.00201411754948957,-0.00249443971966494,-0.00915242463950154,-0.0112461669148381,-0.00440258665291858,-0.000841868583816313,-0.00347143593135358,-0.00263707701085088,0.00180758424075741,0.00150946166580825,-0.00200349884337974,-0.00266111930430093,-0.0014724630263254,-0.000183506780995748,0.00444700776705752,0.00864285842188238,0.00605072674805597,-0.00155381738063426,-0.00582401945136926,-0.00608899328146806,-0.0040231603383846,0.00116828595812404,0.00909674339714537,0.0132833425181712,0.0101978306931545,0.00376309511565084,0.0021350494408205,0.00687700550878962,0.0114219658850921,0.011121711219063,0.012864045172653,0.021433581582636,0.0258429608030505,0.0173582916445496,0.0075631849484798,0.009634389304518,0.0152147703722327,0.0138186592197168,0.0113103947542212,0.0132223186807882
0.016388561555744,0.0121591036164733,0.0104333566956474,0.0100744648084686,0.00858217699065858,0.0119450599277845,0.0180923268008242,0.0158445809675264,0.0074525096335043,0.00773659446669896,0.0144942664840119,0.0146105561648229,0.0109365927990731,0.0128835744151524,0.0143580081341334,0.00753288329270478,0.00117084411914189,0.00236736804118928,0.005840801667021,0.00806154611996199,0.0107099698519445,0.00976710857929962,0.00343762622209148,0.000508041705402167,0.00342329301162258,0.00236255418999431,-0.00381281180619453,-0.0058232377815737,-0.00385044009420551,-0.00673764838126274,-0.0115400354079244,-0.0106189183976103,-0.00691249454100355,-0.00568053352778628,-0.00398669695306783,0.000525650437216751,0.00388390668248956,0.00487389053088485,0.00452354483040404,0.00207805453195272,-0.00146209491032146,-0.00198922889182073,9.95773799809733e-05,0.00128398841318071,0.00362060628733805,0.00868690341208938,0.0126044514586339,0.011697456574732,0.00756363005714389,0.00120477519431879,-0.00372564056630125,-0.00125636772378924,0.00720324889972206,0.0122872146295697,0.0141628858557577,0.0194834921016665,0.0231106255117479,0.0170915113808268,0.00964192615872121,0.0120515093442641,0.0172816661642097,0.0164735335512615,0.0151039372356929,0.0172259447660053
0.0226082080386451,0.016520613847176,0.0145098067364805,0.0143447638316527,0.0108131559562351,0.00897627807954214,0.0110129911622918,0.0115544720008485,0.0109563683169438,0.0138348813361419,0.016028013548137,0.0123780696481908,0.0100870085930976,0.0131528088212733,0.0130622286377586,0.00522736612992005,-0.000320315897571225,0.00165167985951237,0.00640656901701546,0.00902314811163954,0.00912233538370554,0.00607980378440929,0.00289463267196551,0.00339995120498494,0.00377185983858729,0.000697377774239297,-0.000664479656544438,0.00172438730561907,0.000208184720946602,-0.00673259318292336,-0.0103974030783626,-0.0101942141155254,-0.0122417965952251,-0.0136108486078079,-0.00812453036505221,-0.000477571536551984,0.00255260189236909,0.00317887506217442,0.00117148182790894,-0.00467241325884464,-0.00800938327606593,-0.00220160777529664,0.00457243820613633,0.00645668555074032,0.0091380233732976,0.0145043182043254,0.013353044826112,0.00814281118833629,0.0080543168515769,0.0089848544201064,0.00192949184696558,-0.003671654101768,0.00314148475335764,0.0138437152997854,0.0168426147067414,0.0159313655060596,0.0155232859778572,0.0130334119970359,0.00936239834032144,0.00952136163483474,0.0114915356120643,0.0138458490685593,0.0193398897711275,0.0248980589061584
0.02628764908725,0.0182547618011726,0.0144202348487778,0.0140356846334759,0.0117785611775424,0.00950362482931407,0.0106540494066291,0.014306130898447,0.0181581759397329,0.0193279333824685,0.0158258224809042,0.0114477458030071,0.011495854622543,0.012383477547153,0.0084781440380811,0.00358376359157443,0.00338094438568201,0.00434036683184339,0.00352083679138514,0.00353778688786238,0.00504351051457868,0.00558229204358837,0.0062228649269869,0.00635963507757584,0.00105198638925451,-0.00507252947633374,-0.00294174329949465,0.00242171171822365,-0.000618892772694378,-0.00629201208418427,-0.00423352621399076,-0.00225166295206002,-0.0082471423581609,-0.0120686977822917,-0.00716990158905671,-0.00476622172312639,-0.00818537566251358,-0.00745765082421982,-0.00313599082115624,-0.00413365511473834,-0.00531438175255553,0.000505970385050319,0.00448103477177628,0.0025884937049821,0.00528913050971691,0.0135072779651693,0.0127852780328373,0.00634524063931208,0.00864373171545875,0.0151393647871646,0.0102659338478854,0.00158349167970881,0.00512709045261708,0.0160750329555107,0.0200427054348369,0.0174798706492064,0.0145391975416107,0.0110779378841336,0.00619065877248836,0.00325752438278746,0.00385543552875826,0.0097176145692002,0.020675186071556,0.0288554534571409
0.0249025301673118,0.0173871510632204,0.0104571360724444,0.00698285390678308,0.00734819282756154,0.0112217625527269,0.0160875661106334,0.0203061744479313,0.0221866612309819,0.0198044969581358,0.0146789537971848,0.0139281721470973,0.016594266833028,0.0141507189835912,0.00666266324606993,0.00527280196487468,0.00894505919032733,0.00663007132686131,-0.000222143266099636,-0.000577116848154471,0.00415729311399285,0.00557846276809762,0.00464311438832317,0.00324000456693832,-0.00196378504827556,-0.00706988680649159,-0.00438730138018172,-0.000768030275466155,-0.00482052161608639,-0.00787216104894988,-0.00192995930114957,0.00113624138296999,-0.00474777107330861,-0.00725119565641138,-0.00318965051423991,-0.00657825413261595,-0.0153652388428066,-0.0140883994044053,-0.00392343898269547,0.000161001594526295,1.6189780374129e-05,0.00227572385338452,0.00145321296830061,-0.00413082822245563,-0.00220187578117176,0.00828826287074937,0.0128105342482924,0.00931505045421613,0.0088681016946239,0.0116498697966718,0.00985135076751374,0.00747429766267634,0.0113948817116385,0.0179044320712263,0.0210432302813781,0.0222845810604169,0.0202945479911047,0.0127823267973532,0.00373626019931842,0.000782169776157678,0.00438006436633419,0.0117747596483898,0.0209928997511801,0.0267957331907474
0.021622226541503,0.016553324179777,0.00876449515603841,0.00192657271528595,0.00324250729195061,0.012380025697261,0.019775855900517,0.0210777505437491,0.0190645632916832,0.0159997447095398,0.0128127051538407,0.0144785964154291,0.0183957037128766,0.0168037037354101,0.0113222125119549,0.0117593393817387,0.0141314568815042,0.0084776476765466,0.00126295243269903,0.00387011243652806,0.00874547697255908,0.00373483712710263,-0.00495452246017123,-0.00732879709004679,-0.00604068142271334,-0.00545552998475531,-0.00316322776610466,-0.00203500413270532,-0.0048306992773222,-0.00632112946531548,-0.00340850994510797,-0.00478862836033826,-0.0111651341745436,-0.0117185862613371,-0.00626170345267944,-0.0062128578929214,-0.0100680568305286,-0.00695571734242016,0.00067364864221259,0.00257667573806957,0.000410290848994265,-0.000390970072040509,-0.00239937317952876,-0.00619170113761556,-0.00449735487044256,0.00418365388079564,0.0124479076834747,0.0149664969509926,0.0117526903119469,0.00556130968017214,0.00308115621040176,0.00843666557185373,0.0151003592093884,0.0170678126952633,0.0186498549341933,0.0237596700560669,0.0236246734318591,0.0140967306228101,0.00482543323948315,0.005277882133881,0.0125476441965093,0.0193094646072292,0.0233818897983063,0.0238025639983013
0.0201828142763077,0.0170775977207337,0.0126883760497174,0.0068117206101579,0.007542015688028,0.0158242762067374,0.0202755267911332,0.0168391584701829,0.0127692336032861,0.0121877339975155,0.0100057466779274,0.00856016367921664,0.011053494173317,0.0154151229430026,0.0175650638458717,0.0189170375566503,0.0176337751268242,0.0119080349719522,0.00870523697520447,0.0129643993755199,0.013905963374296,0.00196860136922807,-0.0125437307669246,-0.0150608260891689,-0.0083755621079423,-0.00389027242979755,-0.0036642189307045,-0.0041089946938435,-0.00303485858124807,-0.00225121635207411,-0.00501691109478072,-0.0130456373697511,-0.0213837795210238,-0.0218567719339927,-0.0150966718627528,-0.00660410779257423,-0.00104073303646712,0.00175213434919733,0.00118720093633866,0.000379990502824106,0.000467908841772287,3.20843799767219e-06,-0.00266376138290053,-0.00414785911780092,-0.00276199362020874,0.00140669844333174,0.00958707824540256,0.0184273912703522,0.0181157917453524,0.00755745345706016,0.00141903060104396,0.0065883267017038,0.0126432457775808,0.0132058859891275,0.0155180999145982,0.0211547515673286,0.0205072686328033,0.0132137337006504,0.00919258137621248,0.0119248541175359,0.0170968172653798,0.0221979542965765,0.0256421175357286,0.0241162277859976
0.0199265511748116,0.0173171965995651,0.0180915604947778,0.0171725016554067,0.0179453853632091,0.0226330323622295,0.023075924724715,0.016587749634758,0.0114342186397168,0.0113065324966722,0.00728149942555687,0.000767144960118126,0.00134316818424151,0.0114048658561332,0.0197078274307784,0.020283021073474,0.0166431355371585,0.0140879037308028,0.0149011926474321,0.0167863193151309,0.0131512872361136,0.000844500312639858,-0.0109082294090741,-0.0106407047371083,-0.00145945035481624,0.00137513402000759,-0.00614603992852631,-0.0124290338524579,-0.00845487465387137,-0.00283358171320869,-0.00751393151349393,-0.0194607040421083,-0.0272890733366178,-0.0249495750265994,-0.0156020791193567,-0.00326958745550994,0.00243029877458927,-0.00361147141881832,-0.0137307321991053,-0.0110982968612383,0.0018627167662632,0.0102250792206473,0.00747887200480158,0.00225493341665075,-0.00199059430560152,-0.00364994462591695,0.00306786438960556,0.0171475561835964,0.0241292066251774,0.0172550133158286,0.00842278537208192,0.00609616896113648,0.00677276630001161,0.00903526182774408,0.0156342299707688,0.0204680036623031,0.017509743367983,0.0136992848186377,0.0149105584954102,0.0149966343300733,0.0120475892176115,0.0149047288761319,0.0231365627105494,0.0250727067454924
0.0183853478216886,0.0158742387162974,0.0191328253327542,0.0219920061866851,0.0236407926647021,0.0272843842373454,0.0287566184439782,0.0239177954753451,0.0170625785067293,0.0126990697270039,0.0066269688969563,0.000284495049494987,0.00210234578081176,0.0130486031787174,0.0200265700069564,0.0158218394877449,0.0093842145421339,0.00993032885199143,0.0146778144116899,0.014568766173536,0.00663720972335838,-0.0048093465567153,-0.00845117115351859,0.00244002197113885,0.0172321685831313,0.0128479482783811,-0.0114835095803329,-0.0277101623371596,-0.0177500970432896,-0.00251031480898176,-0.0087779838875733,-0.0283258440030154,-0.0351172759526097,-0.0226081923535212,-0.00519401282419905,0.00604893670542627,0.00423224413639957,-0.0116717434654648,-0.0304551298472027,-0.0312465788550832,-0.011766937270588,0.0119992415099904,0.0236709596278114,0.0209210186712317,0.00667624049277706,-0.00720143740808112,-0.00664119301941377,0.00938913106897473,0.0239237732516087,0.0251083032228894,0.0169065563401083,0.0075073196188595,0.00291296620471938,0.00770644713583303,0.0192464051378819,0.0249453868577724,0.0213307893545241,0.018376399116112,0.0191030563701344,0.0142513214917459,0.00522492678483538,0.00601895981920257,0.0169928775297528,0.0225162632076306
0.0167734921743729,0.0143946066705543,0.0155337658265619,0.0180333409907494,0.0200615843103391,0.0246008867112401,0.0301736811748108,0.0304322087697141,0.0228285527081317,0.0139961440135888,0.00886003790686654,0.00916713453197409,0.0150160999235447,0.0229789938754641,0.0230116846653485,0.0108253906791788,-0.000527775428930044,0.00289648859020295,0.0157644964836215,0.0165527907420854,-0.00231386423771841,-0.0217134577927072,-0.0130699008005814,0.0218417198020621,0.0424840989624393,0.0142203854725408,-0.0362824422636708,-0.0481719652284051,-0.010163085392838,0.0185091472200152,-0.00507963167640865,-0.0470428003142546,-0.05149240907294,-0.0201742539785971,0.00323437761827658,0.0022491143778949,-0.00271900898313364,-0.000754234067916189,-0.00755383187864402,-0.0306984122826363,-0.0474644026533121,-0.0299996929851263,0.0144818105453679,0.0474404551367835,0.0411008865606669,0.00941737063923227,-0.0124247585032201,-0.0074064968984527,0.0114757081760695,0.0236074350492011,0.0212260003416438,0.0109108298125291,0.00504063500392354,0.0101092772405473,0.0218495931560136,0.0294045388545319,0.0288229991036018,0.0242082575655758,0.0191694675830159,0.012739261637063,0.00713957627213775,0.00768679811857085,0.0141670097189373,0.0184612248214564
0.0189741421353618,0.015166381453736,0.0114813289802576,0.0119744077063076,0.0143579502350398,0.018139872688749,0.0243005916761187,0.0281638334577057,0.0228802167079448,0.0143871169929484,0.0127952787960844,0.019614598378692,0.02831502020524,0.0319464154701765,0.02433680022848,0.00556049181846746,-0.0058659122845272,0.00796725196006218,0.0322224812488676,0.0246027075770622,-0.0216160599975237,-0.0494929516661139,-0.00646226639496762,0.0653314303298173,0.0647008258277604,-0.028295109153396,-0.102163143909733,-0.0596016434035791,0.0424002655562713,0.0640693214740011,-0.0202650124985721,-0.0923180834788151,-0.0616975113933704,0.0120898785360658,0.0177930462846597,-0.0431667049915852,-0.0650153773112353,0.00227331448355297,0.0741897185033115,0.048443771455268,-0.0528437388595772,-0.111127133092999,-0.0621735536771037,0.0366786026337362,0.0892062132759208,0.0639744202825702,0.00631235492509311,-0.0254461097192081,-0.014772304127066,0.0108955665576773,0.022485227056562,0.0186223040726999,0.0141326925189683,0.0148766497252186,0.0193577251285246,0.0264105819984903,0.0311685258814165,0.0261717770444309,0.0159083627331998,0.012647556848732,0.0170643023418905,0.0192893879237446,0.0182385008685513,0.0186676625746455
0.0246807668121691,0.0174248972057214,0.00956755856462023,0.00997654025639003,0.0137874417478852,0.0159925644526782,0.0186677194224904,0.0221231500363866,0.0202424867472225,0.0154462561389255,0.0161555813598654,0.0241426703603185,0.0324492164460694,0.0305456856876554,0.014316056886645,-0.00510075365066547,0.000967069277621871,0.0392612370889362,0.062484103109314,0.0136931513138543,-0.0709443300477127,-0.06979719883685,0.0552139455015746,0.151417101704922,0.0551057632842032,-0.14859035919868,-0.195196006760188,-0.00895632572581866,0.167132447734066,0.0971193781602855,-0.120863864886569,-0.195314553429334,-0.0376924478994441,0.133771527613779,0.0891678703409144,-0.119037021483403,-0.229352659750623,-0.0939464367583538,0.142317730699274,0.222040774039118,0.0732152065332423,-0.132433172436015,-0.191208611875547,-0.0754686571222816,0.079429567352063,0.132987116807092,0.0708389445234734,-0.0146234686331627,-0.0396221317455938,-0.010837411021045,0.0197863944951828,0.0290903662027993,0.0269496077207527,0.0200415880416553,0.0130509777643976,0.0160769068575832,0.024928863637203,0.0236021356713586,0.0139922433915797,0.015182297111969,0.0257135723185508,0.0289679840945904,0.0247446225166863,0.0243124177783865
0.0279932775015517,0.017900865220873,0.00995328667717272,0.0113816198907776,0.0164987139244578,0.0197989335108888,0.0215376519743503,0.0223485688169273,0.0207587051810544,0.0177342737897062,0.0176193064507862,0.023777802964547,0.0305464442992539,0.0205643281709767,-0.00722242647686443,-0.0167150174699904,0.0296643063736555,0.0941696632748932,0.0747711494269087,-0.0565192880018153,-0.150758648560707,-0.0335200583619713,0.208875630809998,0.245034734925677,-0.0590340809406499,-0.358130355331583,-0.233626637064283,0.191837668513626,0.362545427825902,0.0415467213000136,-0.364776310556251,-0.355029273829825,0.0367726770616806,0.344365841685232,0.243226460314021,-0.139093277579849,-0.41824972607889,-0.334575646937634,0.0289583737397938,0.345121436412759,0.346580291547814,0.0606399343962392,-0.229626102338268,-0.271114365084505,-0.0748708486650905,0.128150159373106,0.159804619077499,0.0580665866871975,-0.0269958245497531,-0.0302010967400832,0.00638189224626135,0.0320693015797852,0.0360885637388088,0.023986000290898,0.00850642538579027,0.00657880578812926,0.0156318017034874,0.0196273446085643,0.016893494541557,0.0207099803054894,0.0280642840273479,0.029537463415857,0.0281784343444155,0.0300901208081569
0.0243547677948876,0.0157872621426913,0.0131841788399621,0.0142959885648503,0.0173862085141303,0.024818185054572,0.0304896074286782,0.0281744762505691,0.0223218808737211,0.0186405213395311,0.0182851778521463,0.024311239803636,0.0289810824695866,0.008177014674634,-0.0268400115316791,-0.00752893266022156,0.0898484759412703,0.145613119224523,0.0191327761786439,-0.199838369256071,-0.201835617411332,0.134048718641316,0.437273276241907,0.223799337371091,-0.37104176400353,-0.59661889035174,-0.0677991791557729,0.591418195472884,0.516807869057108,-0.213128808949685,-0.698482024116049,-0.427845643870145,0.173831310196274,0.463702288899325,0.320660899317696,-0.00632216302316099,-0.326696946906549,-0.508241785534139,-0.373911354819991,0.0858730376867142,0.51747772124677,0.497745537287831,0.0506823709191826,-0.355436578718726,-0.351444484301816,-0.0520487218032696,0.179837329429394,0.175334029850899,0.0538883736008181,-0.0222634833925311,-0.017062759520734,0.0174180868729239,0.0345044446636373,0.0257662153229912,0.00990812020433197,0.0057074784937322,0.010943823629534,0.0168218978612561,0.0221418401434978,0.0270463126451944,0.0266558896138329,0.0252675508066185,0.0287021497297971,0.031147614117582
0.0168378825235829,0.0143873502989771,0.0202180003358931,0.0196051311613749,0.0178921431564483,0.0284467714283956,0.0369322551936059,0.0292594485192842,0.0179220300288974,0.0163947071706723,0.0211771076029688,0.0278142201808442,0.0243051609481978,-0.00753521190846116,-0.0286015324543866,0.0447366473599553,0.173754017972694,0.144405732461972,-0.13809709137372,-0.361847026518308,-0.105473023418473,0.479518558804346,0.621031749562945,-0.0884883668504753,-0.888642579717313,-0.65440274430424,0.482851676055371,1.08170686509693,0.320335653329985,-0.803124934835267,-0.879271210489717,-0.0377292174508178,0.446755944656679,0.12798259028526,-0.145075643668511,0.177903412964155,0.438439633380838,-0.0591161345089389,-0.826472209512685,-0.815340344110046,0.0903106589585004,0.87432325095136,0.726895582455765,-0.0343092879593383,-0.530097457951744,-0.394331864992448,0.018687491479358,0.241546672438277,0.18284137683452,0.0362257319725898,-0.0301211739586197,-0.00995733935381223,0.0216792088081752,0.0251547925267015,0.016494293176483,0.0138251222548867,0.0136051216553556,0.015921135069514,0.0248252222582294,0.0300901232395994,0.0243419594421345,0.021985348047985,0.0286265903884943,0.0279920421329615
0.0128403536753874,0.0169106249639454,0.0286977077223611,0.0267632404091523,0.0224637933470277,0.0323757553666839,0.0371462523779062,0.0219770708825774,0.00893628658813708,0.015175265483134,0.0284462114027323,0.0301812851292965,0.00784642685341067,-0.028062026879948,-0.00207533597507722,0.137958685446438,0.238036326064895,0.0359097726378393,-0.375439114526216,-0.414972499149812,0.248972412808589,0.927393017820146,0.52446545816143,-0.814358961832579,-1.40538664204484,-0.165317591886421,1.51793249838733,1.32391108404735,-0.675438134573607,-1.80900363584621,-0.524736587151905,1.30564846579803,1.0413811634183,-0.933008072851753,-1.7150698368352,-0.0634321746973732,1.85113151141849,1.52645470807434,-0.633101517235231,-2.04276678572802,-1.23091123072307,0.604820104132642,1.44024309329146,0.774060998711371,-0.298129391369377,-0.679402722007622,-0.322648257641847,0.141619274288162,0.273736086007802,0.13600291463198,-0.00486503127897078,-0.028525973555376,0.00438977879808158,0.0219777301936154,0.0240854423456074,0.0252707046886709,0.0211490665333138,0.0175382512967739,0.0245424302942021,0.0285357199938661,0.0209184462948968,0.0187455378593195,0.0266228812300719,0.0237435073582179
0.0154222687496604,0.022326441486767,0.0327160230944161,0.0309614707863956,0.0289905647407254,0.035958710732223,0.0333855856913075,0.0150749030582024,0.00697407377754883,0.0215144521282967,0.037596757644404,0.025516277204048,-0.0186642046242705,-0.0394419309494654,0.0594507522904218,0.238871219131194,0.215347328077404,-0.201459024646668,-0.593267734643628,-0.208699243807317,0.855474267346815,1.22390498343675,-0.114837156562596,-1.86214706543533,-1.4774321073489,1.1883783994364,2.83687665519814,0.8208437837172,-2.70729411095106,-3.03587771757575,0.630577293709517,3.67841250221963,2.07511445007393,-2.39355610044685,-4.25871444699569,-1.27398571617536,2.95361433454813,3.80995891281669,0.829411875385508,-2.47546602624415,-2.86386571971132,-0.65794252863087,1.43280897211723,1.6272853422641,0.440571438341309,-0.576528874494347,-0.641304370354018,-0.139314010132258,0.226522672262014,0.221310528813571,0.0640388905040626,-0.0171901874162929,-0.00832775125813398,0.015521115000039,0.0285432262529089,0.034496120831302,0.029622801719997,0.0224084075788215,0.0251125404280526,0.026071132167276,0.0172946604797287,0.0137795162893136,0.0206589526192864,0.0203471887451399
0.0213249626974075,0.0263648840519093,0.0294451323870153,0.0285285942456019,0.031209749367439,0.0344747196492722,0.0276267904265591,0.0163389386279367,0.0184568795428433,0.0341917011882797,0.0409424973629275,0.0113969435444446,-0.0393584711323806,-0.0162426715570684,0.153720469231986,0.2964838047424,0.0595567556565273,-0.510110363535766,-0.630746737366455,0.332797500861708,1.50975654359662,1.0113918817117,-1.36289144079621,-2.7842141316307,-0.600795992606479,3.26854160741976,3.71616408465571,-0.806373978904219,-5.21765469709521,-3.7038702169427,2.38018042561574,5.93293103059661,3.00042830099497,-3.14194651541465,-6.0192240037214,-3.0516739511321,2.16813302305296,4.75855574935695,3.02851878705812,-0.864188849560884,-3.19487209980872,-2.34163828054737,0.12192581793986,1.66515912634351,1.31056723420138,0.0778411225544723,-0.626418225038657,-0.45085845509365,0.0145230044809055,0.219697799702424,0.14317848605788,0.0260220476715839,-0.00995821025284227,0.00609095261759135,0.0277089391308399,0.0389101470376417,0.0362378738831295,0.0294536895790689,0.0284677393888643,0.0262527508600591,0.0172091454473688,0.0114589375930014,0.0148054770628747,0.0185603902179949
0.0260915361250378,0.027431021245462,0.0232374541191401,0.0232989884290512,0.0287412891399577,0.0274133607229252,0.02049546977007,0.0219994905134302,0.0339974790993347,0.0422960865215703,0.031774026905765,-0.0083508570794871,-0.0372599633286167,0.0514749638922821,0.252788312386269,0.261401149080275,-0.21007123648244,-0.744859795507523,-0.341260262867718,1.10796831576684,1.83026002548755,0.0416172011153829,-2.85440498999439,-2.80803275022605,1.44556029673808,5.15810511338807,2.94917971202281,-3.45262076827623,-6.50112847915248,-2.32045935123821,4.00672081043092,5.46045357933149,1.99938075851839,-2.06750091492024,-3.86575796600681,-3.19628681526055,-1.20467730767383,1.63566876842366,3.77579663844844,2.77243277671562,-0.623971409228717,-2.93246226709233,-2.15798705240954,0.270068294884781,1.6098597702161,1.04511712367676,-0.11412371535841,-0.562135367566471,-0.270671757069262,0.10004085588357,0.180669923391546,0.0810545173765703,0.00223580038207583,-0.00246057674916131,0.0218967631434077,0.0375856063906554,0.0392155303560187,0.0357399500969591,0.0322775306162181,0.0276747092653651,0.0215575110765245,0.0168864954204569,0.0157629282003621,0.0195682383005258
0.0289903300218588,0.0286665971787603,0.0215399223158429,0.0223011060542287,0.0275519191791032,0.021921043069018,0.015159340783911,0.024457296486098,0.0396408509618725,0.0377365892650524,0.012675785463173,-0.0236792243544052,-0.00742492933911784,0.14076540285769,0.302035750527015,0.108776860982245,-0.502068930194301,-0.73580010793211,0.294941934387083,1.80977835076926,1.42160082845004,-1.5891016918704,-3.79598799288083,-1.18509764410801,4.29013676326507,5.36410048584856,-0.605438375454743,-6.39198885456793,-4.32846481246407,2.74800252384669,4.88071707174312,-0.346664998902195,-3.42380675319892,0.490750774814736,4.25075560323696,1.26282690547838,-5.4693733761735,-6.38835221840255,0.612924172595045,6.41583025541115,4.66127080669299,-1.12244508438367,-4.06082875684427,-2.18776147924687,0.879039957036307,1.76593315789,0.705547355499114,-0.35083449301468,-0.468707996768111,-0.0882860065824977,0.148451306003,0.120307184805805,0.0258689232848622,-0.00353551860274204,0.0142652349440472,0.031080225022449,0.037313322682189,0.0386982413409739,0.0337723683730573,0.0266576828512659,0.025308796405705,0.0262784973923703,0.0230670777313763,0.0231337923261712
0.0315440315851632,0.033169476349276,0.026704063608797,0.026182159636706,0.0296568572323972,0.0232251654638951,0.016054561635835,0.0239591507783392,0.0351494307196999,0.026413237662237,-0.00370398697904939,-0.0232198113515788,0.0420997194545493,0.21008410549965,0.255025819021298,-0.134298293899748,-0.687899493751303,-0.396801688073235,1.09960452851146,2.0429326344647,0.139438694899965,-3.36047823882837,-3.36612807698074,2.20531835716325,6.95678632631939,2.74970313281952,-7.00019210949072,-8.57858623350715,2.20072439951011,11.6572202392382,5.18469181379858,-11.1186212612818,-13.8614155420054,2.32985728416918,16.0119973229773,10.7041263383623,-7.1219988865358,-15.9408302401989,-6.34230834076445,7.26298277208038,9.88511491533262,2.61512404259823,-4.16965222274205,-4.28839611390954,-0.564163976729396,1.75978436145706,1.3474193798705,0.0674787557894418,-0.461840845709655,-0.235076246051447,0.0687987101448106,0.12676046744056,0.051697049767846,0.00629285558504733,0.0107097086104884,0.0233281225373594,0.031529071261423,0.0372729010489947,0.0328004480033359,0.0228256204927924,0.0233926441439056,0.0300598727215107,0.0286588618214303,0.0263456416165941
0.0335085192255615,0.0385163161822266,0.0331696656175087,0.0282426025834114,0.0292548821093321,0.0268124361300162,0.0224995166390305,0.0264148028833791,0.0326129002515814,0.0217460434861284,-0.00547466839782607,-0.0028981182622716,0.0956450502838564,0.228520960500442,0.116072977595232,-0.378541477478084,-0.66207592689484,0.195555470925086,1.74535501111244,1.56343666198635,-1.68972221950539,-4.50457125305807,-1.34164730538301,6.36260047301605,8.23185747766001,-2.26601790059598,-14.2174783757926,-9.10028459661584,10.7922832425277,21.1717229992102,5.56300334807146,-21.5839547825077,-24.9914485585913,1.33658323448006,24.2343277601408,20.030799105989,-4.04648960707021,-20.4189799002857,-12.7878440584786,4.25740978622914,11.1611855755358,5.699261721921,-2.24907740094896,-4.45715213088531,-1.69837784317929,1.0058447036858,1.35205327249743,0.403716813286594,-0.254865995495125,-0.241836871214068,-0.00180675898666083,0.101211209353234,0.0663472145997086,0.022742958187552,0.0161817160572665,0.0211729912454736,0.0258929032505211,0.0321746474982996,0.0304161229148749,0.0195171257886448,0.0174999807447227,0.0255163921519886,0.0280481290169607,0.0272143650112415
0.0328963073366051,0.0385106357004119,0.0332896469355179,0.0235902364774141,0.0219802561479927,0.025888866690349,0.0285380047453165,0.03304974061823,0.0379485206158075,0.0277403269395713,0.00661176054074386,0.0290260587599684,0.134214058944599,0.190592561872175,-0.0557285174231481,-0.508864940616766,-0.40288570446499,0.813491372030287,1.91635362451087,0.484172604164792,-3.28752723687162,-4.36033670330448,1.53983895407449,9.26763363023764,7.17387095852537,-7.33439008982736,-18.2156582116157,-7.25056168840107,16.3280058407516,24.6431239430338,5.49134017479496,-23.8955302957233,-27.9251768407084,-1.51348719370258,21.2910051813215,20.4457779189011,1.60629641036066,-14.7352326599596,-12.5186272213275,-0.521368298562543,6.43710830726445,5.20512630071591,0.471923244666357,-2.15940386814816,-1.56220540822607,-0.0570763412138429,0.619007202578617,0.422217599845482,0.0432704703836904,-0.0916005663812482,-0.0215531391775574,0.0560215411854075,0.0605661946837011,0.0370652458084657,0.0291612798276788,0.0278860704302157,0.0243571260071782,0.0260735564327126,0.0278520966017284,0.0199528646914429,0.0143783929247938,0.0204067381829631,0.0266489227772717,0.0279753276810197
0.0293993573535056,0.0309567056409281,0.0261393423349336,0.0155180110372117,0.0132997359437246,0.0222358197198741,0.0312337992790757,0.0382320103589429,0.0432968109339832,0.0339998163037585,0.0207591315960926,0.0565835270797521,0.141846142368742,0.111512939232971,-0.185976421583983,-0.455064320938884,0.00133972679491356,1.18235896512091,1.47657188656184,-0.746529202176921,-3.77551830015237,-2.69692338594127,3.9228048091406,8.82218741629337,3.44927955895468,-9.47787837312275,-14.8565541229474,-2.27602325601495,14.3608875485678,15.6884781844987,2.39049800220694,-13.902252735002,-15.2050452003364,-1.67579874180005,5.7423171608047,6.28677763723061,4.62194494956041,-0.0468933815373722,-2.77007950225288,-3.45845294583556,-2.59559716917118,0.45182720630998,2.39047103372769,1.63466953653546,-0.0974545808568279,-0.919428534477618,-0.51366455568381,0.141180652470711,0.315207702910872,0.138830612451685,0.000584226764314244,0.00344918984668507,0.0374636733780003,0.0435636858617627,0.041284653809997,0.0371426309694316,0.026271326053587,0.0224464567298917,0.0275310462251581,0.02517694043398,0.0182337781571542,0.0224593215841193,0.0311744435129853,0.0315742386958244
0.0252462644156166,0.0220766156797094,0.0193280778823546,0.0120522471357773,0.0123727265357367,0.0238112662363408,0.0335515934859174,0.0378740200781802,0.0394550102179938,0.0306849609433784,0.0270917224459431,0.0681149506729486,0.115004229558264,0.0183436309946561,-0.229611935707669,-0.238265687089621,0.392766301115149,1.12902862714596,0.537848324946929,-1.62871049978705,-2.72501585026634,0.162680989969576,4.77659885107274,4.29425919437449,-2.51951940789111,-7.46752789268932,-3.20743727585968,6.25627901296678,5.34498290221441,-5.90970544038393,-6.30558081903807,4.08745801465393,11.1992641615693,4.86415885650321,-14.9005340238832,-18.3845787217025,1.63768213819934,16.3238186356415,12.1701379984449,-2.83559351236511,-11.4628553508995,-5.96242981056941,2.93209213794328,5.0968281105877,1.69829908062084,-1.39573864447727,-1.4906738073149,-0.1709200240078,0.5129581068801,0.330076333726481,0.0161580160907686,-0.0479096255403275,0.0124339462348785,0.0441565715591989,0.0441817394988261,0.038350954301815,0.02676621740763,0.0228536479971313,0.0315110192757277,0.0337257534632469,0.0265360019470122,0.02946739814994,0.038708393852291,0.0357857349489323
0.0226178753094146,0.0204816095189576,0.0212416426573689,0.0173044249928553,0.0205168855805607,0.0325323756086791,0.0376508992028293,0.0339015658198969,0.0291879801064516,0.0221808224622424,0.0273062953053122,0.0638504034207521,0.0677287369389343,-0.0580110032620403,-0.187718335615423,0.0457278905044773,0.638592541033897,0.696258051855156,-0.589968938536735,-1.94652023591374,-0.553110803783748,3.41278445148572,4.19202382721443,-2.67100145760253,-9.38187902433132,-3.17594092910797,12.2592312469447,16.935871596906,-4.6671046520784,-31.0903063704476,-19.2140396102539,19.4818166552542,38.1671490386954,16.0400679581067,-28.9458190819569,-40.2517612461213,-4.98921218325077,26.0306427230211,23.2521969750794,-0.56997886813239,-15.9840674290937,-9.84512661070809,2.85791298408747,6.69539937421639,2.48802017852598,-1.64710628346074,-1.86757325234867,-0.205684374573408,0.645168024255832,0.38853319661814,-0.0170311008257678,-0.0863943904158898,0.00433358614654566,0.04576682020321,0.0376803414589995,0.0294775583567284,0.0238369822818532,0.0258663567413553,0.0375733709498127,0.0408897915891826,0.0323040713894844,0.0325567763699466,0.0398047089871802,0.0347121986739497
0.0218479612405496,0.0272395441833726,0.0313279375863417,0.0270162150149626,0.0299121080381749,0.0407163388670716,0.0402787506533944,0.0296178910870566,0.022754238630158,0.0207021539768613,0.0298581735502143,0.0532003557340946,0.0242799805326542,-0.094312332944893,-0.0987172442428075,0.282910112309798,0.70547822250557,0.142283853089884,-1.51008524381981,-1.8576421102002,1.58923940086989,5.95045346213306,3.23281456013867,-8.50900683122137,-14.783778313042,-0.191545875711407,23.3022610551371,25.3915900917353,-8.69310910383972,-45.6360165586734,-29.5209859391658,23.5060748086545,49.5723874712145,23.5060748086543,-29.5209859391661,-45.6360165586732,-8.69310910383943,25.3915900917354,23.302261055137,-0.191545875711575,-14.783778313042,-8.50900683122129,3.23281456013876,5.95045346213309,1.58923940086985,-1.85764211020025,-1.51008524381984,0.142283853089896,0.705478222505604,0.282910112309832,-0.0987172442427941,-0.0943123329449231,0.0242799805325875,0.0532003557340546,0.0298581735502629,0.0207021539769647,0.0227542386302011,0.0296178910869828,0.0402787506532877,0.0407163388670563,0.0299121080382572,0.0270162150150289,0.0313279375863139,0.0272395441833074
0.0226178753094395,0.0347121986740182,0.0398047089872047,0.0325567763698773,0.0323040713894041,0.0408897915891888,0.0375733709499029,0.0258663567414253,0.0238369822818316,0.0294775583566529,0.037680341458958,0.0457668202032268,0.00433358614658497,-0.0863943904158639,-0.0170311008257654,0.388533196618114,0.645168024255794,-0.205684374573421,-1.86757325234864,-1.64710628346068,2.488020178526,6.69539937421635,2.85791298408737,-9.84512661070814,-15.9840674290936,-0.569978868132243,23.2521969750794,26.030642723021,-4.98921218325099,-40.2517612461213,-28.9458190819566,16.0400679581068,38.1671490386953,19.481816655254,-19.214039610254,-31.0903063704474,-4.66710465207815,16.935871596906,12.2592312469445,-3.17594092910809,-9.38187902433132,-2.67100145760245,4.19202382721448,3.41278445148572,-0.553110803783777,-1.94652023591377,-0.589968938536743,0.696258051855164,0.63859254103391,0.0457278905044987,-0.1877183356154,-0.0580110032620529,0.0677287369388757,0.0638504034207034,0.0273062953053403,0.0221808224623223,0.0291879801064963,0.0339015658198508,0.0376508992027533,0.0325323756086693,0.0205168855806179,0.0173044249928891,0.0212416426573374,0.0204816095189104
0.0252462644156495,0.0357857349489867,0.0387083938523021,0.029467398149897,0.026536001946961,0.0337257534632434,0.0315110192757655,0.0228536479971613,0.0267662174076277,0.0383509543017981,0.0441817394988164,0.0441565715591952,0.0124339462348754,-0.0479096255403216,0.0161580160907839,0.330076333726483,0.512958106880079,-0.17092002400782,-1.49067380731489,-1.39573864447723,1.69829908062086,5.09682811058767,2.93209213794322,-5.96242981056942,-11.4628553508994,-2.83559351236503,12.1701379984449,16.3238186356414,1.63768213819925,-18.3845787217024,-14.900534023883,4.86415885650324,11.1992641615691,4.08745801465375,-6.30558081903806,-5.90970544038373,5.34498290221453,6.2562790129667,-3.20743727585981,-7.46752789268935,-2.51951940789104,4.29425919437455,4.77659885107274,0.162680989969541,-2.72501585026636,-1.62871049978704,0.537848324946944,1.12902862714597,0.39276630111514,-0.238265687089622,-0.229611935707651,0.018343630994668,0.115004229558248,0.0681149506729204,0.0270917224459359,0.0306849609434006,0.039455010218012,0.0378740200781724,0.0335515934859072,0.0238112662363497,0.0123727265357555,0.0120522471357654,0.0193280778823151,0.0220766156796905
0.0293993573535358,0.0315742386958413,0.0311744435129806,0.0224593215841145,0.0182337781571573,0.0251769404339817,0.0275310462251417,0.0224464567298694,0.0262713260535932,0.0371426309694658,0.0412846538100218,0.043563685861749,0.0374636733779671,0.00344918984667553,0.000584226764332008,0.1388306124517,0.315207702910865,0.141180652470699,-0.513664555683806,-0.919428534477607,-0.0974545808568323,1.63466953653545,2.39047103372768,0.451827206310006,-2.59559716917113,-3.45845294583556,-2.77007950225296,-0.046893381537443,4.62194494956043,6.28677763723074,5.74231716080481,-1.67579874180014,-15.2050452003366,-13.9022527350021,2.39049800220708,15.6884781844989,14.3608875485678,-2.27602325601511,-14.8565541229475,-9.47787837312268,3.44927955895478,8.82218741629339,3.92280480914054,-2.69692338594133,-3.77551830015238,-0.746529202176887,1.47657188656187,1.18235896512092,0.00133972679488359,-0.455064320938914,-0.185976421583981,0.111512939233003,0.141846142368773,0.0565835270797543,0.0207591315960634,0.0339998163037207,0.0432968109339676,0.0382320103589615,0.0312337992791187,0.0222358197199031,0.0132997359437126,0.0155180110371722,0.0261393423349037,0.0309567056409343
0.0328963073366211,0.0279753276809966,0.0266489227772482,0.0204067381829831,0.0143783929248404,0.0199528646914569,0.027852096601678,0.0260735564326573,0.0243571260071813,0.0278860704302719,0.0291612798277187,0.0370652458084509,0.0605661946836614,0.0560215411853928,-0.0215531391775428,-0.0916005663812358,0.0432704703836926,0.422217599845486,0.619007202578617,-0.0570763412138531,-1.5622054082261,-2.15940386814817,0.471923244666387,5.20512630071596,6.43710830726447,-0.521368298562603,-12.5186272213275,-14.7352326599596,1.60629641036077,20.4457779189012,21.2910051813215,-1.51348719370276,-27.9251768407085,-23.8955302957232,5.49134017479515,24.6431239430339,16.3280058407514,-7.25056168840124,-18.2156582116157,-7.33439008982724,7.17387095852546,9.26763363023763,1.53983895407441,-4.36033670330454,-3.28752723687162,0.484172604164835,1.9163536245109,0.813491372030295,-0.402885704465024,-0.508864940616813,-0.0557285174231583,0.190592561872207,0.134214058944651,0.0290260587599943,0.00661176054071222,0.0277403269395098,0.0379485206157741,0.033049740618259,0.0285380047453776,0.0258888666903812,0.0219802561479656,0.0235902364773692,0.0332896469355095,0.0385106357004386
0.0335085192255704,0.0272143650111971,0.0280481290169226,0.0255163921520141,0.017499980744788,0.0195171257886719,0.0304161229148281,0.0321746474982365,0.025892903250515,0.0211729912455202,0.0161817160573037,0.0227429581875436,0.0663472145996838,0.10121120935322,-0.00180675898665861,-0.241836871214065,-0.254865995495116,0.403716813286611,1.35205327249743,1.00584470368578,-1.69837784317933,-4.45715213088531,-2.24907740094891,5.69926172192105,11.1611855755358,4.25740978622906,-12.7878440584787,-20.4189799002856,-4.04648960707008,20.030799105989,24.2343277601407,1.33658323447989,-24.9914485585914,-21.5839547825075,5.56300334807164,21.1717229992102,10.7922832425276,-9.10028459661597,-14.2174783757926,-2.26601790059586,8.23185747766007,6.36260047301602,-1.34164730538307,-4.5045712530581,-1.68972221950537,1.56343666198639,1.74535501111246,0.195555470925089,-0.662075926894861,-0.378541477478116,0.116072977595215,0.228520960500459,0.095645050283902,-0.00289811826224184,-0.00547466839784017,0.02174604348608,0.0326129002515484,0.0264148028833977,0.0224995166390773,0.0268124361300335,0.0292548821093006,0.0282426025833789,0.0331696656175202,0.0385163161822657
0.0315440315851658,0.026345641616548,0.0286588618213903,0.0300598727215265,0.0233926441439609,0.0228256204928194,0.0328004480033067,0.0372729010489525,0.0315290712614164,0.0233281225373846,0.0107097086105064,0.00629285558504411,0.0516970497678391,0.126760467440558,0.0687987101448022,-0.235076246051456,-0.461840845709646,0.0674787557894683,1.34741937987052,1.75978436145703,-0.564163976729432,-4.28839611390955,-4.16965222274201,2.61512404259827,9.8851149153326,7.26298277208032,-6.3423083407645,-15.9408302401989,-7.12199888653569,10.7041263383623,16.0119973229771,2.32985728416905,-13.8614155420054,-11.1186212612817,5.18469181379869,11.6572202392382,2.20072439950998,-8.5785862335072,-7.00019210949066,2.7497031328196,6.9567863263194,2.20531835716321,-3.36612807698077,-3.36047823882837,0.139438694899982,2.04293263446471,1.09960452851147,-0.396801688073236,-0.687899493751307,-0.134298293899758,0.255025819021287,0.210084105499649,0.0420997194545605,-0.023219811351564,-0.00370398697904961,0.026413237662222,0.0351494307196888,0.0239591507783485,0.0160545616358518,0.0232251654638929,0.0296568572323734,0.026182159636692,0.0267040636088192,0.0331694763493124
0.0289903300218566,0.023133792326141,0.0230670777313511,0.0262784973923779,0.0253087964057338,0.0266576828512806,0.0337723683730446,0.0386982413409577,0.0373133226821894,0.0310802250224572,0.0142652349440493,-0.00353551860274398,0.0258689232848666,0.120307184805808,0.148451306002989,-0.0882860065825108,-0.468707996768103,-0.350834493014656,0.705547355499122,1.76593315788997,0.879039957036281,-2.18776147924687,-4.06082875684424,-1.12244508438365,4.66127080669297,6.4158302554111,0.612924172595025,-6.38835221840251,-5.46937337617343,1.26282690547838,4.25075560323689,0.490750774814674,-3.4238067531989,-0.346664998902109,4.88071707174315,2.74800252384663,-4.32846481246413,-6.39198885456791,-0.605438375454682,5.36410048584858,4.29013676326503,-1.18509764410805,-3.79598799288083,-1.58910169187037,1.42160082845005,1.80977835076925,0.294941934387069,-0.735800107932114,-0.502068930194293,0.108776860982258,0.302035750527018,0.140765402857678,-0.00742492933913352,-0.0236792243544099,0.0126757854631838,0.0377365892650673,0.0396408509618811,0.0244572964860964,0.0151593407839014,0.0219210430690051,0.0275519191790922,0.022301106054232,0.0215399223158645,0.0286665971787827
0.0260915361250329,0.0195682383005159,0.0157629282003577,0.0168864954204619,0.0215575110765311,0.0276747092653629,0.0322775306162115,0.0357399500969603,0.0392155303560272,0.0375856063906577,0.0218967631434007,-0.00246057674916556,0.00223580038207954,0.0810545173765739,0.180669923391539,0.100040855883563,-0.270671757069254,-0.562135367566457,-0.114123715358411,1.04511712367674,1.60985977021609,0.27006829488479,-2.15798705240952,-2.93246226709232,-0.623971409228731,2.77243277671561,3.77579663844844,1.63566876842368,-1.20467730767381,-3.19628681526056,-3.86575796600683,-2.06750091492024,1.99938075851842,5.46045357933151,4.00672081043089,-2.32045935123826,-6.50112847915247,-3.45262076827617,2.94917971202285,5.15810511338805,1.44556029673803,-2.80803275022607,-2.85440498999436,0.0416172011154156,1.83026002548756,1.10796831576682,-0.34126026286774,-0.744859795507528,-0.210071236482426,0.261401149080297,0.252788312386279,0.0514749638922694,-0.0372599633286431,-0.00835085707950156,0.0317740269057764,0.0422960865215959,0.0339974790993492,0.0219994905134214,0.02049546977005,0.0274133607229141,0.0287412891399608,0.0232989884290618,0.02323745411915,0.0274310212454664
0.0213249626974019,0.0185603902179976,0.014805477062885,0.0114589375930081,0.0172091454473637,0.0262527508600442,0.0284677393888564,0.0294536895790769,0.0362378738831445,0.0389101470376463,0.0277089391308318,0.00609095261758241,-0.0099582102528441,0.0260220476715862,0.143178486057881,0.219697799702428,0.014523004480911,-0.45085845509365,-0.626418225038666,0.077841122554464,1.31056723420138,1.66515912634352,0.121925817939864,-2.34163828054738,-3.19487209980873,-0.864188849560883,3.02851878705813,4.75855574935695,2.16813302305295,-3.05167395113212,-6.01922400372139,-3.14194651541462,3.000428300995,5.9329310305966,2.38018042561568,-3.70387021694274,-5.21765469709518,-0.806373978904156,3.71616408465573,3.26854160741972,-0.600795992606525,-2.7842141316307,-1.36289144079617,1.01139188171173,1.50975654359662,0.332797500861687,-0.630746737366471,-0.510110363535767,0.0595567556565395,0.296483804742416,0.153720469231995,-0.0162426715570767,-0.0393584711323996,0.011396943544434,0.0409424973629371,0.0341917011882995,0.0184568795428505,0.0163389386279251,0.027626790426543,0.0344747196492702,0.0312097493674499,0.0285285942456113,0.0294451323870141,0.0263648840519013
0.0154222687496537,0.0203471887451486,0.0206589526193033,0.0137795162893225,0.0172946604797194,0.0260711321672568,0.025112540428044,0.0224084075788328,0.0296228017200146,0.0344961208313067,0.0285432262528982,0.0155211150000273,-0.00832775125813695,-0.017190187416288,0.0640388905040703,0.221310528813578,0.226522672262014,-0.139314010132267,-0.641304370354029,-0.576528874494348,0.440571438341322,1.62728534226411,1.43280897211722,-0.657942528630886,-2.86386571971133,-2.47546602624413,0.829411875385529,3.80995891281669,2.9536143345481,-1.27398571617539,-4.25871444699568,-2.3935561004468,2.07511445007397,3.67841250221961,0.630577293709461,-3.03587771757577,-2.70729411095103,0.820843783717248,2.83687665519814,1.18837839943636,-1.47743210734893,-1.86214706543532,-0.114837156562567,1.22390498343676,0.855474267346802,-0.208699243807333,-0.593267734643629,-0.201459024646661,0.215347328077409,0.238871219131195,0.0594507522904217,-0.0394419309494671,-0.0186642046242748,0.0255162772040464,0.0375967576444094,0.0215144521283036,0.00697407377754727,0.0150749030581924,0.0333855856913007,0.0359587107322289,0.0289905647407374,0.0309614707864004,0.0327160230944086,0.0223264414867527
0.0128403536753823,0.0237435073582254,0.0266228812300881,0.0187455378593271,0.0209184462948857,0.0285357199938473,0.0245424302941977,0.0175382512967892,0.0211490665333303,0.0252707046886703,0.0240854423455922,0.0219777301936039,0.00438977879808333,-0.028525973555366,-0.00486503127896259,0.136002914631982,0.273736086007796,0.141619274288153,-0.322648257641852,-0.679402722007617,-0.298129391369365,0.774060998711377,1.44024309329146,0.604820104132626,-1.23091123072308,-2.04276678572801,-0.633101517235207,1.52645470807434,1.85113151141846,-0.0634321746974078,-1.7150698368352,-0.933008072851717,1.04138116341833,1.30564846579802,-0.524736587151942,-1.80900363584623,-0.675438134573583,1.32391108404738,1.51793249838733,-0.165317591886447,-1.40538664204485,-0.814358961832559,0.524465458161448,0.927393017820139,0.24897241280857,-0.414972499149817,-0.375439114526203,0.0359097726378509,0.238036326064891,0.137958685446426,-0.00207533597508264,-0.028062026879943,0.00784642685341824,0.0301812851293007,0.0284462114027322,0.0151752654831301,0.0089362865881306,0.0219770708825731,0.0371462523779089,0.032375755366692,0.022463793347035,0.0267632404091523,0.0286977077223534,0.016910624963935
0.0168378825235809,0.027992042132969,0.0286265903885066,0.0219853480479865,0.0243419594421198,0.0300901232395849,0.0248252222582346,0.0159211350695341,0.0136051216553662,0.0138251222548752,0.0164942931764645,0.0251547925266976,0.0216792088081873,-0.00995733935380023,-0.030121173958619,0.0362257319725825,0.182841376834514,0.241546672438275,0.0186874914793594,-0.394331864992445,-0.530097457951739,-0.0343092879593348,0.726895582455762,0.874323250951349,0.0903106589584911,-0.815340344110038,-0.826472209512663,-0.0591161345089248,0.438439633380825,0.177903412964126,-0.145075643668521,0.127982590285279,0.446755944656701,-0.0377292174508212,-0.879271210489734,-0.803124934835269,0.320335653329999,1.08170686509693,0.482851676055355,-0.654402744304253,-0.888642579717301,-0.0884883668504545,0.621031749562946,0.479518558804325,-0.105473023418488,-0.361847026518297,-0.138097091373697,0.144405732461979,0.173754017972678,0.0447366473599371,-0.0286015324543879,-0.00753521190844879,0.024305160948209,0.0278142201808459,0.0211771076029629,0.0163947071706643,0.0179220300288927,0.0292594485192862,0.0369322551936128,0.0284467714284012,0.0178921431564488,0.0196051311613719,0.0202180003358883,0.0143873502989713
0.0243547677948896,0.0311476141175905,0.0287021497298044,0.0252675508066117,0.0266558896138148,0.0270463126451871,0.0221418401435143,0.0168218978612782,0.0109438236295338,0.00570747849370935,0.00990812020431531,0.0257662153229999,0.0345044446636578,0.017418086872931,-0.0170627595207449,-0.0222634833925431,0.0538883736008179,0.175334029850905,0.179837329429397,-0.0520487218032724,-0.351444484301816,-0.355436578718721,0.0506823709191853,0.497745537287823,0.517477721246758,0.0858730376867141,-0.373911354819975,-0.508241785534124,-0.326696946906554,-0.00632216302317888,0.320660899317689,0.463702288899333,0.173831310196281,-0.427845643870149,-0.698482024116051,-0.213128808949676,0.516807869057114,0.591418195472872,-0.0677991791557888,-0.596618890351736,-0.371041764003507,0.223799337371102,0.437273276241889,0.13404871864129,-0.201835617411333,-0.199838369256044,0.0191327761786657,0.145613119224515,0.089848475941245,-0.00752893266023386,-0.0268400115316688,0.00817701467465062,0.0289810824695924,0.0243112398036303,0.0182851778521375,0.0186405213395254,0.0223218808737212,0.0281744762505751,0.030489607428685,0.0248181850545732,0.0173862085141261,0.0142959885648462,0.0131841788399601,0.01578726214269
0.0279932775015572,0.0300901208081658,0.0281784343444176,0.0295374634158432,0.0280642840273302,0.020709980305492,0.0168934945415817,0.0196273446085815,0.0156318017034735,0.00657880578810095,0.00850642538578333,0.0239860002909196,0.0360885637388298,0.0320693015797807,0.00638189224624184,-0.0302010967400913,-0.0269958245497431,0.058066586687208,0.159804619077496,0.128150159373097,-0.0748708486650904,-0.271114365084495,-0.229626102338263,0.06063993439623,0.346580291547802,0.345121436412761,0.0289583737398068,-0.334575646937628,-0.418249726078898,-0.139093277579855,0.243226460314026,0.344365841685237,0.0367726770616736,-0.355029273829833,-0.364776310556243,0.0415467213000277,0.362545427825897,0.191837668513603,-0.23362663706429,-0.358130355331559,-0.0590340809406222,0.245034734925671,0.208875630809962,-0.033520058361993,-0.150758648560687,-0.0565192880017791,0.0747711494269175,0.094169663274867,0.0296643063736293,-0.0167150174699873,-0.00722242647684198,0.0205643281709899,0.0305464442992481,0.0237778029645353,0.0176193064507805,0.0177342737897065,0.0207587051810578,0.0223485688169329,0.0215376519743546,0.0197989335108872,0.016498713924452,0.0113816198907735,0.00995328667717203,0.0179008652208746
0.024680766812176,0.0243124177783934,0.0247446225166826,0.0289679840945738,0.0257135723185395,0.0151822971119819,0.0139922433916052,0.0236021356713637,0.0249288636371782,0.0160769068575593,0.0130509777644056,0.0200415880416836,0.0269496077207639,0.0290903662027817,0.0197863944951632,-0.0108374110210414,-0.0396221317455763,-0.0146234686331577,0.070838944523461,0.132987116807082,0.0794295673520709,-0.0754686571222684,-0.191208611875549,-0.132433172436029,0.0732152065332368,0.222040774039131,0.142317730699285,-0.093946436758363,-0.22935265975064,-0.1190370214834,0.0891678703409337,0.133771527613784,-0.037692447899461,-0.195314553429343,-0.120863864886551,0.0971193781603005,0.167132447734048,-0.00895632572584968,-0.195196006760185,-0.14859035919864,0.0551057632842292,0.151417101704898,0.0552139455015308,-0.069797198836858,-0.0709443300476764,0.0136931513138867,0.0624841031093027,0.0392612370888993,0.000967069277607049,-0.00510075365064415,0.0143160568866708,0.0305456856876558,0.0324492164460522,0.0241426703603081,0.0161555813598684,0.0154462561389312,0.0202424867472247,0.0221231500363885,0.0186677194224923,0.0159925644526763,0.0137874417478801,0.0099765402563866,0.00956755856462042,0.0174248972057247
0.0189741421353675,0.0186676625746475,0.0182385008685429,0.019289387923731,0.0170643023418899,0.0126475568487512,0.0159083627332173,0.0261717770444213,0.0311685258813887,0.0264105819984802,0.0193577251285463,0.0148766497252431,0.0141326925189635,0.0186223040726746,0.0224852270565519,0.0108955665576938,-0.014772304127049,-0.0254461097192147,0.00631235492507478,0.0639744202825688,0.0892062132759387,0.0366786026337462,-0.0621735536771188,-0.111127133093018,-0.0528437388595701,0.0484437714552951,0.0741897185033191,0.00227331448352658,-0.065015377311259,-0.043166704991571,0.0177930462846898,0.0120898785360649,-0.0616975113933991,-0.0923180834788218,-0.0202650124985418,0.0640693214740207,0.0424002655562439,-0.0596016434036175,-0.102163143909726,-0.0282951091533519,0.0647008258277801,0.0653314303297868,-0.00646226639500334,-0.0494929516661052,-0.0216160599974846,0.0246027075770767,0.0322224812488383,0.00796725196002978,-0.0058659122845208,0.00556049181850071,0.0243368002284958,0.0319464154701596,0.0283150202052182,0.0196145983786912,0.0127952787960974,0.0143871169929548,0.0228802167079419,0.0281638334577036,0.02430059167612,0.0181398726887483,0.0143579502350359,0.0119744077063052,0.011481328980259,0.0151663814537404
0.0167734921743751,0.0184612248214524,0.0141670097189275,0.00768679811856519,0.00713957627214749,0.0127392616370813,0.0191694675830193,0.0242082575655553,0.0288229991035812,0.0294045388545393,0.021849593156041,0.0101092772405586,0.00504063500390393,0.0109108298125061,0.0212260003416485,0.0236074350492246,0.0114757081760774,-0.00740649689847079,-0.0124247585032362,0.00941737063924329,0.0411008865606898,0.0474404551367831,0.0144818105453408,-0.0299996929851425,-0.0474644026532898,-0.0306984122826028,-0.00755383187864846,-0.00075423406795647,-0.0027190089831526,0.0022491143779271,0.00323437761831309,-0.0201742539786128,-0.0514924090729864,-0.0470428003142616,-0.00507963167636428,0.0185091472200468,-0.0101630853928621,-0.0481719652284456,-0.036282442263671,0.0142203854725716,0.042484098962449,0.0218417198020395,-0.0130699008005948,-0.0217134577926857,-0.00231386423769287,0.0165527907420746,0.0157644964835854,0.00289648859019005,-0.000527775428902114,0.0108253906792105,0.0230116846653443,0.0229789938754339,0.0150160999235289,0.00916713453198718,0.0088600379068848,0.0139961440135903,0.0228285527081227,0.0304322087697103,0.0301736811748134,0.0246008867112407,0.0200615843103364,0.0180333409907485,0.0155337658265649,0.0143946066705587
0.0183853478216861,0.0225162632076226,0.0169928775297458,0.00601895981920655,0.00522492678485065,0.014251321491756,0.0191030563701236,0.0183763991160895,0.0213307893545182,0.0249453868577934,0.0192464051379043,0.00770644713582747,0.00291296620469329,0.0075073196188478,0.0169065563401255,0.02510830322291,0.0239237732516038,0.00938913106895251,-0.00664119301941985,-0.00720143740806071,0.00667624049279484,0.0209210186712183,0.0236709596277819,0.0119992415099876,-0.0117669372705541,-0.0312465788550572,-0.0304551298472261,-0.0116717434655112,0.00423224413639672,0.00604893670547859,-0.00519401282416054,-0.0226081923535527,-0.0351172759526724,-0.0283258440030283,-0.00877798388752491,-0.00251031480893828,-0.0177500970432969,-0.0277101623371908,-0.0114835095803449,0.012847948278386,0.0172321685831288,0.00244002197113319,-0.00845117115350514,-0.00480934655668985,0.00663720972336058,0.0145687661735046,0.0146778144116617,0.00993032885200376,0.00938421454217251,0.0158218394877615,0.0200265700069324,0.0130486031786859,0.00210234578081041,0.000284495049518436,0.00662696889697157,0.0126990697269974,0.0170625785067171,0.023917795475343,0.0287566184439825,0.0272843842373463,0.0236407926647001,0.0219920061866858,0.0191328253327585,0.0158742387163005
0.0199265511748054,0.0250727067454836,0.023136562710548,0.0149047288761432,0.0120475892176257,0.0149966343300721,0.0149105584953907,0.0136992848186219,0.0175097433679924,0.0204680036623281,0.0156342299707784,0.00903526182772605,0.00677276629998986,0.00609616896113893,0.00842278537210315,0.0172550133158385,0.0241292066251633,0.01714755618358,0.00306786438961159,-0.00364994462589653,-0.0019905943055974,0.00225493341662875,0.00747887200478231,0.0102250792206619,0.00186271676629848,-0.0110982968612305,-0.0137307321991442,-0.00361147141885918,0.00243029877460376,-0.00326958745545001,-0.0156020791193232,-0.0249495750266341,-0.0272890733366786,-0.0194607040421272,-0.0075139315134613,-0.00283358171316976,-0.00845487465385915,-0.0124290338524662,-0.00614603992854141,0.00137513401998805,-0.00145945035483123,-0.0106407047370994,-0.0109082294090425,0.000844500312660028,0.013151287236095,0.0167863193150935,0.0149011926474221,0.0140879037308332,0.0166431355371914,0.0202830210734696,0.0197078274307452,0.0114048658561134,0.00134316818425511,0.000767144960142331,0.00728149942556243,0.0113065324966597,0.0114342186397067,0.0165877496347594,0.0230759247247196,0.0226330323622295,0.0179453853632077,0.0171725016554091,0.0180915604947824,0.0173171965995658
0.0201828142763002,0.024116227785991,0.0256421175357325,0.0221979542965904,0.0170968172653881,0.0119248541175253,0.00919258137619262,0.0132137337006459,0.0205072686328217,0.0211547515673476,0.015518099914594,0.0132058859891066,0.0126432457775707,0.00658832670171581,0.00141903060105942,0.00755745345705799,0.0181157917453381,0.0184273912703483,0.00958707824541561,0.00140669844334201,-0.00276199362021936,-0.00414785911782116,-0.00266376138290163,3.2084380231015e-06,0.000467908841795325,0.000379990502812746,0.00118720093630079,0.00175213434917602,-0.00104073303644559,-0.00660410779253362,-0.0150966718627365,-0.0218567719340114,-0.0213837795210513,-0.0130456373697648,-0.00501691109478129,-0.00225121635206601,-0.00303485858122893,-0.00410899469382263,-0.00366421893070599,-0.00389027242982638,-0.00837556210796623,-0.0150608260891568,-0.0125437307668916,0.00196860136923777,0.0139059633742693,0.0129643993754927,0.00870523697521302,0.0119080349719849,0.0176337751268388,0.0189170375566303,0.0175650638458445,0.0154151229430008,0.0110534941733377,0.00856016367923162,0.0100057466779224,0.012187733997503,0.0127692336032822,0.0168391584701869,0.0202755267911358,0.015824276206736,0.00754201568802769,0.00681172061016131,0.012688376049721,0.0170775977207321
0.0216222265414964,0.0238025639982982,0.0233818897983132,0.0193094646072409,0.0125476441965107,0.00527788213386686,0.00482543323946971,0.0140967306228154,0.0236246734318774,0.0237596700560746,0.0186498549341813,0.0170678126952488,0.01510035920939,0.00843666557186626,0.003081156210406,0.00556130968016355,0.0117526903119409,0.0149664969510005,0.0124479076834854,0.00418365388079084,-0.00449735487046036,-0.00619170113762297,-0.00239937317951262,-0.000390970072018802,0.00041029084899376,0.00257667573804709,0.000673648642197463,-0.00695571734241037,-0.0100680568305133,-0.00621285789292624,-0.00626170345269398,-0.011718586261329,-0.011165134174514,-0.00478862836032965,-0.00340850994514261,-0.00632112946535447,-0.0048306992773154,-0.0020350041326627,-0.00316322776608189,-0.00545552998477512,-0.00604068142273937,-0.0073287970900428,-0.0049545224601515,0.0037348371271027,0.00874547697253894,0.00387011243651991,0.00126295243271719,0.00847764767656659,0.0141314568814989,0.0117593393817158,0.0113222125119441,0.0168037037354224,0.0183957037128932,0.0144785964154305,0.0128127051538305,0.0159997447095334,0.0190645632916856,0.0210777505437528,0.0197758559005165,0.0123800256972591,0.00324250729195154,0.00192657271528932,0.00876449515604036,0.0165533241797742
0.0249025301673078,0.0267957331907473,0.0209928997511869,0.0117747596483966,0.00438006436633063,0.000782169776146057,0.00373626019931381,0.0127823267973627,0.0202945479911159,0.0222845810604148,0.0210432302813668,0.0179044320712221,0.0113948817116455,0.00747429766268161,0.00985135076750865,0.0116498697966656,0.00886810169462932,0.00931505045422806,0.0128105342482925,0.00828826287073277,-0.00220187578118502,-0.00413082822244471,0.00145321296832537,0.00227572385338916,1.61897803474783e-05,0.000161001594503397,-0.00392343898267627,-0.0140883994043627,-0.0153652388428027,-0.00657825413267071,-0.00318965051428926,-0.00725119565638417,-0.00474777107322768,0.00113624138300835,-0.00192995930119927,-0.00787216104902458,-0.00482052161610131,-0.000768030275420329,-0.00438730138014129,-0.00706988680649414,-0.00196378504829641,0.00324000456693121,0.00464311438832575,0.0055784627680935,0.00415729311398752,-0.000577116848146332,-0.000222143266084399,0.00663007132686248,0.00894505919031094,0.0052728019648616,0.00666266324607623,0.0141507189836069,0.016594266833033,0.0139281721470887,0.0146789537971766,0.0198044969581372,0.0221866612309871,0.0203061744479322,0.0160875661106306,0.0112217625527257,0.0073481928275633,0.00698285390678526,0.0104571360724446,0.0173871510632177
0.026287649087249,0.0288554534571427,0.0206751860715602,0.00971761456920139,0.00385543552875311,0.00325752438278193,0.00619065877249075,0.0110779378841414,0.014539197541613,0.0174798706492005,0.0200427054348323,0.0160750329555139,0.0051270904526212,0.00158349167970518,0.0102659338478788,0.0151393647871672,0.00864373171547078,0.00634524063931794,0.0127852780328252,0.0135072779651506,0.00528913050971689,0.00258849370500739,0.00448103477179827,0.000505970385034895,-0.00531438175259882,-0.00413365511475465,-0.00313599082111158,-0.00745765082415805,-0.0081853756625156,-0.00476622172320494,-0.00716990158912536,-0.0120686977822661,-0.00824714235806791,-0.00225166295200606,-0.00423352621402899,-0.00629201208425782,-0.000618892772720841,0.00242171171825422,-0.00294174329945796,-0.0050725294763258,0.001051986389243,0.00635963507756424,0.00622286492697972,0.00558229204358621,0.00504351051458621,0.00353778688787574,0.00352083679138886,0.00434036683183071,0.00338094438566757,0.00358376359157607,0.00847814403809582,0.0123834775471618,0.0114958546225368,0.0114477458029966,0.0158258224809026,0.0193279333824744,0.0181581759397365,0.0143061308984451,0.0106540494066267,0.00950362482931462,0.011778561177544,0.0140356846334761,0.0144202348487766,0.0182547618011709
0.0226082080386471,0.024898058906161,0.019339889771128,0.0138458490685559,0.0114915356120603,0.00952136163483577,0.00936239834032693,0.0130334119970384,0.0155232859778535,0.0159313655060561,0.0168426147067441,0.0138437152997892,0.00314148475335434,-0.00367165410177525,0.00192949184696603,0.0089848544201173,0.00805431685158566,0.00814281118832978,0.0133530448260941,0.0145043182043158,0.00913802337331128,0.00645668555076751,0.00457243820614654,-0.00220160777532268,-0.00800938327610676,-0.00467241325885229,0.00117148182795363,0.00317887506222869,0.00255260189236989,-0.000477571536611332,-0.00812453036510796,-0.0136108486078006,-0.0122417965951696,-0.0101942141154866,-0.0103974030783737,-0.00673259318295669,0.000208184720930995,0.00172438730562665,-0.000664479656532694,0.00069737777424349,0.00377185983858501,0.00339995120497902,0.0028946326719601,0.00607980378441193,0.00912233538371678,0.00902314811164656,0.00640656901700741,0.00165167985949759,-0.000320315897574511,0.00522736612993184,0.0130622286377701,0.0131528088212715,0.0100870085930875,0.012378069648186,0.0160280135481407,0.0138348813361464,0.0109563683169436,0.0115544720008463,0.0110129911622921,0.008976278079544,0.0108131559562352,0.0143447638316507,0.0145098067364788,0.016520613847176
0.0163885615557486,0.0172259447660078,0.0151039372356895,0.016473533551255,0.0172816661642083,0.01205150934427,0.0096419261587261,0.017091511380824,0.0231106255117429,0.0194834921016684,0.0141628858557632,0.0122872146295677,0.00720324889971288,-0.0012563677237915,-0.00372564056628978,0.00120477519433094,0.00756363005714012,0.0116974565747146,0.0126044514586216,0.00868690341209599,0.00362060628735779,0.00128398841319485,9.95773799755942e-05,-0.00198922889184195,-0.00146209491033982,0.00207805453195402,0.00452354483042347,0.00487389053090461,0.00388390668249447,0.000525650437207989,-0.00398669695307992,-0.00568053352779664,-0.00691249454101242,-0.0106189183976125,-0.011540035407912,-0.00673764838124108,-0.00385044009419455,-0.00582323778158449,-0.00381281180621393,0.002362554189986,0.00342329301162712,0.000508041705408045,0.00343762622209477,0.00976710857930503,0.0107099698519496,0.0080615461199574,0.00584080166700839,0.00236736804118358,0.00117084411915058,0.00753288329271638,0.0143580081341339,0.012883574415144,0.0109365927990683,0.014610556164826,0.0144942664840156,0.00773659446669767,0.00745250963350148,0.0158445809675273,0.0180923268008277,0.011945059927786,0.00858217699065647,0.0100744648084651,0.0104333566956457,0.0121591036164752
0.0127620894823914,0.0132223186807898,0.0113103947542145,0.0138186592197096,0.0152147703722347,0.00963438930452608,0.00756318494848175,0.0173582916445436,0.0258429608030484,0.0214335815826422,0.0128640451726554,0.0111217112190531,0.0114219658850831,0.00687700550879878,0.00213504944083984,0.00376309511565454,0.0101978306931348,0.0132833425181512,0.00909674339714899,0.00116828595814656,-0.00402316033836969,-0.00608899328147655,-0.00582401945138852,-0.00155381738063954,0.00605072674807029,0.00864285842189368,0.00444700776704374,-0.000183506781021576,-0.00147246302632452,-0.00266111930426042,-0.00200349884334042,0.0015094616657951,0.00180758424069724,-0.00263707701089454,-0.00347143593133331,-0.000841868583757404,-0.00440258665288543,-0.0112461669148572,-0.00915242463954031,-0.00249443971968227,-0.00201411754948038,-0.00162285908152113,0.00696614989078567,0.0128447951884124,0.00760171490067972,0.00240917247379523,0.00502661547558745,0.00714354888844442,0.00654416110002014,0.00925204784669121,0.0123923484244311,0.0102442978703437,0.00944258143940442,0.0128525476519054,0.0114631571011902,0.00626411997958702,0.0102816318058255,0.0211230323838688,0.022863008787321,0.0155354736239948,0.0109456329363368,0.00964585174480361,0.00744895790006395,0.00839663651118578
0.0131812761513411,0.0150798078670672,0.011949437998537,0.0104781374660367,0.0104638969047915,0.00834715650637978,0.0078419149199806,0.0124884041875353,0.0166726271685686,0.0157883549050103,0.0122583234923547,0.010369312408312,0.0103396389353905,0.0115707897768882,0.0128616973849722,0.0139317703293375,0.0143072441887492,0.0121122764870095,0.00562097055785809,-0.00077672408370406,-0.00332080254640515,-0.00427604500281563,-0.0055395402329717,-0.00225015635762002,0.00450857672932959,0.00549292067616697,-0.000294973692457182,-0.00382046752974119,-0.00328580601764502,-0.00429123646362131,-0.00450579492976298,-0.000192588580198772,0.00352337912341763,0.00317263362889431,0.00433837070155206,0.00603909244938098,0.000997853525393888,-0.00644449045980407,-0.00708188661038318,-0.00498537998026112,-0.00657205315333483,-0.00374060732660713,0.00625172529658665,0.00983820412719616,0.0029797088574063,0.00028785396631328,0.00689611288442254,0.0107470883665655,0.00893208974002923,0.00919007510725087,0.0108018562628413,0.00858340030009326,0.00648128896391738,0.00783516100636879,0.00852133304199463,0.00937152958177465,0.0152563691965196,0.0207961262554695,0.0191189964844742,0.0157413698035653,0.0163304275757888,0.0146092342934017,0.00876026194764707,0.00785391470751968
0.0144278861626312,0.0172184487293468,0.0157090840260618,0.0120752782757432,0.0103792773875984,0.0114721142395219,0.0121736448905843,0.0083050419450761,0.00401471309449399,0.00674629607682978,0.0119122735439732,0.0105066633693798,0.00607947249551321,0.00922756501204111,0.0161527687132063,0.0174669317518384,0.0131466002192034,0.00938098671384622,0.00583158191913428,0.0034773694579624,0.00413442187833576,0.00540050836552592,0.00263728178509188,-6.79017226940947e-05,-0.000575503177670389,-0.00237066783192188,-0.00597225948176115,-0.00510351526920785,-0.00190112048370912,-0.00348170273537079,-0.00690734403719413,-0.0048953125339997,0.000125636093872708,0.00226492868248885,0.00328747150700686,0.00497751497448242,0.0040698175170329,0.00173479407668305,0.000706951283737284,-0.000646842858477454,-0.00365333726060793,-0.00277310025118869,0.00204230630593663,0.00341940773931505,0.00199888100969884,0.00477329075578846,0.00963198475762357,0.0087839040331711,0.00552501644579908,0.00719449893934578,0.0105363195096918,0.00969687026040224,0.00655863970457838,0.00550138711125364,0.00707327485376686,0.0112986633170519,0.0157378560950195,0.0155466996028208,0.0125651190387559,0.0142216215399307,0.0189625174144303,0.0178431624566828,0.0118338230303251,0.0101019242919886
0.0134998294908919,0.0146154868977727,0.0177986404507262,0.0178492431480361,0.0147935857339982,0.0145745452081103,0.0157712970373451,0.00962845652062159,0.00134380550030036,0.00378367633766033,0.0117591673784604,0.0109427393221208,0.00458540444449181,0.00611390351281316,0.0111471501697511,0.00957347900947323,0.00526017254766028,0.00644283244452802,0.00834731197218134,0.00715094243088467,0.0072633981719465,0.0103622641708441,0.00979267275934335,0.00568892922159837,0.00174744927598113,-0.00124343330974482,-0.00483782644628283,-0.00548939602493463,-0.00404938321853235,-0.00491271373115811,-0.00714997850389955,-0.00514680610550303,-0.000687876059190922,0.000487149770751301,-0.00120432003315268,-0.00106371134585145,0.000988578808060295,0.00218746959349732,0.0020908993415514,0.00190455104129371,0.00231393251476504,0.00232764969819026,0.0015103486292668,0.00176653858165889,0.00561099457975309,0.00993285894644944,0.0088082287409802,0.00396463285647668,0.00276163456423397,0.00685578276155835,0.0105775495869238,0.0112960106802015,0.0102373109857702,0.00822007128149928,0.00690008920437551,0.00814639810685952,0.0100568488562686,0.0102786635094474,0.0115456169979078,0.0153899495358232,0.0171121496922299,0.0145563152543614,0.0126643121505698,0.0129986161759047
0.0111550271659047,0.0092209891407967,0.0161293952807757,0.0218960966876215,0.0183894006434108,0.0135255777128707,0.0144256036896882,0.0138584291177171,0.0094661613197467,0.0086787068184584,0.0112669046483519,0.0104655501484761,0.00746678149013846,0.0081621589536243,0.00739277064838944,0.00175777951328148,-0.000649096913134355,0.00462219027770453,0.00800235926179827,0.00448758964416046,0.00195555737314879,0.00547288616951225,0.00849831066261809,0.00866293033824532,0.00865414310217446,0.00839666101352508,0.00344221984293855,-0.00347823400682884,-0.00756853099029617,-0.00764188721248035,-0.006156801604006,-0.00274416838380594,0.000764205124237645,0.0014212604747831,-0.000742901373159867,-0.00209152475385209,-0.0017548152723253,-0.00292998559683109,-0.00470177580265284,-0.00286381436486282,0.00275971910818239,0.00603478982078573,0.00498508053281357,0.00544819857884386,0.00858680672942971,0.00853614006647834,0.00339747757239393,0.00181087888853205,0.00671380488843135,0.011268261894829,0.011536691648725,0.0119944016350695,0.0137199657621826,0.0118702127519179,0.00694437153234908,0.00385487503113092,0.00435939084920486,0.0081234844300252,0.0147032852225091,0.0183335626957755,0.0141678015280862,0.00885495333158164,0.0109592912627152,0.0142643751780131
0.00946917156288661,0.00664723960569667,0.0125462926513609,0.0199072358139252,0.0181501658905318,0.0116838099915034,0.0113403142716488,0.0153466026804919,0.0162858680866614,0.0131374220023117,0.0099495374587135,0.00958640514072103,0.0114497432475276,0.0127823577878662,0.00981785236954843,0.00458724536306811,0.00295888673353848,0.00451018288211879,0.00294896972552761,-0.00187960999879381,-0.00359877665996511,-0.000120037641311349,0.00347714657737813,0.00578965311351875,0.00900107708885624,0.0112811247747234,0.00767968887996103,-0.000345482124531119,-0.0058125448635928,-0.00549383203364788,-0.00312340396604944,-0.00131133116410995,0.000221617620236791,0.00181350904389806,0.00229420745474106,0.00127259559697675,-0.000655635231284153,-0.00410336100281238,-0.00692270633854589,-0.00557012040326263,6.33169875728619e-05,0.00459744400906619,0.00581382744094705,0.00630681931332576,0.00549024599461179,0.00123499187436034,-0.0021005076708889,0.00316282712144648,0.0125160249554233,0.0159901321948536,0.0135332836002801,0.0132244465815863,0.0146941208430902,0.0122320562982071,0.00714566367427777,0.00494970088333812,0.00598311579497391,0.00941545226727586,0.0150174542181209,0.017977602142188,0.0134822145068349,0.00794725449897258,0.0092927839938294,0.012572446461178
