-9.57839764066023e-15,0.0518730994703533,0.0962113453360161,0.146632349616233,0.214456059424832,0.276890319164738,0.322609516226086,0.363219626574634,0.417957342778174,0.467672027617212,0.493355691761273,0.510640961626096,0.544913942585052,0.583106667429432,0.610328796297664,0.630705676789521,0.659426113591295,0.67255243400272,0.655839571364395,0.612731594143299,0.580959362205873,0.555778346867282,0.535385487104526,0.502717135034314,0.463733191721864,0.421420625644815,0.374196508686986,0.318779527305061,0.252716423160894,0.188227292056871,0.13259745569445,0.0719666909176244,-8.28566292272939e-14,-0.0719666909176974,-0.132597455694355,-0.188227292056721,-0.252716423160852,-0.318779527305156,-0.374196508687106,-0.421420625644843,-0.463733191721782,-0.502717135034207,-0.535385487104505,-0.555778346867378,-0.580959362205989,-0.612731594143293,-0.655839571364263,-0.672552434002624,-0.65942611359136,-0.630705676789658,-0.61032879629769,-0.583106667429328,-0.544913942584975,-0.510640961626143,-0.493355691761355,-0.467672027617208,-0.41795734277811,-0.363219626574614,-0.322609516226128,-0.276890319164773,-0.214456059424817,-0.146632349616201,-0.0962113453360068,-0.0518730994703663
-0.0140826562354916,0.0589825029741174,0.122660545187696,0.153750562040652,0.191853263415588,0.267493846708917,0.345331786619745,0.394921117732171,0.424027192399167,0.448701571193993,0.467464500591131,0.498794322350147,0.547653808316898,0.579611238036519,0.59379310696908,0.621022763361607,0.664392973814113,0.67159258569327,0.633294807081733,0.594316000433693,0.583723457400359,0.574126496789441,0.553268565507778,0.530496115980679,0.501479231100219,0.441415485008371,0.364934117309008,0.290668383154052,0.23443064311901,0.178448882242109,0.123583258433059,0.0679062839270387,0.00421800342779782,-0.0612011611411199,-0.1280153703042,-0.200887105736744,-0.284461751874851,-0.368619534285149,-0.411798703867292,-0.431263245700704,-0.450982846674322,-0.485707310793154,-0.520171974972423,-0.547415485616176,-0.588876232193845,-0.631950213075498,-0.64423024213607,-0.636043952323417,-0.635323216103983,-0.647000433244977,-0.637367505591799,-0.59906993823821,-0.561326357921595,-0.535572463690304,-0.513637353066631,-0.48241394773301,-0.425198128520205,-0.361165483319298,-0.313963651697662,-0.290028846865971,-0.240904755957521,-0.147428158904112,-0.0737883140743868,-0.0416582027094025
-0.0110252016786399,0.0585824318525975,0.128637988507096,0.160815395140393,0.198608267710356,0.277087724730115,0.354945018342854,0.404807684454711,0.429726346716442,0.450264288126058,0.47158259467617,0.506746869504031,0.556890924269278,0.5894838958459,0.606727089244657,0.633477789573564,0.65167603149507,0.639705014758372,0.605835141290819,0.602704029200966,0.607484592030947,0.588974792992386,0.551813385902364,0.524728216757611,0.504830369002542,0.451139321516552,0.380290753319773,0.311931009616074,0.254711998951937,0.189810971736787,0.115937091775808,0.0576439024434382,0.00283615973002848,-0.0551657188446281,-0.132016301021193,-0.20932994808533,-0.29365836013323,-0.373891972847651,-0.433995906243371,-0.462765622564648,-0.49238120934311,-0.524423422908776,-0.547259013314951,-0.565698951384773,-0.599550306068314,-0.635638906677003,-0.628234631417776,-0.611360873210386,-0.626970752401833,-0.651009664293415,-0.637881552162835,-0.602295595149391,-0.585170473719627,-0.558677658538074,-0.50904672057546,-0.472775583738152,-0.446603728488911,-0.402862302865786,-0.336666216591877,-0.295520843490734,-0.250731832022203,-0.16435727299404,-0.0791468229003506,-0.0407169769800563
-0.000380152031865377,0.0575374921018632,0.108278865664684,0.161846202833386,0.225088366781831,0.298862447927138,0.347514260436239,0.386353051881318,0.434041086502745,0.476934520337866,0.507096866515193,0.532106806772439,0.562562161531116,0.59703391929588,0.627108079233491,0.652469781704335,0.644298222517695,0.624841094234767,0.619781765734095,0.637306062093763,0.633961021304136,0.599896962458297,0.556262943786307,0.517588668056604,0.47984744400951,0.432704806002619,0.382319228985894,0.330920340974468,0.276283240960265,0.208179779114105,0.131226514676729,0.0633049902367039,0.00859154168553215,-0.0606641496746499,-0.150134848048108,-0.224682298869019,-0.286400327482555,-0.345538476777903,-0.425950867676749,-0.482998309997517,-0.538654340364377,-0.578465615131034,-0.603560187957393,-0.606167431615464,-0.62324639124167,-0.644178800661287,-0.650463135643635,-0.643022379745955,-0.659718976041515,-0.654854323556619,-0.618280322946939,-0.588711751663379,-0.59403190490957,-0.570681574153641,-0.498707196856534,-0.456034558872599,-0.458705636600814,-0.439849856770635,-0.364200236914353,-0.296558292203758,-0.249369474943789,-0.191261326206667,-0.114016645285601,-0.0522468813969439
0.00589188455306822,0.0555762949952434,0.087527322213991,0.150858820316511,0.237482734804295,0.301657369617139,0.33616541700417,0.381615778730328,0.450733539241493,0.508470562059584,0.539542279951248,0.562286039903514,0.576041897672973,0.602835480056104,0.637709815937869,0.661115578232524,0.654401966917605,0.65140893503901,0.672353497260245,0.671687584406526,0.639795580714569,0.609574425825727,0.592850592530193,0.551128496387448,0.483069240012697,0.426440484288506,0.376391581363534,0.316276154800117,0.257576338681645,0.203192671290026,0.145198575864558,0.0746752924416817,0.0137913645686534,-0.0609441671403067,-0.158144462236978,-0.237938643184342,-0.291097688744549,-0.34819315918135,-0.429467372311717,-0.493747174443024,-0.539935010661406,-0.587043348323002,-0.630908966545449,-0.648404606478704,-0.661744687287409,-0.686021717925871,-0.707267613507903,-0.711288155892834,-0.707266837665274,-0.676739781548402,-0.626777103545717,-0.594581313620852,-0.596985892684274,-0.576059320556195,-0.51738170888939,-0.467589746454491,-0.452937686347366,-0.425518561376247,-0.363566729076214,-0.299352672322566,-0.249235056052767,-0.206364253175741,-0.145582088758003,-0.0700203709356604
0.00554622331921821,0.0567738759083121,0.0887329606461254,0.144149624476897,0.223104050901651,0.277063690005258,0.330682459853565,0.410233172478015,0.481661915092111,0.519173296218721,0.545072666590886,0.584351024900101,0.605418382063547,0.622065371739632,0.652149909981578,0.676765156869202,0.679806414201276,0.696775874344304,0.715549906299591,0.691100749782937,0.635886347616756,0.631284058232298,0.642254361650344,0.604014369888802,0.522928413896773,0.464560640693104,0.403568967866458,0.309524002815441,0.232797794305184,0.185469718954216,0.136338480415269,0.0592930273401044,-0.0056203608841736,-0.0668723802976569,-0.154236104572109,-0.242533012668841,-0.315791120496897,-0.387936635983288,-0.469634423252777,-0.508587689947595,-0.528992374431511,-0.564283458048009,-0.628804567592929,-0.675513669006359,-0.707585125180207,-0.744120006917863,-0.763837120291808,-0.755516223282635,-0.728756957896978,-0.70404946306413,-0.67951240991825,-0.649448788393998,-0.623888740592412,-0.594459463308201,-0.567279275497331,-0.517947203901922,-0.451248937727523,-0.385005640596994,-0.345220177543458,-0.310424071576598,-0.25303358146023,-0.196456203461663,-0.144841718317032,-0.0786367778716298
0.00340931742177149,0.0671709909804723,0.107683304284339,0.163041626934776,0.214148015725957,0.261650383353015,0.336287272200531,0.444195295740051,0.503569259606456,0.50949159969234,0.540748473109973,0.600343172659175,0.639482082805186,0.652666870387616,0.688445674268739,0.718956912416549,0.720453814599173,0.724987631329493,0.730003462631808,0.702212118929148,0.664931069563486,0.671697286812115,0.67999114251216,0.626844154581629,0.560543622323973,0.517477331425283,0.458804320668871,0.347894372267042,0.258040306634851,0.202911572499294,0.130729320090074,0.0325320583120464,-0.0423128776662712,-0.100935440725985,-0.175774067322707,-0.268409069724628,-0.34648342138523,-0.42710478302684,-0.497577648349702,-0.53359943777084,-0.551317354832394,-0.591563170441387,-0.65206193779785,-0.706670442920837,-0.750338531922845,-0.785495645943958,-0.792170720152565,-0.762215378700648,-0.728681435844426,-0.719228000522269,-0.733524522489329,-0.722981843600915,-0.682894643950137,-0.634812796419984,-0.618449937621092,-0.572755965941561,-0.47549703977911,-0.379887251950499,-0.349491472536931,-0.332246190568699,-0.262510341980326,-0.181498065588975,-0.129287933755789,-0.072739443689024
0.00772291736238195,0.0768083541065454,0.130018596845549,0.194208044587933,0.24417364003131,0.28612001509605,0.3581259744247,0.453923897810698,0.501182449944536,0.510530785943022,0.559197099876089,0.6292815536303,0.664630506541479,0.686257688752485,0.735284519132335,0.776766090322092,0.764769860152918,0.744020254206028,0.738202251075477,0.732286486784054,0.725818481745245,0.726084786127609,0.701294330595675,0.634660692140085,0.584634513977509,0.551171132675575,0.492610403437459,0.399486891697306,0.322120929019172,0.255965143349334,0.153936703966385,0.0399744784146754,-0.0538143612848716,-0.139273710046009,-0.233262824226618,-0.320893620371147,-0.383945534834969,-0.44882135656389,-0.500209038252348,-0.559529476730084,-0.613941360537777,-0.684720671880065,-0.726412026408698,-0.763682478740968,-0.793709501330439,-0.813441197496472,-0.799262260217505,-0.777478148186557,-0.753568990956068,-0.741864284107564,-0.750684756169294,-0.763886882220368,-0.743589005478404,-0.687034704861345,-0.644021862759434,-0.596989677356534,-0.511606555489979,-0.424672660523379,-0.383757867886962,-0.356114751411028,-0.28097977355176,-0.198782545357765,-0.139728665213137,-0.0739587113173773
0.0103716596860827,0.0830293704857016,0.140595073305516,0.213374299372961,0.285771631658877,0.33084717487794,0.385282664128573,0.44702465325281,0.497099659407858,0.543687354489841,0.611780636907765,0.673025375461687,0.694611316907552,0.727726476587257,0.781882330487493,0.819674243445423,0.803812132590051,0.784090865251675,0.778480376842395,0.785521585926083,0.782698735352766,0.769095194047031,0.725286813768065,0.671970603470765,0.631903951452686,0.57638661216119,0.49909775996944,0.424235354956243,0.37188475063903,0.287748270606413,0.177481165203477,0.0726697577647684,-0.0260131098239196,-0.146315732479535,-0.270791522330552,-0.352470936672098,-0.418265086059163,-0.480596737762773,-0.534350363809582,-0.600760997019677,-0.69342152659711,-0.776399619837036,-0.809395725840169,-0.829047619235976,-0.85556974916141,-0.855981054399709,-0.827101979233825,-0.827956939585692,-0.830636927292519,-0.799237374914709,-0.75985796223775,-0.772867981303919,-0.781575691623332,-0.733712901852715,-0.654663330022342,-0.595146927525566,-0.535386033699814,-0.468833620788884,-0.415319335183201,-0.366254988990312,-0.30777677552183,-0.247918971192816,-0.187261188009891,-0.0928249502963357
0.00740335638256298,0.0906238448289718,0.146774332769226,0.216799451537266,0.29180359151322,0.348114832880602,0.396336826566682,0.450953338001714,0.517651933623171,0.599261991491152,0.668806332296191,0.714294003634159,0.742101367796429,0.791041136697846,0.83523933607938,0.847681498503113,0.84821819848624,0.856891956375145,0.858653488965086,0.844029980671618,0.824749282663637,0.801659198560848,0.76867488103118,0.74074046668013,0.70436588039918,0.619909545244342,0.516925745829207,0.446661131522372,0.390523361831402,0.282105819029071,0.166589373577528,0.0854434618932517,-0.00341075238102189,-0.137397152927118,-0.258941820678964,-0.338231184385417,-0.431528393246842,-0.540459572474876,-0.621008767546773,-0.676720204688294,-0.76543750995046,-0.828744154499407,-0.858035338368825,-0.882403653034839,-0.933128979840108,-0.933242324569498,-0.898365562886201,-0.900182940607569,-0.921326001390922,-0.881289678788447,-0.81259286737931,-0.801964481426004,-0.81236590006605,-0.768729625032831,-0.681160033458855,-0.605526100835771,-0.54578724804462,-0.478288185966383,-0.420263862197105,-0.371279109155142,-0.331634726995502,-0.291225231394988,-0.225987893034085,-0.113130387553132
0.00563583711248111,0.101738485365504,0.165889156326057,0.221827258132549,0.271346823659369,0.329991923522418,0.396650735281222,0.476082667997143,0.55881410763357,0.64692110513245,0.70213784991528,0.740574327176493,0.793827430195726,0.862733471367779,0.894859307245456,0.891299631466812,0.912994109006771,0.950785030839348,0.946792075772996,0.906675761287836,0.883900768249601,0.869900089094879,0.841473988893895,0.807802141505323,0.760556353423983,0.670904030062753,0.565426977237842,0.492700953291123,0.410841641825026,0.282616866424348,0.15675999540067,0.0808032470434192,-0.016058320157084,-0.150239121683725,-0.257753242534364,-0.333536612436645,-0.454787060155607,-0.605536678739477,-0.706876820712721,-0.756246080172544,-0.821813030175846,-0.872097133544662,-0.899717571485151,-0.93995385965613,-1.01046208155706,-1.02938894447317,-0.997973955746541,-0.976563152788815,-0.978675785988494,-0.950783910713325,-0.905640252042132,-0.881424373686545,-0.858648624102645,-0.803136045607406,-0.731178318584592,-0.653157535195456,-0.564074920084949,-0.47953149622022,-0.424806869172097,-0.394450450812082,-0.352403380922322,-0.298695149738026,-0.21822871144424,-0.10938475034493
0.00797377430308005,0.109575811052276,0.188726226155802,0.241282602649919,0.270317978894432,0.326651324218621,0.420114420683818,0.518078075383185,0.602509784889515,0.673187893336022,0.72796592516857,0.76597346627168,0.833497322575673,0.904955907396453,0.943360182863632,0.955737814503855,0.996498894767775,1.03809539622313,1.02263204340298,0.986410613521629,0.98993745291021,0.995297677300667,0.946914858422422,0.867907583409071,0.796147030655729,0.715334645718149,0.626416908209778,0.543944612428931,0.445632982281468,0.320325643737127,0.19694565614358,0.098892082294835,-0.030694025017767,-0.186247881135986,-0.309748469083149,-0.407853537470626,-0.528593745825886,-0.665957329437522,-0.752889676369123,-0.811148768244428,-0.873707337561779,-0.937654279026561,-0.979513218893531,-1.0283298939606,-1.08720658268102,-1.11662786493661,-1.10151277063753,-1.06113641230301,-1.01972688988107,-0.994601938217932,-0.993344310158919,-0.974011254912782,-0.917990398590541,-0.844832208368708,-0.79074446669079,-0.717254968755915,-0.606883159001677,-0.512325671980583,-0.465140746197888,-0.436908623796417,-0.376017731833011,-0.287715987328912,-0.190192647502051,-0.0858922911406796
0.0107210952321959,0.0988527458721551,0.190474254636793,0.259713849212253,0.301305119154983,0.372678970313771,0.478039589234069,0.578335841558001,0.643585856765261,0.707328812276536,0.777558168706585,0.821453424022517,0.867430393388831,0.917625050998542,0.974847552483095,1.02364032727942,1.07537713264576,1.10688102138285,1.09539313171976,1.08968434495584,1.11841188339636,1.13016425423919,1.06212589638166,0.946603645477236,0.856968101110554,0.782159989351194,0.699913302941092,0.595069718373961,0.483061443938382,0.37396585206063,0.261633675746279,0.136028288604641,-0.0299873939013114,-0.214080879513483,-0.381547141779541,-0.517100842875798,-0.628380428562174,-0.721369374568372,-0.804245810768536,-0.888393720370264,-0.96396461223553,-1.0261493386789,-1.08062539249317,-1.13433507322691,-1.17046597883843,-1.19819190773924,-1.20285062716773,-1.16943022618686,-1.09249628999696,-1.04635131726306,-1.04855907041048,-1.03481488353699,-0.969079223626482,-0.900595855097839,-0.845792895594685,-0.770426781027351,-0.660581508801295,-0.57847283931937,-0.52560087583297,-0.469925955605548,-0.390717922292629,-0.298171548002065,-0.1911959523552,-0.0814970699831636
0.000482709682005582,0.0755558806973228,0.164762087675569,0.259043360267047,0.333486441046734,0.429269132270522,0.539904315092228,0.642221290702075,0.699262205947112,0.772851222979837,0.854866229171518,0.905301984350992,0.918496812676752,0.950522370275689,1.02454098334006,1.09864303202198,1.1488589014869,1.17055717924242,1.1845221744294,1.201394728125,1.22868548998983,1.21968343022013,1.15369971104276,1.03990391744385,0.959949461907695,0.90136496238365,0.821027322410277,0.681483581741522,0.530110152277928,0.414930861741231,0.30245662312693,0.152793475180235,-0.0463847125621099,-0.245180104978543,-0.433783094311414,-0.576951920552191,-0.674746700364983,-0.75984025259913,-0.891266965436233,-1.04461920023702,-1.13347473456932,-1.15980124771292,-1.1774830397842,-1.22160834273654,-1.24937114413559,-1.28831092324042,-1.31387763695231,-1.29944789297876,-1.2120006091862,-1.13314300109513,-1.09623970705004,-1.06604253778296,-1.01911551323281,-0.969071306959835,-0.909555728084838,-0.807511730620453,-0.710631507707439,-0.637615975242868,-0.565859508935859,-0.467494413484993,-0.386670523353512,-0.327352982223366,-0.23129918354429,-0.106461693369126
-0.0178568855360736,0.0610019278070004,0.143825525715476,0.248849396103468,0.346507416597049,0.447453120861347,0.567298861900171,0.683189466074798,0.76902306989233,0.849760039168439,0.928211221894666,0.977068425187405,0.995321605547387,1.03799122878769,1.13143225472351,1.21052482139039,1.24672423138448,1.25532334736515,1.28422221771283,1.31545745129789,1.33012389410091,1.29426571817679,1.21293728185389,1.11513281826001,1.07281656436171,1.07073035942759,0.995597044353435,0.798421499952522,0.576645813081042,0.448537672397695,0.345540044097154,0.170696580713127,-0.088097624634848,-0.316487467332617,-0.491330763369078,-0.602688377127587,-0.686117684623979,-0.785959106692021,-0.96906139367589,-1.19026760301823,-1.34210701536278,-1.37471980877753,-1.34693530595388,-1.31776257179444,-1.31493953196013,-1.36110490874971,-1.42238195448893,-1.43037798602276,-1.35465004105294,-1.25139076819499,-1.16991676574351,-1.11467909063643,-1.08553442761921,-1.05351374089921,-0.983078035794412,-0.85804756980692,-0.750254581764048,-0.670050925487297,-0.572196024936896,-0.455176769199049,-0.379312536197249,-0.342857182795281,-0.264808272445193,-0.131781687386819
-0.0226510970323351,0.0717607941404383,0.158450801252799,0.257880040003968,0.354029187701758,0.449081859289382,0.562589424200449,0.700561255122453,0.820020880770216,0.905511820429016,0.96705872626517,1.01934817470905,1.07937941797828,1.16227061049952,1.27783499836834,1.36148951838185,1.37645708741,1.35706283483336,1.38407373405315,1.45506828661476,1.49146088666094,1.41155535391911,1.25640878837441,1.16752688207142,1.22700096705344,1.30394570121565,1.17015693954471,0.837419895317291,0.563204293926793,0.509314575024337,0.472789544914496,0.243081269414895,-0.132732766158075,-0.411793082469951,-0.549165451931339,-0.655648674314765,-0.802190359955682,-0.928532502590578,-1.02955007649689,-1.17025163946649,-1.4020808737761,-1.61757173814189,-1.67974655130298,-1.56594403182534,-1.42281603140764,-1.38987749026193,-1.46585407228493,-1.52743845257456,-1.49959868361412,-1.39594492780622,-1.28404868307746,-1.20718509812111,-1.17121861599774,-1.13498789770377,-1.05342872669919,-0.928933882798305,-0.79811762175148,-0.686505737953726,-0.580561698036275,-0.47852140954714,-0.403082979303785,-0.336473960982812,-0.255397108434723,-0.134041958474553
-0.00831190736138274,0.107278505004992,0.199840903680171,0.287768917345554,0.38110585235923,0.475938307270067,0.579004619825021,0.71208986038883,0.847029725193951,0.933759884418633,0.992317703960155,1.06086772636267,1.16213341045889,1.28640937122805,1.41522337485999,1.49869648558054,1.4835609761135,1.44349747690513,1.50838133518832,1.67879648643574,1.73467198061183,1.52706768073465,1.26007325559624,1.27677061882424,1.56785830441892,1.65355093232003,1.23986000706455,0.670384025049433,0.494326371682283,0.70776588955429,0.734406403955694,0.289001246222651,-0.274118746458378,-0.492999750793915,-0.456796881819331,-0.620755639441573,-1.07151325846729,-1.40307727393355,-1.30290358937806,-1.051918138085,-1.14559957608142,-1.62765716216844,-2.05329599624569,-2.05473607490154,-1.74191553647823,-1.45902481102611,-1.42131751504923,-1.53973667363915,-1.62687894991646,-1.57037847323716,-1.4402670754153,-1.32930059095676,-1.2581977185585,-1.18554693771349,-1.10287115642647,-1.00055650545676,-0.866394168158309,-0.719942022798459,-0.618778499255472,-0.549880221025552,-0.459070390146722,-0.336716323469004,-0.226665934292755,-0.123850034982612
0.0110731287239477,0.146340170453244,0.234639772694293,0.315490016685498,0.416888576881708,0.528122864463078,0.632184102252704,0.745630223528508,0.876993697779734,0.97008111218562,1.04895997690404,1.13417519144372,1.25929912382847,1.4060913831516,1.53091803397558,1.56670183609584,1.50921653542213,1.5183033461288,1.74430072900334,2.02324211383511,1.94806998469026,1.47001422825349,1.19798042376546,1.61692258328562,2.23744425072944,2.05622456315797,1.02028858148237,0.281179428793927,0.599879878049908,1.28882816812234,1.11568911309689,0.0534983340865726,-0.772784772348686,-0.610242171856028,-0.0425662633467908,-0.189167578451503,-1.23405588488288,-2.2081470523968,-2.15506222165785,-1.31790266777607,-0.770813263364527,-1.14264548560961,-2.02371188560736,-2.55705933470044,-2.38254602514912,-1.81234548310733,-1.4355046888245,-1.46627527503196,-1.67862059887756,-1.73871987137092,-1.62133733768115,-1.46367024381451,-1.3321339558733,-1.21260483519068,-1.12803234221016,-1.06073252509768,-0.944003814726093,-0.788805040857521,-0.683105998146215,-0.626751836112058,-0.511733407319787,-0.358828074991606,-0.226076639212472,-0.123677263136159
0.0235217056619741,0.161539065972056,0.24550451047636,0.330084546323018,0.438703550686029,0.565294123856235,0.685833692674612,0.807546017296861,0.932750702969814,1.04310441009186,1.14046630503288,1.23502192637535,1.37495574399719,1.54354283248418,1.63845089181671,1.56408651147116,1.48205288950873,1.68983916296542,2.18657333507775,2.41757123249661,1.90138763470039,1.12343893346709,1.23766526579572,2.43793086180322,3.18569032189599,2.13660586687264,0.265069426678438,-0.141073458966468,1.31890373877718,2.4578429675773,1.47452771053687,-0.686557941523604,-1.7242828723369,-0.85635016483643,0.538059004195661,0.649371589128045,-0.848919266377219,-2.74064091753353,-3.44658063788067,-2.55604868639273,-1.07635645721434,-0.468451488932105,-1.2046316287883,-2.47140395901063,-3.06281291764809,-2.61651420480039,-1.81481699325958,-1.46266860256589,-1.61111113638873,-1.80207025891357,-1.77348518744664,-1.60370273310419,-1.41420773224399,-1.25221859171111,-1.1611477332966,-1.10953874882222,-1.01616425555776,-0.874519116776192,-0.757695595556667,-0.666713922142615,-0.533372860798878,-0.386630994397676,-0.258329775456367,-0.131823781300593
0.0290252260862827,0.140349705125239,0.241408345798413,0.34484346838521,0.455422935239928,0.571349841831322,0.724472794411074,0.879872910615987,1.0100736075568,1.12540690026613,1.22978438617977,1.33290491824126,1.4956558391376,1.68948784987381,1.71332932885508,1.52616636247234,1.53571616288755,2.11916845153077,2.81789540330743,2.61381310658567,1.38939804575793,0.664821014803872,1.8645873310085,3.94389071575306,3.98682862329798,1.28663402047989,-1.0706031073073,-0.0106987335275214,3.05841215520196,3.91056850131022,1.27501166859853,-1.83614470793303,-2.46107163803836,-0.956855142624614,0.542668343913296,0.845700438704449,-0.0270898874609369,-1.83323016366443,-3.80359597671471,-4.49223732589748,-3.09720788311335,-0.870432367448615,-0.0469230420651197,-1.2764859096694,-3.0230248035623,-3.54301470763407,-2.74682811728847,-1.81945419960266,-1.5354182911601,-1.69521930234726,-1.82343595478669,-1.73669788317497,-1.531527809349,-1.33896324053917,-1.23029187994412,-1.16160092473275,-1.06735421429792,-0.949214875963031,-0.822943113378234,-0.680624426594788,-0.531647295374448,-0.409130553512797,-0.286437358396638,-0.131069415977074
0.0181319227682434,0.104669650383486,0.227662118462343,0.379702038703818,0.481516559176201,0.589778817272496,0.771979729303457,0.958505611836775,1.0790264844514,1.1767284810157,1.29091289076833,1.42652381230634,1.61962995540154,1.78951931039367,1.69744829812082,1.49679031479446,1.83370728323553,2.85820023573305,3.39515652302121,2.25440149218839,0.443440548482604,0.677807009839138,3.66198909434718,5.91990408006664,3.74743219312729,-0.952706992853078,-2.27801491882212,1.83638376939223,5.8971162564313,4.33777183710588,-0.653636450376994,-2.92519856709606,-1.15690531877638,0.301661587287934,-0.905675605544112,-1.92136282652372,-0.377184319109656,1.0987735117337,-0.939747196309089,-5.14670666112699,-6.75919056727883,-3.95268694772553,-0.166891687324708,0.589027479605271,-1.57877918668223,-3.72861765219645,-3.89969719592358,-2.72020243381174,-1.72548215523514,-1.53190349489161,-1.74724512899748,-1.83077179561518,-1.67552306113882,-1.46951593781686,-1.33361769089749,-1.2227029304493,-1.09986028334018,-0.992742039802106,-0.868633927143539,-0.694535133837305,-0.536368549744417,-0.429467790960116,-0.298519025327914,-0.116888931642235
-0.00710542709785189,0.0736137385797599,0.223964904536748,0.411882783626365,0.5228063518679,0.643287993962728,0.850958520117041,1.03642594387816,1.12331771995741,1.20164815361294,1.34809811710324,1.55073504696018,1.75370054143667,1.80287135538044,1.58304921889085,1.57673021639037,2.46409350064175,3.72971777461891,3.46979133067626,1.13063675856603,-0.463848143508323,2.00186370282458,6.76459018753788,7.30545803478389,1.31825135488013,-4.3302458527928,-1.59233326298533,6.84643135026678,9.17919439841817,1.61025647987301,-5.80296240413262,-3.36373620449168,4.43501482849433,4.96868868272849,-3.45682543664468,-9.53078900888588,-4.87510018324156,4.28423852719152,5.93667410616459,-1.69383700231144,-9.5736930886943,-9.59012381497841,-3.38530031094822,1.36122880454953,0.833620828742912,-2.4444160080605,-4.42350163202402,-3.89621702378244,-2.3971130250865,-1.58002232058057,-1.63633777331733,-1.8524515572898,-1.80326035068442,-1.60842651566057,-1.44869506593988,-1.28935646755102,-1.12926717346024,-1.01148984245589,-0.891601955520397,-0.711172929072086,-0.553117033653535,-0.450600431405584,-0.310849354292223,-0.12033123255829
-0.0357178559964346,0.0682563125263678,0.239541684531166,0.423954241148622,0.557081232158155,0.709010996077153,0.926090856702936,1.08570702690152,1.15303825806371,1.24256064213242,1.44672523126558,1.71187935671431,1.8735519393755,1.73542431406209,1.48447800034832,1.92571764738287,3.38457838118232,4.32969846958693,2.64925036110222,-0.505726291908641,-0.382808811217393,5.25948813439624,10.2906317273535,6.35236387942025,-3.89842123960976,-7.3444419796245,3.21275531780939,15.3442030869339,11.1575214289744,-5.73792585593318,-14.4375649662324,-2.78494110070753,14.4051705013694,13.7071849667679,-4.62701565190205,-19.611798804052,-14.7668451440047,3.2299260059138,13.0571020953642,6.13740418476627,-7.60207580023757,-14.1171603870596,-9.38987252603458,-1.09276404692891,2.24167373191579,-0.102854722020316,-3.56856198114841,-4.60521004089637,-3.40117847459116,-2.04597843894978,-1.65843630155289,-1.81541458808928,-1.87002588054636,-1.72893465770885,-1.55586547930838,-1.36407322670279,-1.16803245157485,-1.03331498632881,-0.897791783986371,-0.72435885637092,-0.563846006250365,-0.463191931873564,-0.330136707348591,-0.156269242949363
-0.0503350213819527,0.098576109325144,0.269596287745225,0.42747708923485,0.575316598434522,0.756792000837232,0.950530116704069,1.08634971737345,1.18195112418179,1.33117736172296,1.58291742459528,1.85612470289957,1.9116171280107,1.63280471338895,1.57498018391312,2.64604922240729,4.35314260149649,4.20879971636517,0.936288545224426,-1.78923165114066,1.73189903758566,10.1193807108404,12.2486054674067,1.70620118264109,-10.6754005522947,-7.08008002945531,13.0860139293827,24.3221062040363,9.22805215907815,-16.1402261136341,-22.6608058092133,-0.74924997002179,23.440494007108,21.6928239422558,-1.93805866251002,-23.4470817114437,-24.0343121387517,-5.70821008048092,11.7454980653964,12.9011054458332,0.56910141274845,-11.8508940197213,-14.1099269453634,-7.06594613470699,0.201299278032115,1.50652556363746,-1.49511194519614,-4.13286283236443,-4.18330940374915,-2.85542176094809,-1.93497722225674,-1.79753759158097,-1.87130492393973,-1.82145039500126,-1.65545474284092,-1.44491753717408,-1.22982022952177,-1.06850142752241,-0.912552394597049,-0.736502660943542,-0.574657824619177,-0.460227403162117,-0.34098588566132,-0.19311186182648
-0.0390068586737424,0.143537994832756,0.305347609862556,0.438207738609814,0.599690392077028,0.790046680055534,0.94325225797043,1.06447990354961,1.22439034449801,1.44724730348014,1.7075360069261,1.9121926590512,1.83480832629354,1.56987794824321,1.96261278530812,3.61328650570925,4.93383499690072,3.1237000779895,-1.0650132252375,-1.4962541228743,6.23301347023752,14.7348358550618,10.3023776681228,-6.173623830498,-15.1831975161602,0.098203182931865,25.3888296394085,26.6812624538095,0.730295010693663,-23.8291216522269,-20.32466018554,4.87387840932671,20.9148304195187,16.8147165239188,2.39022482754513,-10.9889306934338,-18.790101780738,-18.2772418762343,-6.0926498246615,8.53227980751149,10.6309643792644,-0.217230404602914,-11.9527714822468,-13.4351617704056,-5.99487420628282,0.361709873230817,0.544805277580278,-2.44994508151545,-4.1838820273164,-3.63724516511429,-2.44895666027293,-1.88617247321261,-1.8567743698983,-1.87929138950645,-1.74447193081699,-1.52743666749314,-1.30983592961561,-1.11871351017213,-0.943048659265932,-0.765829921043123,-0.606463519411052,-0.462433165152023,-0.331153717518569,-0.199553646351011
-0.0216549433574559,0.172459239057499,0.334084732410613,0.459743570242606,0.642035255041406,0.830399144649174,0.962364450251739,1.07761857716169,1.2891637050673,1.54915427793562,1.78183865036102,1.87361352474887,1.7123215735392,1.65291799663565,2.61803537080625,4.46916599798953,4.68944874914127,1.26909867744093,-2.28523438349638,1.29690401641162,12.0434682585106,16.1874796706072,3.21979301469869,-14.5008516188902,-11.8371322038628,16.2843361495027,33.5296201935072,14.4692611281008,-16.3066083887414,-21.2145602363707,5.08915029148727,18.3636146286142,-0.322567807736973,-14.8224965302298,-0.595836416960632,19.7542602887727,10.8569392922483,-21.4388378204963,-36.7732469151806,-14.4783319803565,14.0630038916867,16.4448174436344,-1.2820530803203,-15.4873860953881,-13.6898924455071,-3.97031131820261,1.05168301444133,-0.458815118135778,-3.32915782028004,-4.0024653046919,-3.01547911725862,-2.11555807254551,-1.88492025985269,-1.90366206875157,-1.80318664991998,-1.59890545593548,-1.38862377183124,-1.17856189383496,-0.977516624521586,-0.808859198270195,-0.662187809631846,-0.488271671954677,-0.322545156453849,-0.184166221758854
-0.026138758230573,0.172423803706732,0.349795049509238,0.489979414548776,0.679218522694836,0.875304642418286,1.01360698839817,1.14626122958352,1.36184501191401,1.62374339875344,1.80973343022573,1.81465270045687,1.67025576668548,1.97216267110065,3.37822941561994,4.83011668290632,3.51320023472903,-0.657618390495594,-1.6772960015307,6.43024428839746,16.7643424007212,12.2689151521392,-7.90881049244232,-19.1041392966954,3.41074741455989,38.6122304857222,31.3436832379541,-14.5148400966724,-41.8866495925387,-4.16749492122117,55.7715146815564,41.0252463345893,-31.2096651129336,-72.7185496098207,-22.0509476465509,57.2342387436345,56.7953647999837,-7.10923226299365,-60.9480228527029,-48.8796109950033,4.26409953316408,28.2543780977002,12.4878222266652,-11.3324253415814,-18.1529291988015,-9.25986311204846,-0.549140355363958,0.541898367005092,-2.21497573140823,-3.83375147967133,-3.38718212193463,-2.41825527736833,-1.98080209827951,-1.91455689865523,-1.82357189824506,-1.63783245930796,-1.44705723403821,-1.22981246513695,-1.00888936204863,-0.83947544463412,-0.711600273687129,-0.530280759814895,-0.337655420139813,-0.184614141976478
-0.0474483787289337,0.15832588268151,0.36210871913898,0.521551054057138,0.693845544909014,0.887974048916268,1.05249575909909,1.21249663194679,1.42134364669135,1.67149821951795,1.83033528047247,1.80166189588009,1.79181048136121,2.4872769163117,4.00408077671914,4.51875710273164,1.82874744685805,-1.70459344764743,1.11607450604967,12.2802551556642,17.9673055430989,3.46536776370923,-19.3751947188243,-16.3959968017494,27.9245937377665,58.1039442384821,19.07256880255,-50.9839707982597,-69.5344227895106,22.1823154205709,110.84995002702,64.932575216093,-51.0471577768108,-125.214731059707,-58.8348423560494,75.5989960967245,92.7332473998192,16.5511229626039,-60.6952792497074,-69.4235280656074,-14.5249758713791,25.3377205110584,19.5508586487011,-4.02965810965446,-16.2280252158497,-11.8121217155528,-3.33745034843084,-0.272829349488463,-1.71818415525225,-3.35004436041569,-3.41256241506425,-2.65708074228701,-2.12780522314919,-1.9499905977871,-1.82608208082992,-1.64482497691665,-1.46366742031143,-1.26096923586434,-1.03458120359294,-0.850650919817378,-0.727483977494781,-0.563536164963931,-0.369260195564316,-0.207062481398083
-0.0471841561826096,0.158274497090368,0.377724208757574,0.54714579342098,0.689717022984369,0.861535173854824,1.04571393915277,1.23008285846547,1.44995176403513,1.70068390262685,1.85621528514093,1.84747358660492,2.04201894697491,3.01287996819004,4.25264236830338,3.66441133884515,0.411774400367653,-1.16717868894544,5.27998306990053,16.2833979417318,14.775314612605,-6.60680140757546,-25.547139005135,-5.59707552739741,49.7564800033925,63.7833106206224,3.01719280155097,-75.1282787804834,-79.4312098897344,41.3871928041975,130.603205262958,74.0466068834414,-47.9781378894101,-126.783653330699,-74.6507345656982,49.1284338498358,84.9033058596081,30.6259045656316,-35.2646561397386,-54.25580500115,-25.7871559939561,5.85279868603786,11.9932065670455,0.884139977609717,-8.61469148205162,-9.41592896750299,-5.59507895194809,-2.72035532527586,-2.30492252918556,-2.90180099686083,-3.11011139741515,-2.74094266310683,-2.29092287682716,-2.03095491203017,-1.85103124693867,-1.63937868997818,-1.44781629819159,-1.2708085368856,-1.06093184263239,-0.859309423625158,-0.720599414359937,-0.575712165405213,-0.390795589793964,-0.213804742122925
-0.00371399624938462,0.181848261209147,0.389423955711994,0.558036752680486,0.681414557622956,0.833098278825933,1.0242110552942,1.22854198243204,1.46028921083737,1.72062657193063,1.86898883463456,1.92754703542577,2.31559903370767,3.33535989995074,4.00800778012729,2.62811504696425,-0.0412793332964574,0.962458638388079,9.04121951179058,16.2713814015651,8.27753112527866,-12.8915818727769,-20.8901721030473,10.0940727707407,54.024853136948,48.1491697270847,-10.9736825220206,-66.5751766070865,-46.1050307117724,40.4702570449801,82.9946674313877,47.4481020035008,-25.2299180743457,-57.7846706375213,-33.8559838165494,-7.56725983627202,12.7120185602116,15.1597876404281,3.94712084473047,-6.45159653917454,-17.7843355488037,-19.9590742241892,-9.58274967209075,-0.061062297472203,1.07038943231735,-3.23704663939481,-6.37281389567858,-5.73650988303127,-3.66614191705859,-2.63679054608036,-2.64969073051361,-2.69729194922574,-2.44270229352055,-2.14181530111972,-1.90330808029084,-1.65141453296812,-1.43832102922408,-1.28076689319459,-1.09526613802644,-0.88038953808535,-0.715895732798254,-0.576257669434874,-0.386842532483424,-0.179974428669887
0.0494008926613931,0.203935834905462,0.389035435274588,0.551241559055718,0.680006475016425,0.835827105105262,1.04434172224437,1.26032536655326,1.4901735416151,1.73197083056892,1.87151400682121,2.0146819685914,2.5330083218114,3.3600457846832,3.38577057623572,1.82736662642672,0.718520911437591,3.95663090006857,10.7482201183747,11.7639656179542,0.574823585572275,-11.8778445452866,-3.683479739832,25.4184605172481,35.9653893576489,10.1364229250724,-22.6448486069212,-17.0802750640778,30.8971214068579,30.3557181771591,-18.2165489646261,-34.7274347370462,4.40126836489628,63.7615357292843,43.7579503699174,-46.544260539104,-94.0875013645811,-38.0412558960901,41.1905500734142,49.8786378512225,2.29542740863029,-38.7744969453898,-34.0064039341225,-5.09010894104983,8.83616231990479,2.94718616147479,-6.25464516436308,-8.12439256799799,-4.89573668894536,-2.43147547052057,-2.23774076537795,-2.64771607582503,-2.56803486798302,-2.23425781287734,-1.94462090833469,-1.69003973606157,-1.46795996330893,-1.31539091043147,-1.13726338595614,-0.906287275804604,-0.71848267104666,-0.572035355605088,-0.368435372362439,-0.133079947089879
0.0527722703247822,0.19503993961567,0.374572236574869,0.543878700621446,0.685256490373716,0.870560232684031,1.10507574591721,1.32836714695146,1.53752803855996,1.74075312641364,1.88445939346276,2.10707640508441,2.66165214688886,3.16090369990054,2.67964832465564,1.53395580199964,2.36318211545242,6.79572984533037,10.0541198566896,4.45423724671939,-6.3793916028499,-4.3133914702809,20.7328424146118,36.9668073477646,6.91126270515165,-40.5305186341916,-36.6617067608573,56.9737132561017,116.684419018588,29.8382599062281,-108.420018069457,-154.211981467784,18.3486880914749,182.312696642623,112.152598023234,-52.5483326616353,-166.351295013504,-99.0746343867019,59.663460910686,85.060983557512,17.3549863677937,-45.8580208444164,-46.9023395525099,-8.11681504240761,12.2688702242669,5.32238389534348,-6.60722344712583,-9.16604590163314,-5.12629415946699,-2.11445537947698,-2.04340244139264,-2.70392682339074,-2.65994720373955,-2.25462285919279,-1.94724539826248,-1.72842305148188,-1.5254299736755,-1.36248905366935,-1.16817198395502,-0.918932522564784,-0.714684655120353,-0.560809972520774,-0.356743434556174,-0.119956019722592
-1.44096784972153e-13,0.153459735982028,0.359745528017398,0.547985480008987,0.699334755396284,0.906504038099075,1.15882831553732,1.37531857918451,1.558699046218,1.74381919819275,1.91739267870349,2.19825459909447,2.69983295999974,2.89563037851914,2.18432213933045,1.7225879760226,4.12048568194234,8.67517293746377,8.12506419792667,-2.36395300292087,-11.0994240120346,4.44570127472656,41.223811563973,44.1003761664588,-14.7188527287763,-80.3952990588258,-53.5076424373248,110.09131521901,170.549176508195,41.1905579022786,-139.660625659692,-224.105389682168,1.00885417532692e-12,224.105389682168,139.660625659691,-41.1905579022797,-170.549176508195,-110.091315219009,53.5076424373255,80.3952990588256,14.7188527287758,-44.1003761664592,-41.223811563973,-4.44570127472627,11.0994240120348,2.36395300292088,-8.12506419792683,-8.67517293746394,-4.1204856819424,-1.72258797602254,-2.18432213933028,-2.89563037851894,-2.69983295999973,-2.19825459909477,-1.91739267870385,-1.74381919819273,-1.55869904621755,-1.37531857918413,-1.15882831553746,-0.906504038099539,-0.699334755396502,-0.547985480008744,-0.359745528017088,-0.15345973598208
-0.0527722703250415,0.119956019722633,0.356743434556525,0.56080997252102,0.714684655120125,0.918932522564344,1.16817198395486,1.36248905366963,1.52542997367588,1.72842305148194,1.94724539826227,2.25462285919258,2.6599472037395,2.70392682339085,2.04340244139277,2.11445537947706,5.12629415946697,9.16604590163299,6.60722344712566,-5.32238389534344,-12.2688702242667,8.11681504240788,46.9023395525098,45.858020844416,-17.3549863677941,-85.060983557512,-59.6634609106852,99.0746343867025,166.351295013504,52.5483326616344,-112.152598023234,-182.312696642622,-18.3486880914733,154.211981467784,108.420018069456,-29.8382599062289,-116.684419018587,-56.9737132561006,36.6617067608576,40.5305186341912,-6.91126270515211,-36.9668073477647,-20.7328424146116,4.3133914702811,6.37939160284996,-4.45423724671944,-10.0541198566897,-6.79572984533046,-2.36318211545247,-1.53395580199964,-2.67964832465554,-3.16090369990036,-2.66165214688877,-2.10707640508463,-1.88445939346309,-1.74075312641369,-1.53752803855966,-1.32836714695117,-1.10507574591728,-0.87056023268433,-0.685256490373801,-0.543878700621257,-0.374572236574702,-0.195039939615828
-0.049400892661565,0.133079947089942,0.368435372362683,0.572035355605244,0.718482671046559,0.906287275804385,1.13726338595604,1.31539091043155,1.46795996330905,1.69003973606161,1.94462090833467,2.23425781287732,2.56803486798299,2.64771607582498,2.23774076537796,2.43147547052064,4.89573668894541,8.1243925679979,6.25464516436294,-2.94718616147478,-8.83616231990461,5.09010894104999,34.0064039341224,38.7744969453896,-2.29542740863047,-49.8786378512222,-41.1905500734137,38.0412558960902,94.0875013645805,46.5442605391033,-43.7579503699173,-63.7615357292832,-4.4012683648957,34.7274347370456,18.2165489646252,-30.3557181771594,-30.8971214068571,17.0802750640784,22.644848606921,-10.1364229250728,-35.9653893576491,-25.418460517248,3.68347973983223,11.8778445452867,-0.574823585572372,-11.7639656179542,-10.7482201183747,-3.95663090006853,-0.718520911437589,-1.82736662642678,-3.38577057623575,-3.36004578468311,-2.5330083218113,-2.01468196859143,-1.87151400682133,-1.731970830569,-1.49017354161505,-1.26032536655319,-1.0443417222444,-0.835827105105317,-0.68000647501637,-0.55124155905559,-0.389035435274579,-0.203935834905647
0.00371399624934554,0.179974428669956,0.386842532483488,0.576257669434872,0.715895732798248,0.880389538085407,1.09526613802648,1.28076689319451,1.43832102922394,1.65141453296808,1.90330808029097,2.14181530111988,2.44270229352055,2.6972919492256,2.64969073051354,2.63679054608042,3.66614191705867,5.73650988303125,6.37281389567852,3.23704663939482,-1.07038943231729,0.0610622974722039,9.58274967209065,19.9590742241891,17.7843355488038,6.45159653917483,-3.94712084473032,-15.1597876404283,-12.7120185602121,7.56725983627187,33.85598381655,57.784670637522,25.2299180743455,-47.4481020035015,-82.9946674313882,-40.4702570449797,46.1050307117732,66.5751766070865,10.9736825220201,-48.1491697270852,-54.0248531369479,-10.0940727707403,20.8901721030475,12.8915818727768,-8.27753112527887,-16.2713814015652,-9.04121951179052,-0.96245863838793,0.0412793332965311,-2.62811504696433,-4.00800778012745,-3.33535989995081,-2.31559903370759,-1.92754703542561,-1.86898883463445,-1.72062657193067,-1.46028921083753,-1.2285419824322,-1.02421105529422,-0.833098278825791,-0.681414557622766,-0.558036752680438,-0.389423955712122,-0.181848261209298
0.0471841561827056,0.213804742122994,0.390795589793866,0.575712165405049,0.720599414359972,0.859309423625405,1.06093184263256,1.27080853688546,1.4478162981913,1.63937868997807,1.85103124693885,2.03095491203039,2.29092287682718,2.7409426631067,3.11011139741508,2.90180099686085,2.30492252918559,2.72035532527587,5.59507895194812,9.41592896750302,8.6146914820516,-0.884139977609833,-11.9932065670456,-5.8527986860378,25.7871559939564,54.2558050011502,35.2646561397384,-30.6259045656321,-84.9033058596085,-49.1284338498355,74.650734565699,126.783653330699,47.9781378894094,-74.0466068834421,-130.603205262958,-41.3871928041966,79.4312098897349,75.128278780483,-3.01719280155161,-63.7833106206227,-49.7564800033921,5.59707552739786,25.5471390051351,6.60680140757529,-14.7753146126052,-16.2833979417319,-5.27998306990044,1.16717868894562,-0.411774400367534,-3.66441133884521,-4.25264236830358,-3.0128799681902,-2.04201894697489,-1.8474735866047,-1.85621528514072,-1.70068390262683,-1.44995176403536,-1.23008285846572,-1.04571393915278,-0.861535173854605,-0.689717022984178,-0.547145793421015,-0.377724208757757,-0.158274497090426
0.0474483787291291,0.207062481398168,0.369260195564147,0.563536164963686,0.727483977494799,0.850650919817662,1.03458120359316,1.26096923586424,1.46366742031116,1.64482497691653,1.82608208083005,1.94999059778723,2.12780522314921,2.65708074228695,3.41256241506421,3.35004436041567,1.71818415525222,0.272829349488481,3.33745034843094,11.8121217155529,16.2280252158496,4.02965810965427,-19.5508586487012,-25.3377205110583,14.5249758713794,69.4235280656075,60.6952792497071,-16.5511229626043,-92.7332473998193,-75.5989960967239,58.8348423560501,125.214731059707,51.04715777681,-64.9325752160935,-110.849950027019,-22.1823154205699,69.5344227895108,50.9839707982593,-19.0725688025505,-58.1039442384821,-27.9245937377661,16.3959968017496,19.3751947188243,-3.46536776370939,-17.9673055430991,-12.2802551556642,-1.11607450604961,1.70459344764755,-1.82874744685795,-4.51875710273166,-4.00408077671927,-2.48727691631186,-1.79181048136125,-1.80166189587993,-1.83033528047226,-1.6714982195179,-1.42134364669151,-1.21249663194699,-1.0524957590991,-0.887974048916083,-0.69384554490891,-0.521551054057234,-0.362108719139149,-0.158325882681496
0.0261387582307755,0.184614141976571,0.337655420139662,0.530280759814657,0.711600273687092,0.839475444634321,1.00888936204881,1.22981246513691,1.44705723403805,1.63783245930789,1.82357189824512,1.91455689865528,1.98080209827951,2.41825527736834,3.38718212193465,3.83375147967128,2.21497573140815,-0.541898367005099,0.549140355364076,9.25986311204857,18.1529291988015,11.3324253415812,-12.4878222266653,-28.2543780977,-4.26409953316382,48.8796109950033,60.9480228527026,7.10923226299333,-56.7953647999836,-57.234238743634,22.0509476465513,72.7185496098204,31.2096651129329,-41.0252463345896,-55.7715146815559,4.16749492122177,41.8866495925386,14.514840096672,-31.3436832379544,-38.612230485722,-3.4107474145596,19.1041392966955,7.90881049244222,-12.2689151521393,-16.7643424007212,-6.43024428839744,1.67729600153073,0.657618390495622,-3.51320023472901,-4.8301166829063,-3.37822941561996,-1.9721626711007,-1.67025576668552,-1.81465270045686,-1.80973343022567,-1.6237433987534,-1.36184501191406,-1.14626122958358,-1.01360698839814,-0.8753046424182,-0.679218522694815,-0.489979414548882,-0.349795049509353,-0.172423803706668
0.0216549433575851,0.184166221758908,0.32254515645376,0.48827167195455,0.662187809631824,0.808859198270282,0.977516624521653,1.17856189383494,1.38862377183119,1.59890545593548,1.80318664992,1.90366206875156,1.88492025985268,2.11555807254555,3.01547911725866,4.00246530469185,3.32915782027994,0.458815118135775,-1.05168301444121,3.97031131820269,13.689892445507,15.4873860953879,1.28205308032026,-16.4448174436343,-14.0630038916866,14.4783319803565,36.7732469151804,21.4388378204961,-10.8569392922482,-19.7542602887723,0.595836416960782,14.8224965302296,0.322567807736633,-18.3636146286142,-5.08915029148691,21.2145602363708,16.3066083887412,-14.469261128101,-33.5296201935072,-16.2843361495024,11.837132203863,14.5008516188901,-3.21979301469883,-16.1874796706073,-12.0434682585106,-1.29690401641155,2.28523438349637,-1.26909867744099,-4.68944874914131,-4.46916599798952,-2.61803537080618,-1.6529179966356,-1.71232157353922,-1.87361352474895,-1.78183865036108,-1.54915427793562,-1.28916370506725,-1.07761857716164,-0.962364450251701,-0.830399144649176,-0.64203525504146,-0.459743570242694,-0.334084732410656,-0.172459239057431
0.0390068586737797,0.199553646351013,0.331153717518539,0.462433165152,0.606463519411063,0.765829921043145,0.943048659265916,1.1187135101721,1.30983592961561,1.52743666749318,1.74447193081701,1.87929138950642,1.85677436989828,1.88617247321264,2.44895666027294,3.63724516511425,4.18388202731635,2.44994508151547,-0.544805277580211,-0.361709873230799,5.99487420628276,13.4351617704055,11.9527714822468,0.217230404602987,-10.6309643792644,-8.53227980751152,6.09264982466141,18.2772418762342,18.790101780738,10.9889306934339,-2.39022482754515,-16.8147165239189,-20.9148304195187,-4.87387840932654,20.3246601855402,23.8291216522268,-0.730295010693906,-26.6812624538095,-25.3888296394083,-0.0982031829316252,15.1831975161602,6.17362383049782,-10.3023776681229,-14.7348358550617,-6.23301347023739,1.49625412287438,1.06501322523748,-3.12370007798959,-4.9338349969008,-3.61328650570924,-1.96261278530802,-1.56987794824311,-1.83480832629353,-1.9121926590513,-1.70753600692621,-1.44724730348015,-1.22439034449792,-1.06447990354951,-0.943252257970421,-0.790046680055593,-0.599690392077088,-0.438207738609837,-0.30534760986254,-0.143537994832721
0.0503350213819189,0.193111861826441,0.340985885661315,0.460227403162158,0.574657824619229,0.736502660943541,0.91255239459699,1.06850142752235,1.22982022952178,1.44491753717413,1.65545474284095,1.82145039500125,1.8713049239397,1.79753759158096,1.93497722225674,2.85542176094808,4.18330940374917,4.13286283236447,1.49511194519616,-1.5065255636375,-0.201299278032169,7.06594613470699,14.1099269453635,11.8508940197213,-0.569101412748479,-12.9011054458332,-11.7454980653964,5.70821008048098,24.0343121387517,23.4470817114436,1.93805866250989,-21.6928239422558,-23.4404940071079,0.749249970022024,22.6608058092134,16.1402261136339,-9.22805215907838,-24.3221062040363,-13.0860139293824,7.08008002945548,10.6754005522946,-1.70620118264127,-12.2486054674068,-10.1193807108403,-1.73189903758554,1.7892316511407,-0.936288545224473,-4.20879971636524,-4.35314260149653,-2.64604922240728,-1.57498018391305,-1.63280471338888,-1.91161712801069,-1.85612470289965,-1.58291742459536,-1.33117736172296,-1.18195112418171,-1.0863497173734,-0.950530116704095,-0.756792000837298,-0.575316598434552,-0.427477089234821,-0.269596287745181,-0.0985761093251369
0.0357178559963778,0.156269242949306,0.330136707348588,0.463191931873629,0.563846006250434,0.724358856370918,0.897791783986297,1.03331498632874,1.16803245157486,1.36407322670285,1.55586547930843,1.72893465770884,1.87002588054632,1.81541458808925,1.65843630155288,2.0459784389498,3.4011784745912,4.6052100408964,3.56856198114838,0.102854722020255,-2.24167373191582,1.09276404692896,9.38987252603465,14.1171603870596,7.6020758002375,-6.13740418476633,-13.0571020953641,-3.22992600591368,14.7668451440047,19.6117988040519,4.62701565190187,-13.707184966768,-14.4051705013692,2.78494110070776,14.4375649662325,5.73792585593297,-11.1575214289746,-15.3442030869339,-3.21275531780919,7.34444197962458,3.89842123960965,-6.35236387942038,-10.2906317273535,-5.25948813439614,0.382808811217457,0.505726291908616,-2.64925036110228,-4.32969846958695,-3.3845783811823,-1.92571764738285,-1.48447800034831,-1.73542431406209,-1.8735519393755,-1.71187935671433,-1.4467252312656,-1.2425606421324,-1.15303825806367,-1.08570702690151,-0.926090856702976,-0.709010996077197,-0.557081232158149,-0.423954241148573,-0.239541684531122,-0.0682563125263753
0.00710542709780304,0.120331232558237,0.310849354292222,0.45060043140565,0.553117033653598,0.711172929072071,0.891601955520316,1.01148984245584,1.12926717346028,1.28935646755109,1.44869506593991,1.60842651566053,1.80326035068437,1.85245155728977,1.63633777331735,1.58002232058061,2.39711302508653,3.89621702378244,4.42350163202398,2.44441600806045,-0.833620828742914,-1.36122880454948,3.38530031094827,9.5901238149784,9.57369308869422,1.69383700231137,-5.93667410616457,-4.2842385271914,4.87510018324166,9.53078900888582,3.45682543664451,-4.96868868272858,-4.43501482849423,3.36373620449185,5.80296240413264,-1.61025647987315,-9.17919439841826,-6.84643135026671,1.59233326298545,4.33024585279279,-1.31825135488024,-7.30545803478394,-6.76459018753782,-2.00186370282449,0.463848143508316,-1.1306367585661,-3.4697913306763,-3.72971777461887,-2.46409350064169,-1.57673021639037,-1.5830492188909,-1.80287135538048,-1.75370054143667,-1.55073504696016,-1.34809811710322,-1.20164815361293,-1.12331771995741,-1.03642594387819,-0.850958520117075,-0.643287993962738,-0.522806351867876,-0.411882783626327,-0.223964904536721,-0.0736137385797688
-0.018131922768275,0.116888931642201,0.298519025327928,0.429467790960178,0.536368549744453,0.694535133837257,0.868633927143455,0.992742039802092,1.09986028334026,1.22270293044937,1.33361769089748,1.46951593781679,1.67552306113877,1.83077179561521,1.74724512899752,1.53190349489163,1.72548215523512,2.72020243381171,3.89969719592356,3.72861765219645,1.57877918668223,-0.589027479605248,0.16689168732474,3.95268694772554,6.75919056727879,5.14670666112692,0.939747196309073,-1.09877351173361,0.377184319109762,1.92136282652372,0.905675605543995,-0.301661587288018,1.15690531877643,2.92519856709615,0.653636450376996,-4.33777183710595,-5.89711625643131,-1.83638376939215,2.27801491882215,0.952706992853011,-3.74743219312737,-5.91990408006662,-3.66198909434708,-0.677807009839098,-0.44344054848268,-2.25440149218849,-3.3951565230212,-2.85820023573296,-1.83370728323547,-1.49679031479449,-1.6974482981209,-1.7895193103937,-1.61962995540151,-1.4265238123063,-1.29091289076831,-1.1767284810157,-1.07902648445143,-0.958505611836807,-0.771979729303467,-0.589778817272479,-0.481516559176177,-0.379702038703805,-0.227662118462339,-0.104669650383495
-0.0290252260863046,0.131069415977063,0.286437358396674,0.409130553512856,0.531647295374448,0.680624426594704,0.822943113378162,0.949214875963071,1.06735421429803,1.1616009247328,1.23029187994404,1.33896324053908,1.531527809349,1.73669788317505,1.82343595478674,1.69521930234724,1.53541829116006,1.81945419960265,2.74682811728849,3.54301470763408,3.02302480356228,1.27648590966939,0.0469230420651474,0.870432367448648,3.09720788311333,4.49223732589741,3.80359597671467,1.83323016366448,0.0270898874610177,-0.845700438704437,-0.542668343913354,0.956855142624578,2.46107163803838,1.83614470793304,-1.27501166859856,-3.91056850131023,-3.05841215520191,0.0106987335275751,1.07060310730726,-1.28663402047998,-3.98682862329799,-3.94389071575296,-1.86458733100841,-0.664821014803914,-1.38939804575806,-2.61381310658573,-2.81789540330734,-2.11916845153066,-1.53571616288753,-1.52616636247243,-1.71332932885515,-1.6894878498738,-1.49565583913755,-1.33290491824122,-1.22978438617977,-1.12540690026616,-1.01007360755683,-0.879872910616006,-0.724472794411063,-0.571349841831293,-0.455422935239913,-0.344843468385216,-0.241408345798422,-0.14034970512525
-0.0235217056619903,0.131823781300604,0.258329775456423,0.386630994397721,0.533372860798836,0.666713922142511,0.757695595556631,0.874519116776285,1.01616425555787,1.1095387488222,1.16114773329648,1.25221859171104,1.41420773224405,1.60370273310429,1.77348518744665,1.8020702589135,1.61111113638868,1.46266860256592,1.81481699325962,2.61651420480039,3.06281291764804,2.47140395901061,1.20463162878834,0.468451488932146,1.07635645721431,2.55604868639267,3.44658063788065,2.74064091753357,0.84891926637725,-0.649371589128069,-0.538059004195685,0.856350164836458,1.72428287233692,0.686557941523569,-1.47452771053692,-2.45784296757727,-1.3189037387771,0.141073458966472,-0.265069426678546,-2.13660586687272,-3.18569032189591,-2.43793086180306,-1.23766526579568,-1.12343893346723,-1.90138763470053,-2.41757123249659,-2.1865733350776,-1.68983916296533,-1.4820528895088,-1.56408651147128,-1.63845089181674,-1.54354283248411,-1.37495574399713,-1.23502192637535,-1.14046630503291,-1.04310441009188,-0.932750702969831,-0.807546017296864,-0.685833692674592,-0.565294123856209,-0.438703550686024,-0.330084546323033,-0.245504510476376,-0.161539065972071
-0.0110731287239548,0.123677263136187,0.226076639212529,0.358828074991623,0.511733407319714,0.626751836111969,0.683105998146233,0.788805040857643,0.944003814726163,1.0607325250976,1.12803234221003,1.21260483519067,1.33213395587341,1.46367024381459,1.62133733768111,1.73871987137083,1.67862059887755,1.46627527503203,1.43550468882454,1.81234548310728,2.38254602514907,2.55705933470046,2.02371188560743,1.14264548560962,0.770813263364464,1.31790266777602,2.1550622216579,2.20814705239687,1.23405588488285,0.189167578451418,0.0425662633467817,0.610242171856111,0.772784772348723,-0.0534983340866447,-1.11568911309694,-1.28882816812226,-0.599879878049807,-0.281179428793984,-1.02028858148254,-2.05622456315802,-2.23744425072928,-1.61692258328545,-1.1979804237655,-1.47001422825369,-1.94806998469036,-2.023242113835,-1.74430072900317,-1.51830334612879,-1.50921653542227,-1.56670183609594,-1.53091803397553,-1.4060913831515,-1.25929912382843,-1.13417519144377,-1.04895997690408,-0.970081112185623,-0.876993697779727,-0.745630223528505,-0.632184102252692,-0.52812286446306,-0.416888576881706,-0.315490016685514,-0.234639772694312,-0.146340170453261
0.00831190736138995,0.123850034982646,0.226665934292791,0.336716323468983,0.459070390146642,0.54988022102551,0.618778499255543,0.719942022798569,0.86639416815831,1.00055650545664,1.10287115642639,1.18554693771355,1.25819771855862,1.32930059095678,1.4402670754152,1.57037847323709,1.62687894991652,1.53973667363924,1.42131751504922,1.45902481102602,1.7419155364782,2.05473607490162,2.05329599624576,1.62765716216838,1.14559957608131,1.051918138085,1.30290358937819,1.40307727393363,1.0715132584672,0.620755639441442,0.456796881819357,0.492999750794048,0.274118746458395,-0.28900124622278,-0.734406403955747,-0.707765889554153,-0.494326371682153,-0.670384025049521,-1.23986000706474,-1.65355093232006,-1.56785830441874,-1.27677061882411,-1.26007325559634,-1.52706768073483,-1.73467198061184,-1.67879648643557,-1.50838133518821,-1.44349747690521,-1.48356097611366,-1.49869648558056,-1.41522337485986,-1.28640937122796,-1.16213341045892,-1.06086772636275,-0.992317703960176,-0.933759884418598,-0.84702972519393,-0.712089860388837,-0.579004619825022,-0.475938307270055,-0.381105852359229,-0.287768917345569,-0.199840903680188,-0.107278505005001
0.0226510970323557,0.13404195847458,0.255397108434724,0.336473960982762,0.403082979303728,0.478521409547157,0.58056169803637,0.686505737953783,0.798117621751411,0.928933882798188,1.05342872669918,1.13498789770388,1.17121861599782,1.20718509812105,1.28404868307735,1.39594492780621,1.49959868361421,1.52743845257461,1.46585407228486,1.38987749026184,1.42281603140766,1.56594403182546,1.67974655130302,1.61757173814177,1.40208087377598,1.17025163946655,1.02955007649706,0.928532502590618,0.802190359955515,0.655648674314632,0.549165451931446,0.411793082470139,0.132732766158052,-0.243081269415107,-0.472789544914582,-0.50931457502417,-0.563204293926621,-0.837419895317347,-1.17015693954487,-1.30394570121567,-1.22700096705332,-1.16752688207137,-1.25640878837452,-1.4115553539192,-1.49146088666085,-1.45506828661461,-1.38407373405315,-1.35706283483352,-1.3764570874101,-1.36148951838177,-1.27783499836818,-1.16227061049949,-1.07937941797838,-1.01934817470914,-0.967058726265146,-0.905511820428952,-0.820020880770201,-0.700561255122477,-0.562589424200458,-0.449081859289371,-0.354029187701758,-0.257880040003983,-0.158450801252811,-0.0717607941404344
0.0178568855360994,0.131781687386827,0.264808272445162,0.342857182795226,0.379312536197235,0.455176769199114,0.572196024936975,0.670050925487283,0.750254581763941,0.858047569806852,0.983078035794477,1.05351374089933,1.08553442761923,1.11467909063632,1.16991676574344,1.25139076819504,1.35465004105304,1.43037798602276,1.42238195448883,1.36110490874966,1.31493953196021,1.31776257179455,1.34693530595386,1.37471980877738,1.34210701536271,1.19026760301837,0.96906139367606,0.785959106691972,0.686117684623747,0.602688377127493,0.491330763369281,0.316487467332857,0.0880976246347978,-0.1706965807134,-0.345540044097294,-0.448537672397561,-0.576645813080855,-0.798421499952499,-0.995597044353515,-1.07073035942762,-1.0728165643617,-1.11513281826006,-1.21293728185396,-1.29426571817676,-1.33012389410077,-1.31545745129782,-1.28422221771294,-1.25532334736532,-1.24672423138449,-1.21052482139024,-1.13143225472339,-1.03799122878775,-0.995321605547521,-0.977068425187449,-0.928211221894596,-0.849760039168372,-0.769023069892337,-0.683189466074835,-0.567298861900179,-0.447453120861335,-0.346507416597051,-0.248849396103482,-0.143825525715479,-0.0610019278069825
-0.000482709681984998,0.106461693369112,0.231299183544241,0.32735298222333,0.386670523353545,0.467494413485075,0.565859508935892,0.637615975242795,0.710631507707339,0.807511730620454,0.909555728084943,0.969071306959911,1.01911551323276,1.06604253778286,1.09623970705002,1.13314300109522,1.21200060918626,1.29944789297872,1.31387763695223,1.28831092324043,1.24937114413569,1.22160834273659,1.17748303978411,1.15980124771279,1.13347473456934,1.04461920023719,0.891266965436344,0.759840252598994,0.674746700364739,0.576951920552151,0.433783094311654,0.245180104978779,0.0463847125620703,-0.152793475180473,-0.302456623127087,-0.414930861741189,-0.530110152277806,-0.681483581741439,-0.821027322410239,-0.901364962383653,-0.959949461907775,-1.03990391744397,-1.15369971104278,-1.21968343022,-1.22868548998968,-1.20139472812502,-1.18452217442956,-1.17055717924252,-1.14885890148681,-1.09864303202182,-1.02454098334002,-0.950522370275802,-0.918496812676861,-0.905301984350975,-0.85486622917143,-0.772851222979798,-0.699262205947143,-0.642221290702109,-0.539904315092227,-0.429269132270511,-0.333486441046741,-0.259043360267059,-0.164762087675562,-0.0755558806972966
-0.0107210952321866,0.0814970699831339,0.191195952355152,0.298171548002057,0.390717922292689,0.469925955605615,0.525600875832953,0.578472839319276,0.660581508801238,0.770426781027407,0.845792895594782,0.900595855097852,0.969079223626402,1.03481488353693,1.04855907041051,1.04635131726313,1.09249628999696,1.16943022618679,1.2028506271677,1.1981919077393,1.1704659788385,1.13433507322688,1.08062539249305,1.02614933867884,0.963964612235625,0.888393720370413,0.804245810768555,0.721369374568219,0.628380428562015,0.517100842875811,0.381547141779697,0.214080879513606,0.0299873939013072,-0.136028288604715,-0.26163367574635,-0.37396585206069,-0.483061443938411,-0.5950697183739,-0.699913302940964,-0.782159989351139,-0.856968101110656,-0.946603645477374,-1.06212589638165,-1.13016425423904,-1.11841188339628,-1.08968434495593,-1.0953931317199,-1.10688102138287,-1.07537713264563,-1.02364032727932,-0.974847552483141,-0.917625050998659,-0.867430393388873,-0.821453424022455,-0.777558168706519,-0.707328812276537,-0.643585856765299,-0.578335841558018,-0.478039589234059,-0.372678970313766,-0.301305119154995,-0.25971384921226,-0.19047425463678,-0.0988527458721292
-0.00797377430308155,0.0858922911406465,0.190192647502017,0.287715987328927,0.376017731833073,0.43690862379645,0.465140746197838,0.512325671980506,0.606883159001673,0.717254968755989,0.790744466690843,0.844832208368674,0.917990398590475,0.974011254912776,0.993344310158969,0.994601938217954,1.01972688988103,1.06113641230297,1.10151277063757,1.11662786493668,1.08720658268103,1.02832989396052,0.979513218893459,0.937654279026603,0.873707337561889,0.811148768244468,0.752889676369047,0.665957329437443,0.528593745825909,0.407853537470688,0.30974846908312,0.186247881135891,0.0306940250177794,-0.0988920822946746,-0.19694565614347,-0.320325643737236,-0.445632982281672,-0.543944612428973,-0.626416908209629,-0.715334645718029,-0.796147030655779,-0.867907583409174,-0.94691485842241,-0.995297677300577,-0.989937452910198,-0.986410613521724,-1.02263204340304,-1.03809539622306,-0.99649889476767,-0.955737814503844,-0.94336018286372,-0.90495590739652,-0.833497322575646,-0.765973466271614,-0.72796592516855,-0.673187893336052,-0.602509784889538,-0.518078075383179,-0.420114420683807,-0.326651324218626,-0.270317978894444,-0.24128260264992,-0.188726226155786,-0.109575811052258
-0.0056358371124888,0.109384750344905,0.218228711444225,0.298695149738052,0.352403380922366,0.394450450812083,0.424806869172045,0.479531496220182,0.564074920084978,0.65315753519551,0.731178318584596,0.803136045607361,0.858648624102622,0.881424373686574,0.905640252042158,0.950783910713298,0.978675785988451,0.97656315278883,0.997973955746611,1.0293889444732,1.010462081557,0.939953859656038,0.899717571485164,0.872097133544784,0.821813030175911,0.756246080172437,0.706876820712572,0.60553667873952,0.454787060155837,0.33353661243676,0.257753242534152,0.150239121683407,0.0160583201570655,-0.0808032470430883,-0.156759995400384,-0.282616866424428,-0.410841641825325,-0.492700953291272,-0.565426977237738,-0.670904030062605,-0.760556353423961,-0.807802141505366,-0.8414739888939,-0.869900089094867,-0.883900768249638,-0.906675761287886,-0.946792075772974,-0.950785030839267,-0.912994109006738,-0.891299631466872,-0.894859307245528,-0.862733471367775,-0.793827430195665,-0.74057432717646,-0.702137849915304,-0.646921105132483,-0.558814107633569,-0.476082667997124,-0.396650735281218,-0.32999192352243,-0.271346823659377,-0.221827258132545,-0.165889156326046,-0.101738485365496
-0.00740335638257184,0.11313038755312,0.225987893034087,0.291225231395011,0.331634726995517,0.371279109155122,0.420263862197073,0.478288185966384,0.545787248044654,0.605526100835787,0.681160033458831,0.76872962503281,0.812365900066067,0.801964481426029,0.812592867379293,0.8812896787884,0.921326001390915,0.900182940607628,0.898365562886259,0.933242324569467,0.933128979840002,0.882403653034789,0.858035338368924,0.82874415449956,0.765437509950454,0.67672020468808,0.621008767546594,0.540459572475003,0.431528393247188,0.338231184385571,0.258941820678694,0.13739715292671,0.00341075238094822,-0.0854434618929233,-0.166589373577199,-0.282105819029084,-0.390523361831654,-0.44666113152254,-0.516925745829169,-0.619909545244231,-0.704365880399124,-0.74074046668013,-0.768674881031201,-0.801659198560889,-0.824749282663679,-0.844029980671607,-0.858653488965018,-0.856891956375099,-0.848218198486278,-0.847681498503187,-0.835239336079398,-0.791041136697793,-0.742101367796381,-0.71429400363417,-0.668806332296232,-0.599261991491166,-0.517651933623152,-0.4509533380017,-0.396336826566688,-0.348114832880611,-0.291803591513219,-0.21679945153726,-0.146774332769223,-0.0906238448289732
-0.0103716596860891,0.0928249502963389,0.187261188009905,0.247918971192827,0.307776775521818,0.366254988990288,0.415319335183197,0.468833620788907,0.535386033699829,0.59514692752555,0.654663330022323,0.73371290185273,0.781575691623359,0.772867981303909,0.759857962237704,0.799237374914689,0.830636927292563,0.827956939585757,0.827101979233829,0.855981054399629,0.855569749161322,0.82904761923599,0.809395725840301,0.776399619837156,0.693421526597055,0.600760997019463,0.534350363809434,0.480596737762892,0.418265086059452,0.352470936672241,0.270791522330384,0.146315732479249,0.0260131098238275,-0.0726697577646119,-0.177481165203293,-0.287748270606386,-0.37188475063912,-0.424235354956311,-0.499097759969441,-0.576386612161162,-0.631903951452661,-0.671970603470755,-0.725286813768087,-0.769095194047074,-0.782698735352776,-0.785521585926032,-0.778480376842339,-0.784090865251688,-0.80381213259012,-0.819674243445461,-0.781882330487458,-0.727726476587202,-0.694611316907544,-0.673025375461721,-0.611780636907789,-0.543687354489832,-0.497099659407842,-0.447024653252812,-0.385282664128582,-0.330847174877939,-0.285771631658867,-0.213374299372957,-0.140595073305521,-0.0830293704857109
-0.00772291736238346,0.0739587113173962,0.139728665213159,0.19878254535776,0.28097977355173,0.356114751411011,0.383757867886982,0.424672660523404,0.511606555489968,0.596989677356508,0.644021862759443,0.68703470486138,0.743589005478405,0.763886882220318,0.750684756169259,0.741864284107602,0.753568990956141,0.777478148186578,0.799262260217443,0.81344119749639,0.793709501330421,0.763682478741034,0.726412026408789,0.684720671880098,0.613941360537717,0.559529476729983,0.500209038252296,0.448821356563925,0.383945534835047,0.320893620371202,0.233262824226633,0.139273710046,0.0538143612848377,-0.0399744784147442,-0.153936703966451,-0.255965143349326,-0.322120929019081,-0.399486891697222,-0.492610403437461,-0.551171132675635,-0.584634513977549,-0.634660692140088,-0.701294330595678,-0.726084786127612,-0.725818481745215,-0.732286486784007,-0.738202251075474,-0.744020254206084,-0.764769860152963,-0.776766090322072,-0.735284519132284,-0.68625768875247,-0.664630506541507,-0.629281553630323,-0.55919709987608,-0.510530785943006,-0.501182449944542,-0.453923897810714,-0.358125974424702,-0.286120015096036,-0.244173640031298,-0.194208044587934,-0.130018596845562,-0.0768083541065605
-0.00340931742176658,0.0727394436890553,0.129287933755811,0.181498065588955,0.262510341980288,0.332246190568697,0.349491472536965,0.37988725195051,0.475497039779082,0.572755965941549,0.618449937621128,0.63481279642001,0.68289464395009,0.722981843600847,0.733524522489343,0.719228000522364,0.728681435844485,0.762215378700591,0.792170720152459,0.785495645943928,0.750338531922919,0.706670442920921,0.652061937797847,0.591563170441311,0.551317354832356,0.533599437770903,0.49757764834978,0.427104783026792,0.346483421385066,0.268409069724546,0.175774067322857,0.10093544072624,0.0423128776663434,-0.0325320583122572,-0.130729320090341,-0.202911572499335,-0.258040306634657,-0.347894372266854,-0.458804320668864,-0.517477331425397,-0.560543622324062,-0.626844154581642,-0.679991142512133,-0.671697286812072,-0.664931069563441,-0.702212118929142,-0.730003462631862,-0.724987631329549,-0.72045381459916,-0.718956912416488,-0.688445674268716,-0.652666870387655,-0.639482082805222,-0.600343172659157,-0.540748473109936,-0.509491599692341,-0.503569259606489,-0.444195295740068,-0.336287272200516,-0.261650383352993,-0.21414801572595,-0.163041626934784,-0.107683304284358,-0.06717099098049
-0.00554622331920726,0.0786367778716655,0.144841718317047,0.196456203461632,0.253033581460198,0.310424071576613,0.34522017754349,0.385005640596986,0.451248937727493,0.517947203901938,0.567279275497382,0.594459463308192,0.623888740592325,0.649448788393949,0.67951240991833,0.70404946306425,0.728756957896979,0.755516223282505,0.763837120291703,0.744120006917912,0.707585125180352,0.675513669006428,0.62880456759283,0.564283458047849,0.528992374431493,0.508587689947779,0.469634423252964,0.387936635983222,0.3157911204966,0.242533012668645,0.154236104572269,0.0668723802980119,0.0056203608843217,-0.0592930273403165,-0.136338480415573,-0.185469718954277,-0.232797794304993,-0.309524002815259,-0.40356896786646,-0.464560640693222,-0.522928413896858,-0.604014369888803,-0.64225436165029,-0.631284058232233,-0.635886347616729,-0.691100749782985,-0.715549906299672,-0.696775874344319,-0.679806414201199,-0.676765156869137,-0.652149909981612,-0.622065371739711,-0.605418382063558,-0.584351024900038,-0.545072666590846,-0.519173296218754,-0.48166191509216,-0.410233172478017,-0.330682459853533,-0.277063690005238,-0.223104050901653,-0.144149624476909,-0.0887329606461441,-0.0567738759083282
-0.00589188455305523,0.0700203709356896,0.145582088758004,0.206364253175708,0.249235056052751,0.299352672322591,0.363566729076231,0.425518561376221,0.45293768634735,0.467589746454536,0.517381708889432,0.576059320556143,0.596985892684173,0.594581313620853,0.626777103545847,0.6767397815485,0.7072668376652,0.711288155892669,0.707267613507845,0.686021717925989,0.661744687287573,0.648404606478735,0.630908966545303,0.58704334832282,0.539935010661391,0.493747174443225,0.429467372311935,0.348193159181329,0.291097688744287,0.237938643184126,0.158144462237053,0.0609441671405692,-0.0137913645685173,-0.0746752924417995,-0.145198575864742,-0.203192671290052,-0.257576338681527,-0.316276154800033,-0.376391581363569,-0.426440484288589,-0.483069240012735,-0.551128496387419,-0.592850592530128,-0.609574425825675,-0.639795580714587,-0.671687584406617,-0.672353497260312,-0.65140893503896,-0.654401966917491,-0.661115578232496,-0.637709815937963,-0.602835480056188,-0.576041897672937,-0.562286039903422,-0.53954227995123,-0.508470562059648,-0.450733539241537,-0.381615778730305,-0.336165417004131,-0.301657369617133,-0.237482734804308,-0.150858820316521,-0.0875273222140028,-0.0555762949952542
0.000380152031873482,0.0522468813969581,0.114016645285592,0.191261326206645,0.249369474943794,0.296558292203782,0.364200236914345,0.4398498567706,0.458705636600823,0.456034558872661,0.49870719685655,0.570681574153554,0.59403190490949,0.588711751663439,0.618280322947083,0.654854323556656,0.659718976041384,0.643022379745813,0.650463135643648,0.644178800661433,0.62324639124179,0.606167431615448,0.603560187957261,0.578465615130901,0.538654340364362,0.482998309997645,0.425950867676906,0.345538476777934,0.286400327482435,0.224682298868886,0.150134848048093,0.0606641496747258,-0.008591541685486,-0.0633049902367218,-0.131226514676737,-0.208179779114063,-0.276283240960232,-0.330920340974507,-0.382319228985971,-0.432704806002656,-0.47984744400948,-0.517588668056538,-0.556262943786245,-0.599896962458286,-0.633961021304209,-0.63730606209387,-0.619781765734113,-0.624841094234655,-0.644298222517583,-0.652469781704367,-0.627108079233623,-0.597033919295934,-0.562562161531033,-0.532106806772351,-0.507096866515214,-0.476934520337944,-0.434041086502764,-0.386353051881273,-0.347514260436209,-0.298862447927152,-0.22508836678185,-0.161846202833385,-0.108278865664684,-0.0575374921018685
0.011025201678637,0.040716976980054,0.0791468229003404,0.16435727299404,0.250731832022224,0.295520843490743,0.336666216591844,0.402862302865757,0.446603728488948,0.472775583738214,0.509046720575438,0.558677658537974,0.585170473719593,0.602295595149496,0.637881552162948,0.651009664293376,0.626970752401683,0.611360873210313,0.628234631417858,0.635638906677129,0.59955030606835,0.565698951384715,0.547259013314874,0.524423422908736,0.492381209343111,0.46276562256468,0.433995906243415,0.373891972847686,0.293658360133245,0.209329948085325,0.132016301021156,0.0551657188445551,-0.00283615973009151,-0.057643902443415,-0.11593709177569,-0.189810971736678,-0.254711998951951,-0.311931009616198,-0.380290753319884,-0.451139321516559,-0.504830369002459,-0.524728216757511,-0.551813385902312,-0.588974792992426,-0.607484592031065,-0.602704029201058,-0.605835141290773,-0.639705014758226,-0.651676031494998,-0.633477789573657,-0.606727089244788,-0.589483895845899,-0.556890924269167,-0.506746869503975,-0.471582594676231,-0.450264288126127,-0.429726346716426,-0.404807684454657,-0.354945018342846,-0.277087724730149,-0.198608267710371,-0.160815395140378,-0.128637988507084,-0.0585824318526015
0.0140826562354773,0.0416582027093901,0.0737883140743847,0.147428158904133,0.240904755957545,0.290028846865956,0.313963651697614,0.36116548331929,0.425198128520265,0.48241394773305,0.513637353066573,0.535572463690219,0.561326357921619,0.599069938238331,0.637367505591849,0.647000433244873,0.63532321610386,0.636043952323434,0.644230242136196,0.63195021307557,0.588876232193792,0.547415485616088,0.520171974972406,0.485707310793205,0.450982846674362,0.43126324570068,0.41179870386723,0.368619534285129,0.284461751874919,0.200887105736845,0.128015370304215,0.0612011611410033,-0.00421800342793757,-0.0679062839270449,-0.123583258432912,-0.17844888224196,-0.234430643119014,-0.290668383154193,-0.364934117309139,-0.441415485008379,-0.501479231100117,-0.530496115980559,-0.553268565507737,-0.57412649678952,-0.583723457400496,-0.594316000433745,-0.633294807081631,-0.671592585693127,-0.664392973814106,-0.621022763361739,-0.593793106969172,-0.579611238036459,-0.547653808316789,-0.498794322350141,-0.467464500591213,-0.448701571194031,-0.424027192399119,-0.394921117732126,-0.345331786619765,-0.26749384670896,-0.19185326341559,-0.153750562040623,-0.122660545187681,-0.0589825029741253
