-4.64632933236534e-15,0.0519869648660321,0.102661341055144,0.156931017678476,0.21682620081067,0.275110884297765,0.325613819166307,0.372388456879411,0.419499247688882,0.461307655486236,0.493037553890132,0.521082444468385,0.552640151360508,0.584221806863507,0.609117015641687,0.628612283519835,0.644085511799446,0.649203953369716,0.637570100938558,0.614179634349004,0.588410527279301,0.564198275673406,0.538044593081314,0.506868551217594,0.46956529028986,0.426787453731301,0.377799499156947,0.321021485575165,0.257735365387388,0.193156021217124,0.130570650849051,0.0670089447717281,-3.72169838291244e-14,-0.0670089447717616,-0.130570650849009,-0.193156021217057,-0.257735365387368,-0.321021485575207,-0.377799499157002,-0.426787453731314,-0.469565290289821,-0.506868551217546,-0.538044593081307,-0.564198275673451,-0.588410527279351,-0.614179634348999,-0.6375701009385,-0.649203953369675,-0.644085511799474,-0.628612283519894,-0.6091170156417,-0.584221806863465,-0.552640151360474,-0.521082444468402,-0.493037553890165,-0.461307655486237,-0.419499247688858,-0.372388456879402,-0.325613819166323,-0.27511088429778,-0.216826200810665,-0.156931017678463,-0.102661341055139,-0.0519869648660376
-0.00246743694218433,0.0551296593135916,0.111868313019948,0.159055723289492,0.209892994671873,0.272243877227089,0.333604834557794,0.382529479323763,0.421525492889645,0.454131368278628,0.482902840047813,0.514760490295178,0.550835106324947,0.581263644392895,0.603092127643286,0.625079017532639,0.645324149826119,0.647959898281803,0.630086347054156,0.608062989761332,0.59096266433537,0.572418881050767,0.547445110989534,0.518548266879262,0.482323334272215,0.432464397258371,0.37140605976769,0.308669200340711,0.247886614412497,0.187367832549746,0.126398307247757,0.0647964514572206,0.000937501672786033,-0.0653384341607158,-0.132580625665392,-0.202213427236441,-0.275133584249632,-0.343593243832664,-0.396805084142794,-0.435220192776708,-0.469622991206816,-0.504726226757928,-0.536153787847979,-0.564476457485612,-0.594574866753762,-0.622287435538954,-0.636648849238548,-0.63857540099488,-0.638146028980003,-0.635498910791282,-0.621133074143777,-0.594315532914307,-0.56383076220453,-0.534841776729296,-0.50503164934254,-0.469747588680297,-0.425324998530542,-0.374235337256778,-0.32649017487313,-0.282431509528643,-0.227964018210558,-0.159577548063082,-0.0961233116661409,-0.0490596217279768
-0.00254447811207783,0.0560563606054442,0.114438855790379,0.16248054968176,0.213772869954691,0.277224974417332,0.339688563498464,0.388477434394132,0.426255452317762,0.45789916960044,0.487354008412386,0.520649394763226,0.557007921067083,0.58731758191803,0.61008632079221,0.630348632911997,0.642945386500111,0.638540447319233,0.624249310976917,0.613811932218621,0.604139214982221,0.583536203339947,0.55333243589037,0.522211388470133,0.486563754774493,0.437438407353219,0.376891821544695,0.315267372433481,0.254867679885259,0.191244389878269,0.125101875404959,0.0616535574177258,0.000230505840569499,-0.065699979064386,-0.137325252642714,-0.211018062433284,-0.284435256222185,-0.354158507522678,-0.411840964502543,-0.455332201001007,-0.492523873036128,-0.527629129196171,-0.556055019014826,-0.580349828709383,-0.607659826626847,-0.630904610943466,-0.637818135841897,-0.636014447532405,-0.639900489057163,-0.641662622752873,-0.626607107070519,-0.601591854378195,-0.57768107148033,-0.548636684665229,-0.510008181194192,-0.472398574763732,-0.43740219709608,-0.392566043960709,-0.339776591368956,-0.290116468733358,-0.236754960657991,-0.169136678801265,-0.101589399219982,-0.0503379085109111
-0.00159969629665287,0.0545636236294296,0.108956993369711,0.163257068589333,0.223826644373755,0.28592801743319,0.340094676806141,0.387364616379213,0.432995941991571,0.473813471547708,0.50698948118225,0.537137397604546,0.567638999100294,0.59697045142653,0.623288271334996,0.641729904364089,0.646049291406695,0.640338438018474,0.636104904076867,0.633886802208095,0.622249153625513,0.596846512148704,0.563639488194366,0.526845109378455,0.484563953124267,0.435425237530769,0.380915345359606,0.323648033325665,0.263952130481143,0.199371283610046,0.130792091042253,0.0643679278784658,0.000449549241614825,-0.0696757917674037,-0.147158105584789,-0.221429326043886,-0.28797888791296,-0.353718642247712,-0.417969904257433,-0.4736476527259,-0.519951077129816,-0.559977303314301,-0.589513582353158,-0.610077881535257,-0.630572901261723,-0.649825687544472,-0.658173348560595,-0.659400351959178,-0.660689011471412,-0.6527374704704,-0.62897692442298,-0.605147100123918,-0.588255729590809,-0.559759440183176,-0.514072060445831,-0.474118943374667,-0.447051342986306,-0.409944679750154,-0.354081800196975,-0.296288829598495,-0.242873236289855,-0.183160921183457,-0.118058782828647,-0.0577022262248569
-0.00210835345214851,0.0528613726560455,0.102280993067951,0.160592185391377,0.227889163829451,0.288419958187736,0.338974447267519,0.391130395289894,0.446279532395153,0.493344079053793,0.529073723000738,0.558016540542081,0.583739848262663,0.609937418428426,0.637168322392352,0.655730405997955,0.660334187950467,0.661874080994019,0.665439279540376,0.659129924407758,0.637997897485316,0.613914471448435,0.588327909459859,0.549059762923426,0.496391073052569,0.441690277156793,0.385660480600363,0.323859205153637,0.261033326812367,0.199953605921581,0.135090215006359,0.0669506170164645,-0.000953667634864328,-0.0744233893819595,-0.155807966465834,-0.232584730125833,-0.298118770063881,-0.363339958343845,-0.430425587558633,-0.4882674017528,-0.534431171715127,-0.577724145355201,-0.615699598874809,-0.642809030349256,-0.6643185355505,-0.685010187846084,-0.69819055600189,-0.700355437285018,-0.693404762997211,-0.6745604168991,-0.645392002223759,-0.620093672432143,-0.601896478677716,-0.574088830053174,-0.530473533453938,-0.487300780747116,-0.451806949391677,-0.410773393052592,-0.357659581641971,-0.301348839878063,-0.248071390523828,-0.193439206314967,-0.133092603388616,-0.0669563657814822
-0.00318997108795869,0.0542746489723828,0.103286018148855,0.160540373765414,0.224596444576565,0.283193921740168,0.341330915608557,0.406158931126978,0.464994504938918,0.50725916160411,0.543008424205068,0.578184908023681,0.606742558421423,0.63105133022518,0.657321640397499,0.677406378912469,0.686068548495417,0.693249853120178,0.697032571794287,0.681920392895424,0.655162609276956,0.638259234974024,0.622629102439271,0.583468348234859,0.52598966996957,0.468552409564996,0.406084703514515,0.331493272681554,0.259454955540985,0.197870507612869,0.132661054869791,0.0593140302519309,-0.0124485687103906,-0.0846015433230297,-0.164943740169514,-0.245816526928307,-0.318837137640147,-0.389632369514237,-0.456531166492728,-0.507543080373055,-0.545723106795492,-0.587948255704997,-0.634531414204844,-0.673652609998521,-0.703783917856036,-0.728367173490055,-0.740940035852776,-0.736406330922819,-0.721045521011197,-0.702323104352637,-0.681158406369839,-0.65739306519892,-0.630623044020699,-0.599806364611749,-0.562787063572318,-0.516549694786791,-0.46078847652957,-0.404675449939556,-0.356339602725956,-0.30892638828257,-0.253802807384743,-0.195114011194534,-0.13671140635139,-0.0715973900554233
-0.00254287197588062,0.059859591290382,0.114001234314589,0.170573344191089,0.227803970819399,0.283628575668689,0.350323151384154,0.424534174371181,0.480780509709148,0.515715299232495,0.553677109944238,0.598930309477994,0.634122338844165,0.660533549107969,0.689605761983049,0.712684713394093,0.720835115707839,0.723482733085396,0.722209144819574,0.706468293018466,0.685145649210513,0.673430764835452,0.656198557589568,0.61373762102521,0.558665861169335,0.505856437368115,0.441372731361736,0.3593823228229,0.280293208759441,0.211213212190717,0.13487905981229,0.0492281205536239,-0.0308039478021112,-0.105818901123934,-0.186812106492326,-0.269781361642247,-0.347061295666763,-0.419609785706429,-0.484704106605414,-0.534291366167161,-0.57489515685822,-0.619811573522812,-0.668445720137423,-0.711074618023841,-0.745026877652406,-0.76831258404961,-0.773971227593936,-0.761443531481798,-0.742514512771217,-0.729442563914821,-0.721227189020133,-0.705473309762196,-0.674485946466108,-0.637208356543843,-0.60029684857286,-0.551302385128224,-0.481797357534598,-0.413500718522434,-0.366128760623239,-0.323121253079763,-0.263389231914875,-0.196425807567672,-0.135583951330582,-0.0720404807283853
-0.0011803837389293,0.06691054541665,0.12767209501137,0.188810683820524,0.246373923165878,0.301036849228348,0.366507761245069,0.437485279378274,0.490687490409014,0.528910444211761,0.575242256017842,0.626520424270462,0.664315122349051,0.694956114002889,0.730523619891757,0.756727065988141,0.760859507940054,0.755090350456028,0.750295292034123,0.741818415232153,0.730215154535065,0.716573070440305,0.688421420886633,0.641306036366375,0.590258459005213,0.539560891007199,0.474449432464722,0.395607968645819,0.318406525272136,0.240852414978704,0.150393390929374,0.0530421727695203,-0.0390031947239118,-0.12856249872239,-0.219653345504056,-0.304521231750537,-0.379526258103384,-0.448010243771784,-0.511072909733474,-0.568781981417528,-0.626471698545762,-0.681659793694418,-0.727327483066646,-0.763023833487869,-0.791612326107707,-0.806492805081852,-0.804171979316949,-0.791552237890079,-0.776208763070438,-0.761962250067914,-0.753464400246567,-0.744806183898041,-0.720166364507257,-0.678152221461348,-0.631268524306075,-0.57781437408252,-0.509512816516081,-0.440977383041173,-0.38971070881399,-0.342206951281958,-0.279964270807762,-0.211035010266808,-0.14594762912845,-0.0763782337392193
-0.00180008810811093,0.0725451190252874,0.137742646275474,0.204751577950024,0.26906252019578,0.326224359358406,0.385132412239782,0.447278315041827,0.503334673359053,0.556073817800525,0.612702991758894,0.663543192687524,0.700739194570812,0.736131734354647,0.775058912020539,0.800523889073412,0.804237895330879,0.799198572054985,0.7956908729576,0.790640056551101,0.780722640389603,0.761059928204022,0.726558159484891,0.681637613281679,0.632563162782967,0.573346131231558,0.500444040067576,0.425706329162295,0.351995840721161,0.266342432692785,0.167068496073774,0.0676119222769469,-0.0318339984146736,-0.138649884313787,-0.243102777845792,-0.332390600885393,-0.410912030923156,-0.48463953689746,-0.55168485120929,-0.617890548469926,-0.689292480912657,-0.751989936938269,-0.793738027796048,-0.824153965191401,-0.849127186919171,-0.856561637562854,-0.848450169856374,-0.84161156853926,-0.833772298509724,-0.81165867518461,-0.787588445807645,-0.775920979420249,-0.759271077693769,-0.71628661624178,-0.656812783170982,-0.596212951239378,-0.533452156743685,-0.469776074088849,-0.413204343381953,-0.359840545572117,-0.301385086794023,-0.239115880234251,-0.170573849966495,-0.0885345064412987
-0.00351977273157174,0.077739050260981,0.145936390559427,0.213289300449072,0.279768272621801,0.340623496976108,0.399730900334981,0.462004750069547,0.527644034928396,0.594505835755743,0.655645337776961,0.70397960105029,0.745183112527954,0.787711097330647,0.824457093923741,0.845101094652132,0.854978489119419,0.86168801817115,0.860807609539781,0.849889046609066,0.833572381931619,0.810511889433053,0.777747481152981,0.738499703681886,0.688275166226419,0.616639270656051,0.532717168959849,0.455320248875631,0.376354499932973,0.278563824069713,0.173169227999663,0.0762049792717023,-0.0253206115988109,-0.141159791932597,-0.251244312541521,-0.345368059010292,-0.439175450094329,-0.534333303618399,-0.614380014875096,-0.68351437127078,-0.75361141918569,-0.813340939021319,-0.852309660757362,-0.886144698446427,-0.91758840604872,-0.926461578966927,-0.915165892892958,-0.908876608080453,-0.903645399782622,-0.876983585449344,-0.840407492496412,-0.818407670860742,-0.798658345634373,-0.753785883276324,-0.687919111262394,-0.619980812901527,-0.553775217452426,-0.488371976076332,-0.428762795136488,-0.375301246045611,-0.322460353578926,-0.264711658598847,-0.192215711286519,-0.10011826914124
-0.00271798660984749,0.0843424940535679,0.157271066332195,0.220831542935672,0.281219351085531,0.344139718809818,0.413160228848708,0.486613315486845,0.561972235005551,0.633685251730999,0.69305717233891,0.741492433011108,0.79184331346073,0.84329320698951,0.878794870282215,0.898271913451319,0.918480088960242,0.937344881831883,0.936532634324598,0.919110883400702,0.901391222763718,0.880988705229442,0.847564815474983,0.802995653524964,0.745619716277384,0.667631538358494,0.57932781268209,0.495372335628576,0.404419116747977,0.293723080570434,0.181195286549646,0.0792425031572761,-0.0303341498259508,-0.153517477988825,-0.266790658256577,-0.367076492019811,-0.47670543340144,-0.591071907821655,-0.682789454671432,-0.75261486222008,-0.817349042511546,-0.872881508529679,-0.913348003032752,-0.953623139394665,-0.993526535297063,-1.00956774622596,-0.998642442257083,-0.983658027728112,-0.969494911062827,-0.943770144130448,-0.910979287610764,-0.882003213170769,-0.847901788956061,-0.796231626524478,-0.731082760246989,-0.658875494063372,-0.581096742648697,-0.506987174744461,-0.447038906209091,-0.396249341138532,-0.341708351745076,-0.276257094757417,-0.19596727006965,-0.101030055357768
-0.000176297275453399,0.0893862912026823,0.168992146827538,0.233488686866351,0.290288995191614,0.356756167995927,0.438287444607764,0.522600643715583,0.600531737191189,0.670424670932431,0.729289753346087,0.78053272200672,0.835234922744558,0.890802019532752,0.931622859073588,0.960771008271114,0.991974881812589,1.01602674985612,1.01520536579177,1.00162905891272,0.99401298732194,0.979322097893688,0.936891222810321,0.873718682210347,0.803461798828295,0.724624288607825,0.63694437939197,0.5449363776287,0.442741098453408,0.326395969064953,0.208315046944845,0.0915875453530551,-0.0380940808592144,-0.178507505605905,-0.307029080551749,-0.421124853687861,-0.53739628234264,-0.651497826663795,-0.744926689017995,-0.819309272254894,-0.887137593652324,-0.946107176810547,-0.99325585316857,-1.03678997065668,-1.07614461579666,-1.09604793476137,-1.08976778826286,-1.06550963208302,-1.03443905097262,-1.00601449743876,-0.982901758020103,-0.953081008253741,-0.904970534647598,-0.845462295613861,-0.782498338977239,-0.708493086421092,-0.621586257715419,-0.5410147482292,-0.479921896511332,-0.425651393784879,-0.360615312276435,-0.280869513569247,-0.190546468045449,-0.0950712383921533
-0.00206990791277309,0.0869487010898878,0.172095020646207,0.246456914104246,0.312569796068392,0.388860843839998,0.480440611898101,0.568857084598659,0.644272151229653,0.713623654034868,0.778066671847236,0.832024927616152,0.880701541120822,0.932217039199278,0.982700337342804,1.02829736516961,1.06799651262435,1.09312320322092,1.09802236967019,1.09742794262791,1.10113759712583,1.08804832443963,1.0358109834928,0.957384691427751,0.877978627948841,0.799968786188592,0.710101956756093,0.604563711218772,0.489270335523917,0.370358740111443,0.247641133008375,0.112056181692942,-0.0428637582293584,-0.206654211152084,-0.359248575285987,-0.492142353973847,-0.609238256475802,-0.715439004777844,-0.813836702612597,-0.904292481641476,-0.981486799058055,-1.04175892826593,-1.09088405143548,-1.13300401374254,-1.16580278330702,-1.18532644063774,-1.18674710895771,-1.16112795860328,-1.11524209038261,-1.07413221092413,-1.04768583257086,-1.01513433078536,-0.962338814579928,-0.901061277372635,-0.836925287827634,-0.758908506925765,-0.669572709459212,-0.588686354294902,-0.520962119562732,-0.453047683486057,-0.377005488066494,-0.291809661444078,-0.196425783666773,-0.0965276798707602
-0.0110095198835044,0.0773652053596632,0.165443034737659,0.252661505949524,0.33592880508578,0.425567581980449,0.525434259745676,0.618234607938649,0.696248840052348,0.770138094607795,0.841674767155363,0.897215509003329,0.938953452117365,0.987099356688072,1.04782772320821,1.10640267951118,1.14892772282061,1.17469062417085,1.19002472810871,1.20197075209504,1.20704014114292,1.1873645550318,1.13023344861479,1.05167462656431,0.977518368847591,0.906864820074912,0.812458553268275,0.684026420664625,0.544489270820331,0.415106443731947,0.284264745745391,0.127573941470212,-0.0545080370243875,-0.239856456348597,-0.408026507043046,-0.550163394950198,-0.667484784592689,-0.778112739821722,-0.900194504376001,-1.02277714278416,-1.11527955849745,-1.16966560935203,-1.20558210319145,-1.23536669779134,-1.25960334192945,-1.27986084496619,-1.29085866069092,-1.27147672574775,-1.21895550675803,-1.16025073163275,-1.11454287698158,-1.07174309370308,-1.02135222606825,-0.964778331146547,-0.895549684539497,-0.808170701248897,-0.716353975766747,-0.634424572627855,-0.553871611415004,-0.468213889339371,-0.387192644662155,-0.309345913773221,-0.216891827593256,-0.110535710817161
-0.0202962048379124,0.0708548060849651,0.161331725593116,0.256522781011331,0.351402411655258,0.449491698113111,0.555788874223453,0.659595298131644,0.750408383746325,0.831599737289075,0.905402208982477,0.964009139334881,1.01189435507809,1.0698373323313,1.14252320731954,1.20755480223639,1.2467057161759,1.26983354762802,1.29340264927631,1.31583715060633,1.31830628921968,1.28465595621197,1.2182304923018,1.14793076309846,1.09795564687313,1.04693482144989,0.942366514179879,0.775160590125082,0.601773878560721,0.464007964316594,0.329251338993336,0.145496139408233,-0.0769755415380623,-0.287268618090857,-0.458406636784132,-0.599503229286311,-0.72469731265799,-0.850959235306753,-0.992707345366946,-1.14100376559623,-1.26248836995985,-1.335274586866,-1.36375532987061,-1.36520484303816,-1.36218596259786,-1.37374356371517,-1.392520187156,-1.38573503632985,-1.337337097589,-1.26645907441799,-1.19819646873912,-1.14063739145811,-1.09065343733569,-1.03683753334461,-0.960744233707101,-0.861813053935877,-0.761148557059669,-0.669764183206295,-0.575806183801634,-0.479054500299518,-0.39626271686148,-0.323547767996233,-0.234490269714476,-0.125389773589794
-0.0207266781454532,0.0779335620868018,0.172521199360206,0.269167515568811,0.366617254697146,0.466011639565855,0.574633228195384,0.689549470549981,0.795853838331632,0.883696724122416,0.957080507922582,1.02381636618714,1.09245040872697,1.17284459373342,1.26004879565214,1.32852019628171,1.36093932439371,1.37765207353949,1.41042955744854,1.45323162591521,1.45930701196211,1.39909436219937,1.30780477885422,1.25649519067387,1.25773637936081,1.22528424494955,1.07139102350668,0.834851326286747,0.643915863692348,0.538187361254884,0.414015461804575,0.179524033043632,-0.110299589543172,-0.343001492668444,-0.500850582962508,-0.654007698515283,-0.832695253932229,-0.994614426332912,-1.10901316296453,-1.21240062113985,-1.34924184681535,-1.49751757219937,-1.58388944402235,-1.57258993284365,-1.50952096510355,-1.4691566000036,-1.47380956677288,-1.48480776793682,-1.45834774886675,-1.39011189726814,-1.30605739998822,-1.23187246761566,-1.17176037991173,-1.10983117925178,-1.02703859438317,-0.922197745126981,-0.810077759098025,-0.702799364377683,-0.600997386546306,-0.504708221270391,-0.41678175399874,-0.332033162285599,-0.236953425333238,-0.128953310704489
-0.0114759133855504,0.0979309404195405,0.197058124701044,0.292427660082492,0.391160209826565,0.492478574643493,0.600558763126706,0.718320851819224,0.832610991133501,0.926717480481571,1.00470057817662,1.08491680089308,1.17749944790635,1.2803574280493,1.3782475652004,1.44437906685025,1.46897867558317,1.4902400654583,1.55512784091563,1.6348809447829,1.63166355796657,1.51385519223786,1.39996292353527,1.42190985999294,1.51325128265716,1.44990547843927,1.15027652716599,0.820021352374048,0.690150481459299,0.693540854955474,0.557963194781396,0.189071383674018,-0.201451562025315,-0.399474543802561,-0.474691250041951,-0.65730970305149,-0.997156064888925,-1.28900196499822,-1.35651327110095,-1.29240239132651,-1.33246922026536,-1.5524755004113,-1.79215683451632,-1.86615713095686,-1.76244465819541,-1.61553035174417,-1.54476004330178,-1.55504609672917,-1.56843230823197,-1.52538449132087,-1.43549173690783,-1.34045471605842,-1.25623548961519,-1.17381573853538,-1.08502361396744,-0.984318666520407,-0.867635128695666,-0.746919914333427,-0.64224058591216,-0.550769764622508,-0.452585514783447,-0.343355822767118,-0.233762857885091,-0.124610203288264
-0.000305186825542175,0.119230174455984,0.221111194222714,0.316627300809668,0.420746674913808,0.530141257432042,0.641332596849837,0.758132300249547,0.874245865923949,0.976469178529067,1.06626985676813,1.16104627072686,1.27151276221722,1.38901528600549,1.48511876955983,1.53321053531866,1.55339377206663,1.61823451220771,1.75805590510427,1.863196718194,1.78319256495595,1.57194402507967,1.50726669439907,1.71969002990298,1.90847362959734,1.67312562790473,1.10476840127813,0.743227597918882,0.852267057829841,1.03007882536361,0.748971374667188,0.0697694363539532,-0.448936752579209,-0.48239988255604,-0.326826596551579,-0.499438601922213,-1.10071909678999,-1.70200578105883,-1.85488804342969,-1.58941745418286,-1.33977438239895,-1.44223461280844,-1.81626085646867,-2.12102744238245,-2.12687230890886,-1.90154209127154,-1.68248764476811,-1.61761376778299,-1.65091581300759,-1.65051765143168,-1.57168031324879,-1.45620314210383,-1.33927943505951,-1.23001999600372,-1.13463504811536,-1.04303856023502,-0.931516013864173,-0.806078860935392,-0.697280004257009,-0.602186023691004,-0.491103574259944,-0.362880471953604,-0.240672810904334,-0.123835862949562
0.00568818289858408,0.129735418629002,0.234409316483256,0.335004816873206,0.445705199433632,0.564504734270527,0.68678430604684,0.810590573788779,0.931019319009694,1.0424513105782,1.14529833079004,1.25178123677636,1.37578498921267,1.50275759477686,1.58243474635029,1.59845513788392,1.63765308238695,1.80797653562921,2.0442865372029,2.09144238168698,1.82598913655878,1.55187672029777,1.71995811368317,2.24046220659757,2.39153193093256,1.73260177510479,0.856914967788307,0.719874236257324,1.31393699056152,1.6063747420741,0.905358985475563,-0.255884836126716,-0.856125094190561,-0.611940622307224,-0.157222304739058,-0.236180366888369,-0.994290184156491,-1.94841456133872,-2.46479565848998,-2.28547552724455,-1.72439390155086,-1.37548003257646,-1.57273805280374,-2.09815500080249,-2.44328035672859,-2.34472365392301,-1.99969304428364,-1.75373853058453,-1.7107399609858,-1.73130940130068,-1.68655805827842,-1.57078753181831,-1.4279506736404,-1.29385778189448,-1.18864014407624,-1.09967090751029,-0.994635286551335,-0.871687852364491,-0.75456695042444,-0.642635717707719,-0.518233957553487,-0.385564595196836,-0.258122275778485,-0.129063100922152
0.00475207165048919,0.125795840343976,0.23785837977292,0.351737174535556,0.467297857370708,0.591195079842556,0.729726412400327,0.8700940666158,0.997387451907095,1.11426554190292,1.22686359587501,1.34516095878323,1.4834232302737,1.61351416714112,1.66564672113706,1.66336885563126,1.78322937979449,2.11241610471651,2.38472103746637,2.21264404705809,1.70299049448714,1.56427778641808,2.23390341237305,3.02380254081818,2.75023833485509,1.39754024274324,0.456656092187525,1.03314564742595,2.22293207068422,2.23602940966802,0.772943344952236,-0.723111680843136,-1.07681258281976,-0.62303128375267,-0.28736135443553,-0.394782489270628,-0.828025420203615,-1.58090117296549,-2.54272379268543,-3.13821975622684,-2.82830796364806,-1.91573325490152,-1.3571110755849,-1.67420984021188,-2.40437680392563,-2.75747652247483,-2.51553110414626,-2.07090044881764,-1.81139927792718,-1.76322073756621,-1.75479006616197,-1.67488334706148,-1.53037515134423,-1.37978818718204,-1.25987538122457,-1.15910192007802,-1.05063200142531,-0.930541810673373,-0.804628947416774,-0.670996266563186,-0.534707277740915,-0.40530502438935,-0.274998735082066,-0.133721284817461
-0.00274476175497465,0.112752573585817,0.238497738513547,0.372339077417525,0.494576361813927,0.623009766776953,0.777873718623783,0.932600231364719,1.06021275479159,1.17612179714245,1.30001879276146,1.43802510487833,1.58837236437672,1.70176835219679,1.72229819755095,1.75943066904291,2.04826932734031,2.52650717985089,2.65977094279806,2.10218317991771,1.47730227315739,1.87516292538473,3.24110694749438,3.90880508947915,2.60165446096242,0.548940236604633,0.292152514542477,2.17629523895389,3.54857206246338,2.31179131867123,-0.15811988017967,-1.10305556121008,-0.297930149901867,0.0583958737082922,-1.02165316808279,-1.95524757086626,-1.40388162709347,-0.519765352961698,-1.20909241566134,-3.23614227605571,-4.43762494454217,-3.59703565592429,-1.88224762256353,-1.16244223677156,-1.82995796593097,-2.7888116137739,-3.03417729431355,-2.58940038951361,-2.05635865074078,-1.81065239071282,-1.78450544793852,-1.75806669435944,-1.64073584132838,-1.48568819036241,-1.34816501148213,-1.22358351051617,-1.09837699170985,-0.975164039171635,-0.84335134842831,-0.694563097650703,-0.550330539890586,-0.422818912295467,-0.287078319857561,-0.137100916030051
-0.0161014590719455,0.101042508336092,0.242477218658665,0.394576119384965,0.528218372323183,0.667935422039667,0.835639351620989,0.99318229471394,1.11314264255278,1.22883570074707,1.3736216405062,1.5400273430779,1.68919834573632,1.75752660309014,1.76286200586018,1.93054609697977,2.44675117540398,2.94580306327503,2.69186158339009,1.72552915807223,1.39858059185474,2.80378903277891,4.70305868563362,4.40581355193668,1.5195582316106,-0.577861023890603,1.1491442327958,4.66976659064027,4.94203959484161,0.934428896678081,-2.46087359416286,-1.13545272166044,2.34623207486222,2.28461769490456,-2.10180209187737,-5.51579098675334,-3.90368736186528,0.272867587499967,1.58555271245961,-1.53285581522298,-5.41187447542411,-6.10206978850395,-3.72712946309028,-1.34828776216057,-1.04928842873704,-2.24164443583016,-3.20606711637496,-3.13844963552918,-2.48716202573559,-1.97801787442285,-1.82952837485674,-1.81924077323717,-1.7408658292957,-1.59522942305577,-1.44287186570606,-1.29185905097647,-1.14300725995772,-1.00859232401208,-0.871265579698524,-0.715743019810865,-0.568085156875108,-0.439883452881378,-0.300019020120907,-0.147089896017683
-0.0300550735487448,0.100657672287599,0.25376315999121,0.41342132717719,0.559581710884669,0.715228503479644,0.888626536369197,1.04079024638697,1.15896498737598,1.28818752566881,1.46216917768042,1.65170779838275,1.777727215481,1.79220018817295,1.83936818106245,2.22658497485824,2.92631404749701,3.19392242958546,2.36112615216666,1.25824474061181,1.86678229895665,4.49981161020707,6.16261727254486,3.81768017158123,-0.592472362953124,-1.2185770797133,3.85020437853927,8.47539705719987,5.65458674109848,-2.40835702400267,-6.02834679964917,-0.696388224349893,6.62184766207661,6.14464713055737,-2.46977559840746,-9.80590527061683,-8.41243466153809,-1.01531375588223,3.87953843635946,1.68961788342272,-4.27871029806008,-7.76342127246695,-6.41741755853476,-2.93195880354155,-0.953111035373288,-1.44045964419689,-2.8138939525573,-3.4032309959028,-2.98490611275643,-2.31477573267989,-1.95883962673078,-1.87669380502971,-1.81757560070546,-1.69298044917854,-1.53482506645982,-1.36276174163086,-1.19207771901577,-1.040883700875,-0.893971754702926,-0.734041925055841,-0.583971947007496,-0.453739137576531,-0.31554439684725,-0.165633403268665
-0.0351946116335951,0.115060866008124,0.273390703569461,0.429974385195914,0.585070417593623,0.752060536597169,0.921035757593407,1.0684755127044,1.2034816689972,1.36328629492803,1.56178122420034,1.75010716553643,1.83577746675186,1.83192715316606,2.01496383655413,2.6559084030311,3.35968937075454,3.10959723949704,1.7421049812322,1.10587458800135,3.2251412194368,6.67387758573979,6.77823611134965,1.71990012375662,-2.98045651494436,-0.154790156724537,8.4685606881363,12.2027668914848,4.61954237022667,-6.77384268257784,-8.90370505231935,0.371820103057843,10.0125397463292,9.19580770276494,-1.27582171922881,-11.0563673774607,-12.0033275241289,-5.24675194456468,2.05215082448382,3.60787543924064,-0.881677465043117,-6.37884363556771,-8.08153175587513,-5.66229864345288,-2.41054081836244,-1.21408896062106,-2.06149502253773,-3.15293635433491,-3.30262765091684,-2.74338304382511,-2.20215067241874,-1.96312741234888,-1.87619135960799,-1.77361680093572,-1.62037939383216,-1.4360347998554,-1.24959350941391,-1.08059633637348,-0.919744755583148,-0.754513844379816,-0.599856119492489,-0.463231922963303,-0.326822597343907,-0.181493053513176
-0.0282997049170763,0.13754011615017,0.297359553572272,0.449401995241822,0.610987987969469,0.781995872122364,0.940437353235317,1.08802827620717,1.2521546616427,1.44559619594272,1.65048691440307,1.80911837333844,1.8583625457754,1.90986274854432,2.31191090389333,3.13356634245781,3.56857819987921,2.65150353095226,1.15550540608722,1.74026606419621,5.44059671737861,8.4690294705164,5.67071750433532,-1.44530874459264,-3.83058476407652,3.80628887113929,13.6116822275485,12.8383053599945,0.759260536757688,-9.27382556802988,-6.77166756350343,2.95432118359945,8.27284488236095,5.90729793257004,0.0957127494973316,-5.16139896055316,-8.96696169571711,-10.1339161609786,-6.36656304704958,-0.0737356009437917,2.38252618196997,-1.26527162476823,-6.55937051298844,-8.05662181415642,-5.3802699156808,-2.30576359097867,-1.54198009968574,-2.48110377924194,-3.24754815781334,-3.09401842975778,-2.51756268420761,-2.10348421097431,-1.93678704235695,-1.83888937284482,-1.69557995282614,-1.50811455430965,-1.31300539677469,-1.12845729971411,-0.952777535418347,-0.783588715438557,-0.624385848578529,-0.474880134574196,-0.330675453961538,-0.18468337952652
-0.0189291975626307,0.15541410778867,0.318751418740161,0.472862242157507,0.641540626361267,0.815308294349942,0.968226142636245,1.12077412286599,1.30807099939471,1.52023039035911,1.71271098439868,1.83157948438161,1.87685494300383,2.06061412807113,2.6892390132831,3.49820436436745,3.41247262600124,1.97288434154631,1.06285178039842,3.39860688945505,7.90520498122826,8.71690239656334,2.49578831661578,-4.19219663192573,-0.927490446292866,11.0212587594941,16.632483697413,6.9505982360698,-6.46967415375791,-6.46984064353606,5.06778947411206,9.00559705735869,-1.21319347963529,-9.0236487885495,-2.51461084876704,7.80885028745166,4.78262499632721,-10.6273633677054,-19.2113870509688,-11.2432482388654,1.76770260580731,5.21645269734541,-1.52847138273986,-8.35550486443394,-8.56341888620169,-4.60910213977685,-1.80892453719882,-1.82230220678266,-2.87193063446574,-3.23029194072173,-2.80985707572609,-2.28974712355142,-2.0174464411863,-1.89289631522332,-1.75370287829205,-1.57003036780463,-1.3736667219334,-1.17803035480705,-0.989204969372386,-0.818354615840246,-0.658572276173072,-0.495680649054292,-0.334976729998909,-0.181535339742307
-0.0189836497015046,0.161476556508894,0.334234680725323,0.496524327387327,0.670387055330061,0.84838149419712,1.00775915368872,1.16988783493257,1.36671668241875,1.58016642463459,1.75481562261002,1.85039422586055,1.9421685758756,2.29885229787111,3.05931110017212,3.60621104062839,2.91049272647035,1.40843192345364,1.82172525179562,5.82549660002291,9.61068238203685,6.63737657657715,-2.04780835214275,-4.63468831972305,6.75253984767621,20.2324868293299,15.2034645315753,-6.40789386856627,-16.1842499321533,2.45726794238987,26.7492802897139,19.8351460438336,-15.3905125038117,-33.9021776714358,-12.4093472707537,21.008203458737,25.4303171780795,-3.38373695164571,-29.3059212506197,-25.591761587259,-4.23095237928701,8.66131761710724,4.25969541540309,-6.15403669488365,-10.1308312192139,-6.96041120196791,-2.88252003319699,-1.68417534323736,-2.48858581551228,-3.15882449831496,-2.98633845109967,-2.47594929817486,-2.11950984322399,-1.94311478688222,-1.79302282858725,-1.61298450027637,-1.4202063506613,-1.220291958903,-1.02179187706646,-0.848095306198764,-0.690612749267888,-0.522227312308843,-0.348189331963163,-0.185575950786629
-0.025610850781792,0.161303043226167,0.346460678086852,0.516708824262624,0.68829147374758,0.866684863159341,1.03885662739736,1.21453029688478,1.41562418610375,1.62657583054224,1.79285653144138,1.89604420412041,2.07708157793503,2.58811733932633,3.31935685065258,3.42629619588301,2.28790874053549,1.33145933695023,3.41782818512122,8.25235420165933,9.69281095408251,2.62487663632737,-6.15609027470072,-1.72332933493003,17.3663760223494,28.2732468489606,9.32864034121174,-22.7387426838659,-24.9013957511786,13.5465971931896,49.2908712481076,32.2601110716527,-25.5587723449088,-55.777761106352,-26.000228581827,24.4950566760639,39.7140285024719,7.91008332888043,-29.1446949952285,-33.4615581914316,-12.2101305598919,5.87417027595727,6.29992120700979,-3.14479512910176,-9.05361410712428,-7.83550444848504,-4.16874626436035,-2.29605455484366,-2.46521562924358,-3.01974995943017,-3.01001123275251,-2.6045077260643,-2.22797785054178,-2.00021515864823,-1.82380105309604,-1.63719160866911,-1.44588702849435,-1.24897367469571,-1.04748617725165,-0.867430270406283,-0.709543941700789,-0.543793320289163,-0.366300975426829,-0.196572660882484
-0.0224391636072134,0.166805902503344,0.358550037590561,0.531521181798623,0.694260809576363,0.866531029097824,1.04833151813697,1.23813705430179,1.44701502793412,1.66172296707701,1.83275936845543,1.96981679667584,2.25174813855501,2.84101114649482,3.38916918639655,3.06033615570635,1.87631015068041,1.9318326033697,5.35378601872215,9.67800041903564,7.98858886688629,-1.53792297052297,-7.50440076269614,3.87315245051303,26.013015846594,30.6825547729864,1.81384219065616,-32.2794862393155,-26.1203452057432,20.2893032359838,56.6129454256456,36.5015255476134,-23.8029231244091,-55.9398173234349,-31.338282790858,13.4794156110478,32.6070623186941,12.6665183016317,-17.4609627843268,-26.5560497717343,-15.6917873889564,-2.48820716871592,1.63633921111213,-1.93381618728066,-5.87590722238152,-6.48257374508637,-4.9302738661897,-3.4646239508106,-2.94689918130922,-2.95988562451783,-2.91187417263146,-2.64743402366872,-2.32527338911004,-2.07027423135292,-1.86043894219863,-1.65407368725902,-1.45648719955946,-1.26631638407166,-1.06952150758788,-0.881696165685246,-0.717307470955767,-0.554447548551251,-0.376800829862248,-0.198898622689964
-0.00170587899753372,0.181389284643592,0.368570944854667,0.539394333986924,0.695218013462167,0.862572374579628,1.05066312385092,1.2516882286592,1.46875427693918,1.68785171433987,1.86894594132472,2.05122614728573,2.40950706575831,2.9711728931127,3.25472722167725,2.68902396224595,1.92818454701698,3.07632002374975,6.8401965250485,9.33951209022841,5.15286861306429,-3.48673941617051,-4.31247948810053,10.1913032004759,27.1640701204814,23.6000294642443,-3.83725323876741,-25.3825592831742,-12.6556919825194,19.6222892346373,36.4807932499696,21.1366298529408,-11.0281021776535,-24.5696529691307,-16.2120370330218,-6.52155725685852,-0.0518393409611599,1.65486704986393,-1.14160552765176,-5.4929397033143,-10.7688362808098,-12.423731867429,-8.50876382837436,-3.73664239243328,-2.22416607692759,-3.56196534140359,-4.9161655728385,-4.73916850304613,-3.73002400906337,-3.00262378482904,-2.75892678313948,-2.62741380935102,-2.40386772323941,-2.1453790607638,-1.90516042053558,-1.67644323190757,-1.46869710558408,-1.283503586228,-1.09317239301771,-0.897706700829357,-0.722279164229227,-0.556555496693069,-0.373673011805341,-0.183304971947551
0.0210888376679588,0.193795449434223,0.371719393315355,0.540776848072887,0.698269347601737,0.87102273858772,1.06859778683919,1.27720834189989,1.49455214366186,1.7091376514556,1.89800356450036,2.12281499169681,2.51102824186229,2.95417368186109,2.99049552421716,2.48321820925862,2.47980466394383,4.38499694586682,7.25298289000389,7.15198847512445,2.21383940535511,-1.81828093737726,3.52988427739427,15.4882404511747,18.7982347313307,6.64103439165608,-6.48432179814002,-0.739756942661081,17.4682593245486,15.6966366312257,-6.97665692312392,-15.7434793241809,2.43412285069423,27.3022155825391,19.0787010971938,-23.3447793310123,-44.8646942641473,-22.8326759694309,10.4712579400667,19.1352279291112,-0.344932628245484,-19.6807583323517,-19.1069678752434,-7.08520155640423,0.428714469001546,-0.754620024477007,-4.57259522389976,-5.70890807743364,-4.3912062585391,-3.03816706941115,-2.61568647769479,-2.60053434493274,-2.46620878359192,-2.20505986115296,-1.94339036135891,-1.70551959373595,-1.49415169333081,-1.30916423390589,-1.11853282897282,-0.913862987170092,-0.726437892558921,-0.554048815312435,-0.36342269233599,-0.162175273868722
0.0225180672478209,0.189993831697081,0.366928641775424,0.540217150714616,0.706247797216474,0.892312589123813,1.10275459066812,1.31459881026675,1.52342057747969,1.72744579003465,1.92397328305832,2.1796773232693,2.55169915261617,2.83897747414406,2.72431474707624,2.51765094255916,3.33480989729953,5.46426525573037,6.57064025883133,3.88507337188109,-0.0484618850404077,2.67299782169413,13.7804526773234,19.3034768685967,4.99467664709128,-15.0049655625794,-8.12644473219186,30.3432260058109,55.0358353559004,15.9716412804998,-51.705679207108,-59.2278487146545,6.20116105451104,71.8606316124944,56.6998486012121,-28.1102512639702,-77.7833693118932,-45.6178295409634,13.4329844050552,33.9066890821202,7.51754169318824,-22.5118516983099,-24.5483014277024,-8.92345182032247,1.55271832526144,0.324323210268604,-4.62790294728396,-6.17066493213841,-4.56332439555287,-2.94567941582956,-2.53417719370377,-2.61967261208178,-2.51518191401634,-2.23074811413112,-1.95817310045377,-1.72971630999905,-1.52427528763584,-1.33494975215541,-1.13583965085512,-0.92139430808234,-0.725278535467626,-0.548640770677741,-0.357001397417235,-0.156559275780551
-5.68045205775078e-14,0.171347014184681,0.359415820682628,0.542801856688566,0.71710174969858,0.913325547815306,1.13124608505596,1.3397294691376,1.53745595815371,1.7371433997833,1.94755999550852,2.21898069760707,2.54731813721684,2.70639757380551,2.56135199114868,2.72640164318877,4.14727807936461,6.08418246299699,5.42144291793583,0.929273333573172,-1.33962379882863,7.2113075597805,22.2222674300785,21.8433100588901,-5.99528906874959,-31.6355097324564,-10.9506047063221,49.6715185738782,80.8714940052641,22.4787179988506,-71.7832953382769,-83.943871854852,3.12243705933314e-13,83.9438718548523,71.7832953382765,-22.4787179988512,-80.8714940052642,-49.6715185738778,10.9506047063224,31.6355097324564,5.99528906874934,-21.8433100588903,-22.2222674300784,-7.21130755978037,1.33962379882874,-0.929273333573164,-5.42144291793591,-6.08418246299707,-4.14727807936464,-2.72640164318873,-2.5613519911486,-2.70639757380543,-2.54731813721685,-2.2189806976072,-1.94755999550867,-1.73714339978329,-1.53745595815351,-1.33972946913743,-1.13124608505602,-0.913325547815503,-0.717101749698676,-0.54280185668847,-0.3594158206825,-0.171347014184699
-0.0225180672479248,0.156559275780574,0.357001397417381,0.548640770677836,0.725278535467519,0.921394308082147,1.13583965085505,1.33494975215554,1.524275287636,1.72971630999908,1.95817310045367,2.23074811413101,2.51518191401633,2.61967261208182,2.53417719370383,2.9456794158296,4.56332439555285,6.17066493213834,4.62790294728389,-0.324323210268588,-1.55271832526133,8.92345182032259,24.5483014277024,22.5118516983097,-7.51754169318842,-33.9066890821202,-13.4329844050548,45.6178295409636,77.783369311893,28.1102512639697,-56.6998486012123,-71.8606316124939,-6.20116105451052,59.2278487146545,51.7056792071075,-15.9716412805002,-55.0358353559003,-30.3432260058104,8.12644473219207,15.0049655625793,-4.9946766470915,-19.3034768685967,-13.7804526773233,-2.67299782169403,0.0484618850404627,-3.88507337188111,-6.57064025883138,-5.46426525573042,-3.33480989729956,-2.51765094255914,-2.72431474707618,-2.83897747414398,-2.55169915261617,-2.17967732326941,-1.92397328305845,-1.72744579003465,-1.52342057747955,-1.31459881026663,-1.10275459066815,-0.892312589123935,-0.706247797216511,-0.540217150714535,-0.366928641775356,-0.189993831697144
-0.0210888376680318,0.16217527386875,0.363422692336098,0.554048815312501,0.726437892558875,0.913862987169995,1.11853282897277,1.30916423390593,1.49415169333087,1.70551959373597,1.9433903613589,2.20505986115294,2.46620878359191,2.60053434493273,2.6156864776948,3.03816706941119,4.39120625853911,5.7089080774336,4.5725952238997,0.754620024477015,-0.428714469001464,7.0852015564043,19.1069678752434,19.6807583323515,0.344932628245411,-19.1352279291111,-10.4712579400664,22.8326759694309,44.8646942641471,23.3447793310119,-19.0787010971937,-27.3022155825386,-2.43412285069397,15.7434793241807,6.9766569231235,-15.6966366312259,-17.4682593245483,0.739756942661376,6.48432179814001,-6.64103439165627,-18.7982347313308,-15.4882404511746,-3.52988427739417,1.81828093737729,-2.21383940535514,-7.15198847512449,-7.2529828900039,-4.38499694586681,-2.47980466394383,-2.48321820925864,-2.99049552421717,-2.95417368186105,-2.51102824186225,-2.12281499169682,-1.89800356450042,-1.70913765145563,-1.49455214366183,-1.27720834189986,-1.06859778683921,-0.871022738587742,-0.698269347601712,-0.540776848072831,-0.371719393315356,-0.193795449434305
0.00170587899751062,0.183304971947579,0.373673011805369,0.556555496693072,0.722279164229223,0.897706700829373,1.09317239301773,1.28350358622797,1.46869710558402,1.67644323190755,1.90516042053564,2.14537906076385,2.40386772323941,2.62741380935097,2.75892678313945,3.00262378482905,3.7300240090634,4.73916850304612,4.91616557283848,3.5619653414036,2.22416607692762,3.73664239243327,8.50876382837431,12.4237318674289,10.7688362808099,5.49293970331443,1.14160552765183,-1.65486704986405,0.0518393409609441,6.52155725685846,16.212037033022,24.5696529691309,11.0281021776534,-21.1366298529411,-36.4807932499698,-19.6222892346372,12.6556919825197,25.3825592831743,3.8372532387672,-23.6000294642445,-27.1640701204814,-10.1913032004758,4.31247948810064,3.48673941617048,-5.15286861306439,-9.33951209022846,-6.84019652504848,-3.07632002374969,-1.92818454701694,-2.68902396224598,-3.25472722167731,-2.97117289311272,-2.40950706575827,-2.05122614728566,-1.86894594132467,-1.68785171433989,-1.46875427693925,-1.25168822865927,-1.05066312385093,-0.862572374579569,-0.695218013462085,-0.539394333986898,-0.368570944854714,-0.18138928464366
0.0224391636072454,0.198898622689997,0.376800829862207,0.554447548551189,0.717307470955781,0.881696165685341,1.06952150758794,1.2663163840716,1.45648719955935,1.65407368725897,1.8604389421987,2.070274231353,2.32527338911006,2.64743402366867,2.91187417263143,2.95988562451782,2.94689918130923,3.46462395081061,4.93027386618972,6.4825737450864,5.8759072223815,1.9338161872806,-1.63633921111219,2.48820716871595,15.6917873889565,26.5560497717344,17.4609627843268,-12.6665183016319,-32.6070623186942,-13.4794156110476,31.3382827908583,55.939817323435,23.8029231244088,-36.5015255476138,-56.6129454256456,-20.2893032359835,26.1203452057435,32.2794862393154,-1.81384219065647,-30.6825547729866,-26.0130158465939,-3.87315245051284,7.50440076269622,1.5379229705229,-7.98858886688641,-9.67800041903569,-5.35378601872211,-1.93183260336961,-1.87631015068036,-3.06033615570638,-3.38916918639664,-2.8410111464949,-2.251748138555,-1.96981679667574,-1.83275936845533,-1.661722967077,-1.44701502793423,-1.2381370543019,-1.04833151813698,-0.866531029097725,-0.694260809576275,-0.531521181798631,-0.35855003759063,-0.166805902503382
0.0256108507818702,0.19657266088252,0.366300975426752,0.543793320289064,0.709543941700795,0.867430270406404,1.04748617725174,1.24897367469567,1.44588702849424,1.63719160866906,1.82380105309609,2.00021515864829,2.22797785054179,2.60450772606428,3.01001123275249,3.01974995943016,2.46521562924356,2.29605455484367,4.1687462643604,7.83550444848508,9.05361410712425,3.14479512910167,-6.29992120700985,-5.87417027595721,12.2101305598921,33.4615581914316,29.1446949952283,-7.91008332888064,-39.714028502472,-24.4950566760637,26.0002285818272,55.777761106352,25.5587723449084,-32.2601110716529,-49.2908712481074,-13.5465971931892,24.9013957511787,22.7387426838657,-9.328640341212,-28.2732468489606,-17.3663760223493,1.72332933493018,6.15609027470074,-2.62487663632744,-9.69281095408259,-8.25235420165937,-3.41782818512119,-1.33145933695017,-2.28790874053545,-3.42629619588302,-3.31935685065265,-2.58811733932641,-2.07708157793504,-1.89604420412033,-1.79285653144129,-1.62657583054222,-1.41562418610383,-1.21453029688487,-1.03885662739736,-0.866684863159264,-0.688291473747525,-0.516708824262659,-0.346460678086915,-0.161303043226166
0.0189836497015872,0.185575950786666,0.348189331963093,0.522227312308744,0.690612749267877,0.848095306198853,1.02179187706654,1.22029195890299,1.42020635066123,1.61298450027634,1.79302282858727,1.94311478688225,2.119509843224,2.47594929817486,2.98633845109967,3.15882449831494,2.48858581551224,1.68417534323737,2.88252003319705,6.96041120196795,10.1308312192139,6.15403669488356,-4.25969541540313,-8.66131761710717,4.23095237928712,25.591761587259,29.3059212506196,3.38373695164556,-25.4303171780794,-21.0082034587367,12.4093472707539,33.9021776714357,15.3905125038114,-19.8351460438337,-26.7492802897137,-2.4572679423896,16.1842499321533,6.40789386856609,-15.2034645315755,-20.2324868293298,-6.75253984767609,4.63468831972311,2.04780835214272,-6.6373765765772,-9.61068238203687,-5.8254966000229,-1.8217252517956,-1.40843192345362,-2.91049272647033,-3.60621104062839,-3.05931110017214,-2.29885229787114,-1.94216857587561,-1.85039422586053,-1.75481562260998,-1.58016642463458,-1.36671668241878,-1.1698878349326,-1.0077591536887,-0.848381494197081,-0.670387055330054,-0.496524327387376,-0.334234680725368,-0.161476556508867
0.0189291975626903,0.181535339742329,0.334976729998866,0.495680649054231,0.658572276173062,0.818354615840288,0.989204969372423,1.17803035480704,1.37366672193337,1.57003036780462,1.75370287829206,1.89289631522332,2.0174464411863,2.28974712355143,2.80985707572609,3.23029194072171,2.8719306344657,1.82230220678267,1.80892453719887,4.60910213977688,8.56341888620166,8.35550486443388,1.52847138273984,-5.21645269734536,-1.76770260580724,11.2432482388654,19.2113870509687,10.6273633677053,-4.78262499632716,-7.80885028745151,2.5146108487671,9.02364878854939,1.21319347963513,-9.0055970573587,-5.0677894741119,6.46984064353616,6.46967415375785,-6.95059823606992,-16.632483697413,-11.021258759494,0.927490446292937,4.19219663192571,-2.49578831661584,-8.71690239656336,-7.90520498122824,-3.39860688945503,-1.06285178039842,-1.97288434154633,-3.41247262600125,-3.49820436436745,-2.68923901328308,-2.06061412807111,-1.87685494300384,-1.83157948438164,-1.7127109843987,-1.52023039035911,-1.30807099939469,-1.12077412286597,-0.96822614263623,-0.815308294349941,-0.641540626361291,-0.472862242157547,-0.31875141874018,-0.155414107788638
0.0282997049170968,0.184683379526523,0.33067545396152,0.474880134574181,0.624385848578534,0.78358871543857,0.952777535418344,1.12845729971409,1.31300539677468,1.50811455430966,1.69557995282614,1.83888937284481,1.93678704235694,2.10348421097432,2.51756268420762,3.09401842975777,3.24754815781332,2.48110377924195,1.54198009968577,2.30576359097868,5.38026991568077,8.05662181415639,6.55937051298844,1.26527162476827,-2.38252618196994,0.073735600943774,6.36656304704953,10.1339161609786,8.96696169571714,5.16139896055321,-0.0957127494973387,-5.90729793257009,-8.27284488236097,-2.95432118359938,6.77166756350351,9.27382556802985,-0.759260536757797,-12.8383053599946,-13.6116822275484,-3.80628887113918,3.83058476407654,1.44530874459257,-5.67071750433538,-8.46902947051639,-5.44059671737856,-1.74026606419618,-1.15550540608723,-2.65150353095229,-3.56857819987924,-3.1335663424578,-2.31191090389329,-1.90986274854428,-1.8583625457754,-1.80911837333848,-1.65048691440312,-1.44559619594273,-1.25215466164266,-1.08802827620713,-0.940437353235311,-0.781995872122386,-0.610987987969497,-0.449401995241839,-0.297359553572267,-0.137540116150151
0.0351946116335844,0.181493053513159,0.326822597343904,0.463231922963322,0.599856119492511,0.754513844379817,0.919744755583122,1.08059633637345,1.24959350941391,1.43603479985542,1.62037939383218,1.77361680093572,1.87619135960798,1.96312741234888,2.20215067241874,2.74338304382511,3.30262765091685,3.15293635433492,2.06149502253774,1.21408896062105,2.41054081836241,5.66229864345288,8.08153175587515,6.37884363556772,0.881677465043107,-3.60787543924066,-2.05215082448383,5.2467519445647,12.0033275241289,11.0563673774607,1.27582171922875,-9.19580770276497,-10.0125397463291,-0.371820103057742,8.90370505231938,6.77384268257775,-4.61954237022678,-12.2027668914848,-8.46856068813619,0.154790156724619,2.98045651494434,-1.7199001237567,-6.77823611134969,-6.67387758573976,-3.22514121943675,-1.10587458800133,-1.74210498123222,-3.10959723949707,-3.35968937075456,-2.6559084030311,-2.0149638365541,-1.83192715316603,-1.83577746675185,-1.75010716553646,-1.56178122420038,-1.36328629492803,-1.20348166899716,-1.06847551270438,-0.921035757593416,-0.752060536597198,-0.585070417593639,-0.429974385195905,-0.273390703569441,-0.115060866008117
0.0300550735487182,0.165633403268638,0.315544396847249,0.453739137576561,0.583971947007528,0.734041925055838,0.893971754702891,1.04088370087497,1.19207771901578,1.36276174163089,1.53482506645984,1.69298044917853,1.81757560070544,1.8766938050297,1.95883962673078,2.31477573267989,2.98490611275645,3.40323099590281,2.81389395255729,1.44045964419686,0.953111035373275,2.93195880354157,6.41741755853479,7.76342127246695,4.27871029806005,-1.68961788342275,-3.87953843635944,1.01531375588228,8.41243466153811,9.80590527061678,2.46977559840738,-6.1446471305574,-6.62184766207654,0.696388224349992,6.02834679964918,2.40835702400258,-5.65458674109856,-8.47539705719984,-3.85020437853918,1.21857707971334,0.592472362953085,-3.81768017158129,-6.16261727254487,-4.49981161020703,-1.86678229895662,-1.25824474061182,-2.36112615216668,-3.19392242958547,-2.926314047497,-2.22658497485823,-1.83936818106245,-1.79220018817294,-1.777727215481,-1.65170779838277,-1.46216917768043,-1.2881875256688,-1.15896498737596,-1.04079024638697,-0.888626536369214,-0.715228503479664,-0.559581710884669,-0.413421327177169,-0.25376315999119,-0.100657672287602
0.0161014590719204,0.147089896017659,0.30001902012091,0.43988345288141,0.568085156875135,0.715743019810855,0.871265579698486,1.00859232401206,1.14300725995774,1.2918590509765,1.44287186570607,1.59522942305575,1.74086582929567,1.81924077323716,1.82952837485675,1.97801787442287,2.4871620257356,3.13844963552918,3.20606711637494,2.24164443583014,1.04928842873704,1.34828776216059,3.7271294630903,6.10206978850394,5.41187447542408,1.53285581522295,-1.5855527124596,-0.272867587499912,3.90368736186532,5.5157909867533,2.10180209187729,-2.2846176949046,-2.34623207486217,1.13545272166052,2.46087359416287,-0.934428896678141,-4.94203959484165,-4.66976659064024,-1.14914423279575,0.577861023890606,-1.51955823161065,-4.40581355193671,-4.7030586856336,-2.80378903277888,-1.39858059185474,-1.72552915807226,-2.6918615833901,-2.94580306327502,-2.44675117540395,-1.93054609697977,-1.76286200586019,-1.75752660309016,-1.68919834573632,-1.54002734307789,-1.37362164050619,-1.22883570074706,-1.11314264255278,-0.993182294713951,-0.835639351621004,-0.667935422039673,-0.528218372323173,-0.394576119384947,-0.242477218658652,-0.101042508336098
0.00274476175495661,0.137100916030037,0.287078319857571,0.422818912295497,0.550330539890599,0.694563097650679,0.843351348428273,0.97516403917163,1.09837699170988,1.2235835105162,1.34816501148212,1.48568819036237,1.64073584132836,1.75806669435945,1.78450544793854,1.81065239071283,2.05635865074077,2.5894003895136,3.03417729431354,2.78881161377389,1.82995796593097,1.16244223677157,1.88224762256354,3.59703565592429,4.43762494454214,3.23614227605567,1.20909241566134,0.519765352961741,1.40388162709351,1.95524757086626,1.02165316808273,-0.0583958737083288,0.297930149901889,1.10305556121012,0.158119880179673,-2.31179131867126,-3.54857206246338,-2.17629523895386,-0.292152514542462,-0.548940236604659,-2.60165446096245,-3.90880508947913,-3.24110694749434,-1.87516292538472,-1.47730227315743,-2.10218317991774,-2.65977094279805,-2.52650717985084,-2.04826932734029,-1.75943066904293,-1.72229819755098,-1.70176835219681,-1.58837236437671,-1.43802510487831,-1.30001879276145,-1.17612179714245,-1.0602127547916,-0.932600231364734,-0.777873718623789,-0.623009766776946,-0.494576361813915,-0.372339077417516,-0.238497738513545,-0.112752573585825
-0.00475207165050073,0.133721284817459,0.274998735082085,0.405305024389375,0.534707277740911,0.670996266563147,0.804628947416744,0.930541810673392,1.05063200142536,1.15910192007804,1.25987538122453,1.379788187182,1.53037515134423,1.67488334706151,1.754790066162,1.76322073756621,1.81139927792716,2.07090044881763,2.51553110414627,2.75747652247483,2.40437680392562,1.67420984021188,1.35711107558491,1.91573325490153,2.82830796364804,3.1382197562268,2.54272379268542,1.58090117296551,0.82802542020365,0.394782489270629,0.287361354435501,0.623031283752653,1.07681258281977,0.723111680843144,-0.772943344952245,-2.23602940966802,-2.2229320706842,-1.03314564742594,-0.456656092187544,-1.39754024274328,-2.75023833485509,-3.02380254081814,-2.23390341237301,-1.5642777864181,-1.7029904944872,-2.21264404705811,-2.38472103746633,-2.11241610471646,-1.78322937979449,-1.6633688556313,-1.66564672113709,-1.61351416714112,-1.48342323027368,-1.34516095878321,-1.22686359587501,-1.11426554190293,-0.99738745190711,-0.87009406661581,-0.729726412400322,-0.591195079842543,-0.4672978573707,-0.351737174535557,-0.237858379772926,-0.125795840343985
-0.00568818289859058,0.12906310092216,0.258122275778511,0.385564595196853,0.518233957553465,0.642635717707674,0.754566950424427,0.871687852364532,0.994635286551382,1.09967090751028,1.18864014407618,1.29385778189445,1.42795067364043,1.57078753181835,1.68655805827842,1.73130940130065,1.71073996098578,1.75373853058454,1.99969304428366,2.34472365392301,2.44328035672858,2.09815500080248,1.57273805280375,1.37548003257647,1.72439390155085,2.28547552724452,2.46479565848998,1.94841456133874,0.994290184156505,0.236180366888358,0.157222304739046,0.611940622307233,0.856125094190571,0.255884836126703,-0.90535898547558,-1.60637474207409,-1.31393699056149,-0.719874236257327,-0.856914967788355,-1.73260177510482,-2.39153193093253,-2.24046220659751,-1.71995811368316,-1.55187672029783,-1.82598913655884,-2.09144238168697,-2.04428653720284,-1.80797653562917,-1.63765308238698,-1.59845513788398,-1.5824347463503,-1.50275759477683,-1.37578498921264,-1.25178123677635,-1.14529833079005,-1.04245131057821,-0.931019319009703,-0.810590573788781,-0.686784306046832,-0.564504734270515,-0.445705199433628,-0.335004816873212,-0.234409316483266,-0.129735418629012
0.000305186825541481,0.123835862949578,0.240672810904358,0.362880471953607,0.49110357425991,0.602186023690968,0.69728000425702,0.806078860935444,0.931516013864201,1.04303856023498,1.1346350481153,1.23001999600371,1.33927943505955,1.45620314210386,1.57168031324878,1.65051765143164,1.65091581300759,1.61761376778302,1.68248764476812,1.90154209127152,2.12687230890884,2.12102744238246,1.8162608564687,1.44223461280844,1.33977438239892,1.58941745418284,1.85488804342971,1.70200578105885,1.10071909678997,0.499438601922179,0.326826596551577,0.482399882556073,0.448936752579221,-0.0697694363539837,-0.748971374667206,-1.03007882536357,-0.852267057829799,-0.743227597918908,-1.1047684012782,-1.67312562790475,-1.90847362959727,-1.71969002990291,-1.50726669439908,-1.57194402507975,-1.78319256495599,-1.86319671819396,-1.7580559051042,-1.6182345122077,-1.55339377206669,-1.5332105353187,-1.48511876955981,-1.38901528600545,-1.27151276221721,-1.16104627072687,-1.06626985676815,-0.976469178529071,-0.874245865923947,-0.758132300249546,-0.641332596849831,-0.530141257432033,-0.420746674913807,-0.316627300809676,-0.221111194222725,-0.119230174455993
0.011475913385556,0.124610203288281,0.233762857885104,0.343355822767105,0.452585514783412,0.550769764622492,0.642240585912191,0.746919914333472,0.867635128695665,0.984318666520355,1.0850236139674,1.1738157385354,1.25623548961524,1.34045471605843,1.4354917369078,1.52538449132084,1.56843230823199,1.5550460967292,1.54476004330178,1.61553035174414,1.7624446581954,1.86615713095689,1.79215683451634,1.55247550041128,1.33246922026532,1.29240239132651,1.35651327110101,1.28900196499825,0.997156064888883,0.657309703051438,0.474691250041966,0.399474543802616,0.201451562025319,-0.189071383674073,-0.557963194781419,-0.693540854955416,-0.690150481459242,-0.820021352374082,-1.15027652716607,-1.44990547843929,-1.51325128265709,-1.42190985999288,-1.3999629235353,-1.51385519223793,-1.63166355796658,-1.63488094478284,-1.55512784091558,-1.49024006545833,-1.46897867558323,-1.44437906685026,-1.37824756520035,-1.28035742804926,-1.17749944790636,-1.08491680089311,-1.00470057817663,-0.926717480481559,-0.832610991133492,-0.718320851819225,-0.600558763126706,-0.492478574643488,-0.391160209826565,-0.2924276600825,-0.197058124701053,-0.0979309404195447
0.0207266781454638,0.128953310704501,0.236953425333235,0.332033162285576,0.416781753998717,0.504708221270401,0.600997386546346,0.702799364377706,0.810077759097995,0.922197745126932,1.02703859438317,1.10983117925182,1.17176037991176,1.23187246761564,1.30605739998818,1.39011189726813,1.45834774886679,1.48480776793684,1.47380956677286,1.46915660000357,1.50952096510357,1.57258993284369,1.58388944402236,1.49751757219932,1.34924184681531,1.21240062113988,1.1090131629646,0.994614426332921,0.832695253932156,0.654007698515231,0.500850582962556,0.343001492668524,0.110299589543162,-0.179524033043722,-0.414015461804616,-0.538187361254818,-0.643915863692273,-0.834851326286761,-1.07139102350674,-1.22528424494956,-1.25773637936077,-1.25649519067385,-1.30780477885425,-1.3990943621994,-1.45930701196208,-1.45323162591515,-1.41042955744854,-1.37765207353956,-1.36093932439375,-1.32852019628168,-1.26004879565208,-1.17284459373341,-1.09245040872701,-1.02381636618718,-0.957080507922576,-0.883696724122391,-0.795853838331623,-0.689549470549989,-0.574633228195388,-0.466011639565852,-0.366617254697147,-0.269167515568818,-0.172521199360212,-0.0779335620867992
0.020296204837924,0.125389773589796,0.23449026971446,0.323547767996209,0.396262716861477,0.479054500299547,0.575806183801666,0.669764183206287,0.761148557059623,0.861813053935848,0.960744233707127,1.03683753334465,1.0906534373357,1.14063739145807,1.19819646873909,1.26645907441801,1.33733709758904,1.38573503632985,1.39252018715596,1.37374356371515,1.3621859625979,1.3652048430382,1.3637553298706,1.33527458686594,1.26248836995983,1.14100376559629,0.992707345367013,0.850959235306727,0.724697312657891,0.599503229286274,0.45840663678422,0.28726861809096,0.076975541538044,-0.145496139408348,-0.329251338993402,-0.464007964316545,-0.60177387856064,-0.775160590125061,-0.942366514179906,-1.0469348214499,-1.09795564687314,-1.14793076309848,-1.21823049230182,-1.28465595621195,-1.31830628921962,-1.3158371506063,-1.29340264927636,-1.26983354762809,-1.2467057161759,-1.20755480223632,-1.14252320731949,-1.06983733233132,-1.01189435507815,-0.964009139334904,-0.905402208982452,-0.831599737289046,-0.750408383746324,-0.659595298131658,-0.555788874223459,-0.449491698113108,-0.35140241165526,-0.256522781011338,-0.161331725593116,-0.0708548060849561
0.0110095198835126,0.110535710817153,0.216891827593233,0.309345913773206,0.387192644662171,0.468213889339407,0.553871611415017,0.634424572627823,0.716353975766704,0.808170701248896,0.89554968453954,0.96477833114658,1.02135222606823,1.07174309370304,1.11454287698157,1.16025073163278,1.21895550675806,1.27147672574773,1.29085866069088,1.27986084496619,1.25960334192948,1.23536669779136,1.20558210319141,1.16966560935198,1.11527955849747,1.02277714278423,0.900194504376043,0.778112739821661,0.667484784592586,0.550163394950182,0.408026507043147,0.239856456348698,0.0545080370243756,-0.127573941470311,-0.284264745745464,-0.415106443731937,-0.54448927082028,-0.684026420664582,-0.812458553268254,-0.906864820074914,-0.977518368847628,-1.05167462656436,-1.1302334486148,-1.18736455503175,-1.20704014114286,-1.20197075209505,-1.19002472810878,-1.17469062417089,-1.14892772282058,-1.10640267951111,-1.04782772320819,-0.987099356688117,-0.938953452117413,-0.897215509003327,-0.841674767155328,-0.770138094607774,-0.696248840052357,-0.618234607938664,-0.525434259745678,-0.425567581980447,-0.335928805085783,-0.252661505949529,-0.165443034737655,-0.077365205359651
0.00206990791277583,0.0965276798707452,0.196425783666751,0.291809661444076,0.377005488066521,0.453047683486085,0.520962119562724,0.588686354294861,0.669572709459187,0.758908506925787,0.836925287827676,0.901061277372644,0.962338814579896,1.01513433078533,1.04768583257087,1.07413221092415,1.11524209038261,1.16112795860326,1.1867471089577,1.18532644063776,1.16580278330704,1.13300401374253,1.09088405143543,1.04175892826591,0.981486799058096,0.904292481641537,0.813836702612603,0.715439004777778,0.609238256475736,0.492142353973851,0.359248575286051,0.206654211152137,0.0428637582293612,-0.112056181692971,-0.247641133008408,-0.370358740111473,-0.48927033552393,-0.604563711218746,-0.710101956756038,-0.799968786188568,-0.877978627948881,-0.957384691427808,-1.0358109834928,-1.08804832443958,-1.10113759712579,-1.09742794262795,-1.09802236967025,-1.09312320322093,-1.0679965126243,-1.02829736516956,-0.982700337342819,-0.932217039199327,-0.880701541120845,-0.832024927616131,-0.778066671847207,-0.713623654034863,-0.644272151229666,-0.568857084598668,-0.4804406118981,-0.388860843839998,-0.312569796068397,-0.246456914104248,-0.1720950206462,-0.0869487010898761
0.00017629727545122,0.0950712383921373,0.190546468045434,0.280869513569255,0.360615312276463,0.425651393784893,0.479921896511311,0.541014748229167,0.621586257715414,0.708493086421121,0.782498338977263,0.84546229561385,0.904970534647571,0.953081008253734,0.982901758020119,1.00601449743877,1.03443905097261,1.06550963208301,1.08976778826287,1.09604793476139,1.07614461579666,1.03678997065665,0.993255853168543,0.946107176810566,0.887137593652368,0.819309272254909,0.744926689017964,0.651497826663764,0.537396282342649,0.421124853687883,0.307029080551733,0.178507505605867,0.0380940808592222,-0.0915875453529868,-0.208315046944798,-0.326395969064997,-0.442741098453495,-0.544936377628723,-0.636944379391912,-0.724624288607772,-0.803461798828309,-0.873718682210387,-0.93689122281032,-0.979322097893654,-0.994012987321933,-1.00162905891276,-1.0152053657918,-1.01602674985609,-0.991974881812546,-0.960771008271105,-0.931622859073622,-0.890802019532782,-0.835234922744552,-0.780532722006694,-0.729289753346075,-0.67042467093244,-0.600531737191199,-0.522600643715584,-0.438287444607762,-0.356756167995929,-0.290288995191619,-0.233488686866351,-0.16899214682753,-0.0893862912026741
0.00271798660984274,0.101030055357756,0.195967270069644,0.276257094757429,0.341708351745094,0.396249341138533,0.447038906209068,0.506987174744443,0.581096742648707,0.658875494063395,0.731082760246994,0.796231626524462,0.84790178895605,0.882003213170776,0.910979287610772,0.943770144130439,0.969494911062814,0.983658027728119,0.998642442257109,1.00956774622596,0.993526535297033,0.953623139394629,0.91334800303276,0.872881508529729,0.817349042511569,0.752614862220034,0.682789454671373,0.591071907821677,0.476705433401535,0.367076492019855,0.266790658256485,0.153517477988691,0.0303341498259427,-0.079242503157138,-0.181195286549523,-0.293723080570461,-0.404419116748102,-0.495372335628646,-0.579327812682054,-0.66763153835843,-0.745619716277367,-0.80299565352498,-0.847564815474989,-0.880988705229441,-0.901391222763733,-0.919110883400721,-0.93653263432459,-0.937344881831852,-0.918480088960227,-0.89827191345134,-0.878794870282245,-0.843293206989512,-0.791843313460708,-0.741492433011093,-0.693057172338916,-0.633685251731011,-0.561972235005553,-0.48661331548684,-0.413160228848706,-0.344139718809822,-0.281219351085534,-0.22083154293567,-0.15727106633219,-0.0843424940535646
0.00351977273156694,0.100118269141234,0.19221571128652,0.264711658598856,0.322460353578932,0.375301246045603,0.428762795136474,0.488371976076331,0.553775217452439,0.619980812901535,0.687919111262388,0.753785883276317,0.798658345634376,0.818407670860747,0.840407492496404,0.876983585449328,0.903645399782623,0.908876608080477,0.915165892892978,0.92646157896691,0.917588406048676,0.88614469844641,0.852309660757406,0.813340939021381,0.753611419185682,0.683514371270688,0.614380014875025,0.534333303618457,0.439175450094474,0.345368059010354,0.251244312541406,0.141159791932425,0.0253206115987774,-0.0762049792715665,-0.173169227999522,-0.278563824069711,-0.376354499933076,-0.455320248875708,-0.532717168959839,-0.616639270656003,-0.688275166226392,-0.738499703681885,-0.777747481152993,-0.810511889433071,-0.833572381931634,-0.849889046609061,-0.860807609539754,-0.861688018171132,-0.854978489119433,-0.845101094652161,-0.82445709392375,-0.787711097330629,-0.745183112527934,-0.703979601050291,-0.655645337776976,-0.59450583575575,-0.527644034928391,-0.462004750069542,-0.399730900334982,-0.340623496976111,-0.279768272621801,-0.21328930044907,-0.145936390559426,-0.0777390502609822
0.00180008810810796,0.0885345064413007,0.170573849966502,0.239115880234255,0.301385086794017,0.359840545572107,0.41320434338195,0.469776074088856,0.533452156743691,0.596212951239374,0.656812783170977,0.716286616241784,0.759271077693775,0.775920979420242,0.787588445807628,0.811658675184606,0.833772298509743,0.841611568539284,0.848450169856372,0.856561637562818,0.849127186919136,0.82415396519141,0.793738027796107,0.751989936938317,0.689292480912628,0.617890548469833,0.55168485120923,0.484639536897514,0.410912030923279,0.332390600885453,0.24310277784572,0.138649884313665,0.0318339984146314,-0.067611922276883,-0.167068496073694,-0.266342432692769,-0.351995840721198,-0.425706329162326,-0.500444040067577,-0.573346131231545,-0.632563162782956,-0.681637613281678,-0.726558159484902,-0.761059928204037,-0.780722640389604,-0.79064005655108,-0.795690872957579,-0.79919857205499,-0.804237895330906,-0.800523889073428,-0.775058912020528,-0.736131734354626,-0.700739194570806,-0.663543192687535,-0.612702991758904,-0.556073817800524,-0.503334673359048,-0.447278315041827,-0.385132412239785,-0.326224359358405,-0.269062520195776,-0.204751577950023,-0.137742646275477,-0.0725451190252922
0.00118038373892929,0.0763782337392284,0.145947629128459,0.211035010266804,0.279964270807748,0.342206951281951,0.389710708813997,0.440977383041182,0.509512816516078,0.577814374082512,0.631268524306079,0.678152221461358,0.720166364507252,0.74480618389802,0.753464400246556,0.761962250067933,0.776208763070467,0.791552237890084,0.80417197931692,0.806492805081817,0.7916123261077,0.763023833487899,0.727327483066686,0.681659793694431,0.626471698545733,0.568781981417482,0.51107290973345,0.4480102437718,0.379526258103421,0.304521231750564,0.219653345504062,0.128562498722383,0.0390031947238943,-0.0530421727695497,-0.150393390929401,-0.240852414978701,-0.318406525272098,-0.395607968645782,-0.474449432464719,-0.539560891007223,-0.590258459005234,-0.641306036366381,-0.688421420886634,-0.716573070440303,-0.730215154535051,-0.741818415232135,-0.750295292034123,-0.755090350456049,-0.760859507940072,-0.756727065988135,-0.730523619891738,-0.694956114002882,-0.664315122349059,-0.626520424270469,-0.575242256017839,-0.528910444211757,-0.490687490409018,-0.437485279378279,-0.366507761245069,-0.301036849228342,-0.246373923165873,-0.188810683820525,-0.127672095011377,-0.0669105454166572
0.00254287197588397,0.0720404807283994,0.13558395133059,0.196425807567663,0.263389231914859,0.323121253079761,0.366128760623251,0.413500718522439,0.48179735753459,0.551302385128221,0.600296848572873,0.637208356543849,0.674485946466086,0.705473309762171,0.721227189020144,0.729442563914862,0.742514512771238,0.761443531481771,0.773971227593889,0.768312584049598,0.745026877652439,0.711074618023879,0.668445720137423,0.61981157352278,0.574895156858203,0.534291366167185,0.484704106605443,0.419609785706408,0.347061295666698,0.269781361642217,0.18681210649239,0.105818901124039,0.0308039478021399,-0.0492281205537119,-0.134879059812403,-0.211213212190737,-0.280293208759362,-0.359382322822817,-0.441372731361726,-0.505856437368162,-0.558665861169378,-0.613737621025219,-0.656198557589554,-0.67343076483543,-0.685145649210493,-0.706468293018466,-0.722209144819597,-0.723482733085418,-0.720835115707833,-0.71268471339407,-0.689605761983041,-0.660533549107984,-0.634122338844177,-0.598930309477986,-0.553677109944225,-0.515715299232496,-0.480780509709162,-0.424534174371187,-0.350323151384147,-0.283628575668678,-0.227803970819395,-0.170573344191093,-0.114001234314599,-0.05985959129039
0.00318997108796463,0.0715973900554386,0.136711406351395,0.195114011194521,0.253802807384729,0.308926388282574,0.356339602725967,0.404675449939554,0.460788476529562,0.516549694786799,0.562787063572334,0.59980636461174,0.630623044020662,0.657393065198905,0.681158406369876,0.702323104352686,0.721045521011194,0.736406330922761,0.740940035852731,0.728367173490077,0.7037839178561,0.67365260999855,0.6345314142048,0.587948255704929,0.545723106795485,0.507543080373133,0.456531166492804,0.389632369514206,0.318837137640022,0.245816526928227,0.164943740169583,0.0846015433231794,0.0124485687104538,-0.0593140302520194,-0.132661054869922,-0.197870507612899,-0.259454955540906,-0.331493272681473,-0.406084703514511,-0.468552409565047,-0.525989669969611,-0.583468348234861,-0.622629102439244,-0.638259234973993,-0.655162609276947,-0.681920392895447,-0.697032571794321,-0.693249853120181,-0.686068548495385,-0.677406378912444,-0.657321640397514,-0.631051330225212,-0.606742558421426,-0.578184908023656,-0.543008424205052,-0.507259161604123,-0.464994504938938,-0.40615893112698,-0.341330915608544,-0.283193921740158,-0.224596444576565,-0.160540373765421,-0.103286018148865,-0.0542746489723896
0.00210835345215479,0.0669563657814941,0.133092603388617,0.193439206314954,0.248071390523821,0.301348839878071,0.357659581641976,0.410773393052584,0.451806949391674,0.487300780747134,0.53047353345395,0.574088830053147,0.601896478677676,0.620093672432149,0.645392002223816,0.674560416899139,0.693404762997176,0.700355437284945,0.698190556001865,0.685010187846137,0.664318535550573,0.642809030349268,0.615699598874742,0.57772414535512,0.534431171715124,0.488267401752891,0.430425587558727,0.363339958343832,0.298118770063766,0.232584730125741,0.155807966465868,0.0744233893820734,0.000953667634924522,-0.0669506170165138,-0.13509021500644,-0.199953605921595,-0.261033326812318,-0.323859205153599,-0.385660480600377,-0.441690277156832,-0.496391073052588,-0.549059762923411,-0.588327909459826,-0.613914471448413,-0.637997897485329,-0.6591299244078,-0.665439279540403,-0.661874080993995,-0.660334187950419,-0.655730405997944,-0.637168322392392,-0.609937418428461,-0.583739848262649,-0.558016540542044,-0.52907372300073,-0.493344079053818,-0.446279532395173,-0.391130395289886,-0.338974447267502,-0.288419958187731,-0.227889163829456,-0.160592185391383,-0.102280993067957,-0.0528613726560496
0.0015996962966563,0.0577022262248622,0.118058782828644,0.183160921183449,0.242873236289856,0.296288829598502,0.354081800196971,0.409944679750143,0.447051342986314,0.474118943374691,0.514072060445833,0.559759440183137,0.588255729590778,0.605147100123947,0.628976924423041,0.652737470470413,0.660689011471354,0.659400351959114,0.6581733485606,0.649825687544539,0.63057290126178,0.61007788153525,0.589513582353093,0.559977303314237,0.519951077129811,0.473647652725963,0.417969904257506,0.353718642247723,0.287978887912902,0.221429326043825,0.147158105584783,0.0696757917674399,-0.000449549241592307,-0.0643679278784737,-0.130792091042258,-0.199371283610028,-0.263952130481126,-0.323648033325681,-0.380915345359644,-0.43542523753079,-0.484563953124253,-0.526845109378418,-0.563639488194333,-0.596846512148702,-0.622249153625552,-0.633886802208144,-0.636104904076872,-0.640338438018423,-0.646049291406647,-0.641729904364103,-0.623288271335052,-0.596970451426554,-0.56763899910026,-0.537137397604508,-0.506989481182257,-0.47381347154774,-0.432995941991581,-0.387364616379197,-0.340094676806128,-0.285928017433194,-0.223826644373763,-0.163257068589335,-0.108956993369712,-0.0545636236294312
0.00254447811207595,0.0503379085109095,0.101589399219979,0.169136678801266,0.236754960657999,0.290116468733359,0.339776591368942,0.3925660439607,0.437402197096097,0.472398574763754,0.510008181194179,0.548636684665187,0.57768107148032,0.601591854378241,0.626607107070566,0.641662622752855,0.639900489057097,0.636014447532372,0.637818135841932,0.630904610943524,0.607659826626869,0.580349828709357,0.556055019014785,0.527629129196147,0.49252387303613,0.45533220100103,0.411840964502569,0.354158507522692,0.284435256222186,0.211018062433277,0.137325252642698,0.0656999790643575,-0.000230505840595484,-0.0616535574177173,-0.125101875404908,-0.191244389878219,-0.25486767988526,-0.315267372433536,-0.376891821544751,-0.437438407353228,-0.486563754774454,-0.52221138847008,-0.553332435890342,-0.583536203339969,-0.604139214982279,-0.613811932218662,-0.624249310976894,-0.638540447319167,-0.642945386500079,-0.630348632912037,-0.610086320792266,-0.587317581918032,-0.557007921067038,-0.520649394763201,-0.487354008412408,-0.457899169600469,-0.426255452317758,-0.388477434394111,-0.33968856349846,-0.277224974417345,-0.213772869954698,-0.162480549681755,-0.114438855790374,-0.0560563606054454
0.00246743694217722,0.0490596217279712,0.0961233116661413,0.159577548063091,0.227964018210567,0.282431509528635,0.326490174873112,0.374235337256778,0.425324998530566,0.46974758868031,0.505031649342514,0.534841776729262,0.563830762204543,0.594315532914358,0.621133074143796,0.635498910791236,0.638146028979949,0.638575400994885,0.636648849238602,0.622287435538989,0.594574866753743,0.564476457485572,0.536153787847965,0.504726226757946,0.469622991206835,0.435220192776703,0.396805084142771,0.343593243832655,0.275133584249659,0.202213427236482,0.132580625665398,0.0653384341606658,-0.000937501672847884,-0.0647964514572257,-0.126398307247693,-0.187367832549677,-0.247886614412493,-0.308669200340774,-0.371406059767754,-0.432464397258379,-0.482323334272167,-0.518548266879203,-0.547445110989514,-0.572418881050806,-0.590962664335434,-0.608062989761354,-0.630086347054109,-0.64795989828174,-0.645324149826116,-0.625079017532695,-0.603092127643327,-0.581263644392872,-0.550835106324902,-0.514760490295173,-0.482902840047845,-0.454131368278646,-0.421525492889628,-0.382529479323744,-0.3336048345578,-0.272243877227106,-0.209892994671874,-0.159055723289481,-0.111868313019941,-0.0551296593135948
