-6.53864523894121e-05,7.73389460146864e-05,0.000208997201976767,5.33709473462526e-06,-0.000225255673492467,-0.000126502869720995,0.000113550387155177,0.000144691910671336,-2.70439460225199e-05,-0.000205899591034607,-0.00028765761196925,-0.000240426183020124,-0.000148569816336775,-0.000168438973544292,-0.000243478140935916,-0.000139052133639692,9.9699006737542e-05,0.000137272681037074,-6.9511722374508e-05,-0.000182144418179605,-5.25763756856012e-05,0.00011374241546314,0.000188635835797574,0.000238989794127947,0.000220654706849841,2.94642632387594e-06,-0.00031344476623561,-0.000456118669836711,-0.000359657173206838,-0.000186151758606917,-6.44997540729524e-05,6.48297908259413e-06,3.33580676256969e-05,6.48297908200958e-06,-6.44997540736656e-05,-0.0001861517586072,-0.000359657173206494,-0.000456118669836064,-0.000313444766235178,2.94642632385591e-06,0.000220654706849495,0.0002389897941275,0.000188635835797223,0.000113742415463137,-5.25763756851111e-05,-0.000182144418178969,-6.95117223744156e-05,0.000137272681036439,9.96990067368994e-05,-0.00013905213363957,-0.000243478140935245,-0.000168438973543972,-0.000148569816337135,-0.000240426183020554,-0.000287657611969176,-0.00020589959103426,-2.70439460224402e-05,0.000144691910671116,0.000113550387155043,-0.000126502869720892,-0.000225255673492346,5.33709473460353e-06,0.000208997201976687,7.73389460146504e-05
-2.95975190548156e-05,4.81338853134364e-05,0.000147728955861619,7.32144552181208e-05,-4.1598013707523e-05,1.96040684174885e-05,0.000182648589403808,0.00021894134459336,8.9619322322363e-05,-6.1203371258226e-05,-9.26090948005223e-05,-1.09102051846465e-05,6.32591447669581e-05,4.81022280670346e-05,1.49951419368192e-05,1.24475940389785e-05,-3.99724363872053e-05,-0.000173243042374261,-0.00020750300831406,-3.63805165250992e-05,0.000172255115238441,0.000216099838513208,0.000166164875121841,0.00018339079630058,0.000231163789374835,0.000174107790539793,3.56080796878141e-05,-3.39001435590541e-05,-1.84778508068284e-05,-3.02793353037199e-05,-8.99291200917128e-05,-8.81914448085135e-05,-1.91318697416341e-06,3.64847723622112e-05,-4.55403984903599e-05,-0.000187143011867143,-0.000315610075545386,-0.000410075885250885,-0.000424146389871339,-0.000350587344093062,-0.000266872312838235,-0.000216855068175729,-0.000171277676105602,-0.000155755510833589,-0.000201853841496747,-0.000157141919305438,6.52523774715416e-05,0.000233782320396602,0.000103429268777387,-0.000136087530585079,-0.000214302447935409,-0.00021880352308179,-0.00030092242989303,-0.000317355606940966,-0.000187611294393115,-0.000125090356460585,-0.000216133999642165,-0.000244558637489045,-0.00016745308391813,-0.00017052509768938,-0.000224188793412475,-0.000127337735087621,3.23655014357433e-05,3.19515566683993e-05
2.01900672544423e-05,-9.51728435530963e-06,-4.31234291853963e-05,5.74049367730701e-05,0.000189455941606658,0.000178059421378963,6.37436929167939e-05,2.43044657091461e-05,0.000109375823823709,0.000226666710487241,0.000285227759278391,0.000255697936308007,0.000184449386846179,0.000184721520518519,0.000251730652083421,0.000199055503537492,-2.40532089222695e-05,-0.000147733223860613,2.55613154710974e-05,0.000292254334559272,0.000367165394255288,0.000257353131627725,0.000121748360146082,1.43418311932497e-05,-3.91207183681372e-05,9.26635547880071e-06,0.000136878947225083,0.000238135551860941,0.00025232565422497,0.000174536291666306,5.55999664387387e-05,-1.2878073342362e-05,-1.40223522110074e-05,-5.74595509985831e-05,-0.000168821587828254,-0.000200069903821417,-9.42580998797448e-05,-4.6150603667088e-05,-0.000195510209959437,-0.00044857255038726,-0.000631080090724037,-0.000694370163936688,-0.000644227480930023,-0.000515945205251496,-0.000370147789798456,-0.000252304991365251,-0.00018629915838778,-0.000199087814041201,-0.000226880250197153,-0.000151491059537107,-3.22879881795075e-05,-8.46163281600132e-05,-0.000263370225539383,-0.000259673590565853,-4.98889892495688e-05,-6.91837785034801e-06,-0.000262061310090766,-0.000464715889985058,-0.000352522002685473,-0.00015099863926242,-0.000152189641843406,-0.000272939844789323,-0.000262910434624441,-9.52003196202928e-05
9.11182400721752e-06,-4.59345703931315e-05,-0.000164045502275821,-2.91076992105976e-05,0.000187701628594843,0.00015154588970874,-2.82478176405966e-05,-1.97183917643839e-05,0.000199740054736344,0.000418260839823893,0.000500577986494864,0.000423496663488849,0.000275025755192019,0.000226410677972881,0.000287297130474339,0.000269389595089629,0.000176929697206763,0.000257740843792478,0.000478774279733256,0.000525664953613177,0.000373359732723294,0.0003158677835328,0.000361128150585063,0.00025670278252389,4.15726414836555e-05,-2.90207350783792e-05,4.39476939463654e-05,7.5185588247121e-05,7.19390099605844e-05,0.000118677634668599,0.000149696260315183,0.000103503213899949,1.56021460847006e-05,-9.53257958508205e-05,-0.000219629910344974,-0.000238296164907351,-0.000109631135384577,-2.67357624891997e-05,-0.000134265570393767,-0.000327416456532514,-0.000464941692086751,-0.000581500006532218,-0.000693496115189579,-0.000706854583891321,-0.000613231693620936,-0.000580886622845943,-0.000684151500414485,-0.000763339287256476,-0.000631297881817213,-0.000347235714203936,-0.000141726755757929,-0.000129991662434552,-0.00021312079039756,-0.000238427243089021,-0.000177948928427293,-0.000117227423293366,-0.000138193115109201,-0.000210498022904561,-0.000207633802880368,-0.000113024432914848,-0.000116076197180153,-0.00029241817223635,-0.00038973918397536,-0.000202674556488811
-2.6746872185746e-05,-1.34011311094911e-05,-8.54771416764068e-05,-6.09830082155247e-05,-2.16201089766706e-05,-5.41216148851763e-05,-1.12161201852029e-06,0.000206846462427488,0.000364024620951006,0.000378013951671152,0.000398109654131606,0.000446921212249301,0.000419329757880268,0.000349050597244172,0.000330366323011325,0.000349609545591784,0.000432113060972699,0.00061778033949705,0.000709043145300899,0.000519578144614292,0.000313430983714432,0.000425117874138902,0.000670499537418856,0.000666203954341818,0.000477956294121675,0.00034950739191787,0.00022592224724195,3.32802145892197e-06,-0.000139674608769064,-7.54445596690662e-05,7.31884985248508e-06,-4.04422504390655e-05,-0.000114469894466369,-0.000126718065034206,-0.000153205508251677,-0.000238655663555501,-0.000335286594323691,-0.000409225886364266,-0.000428647434132131,-0.000334350385658671,-0.000195539972437237,-0.000205222981905143,-0.000422390761366609,-0.000668618797625448,-0.000804873727347636,-0.000886810884176528,-0.000953262126771741,-0.000890416030593236,-0.000692172864515028,-0.000562630941781516,-0.000581607205768813,-0.000555469318505548,-0.000419837917218442,-0.000406584350271029,-0.000536583522339299,-0.000464997027687551,-0.000103087141595673,0.000134988164117291,3.10351598965039e-05,-0.000116651069384695,-0.000109377169294947,-0.000124039623075923,-0.000209690224436123,-0.00016478996721054
-8.81613362721458e-06,7.82242129756774e-05,0.000136626787062505,9.0374182617936e-05,-6.03760704615452e-05,-0.000113824826015002,0.000112761163055518,0.000399706439345533,0.000398746412223259,0.000215835474422609,0.000216441374298155,0.00041856152041758,0.000550602604634259,0.000552048301902823,0.000554920967751053,0.000602128154620267,0.00065718053095289,0.000675713640780773,0.000603043977853698,0.00047129620167933,0.000467307915999385,0.000629611116507811,0.00074909248563795,0.000729997429785699,0.00071809223820561,0.000751259396203744,0.000642788711999354,0.00037862741902461,0.000163597975717058,6.56835004743503e-05,-6.10471359271395e-05,-0.000253660338336952,-0.000366352764356809,-0.000336099275995505,-0.000292452092502891,-0.000364354082354136,-0.000534193231192503,-0.000652675060701527,-0.000630648387668537,-0.000495915762783162,-0.000373939795167197,-0.000354754045447216,-0.000477447232290038,-0.000683991519861538,-0.000861915816104916,-0.000914331305965897,-0.000820083069163072,-0.00062371110387832,-0.000481402449203163,-0.000591397876728849,-0.000880106785638544,-0.000988324677719611,-0.000806772818800191,-0.000692057704972235,-0.000798169877538222,-0.000740223223357304,-0.00031336438848937,3.36158612304168e-05,-4.25287184477972e-05,-0.000224312552273667,-0.000147759006007225,2.02059719743783e-05,2.88602076904795e-05,-3.41061084555168e-05
3.20017769275799e-05,0.000148922504987345,0.000292547752525844,0.000330978899330583,0.000235926032487206,0.000181389007440222,0.000274536593529857,0.000347856438545416,0.000261331291205668,0.000185806772364934,0.000297291854142718,0.000492618738635839,0.000609855404474376,0.000688930101330667,0.000805956167629685,0.000882758472909764,0.00081165276517899,0.000625704824299028,0.000510373491116612,0.00061328073914262,0.000821680280288378,0.000860250766975558,0.000682763329974077,0.000568768456849602,0.0006589705004739,0.000780006162367178,0.000788146248933097,0.000757618197056139,0.000702334464297847,0.000508997272912332,0.000195841659528568,-0.000104502318945256,-0.000343942065260749,-0.000530751963895941,-0.000637530846774085,-0.00066405220940117,-0.000660604346442483,-0.000604675211712171,-0.000551251533647297,-0.000640818893729283,-0.000885288752913413,-0.00103814989345183,-0.00101168391155956,-0.000947095646929506,-0.000913163521036357,-0.000796368395100792,-0.000618127467219876,-0.000512578781781456,-0.000512112276741404,-0.000590264582538635,-0.000777562116750812,-0.000980747119560059,-0.00100890712498764,-0.000870191318210005,-0.000754448601663894,-0.00068609733955992,-0.000560436683481168,-0.000424562839499195,-0.000386276690297047,-0.000374960084067367,-0.000275069173815384,-0.000133339374926554,-4.89178389808863e-05,-1.88138021435349e-05
1.40153258555009e-05,0.000139625291126555,0.000263729189402329,0.000403313420637239,0.000509506582894688,0.000523923705239493,0.000398074330197944,0.000215721565742923,0.000197281193129888,0.000414941319546768,0.00064340977835855,0.000696251303494792,0.000693672503422099,0.000787647394095885,0.000918103878033837,0.000957418165314824,0.000887087025307351,0.000768423701560815,0.000746648680094436,0.000903909692653106,0.00105823449694585,0.000950350485202219,0.000721648574094642,0.000675137315819574,0.000743606737422221,0.000677690980966771,0.00060315795494237,0.000725754989640679,0.00083002014675793,0.000667217880331696,0.00041272390276278,0.000253355130445709,1.76333379410868e-05,-0.000377309581619115,-0.000675324955175379,-0.000742865801123828,-0.000703899156965334,-0.000652337902619545,-0.000644827003712064,-0.000860988210949124,-0.00126757775824854,-0.00150809610646873,-0.00142453365182428,-0.00124550953095516,-0.00109786582208591,-0.000889250039580714,-0.000738559765587157,-0.000832113946611541,-0.000974522253562426,-0.000848187767979162,-0.000639397676551181,-0.000699757167889759,-0.000905579848345894,-0.000851185110350302,-0.000572387789549327,-0.000445779700276666,-0.000577537767050437,-0.000673806227670308,-0.00055994438463058,-0.000412037218276601,-0.00042350584399629,-0.000492147601801232,-0.000406324344775443,-0.000184271264509632
-3.71181201061414e-05,0.000105632675720397,0.000174245961679149,0.000255773123913021,0.000390260834011434,0.000471819466643069,0.000368403990611306,0.000234931815386944,0.000379140929189604,0.000732765786221462,0.000911340574239622,0.00085837347923337,0.000869932291673055,0.000988233677686639,0.000990447510364587,0.000916560318239619,0.00097967747824934,0.0011366939340574,0.00119817014691568,0.00116435342181838,0.00108108990394481,0.000958799935226697,0.000930583475197123,0.00105901728981025,0.00107371684744469,0.000805891872158844,0.000565473659920683,0.00058656252392069,0.000587063247830277,0.000381312548477421,0.000245012446746741,0.000293403587770529,0.000218265757447716,-7.43072307409334e-05,-0.000296832996267292,-0.000406000646501472,-0.000621567577373901,-0.000930030934359647,-0.00112403613872588,-0.00124716098643951,-0.00137664902454565,-0.00142174399984149,-0.00134324794451979,-0.00132533589372342,-0.00135500269525228,-0.00127916654969189,-0.00118244918512579,-0.00128859435441479,-0.00143179969407057,-0.00126648244725377,-0.000887716362716651,-0.000710765010895815,-0.000793213480237486,-0.000786161784466175,-0.000563012559016793,-0.000394814716490664,-0.000444633264983081,-0.00050686369329934,-0.000408766037573813,-0.000336059854822953,-0.000468700239223173,-0.000639866912254894,-0.000573177684353258,-0.000299843337919554
-1.99206031629501e-05,0.000125277048108863,0.000198465985464861,0.000136810204722425,7.84283320287202e-05,0.000141201266797291,0.000263677882009659,0.000410403227688399,0.000649007396134056,0.000862759806248352,0.000874471283444609,0.000839154825000916,0.0010020994299632,0.00118821607173869,0.00112068108885588,0.00102007073388731,0.00120924612944127,0.00150825202970797,0.00154198412831349,0.00136144773297842,0.00122735329740214,0.00121796261607732,0.0012742144470085,0.00132518596740932,0.00124880503125036,0.00102876855199705,0.00084286799646151,0.000724463401521554,0.000510375969795554,0.000211061108773211,6.92047944680565e-05,7.60242353271344e-05,1.38567432951419e-05,-0.000108178254575879,-0.000147605117124137,-0.000246184047157877,-0.000633238296688449,-0.00116138092206206,-0.00147865864018624,-0.00149621900466455,-0.00136067898754401,-0.00123011096406356,-0.00120227183276393,-0.00133946212497461,-0.00155061357238595,-0.00167433136853258,-0.00163912227188673,-0.00153957017583653,-0.00148028684920907,-0.00146058931497645,-0.00136123673959116,-0.00114263724288408,-0.000928023544574977,-0.000836925408398597,-0.000789779701408368,-0.000658473897750864,-0.00046708569474467,-0.000330686893511016,-0.000301009249444044,-0.000356877881569417,-0.000425567651876058,-0.000404595996679658,-0.000287383017034107,-0.000151294133966613
5.20037333385022e-05,0.000145273257317384,0.000274850674835389,0.000211803321164245,5.5308120161927e-05,9.35889260353375e-05,0.000362878734597972,0.000644142520690335,0.000789734141776007,0.000795253112699465,0.000739798490896547,0.000778915861225899,0.000964146452753002,0.00113107197468994,0.00116877650284441,0.00125028848531436,0.00148903889350017,0.00167955766567598,0.00165863280905404,0.00160743948467197,0.00170954139909908,0.00182104730905191,0.0017112273764683,0.00142163403140934,0.00119038360997956,0.0011335566478608,0.00112378047905312,0.000973542172723313,0.000710302480861285,0.000496308963885737,0.000348562203917611,0.000122111647295851,-0.000184828257448827,-0.00042749042586828,-0.000589199719919671,-0.000783126527518148,-0.00103137167876013,-0.00124759338577244,-0.0013870874392756,-0.00142042341775998,-0.00137959274072677,-0.00137236391074106,-0.00147212293537684,-0.00158517569563309,-0.00168738146808339,-0.00183073906069219,-0.00188536183539847,-0.00165095776989873,-0.00134339372457044,-0.00136400048340161,-0.00158074307485525,-0.00151284724974524,-0.00116270711557271,-0.000979708714839184,-0.00103405433947198,-0.000981351392833655,-0.000723699665129167,-0.000528360905950145,-0.000530089200867082,-0.00055192360774018,-0.000404430554025579,-0.000119198833977415,9.10367362354244e-05,9.75127313996498e-05
3.03581018346071e-05,4.47505050149431e-05,0.000186732919117137,0.000307102648137313,0.000354391477675942,0.000488963832396143,0.000734102681013477,0.000889363030904794,0.000861151674222513,0.000810262268158894,0.000864342296243638,0.000933075699867077,0.000908641322485156,0.000900990661333449,0.00107907459705576,0.00139347468892862,0.00161319852065302,0.0016587550478898,0.00170489611309211,0.0019139780069285,0.00219926444646169,0.00230268223669479,0.00206245270219412,0.0016286875908218,0.00134795485707067,0.00134891787483696,0.00134968709376015,0.00113799012683375,0.000910565957644514,0.000866880982100684,0.000776325562936442,0.000398633945696668,-0.000119333865158827,-0.000592847063424005,-0.00106860219611177,-0.00145711220298883,-0.00151086922380927,-0.0013357701252296,-0.00132410960237171,-0.00151264676832901,-0.00166870337191274,-0.0017775328341989,-0.00192460435019601,-0.00195082554583563,-0.00184178374645272,-0.0018600592709452,-0.00199801418981508,-0.00187097144369919,-0.00149800644458564,-0.00133594043341997,-0.00145387498728922,-0.0014508145414643,-0.00123868625673489,-0.00111686589270324,-0.00113746812108461,-0.00109425906329514,-0.000979602669431304,-0.000915299918846009,-0.000846030694871782,-0.000659276366138251,-0.000393818842660805,-0.000133512770945248,5.42195264461486e-05,9.7056084546219e-05
-0.000123088878608505,-0.000149437098647607,-6.10194285533351e-05,0.000214420683752124,0.000543244939902684,0.000817249375852027,0.00100690839251059,0.00105849908318153,0.00102157574103087,0.00106346079351673,0.00122762884775008,0.00127025685933502,0.00107605881397833,0.00094591024022169,0.00116363317233212,0.00150819412563373,0.00163831970321666,0.00165528326857229,0.0018495885256773,0.00215313494985859,0.00230247297650396,0.00225168735459833,0.00210001639279441,0.00193199760971073,0.00186431211733023,0.0019194517890513,0.00183203235153837,0.00145383283047989,0.00108173757537247,0.000963863105079053,0.000832221956216703,0.000411080677090871,-0.000131268950340308,-0.000616939629177141,-0.00109225497536687,-0.00144188349778843,-0.00144278209260811,-0.00136716342646559,-0.0016657333170795,-0.00218912279439687,-0.00242630799656177,-0.00233843763069765,-0.00222422499052412,-0.00211460607221381,-0.0019696683503079,-0.00196423614994549,-0.00215088387347221,-0.00221423439865111,-0.00197646933996034,-0.00161873727530794,-0.00134891720950405,-0.00121267572834839,-0.0012145759859679,-0.00126332564411158,-0.00119141934351566,-0.00105040909978694,-0.00103201371072815,-0.00105396166172473,-0.000836401465366604,-0.000464899742019649,-0.000287258909757057,-0.000332730941764425,-0.000318254978110098,-0.000181099711494705
-0.00023155342053013,-0.000218912344929868,-0.000173407437732731,6.83077974643895e-05,0.000415270746161574,0.000675475551220637,0.0008395041032523,0.00100345114544947,0.00117276038815888,0.00131408067948128,0.00142523569256213,0.00146060543323562,0.00141609184450549,0.0014546585899176,0.00168058419164621,0.00187929064225024,0.00186723739203743,0.00186333760903782,0.00208258337314118,0.00230548134731224,0.00224083232117843,0.0020181346327641,0.00192256186506684,0.00204872110641955,0.00235140330980728,0.00263880218970193,0.00253366016561628,0.00191668634486992,0.0012555857925609,0.000958625287474896,0.00077297294888705,0.000281853918043038,-0.000381334692246096,-0.000844334460124899,-0.00102310763401438,-0.00105861722754562,-0.00108335829215395,-0.00133101482345737,-0.00195711283679647,-0.00273381980364029,-0.00319571694974011,-0.00315692825057825,-0.0027760644398349,-0.00232585441337129,-0.00203794253065,-0.00204252966611458,-0.00225754330820631,-0.00245415356603337,-0.0024131627652468,-0.00205955619448259,-0.00156121675761899,-0.00127548079800137,-0.00134095753210971,-0.00145919048016592,-0.00132275684611954,-0.00107599243794601,-0.000962015005825325,-0.00086351963171299,-0.000556309122246841,-0.000213139804320629,-0.000165646283269814,-0.000371755744425818,-0.000481024529125647,-0.000367392832528659
-0.00012706435837064,-1.65059821023768e-05,5.01513346544411e-05,0.000143423081721809,0.000279272192363764,0.000369520220405954,0.000469171954065486,0.000746173953375927,0.00109200324597165,0.00124793320831409,0.00124252923998036,0.00135243656587552,0.00166469725269785,0.00204188981987413,0.00233272823511267,0.0024281727416484,0.00230865539207879,0.00219246070391066,0.0023312659374492,0.00260578330240499,0.00261053913640856,0.00222321506709131,0.00186996633700821,0.00208930086698035,0.0028442285084657,0.00335246654845286,0.00290316233096099,0.00180330652589311,0.00110805260424878,0.00119615945600908,0.00127301465090935,0.000559891112078382,-0.000553130152295772,-0.00115230901683403,-0.00111201344348886,-0.00113380961209386,-0.0015780724158495,-0.00200053920462543,-0.00202187106652866,-0.00209564749169783,-0.00279374013213199,-0.00377534871981166,-0.00407614534168782,-0.00341931251402762,-0.00246604902748064,-0.00195262992565754,-0.00200188397484884,-0.00234874605362718,-0.00259448985155165,-0.00246109526309291,-0.00203441398634143,-0.00170245006175725,-0.00162259582170473,-0.00158709435970056,-0.00143777284546632,-0.0012229806088812,-0.000974675917499696,-0.000678359084545648,-0.000438594740907127,-0.00032876804477067,-0.000273395053326535,-0.000224367934618278,-0.000218794149103531,-0.000215975348427364
0.000111621274402944,0.000315899343435629,0.000418912332150698,0.000403568853771394,0.000411386270300868,0.000410282652904577,0.000413093880776733,0.000573571140365069,0.000845669079599875,0.000975348938878911,0.000995297193658517,0.00123395970187987,0.00175959094782196,0.0022874413908422,0.00259086773263738,0.00263330181765226,0.00247306969395049,0.00236872853707205,0.00270879204113736,0.00333948657584772,0.00342467856284123,0.00260358694786353,0.00195027258709192,0.00270344474292362,0.00419404059489804,0.00430989943430863,0.0024300405718483,0.000568265790292946,0.000732507749000268,0.00215829474039949,0.00241726398858346,0.000754341463754597,-0.00102708036365817,-0.00118014434154165,-0.000462310634937557,-0.000992345361394884,-0.00308679711209282,-0.00446390542221155,-0.00334536479591572,-0.00111934520355715,-0.000697170946446114,-0.00273951101249942,-0.00506375447277756,-0.00550036042170346,-0.00406655371345398,-0.00229276294738528,-0.00148359171981898,-0.00181861741921475,-0.00252341388251293,-0.00280070299194435,-0.0025590104250772,-0.00216750983587667,-0.0018016177437384,-0.00148573611421656,-0.00135131643016556,-0.0013321769765612,-0.00113098749929479,-0.000784843209822441,-0.000687492123133227,-0.000788763211551603,-0.000619507965680173,-0.000174876211284947,7.26463144078391e-05,4.82647316387655e-05
0.000251152400590555,0.000491564526794973,0.000571879537507065,0.000547732862624832,0.000616267904931247,0.000723047374777931,0.000723849393805917,0.000703169251046776,0.00077854574848412,0.000926265702956871,0.00111160405105382,0.0014309411727457,0.00189039678484739,0.00229048476001349,0.00240817642158687,0.00222228445167143,0.00205881430046901,0.00246415597033268,0.00358125993162618,0.00443173008080466,0.00373690069454595,0.00205959553586281,0.00199766118894621,0.00462606897235982,0.00689710661908718,0.00513226599971379,0.000670401376462365,-0.00117036618100117,0.00164478701297913,0.00485384043995247,0.00369091222673113,-0.000755273557978982,-0.00326641892393885,-0.00133022079790148,0.00182793448329399,0.00132556543508265,-0.00348567448348386,-0.00804608029480834,-0.00774725980628752,-0.00309755601527841,0.000991388877020279,0.000692164983150257,-0.00313937146375278,-0.00658126886343316,-0.00679453010243645,-0.00431101210917664,-0.00182659049091472,-0.00124098636924502,-0.00210488849176134,-0.00289417968526437,-0.00291242555841319,-0.00242623955542546,-0.00178173270588021,-0.00124703569746694,-0.00112080064555176,-0.00129713886630136,-0.00131560307058663,-0.0011126585300723,-0.00106106566328421,-0.00111405484027359,-0.000856665301139783,-0.000330496166084069,-2.39073606909268e-06,8.82997181056733e-05
0.000198431072344457,0.000370554907198856,0.000415004553439714,0.000457045122074505,0.00060402209390048,0.000819933637123773,0.000969623755914989,0.000999121408355496,0.00103991975383145,0.00123643223922144,0.00152964340375499,0.00181452473051429,0.00212784946052643,0.00236889022498104,0.00216812479651601,0.00158379365123372,0.00162747463589964,0.00317260954683249,0.00518560503009489,0.00514951346520813,0.00239073770153736,0.000302496474712982,0.00288504449022769,0.00842164377304422,0.00980498515397681,0.00379967110588338,-0.00293664165549606,-0.00171955796466055,0.00596733708977006,0.00979367090730662,0.00420886554782664,-0.00465829984050301,-0.00740798921442728,-0.00234688188590749,0.00416390623292228,0.00534256377757744,-0.000276482515844879,-0.0085441566420707,-0.0131371692740784,-0.010382662217256,-0.00263886084524517,0.00332290533308868,0.00253114736135861,-0.00335620375323212,-0.00819028877322403,-0.00801442179486684,-0.00450231322228676,-0.00172737809366377,-0.00141438549641313,-0.00230569293734316,-0.00279290960631756,-0.00248467924875982,-0.00179145020204989,-0.00121238262357707,-0.00104695417155336,-0.00121441386155677,-0.00138258594953178,-0.00137758962141078,-0.00124128618909157,-0.00101445837409064,-0.000729134518747687,-0.00047997347906876,-0.000291793144206432,-6.37618715051602e-05
5.28334099468156e-05,6.49264075358415e-05,0.000158087999289548,0.000346764599182196,0.000466891089289804,0.00062758004580082,0.00093825623299156,0.00121485231483519,0.00135867391450203,0.00153528474565373,0.00177897418799709,0.00200470449626175,0.00229193895727627,0.00245517798248183,0.00196951355910059,0.00128851172918407,0.00220361345099302,0.00513794254387611,0.0069398737293591,0.00419450931285912,-0.00080140652173775,-0.000776245872133067,0.00692603718700128,0.0139970468516904,0.0100588990587176,-0.00215100548541157,-0.00754891038092396,0.00170282204149261,0.0143080396553054,0.0142099108425637,0.00160365330912461,-0.00901770012438649,-0.00879833901420049,-0.00269307217579777,0.00184939088050959,0.00404026987905003,0.00444498065635732,-0.000179541978741665,-0.0105250538813559,-0.0185797227600801,-0.0152061166792918,-0.00261233805649216,0.00684505537309256,0.0049066205390838,-0.00411235957375165,-0.0102205557796026,-0.00915402401290959,-0.00450818272068861,-0.00136811844104539,-0.0011069877861129,-0.00200534449733277,-0.00237170331900409,-0.0020274383485225,-0.00156956042301689,-0.0013086264018331,-0.00122204686437081,-0.00128619128816729,-0.00137065558502551,-0.00116856836033143,-0.000711062046945948,-0.000433963399536334,-0.00046249666527747,-0.00040456780026693,-0.000128637340519131
-9.04010846445383e-05,-0.000212571874700928,1.71798228461512e-05,0.000390812883645935,0.000494463315201755,0.000567108585828427,0.00093025594080836,0.00131103493562866,0.001419999114531,0.00146270551986666,0.00165500808561762,0.00196611325874625,0.00227692900197169,0.0021914547732085,0.0015225316023595,0.00158971501442076,0.00422982057012283,0.00785105679762476,0.00714965566293319,0.000492757785131291,-0.00425015640955739,0.00228777189458277,0.0157746389052558,0.0189130945379026,0.00384702982730641,-0.0126607119810104,-0.00818633022758424,0.0134696086179519,0.0244184023687849,0.0104660391482565,-0.00911725674950059,-0.0100520566708382,0.00240231508397451,0.00427107212767338,-0.00871048403403703,-0.014587666861268,-0.00025597222429365,0.0164431023204463,0.0107389595198415,-0.0143908986363921,-0.0313160159121413,-0.022672021852079,-0.000384217883083076,0.0121021177121638,0.00657526752278735,-0.00601706873919428,-0.0121407895760751,-0.00914208811042274,-0.00333598780894817,-0.000493670329055443,-0.000928849327988065,-0.00202818225831118,-0.00232133950652333,-0.0020879972203919,-0.00172876258262181,-0.00132190327754117,-0.00109849610024461,-0.00111201666858133,-0.000953409224387517,-0.000531209453055538,-0.000311252363987396,-0.000385445335854334,-0.000299349815311907,-6.63011861882223e-05
-0.000229312525993983,-0.000304807713166329,3.18755100539216e-05,0.000477808681763966,0.00067204387950018,0.000825306760106308,0.00114738656568251,0.00134170207552749,0.00123749508498708,0.00118026353439532,0.00150418796798989,0.00204048792369063,0.00220147761444673,0.00153375183623347,0.00092266159906376,0.00266488554600347,0.00713523218169972,0.0094348638103111,0.00390983450007215,-0.00537781325842725,-0.00448333436108562,0.0121941245000829,0.0271397621966567,0.0170710320649246,-0.0118376650282641,-0.022781149973439,0.00408680210626864,0.0373716656359275,0.0309378611823883,-0.0106752265934452,-0.0329097907662038,-0.00515162187859121,0.0343491105786458,0.0282001376611851,-0.0218478234681071,-0.0547307637818639,-0.0290712530576126,0.0254002752810413,0.0468585329939058,0.014515834592717,-0.0330968909885243,-0.0481767103043314,-0.0244624053390983,0.00672908195167233,0.016802249690462,0.00553840838541849,-0.00863069034810818,-0.0123591739928462,-0.00730643726380368,-0.00194063374227288,-0.000542381031720604,-0.00151260485000935,-0.00231534624962222,-0.00236574489635097,-0.00199500115960382,-0.00142307978751189,-0.000958398516490608,-0.000804093216107895,-0.000700108825346836,-0.000481443743689208,-0.000365771284815781,-0.000370970119971668,-0.000242976144927872,-0.000112817942281386
-0.000322142891238927,-0.000157025281503673,0.000152180394203639,0.000448814223026867,0.000725775375670531,0.00104527039617085,0.00125816218746433,0.00119950014042155,0.0010337770673859,0.00113477478577496,0.0016985686290759,0.00232055265820827,0.00207397400961045,0.000889649504923136,0.00100579970994778,0.00483242019403606,0.00968453406590665,0.00779458949576104,-0.00302162275830356,-0.0100808975460767,0.00262244230934547,0.0280649165555143,0.0336045484078197,0.00147222544646396,-0.0348853943713081,-0.0225619160321975,0.0357080148743794,0.0692022941727579,0.0258288664428204,-0.0503450288393701,-0.065431223061257,0.00416931614441032,0.0781638435618892,0.0678350322669671,-0.0201221983326965,-0.0930203056019176,-0.0787229943627665,0.00127542863676348,0.0653499181092939,0.057713435651698,-0.00256787225971553,-0.0524910046026306,-0.0527464283724018,-0.0175102082055565,0.0131145237288212,0.0166609356393911,0.00219222406797771,-0.00985662336476704,-0.0106417503424133,-0.00540703308679964,-0.00164601961393213,-0.00116415647917515,-0.00190436570136626,-0.00224950218749649,-0.00201169266326106,-0.00148538426904431,-0.000975188230888024,-0.000661377117779598,-0.000511526148282985,-0.000416039004998328,-0.0003711782865768,-0.000344225452492006,-0.000317443394499824,-0.000323910749596243
-0.000235146232068099,0.000154595970604503,0.000334219423129004,0.00036034082688822,0.000597357510972358,0.000918319145161951,0.000934629336092783,0.000799817120724539,0.000942900923031793,0.00143457309835774,0.00206553792388785,0.00235408370583934,0.00162865916224704,0.000685705166065344,0.00250484953862942,0.00785163045356754,0.0103184260290169,0.00217890128099777,-0.0108472941460396,-0.00835419322137587,0.0187015077433712,0.0433304265551121,0.0255504776187677,-0.0283173843825508,-0.0526557363595134,-0.000269688448655069,0.0801030711398996,0.088380758363185,0.000669596799990416,-0.0891873973606672,-0.0801157462027655,0.0148347387975584,0.0952017869210384,0.088547036805263,0.00830776341722118,-0.0758525636172919,-0.103308374327194,-0.0602718877212682,0.0185587137351803,0.0694102542966659,0.0520438979765471,-0.00972894948879358,-0.0549717176440213,-0.0493100248030824,-0.0124689900568018,0.0143436602925172,0.0138100836047976,-0.000520015256270451,-0.00964409464879801,-0.00867230429411764,-0.00399009949493508,-0.00141207745151805,-0.00138918995177188,-0.00190412677625523,-0.00190168336292945,-0.00154089074475417,-0.00113374272504359,-0.000749419334902499,-0.000489555698560134,-0.000384680368146902,-0.000312681529460467,-0.000239745495614266,-0.000314743410291422,-0.000420759412320167
3.05829747291493e-05,0.000434627439017513,0.000488307505226648,0.000368084235223722,0.000518362720147033,0.000670511412558927,0.000479332143865698,0.000426801250659919,0.000976197535476052,0.00173386226808484,0.0020955256411495,0.00173718014997859,0.000819418044173805,0.00112766394338373,0.00507465322661874,0.0101587656917718,0.00750536534513902,-0.00595329206882564,-0.014385662230603,0.00364812402940172,0.0392238990034997,0.0462972611251919,-0.00262923005947859,-0.0597039725421888,-0.0425562019184886,0.0502082340523729,0.111953412615182,0.0595339010638724,-0.0488499468208931,-0.0863191613517745,-0.0265758790180295,0.0336566167963383,0.0330698310873403,0.0208032039872086,0.0380935090611427,0.0389533274244462,-0.0279253074266369,-0.11211108482751,-0.106779626275741,-0.00438060778758095,0.0839603364447892,0.0719040120053512,-0.00747976351424104,-0.0615437394031323,-0.0497258115048094,-0.00764407626527597,0.0160115966060495,0.0108766057720323,-0.00314745714880233,-0.00896006734259021,-0.00623482466368687,-0.00237481773549306,-0.00118991347163688,-0.00154479543663643,-0.00173591243523119,-0.00157387662065439,-0.00131097263635931,-0.000947046614986452,-0.000626872890153658,-0.000516780543457818,-0.000402746659390898,-0.000191644844257667,-0.000151681479917389,-0.000213269184256109
0.000225319692175645,0.000474596711921096,0.000506848624986539,0.000465177771663793,0.000606210912288945,0.000653065948154173,0.000439207641764638,0.000495970600942197,0.00111387853012821,0.00171898437624458,0.00162708822571879,0.000790201786737462,0.000262214900651049,0.00232839066212592,0.00744165005853876,0.00960921645977567,0.000857522554325165,-0.0130455081524676,-0.00890844427857757,0.0243656342758829,0.0530796090996736,0.0258740280543654,-0.0460517946529976,-0.0698237304220788,0.0147718571678383,0.120366475424695,0.0974667747117336,-0.0457327369202458,-0.118098621319951,-0.00683517025447797,0.13618904376031,0.0840556449413878,-0.118327511327713,-0.182715383898773,0.00427151022519698,0.21353453363891,0.174637175230908,-0.0766889887656874,-0.244989592181907,-0.161044427795511,0.0405173237022891,0.137517668423866,0.0741180712169316,-0.0336828360161853,-0.0720789887059592,-0.0386519739638942,0.00398106603608778,0.016135901936761,0.00532008221003135,-0.00547019475428683,-0.0068620724973285,-0.00358772256372274,-0.00146588378011202,-0.00125379492844375,-0.00144527945831741,-0.00146735092042801,-0.00136279859048476,-0.00107031207913286,-0.000766678367989077,-0.000712821457377081,-0.000649916961118786,-0.000335418330030833,-4.54503936961059e-05,5.05049930091504e-05
0.000124367416873161,0.000259184688278888,0.000392892610311613,0.000519595033178451,0.00067119011064766,0.000753905879022937,0.000761067339358268,0.000915444667412946,0.00125671999670942,0.00144083874400746,0.00105623056374717,0.000299266238059728,0.000728388619265771,0.00416964451997305,0.00833457585256786,0.00539986124855437,-0.00747126919476425,-0.0146659768112539,0.00633184524748341,0.0454930838263958,0.0482777865639069,-0.0183900333794862,-0.0869618960757515,-0.040176336246649,0.113418509166656,0.183125582966406,0.0223084778135494,-0.210087437476194,-0.18766359340962,0.130375457181833,0.371437714923846,0.180371163750655,-0.275711903005311,-0.450291669829735,-0.129961510267479,0.314128187353257,0.399302205279307,0.0698040145713559,-0.275700741026743,-0.299996640023202,-0.0732803229277873,0.122038899095258,0.130251126009147,0.0227015629306432,-0.0566876093386101,-0.0552111480632388,-0.0154803890899257,0.010025395227667,0.00951212652508966,-0.000371043478863801,-0.00525839254702444,-0.00418580657221287,-0.00198007976803164,-0.00107672492832739,-0.00102498934494084,-0.00113939650562229,-0.00118222442487607,-0.00101093712501887,-0.000758616388143035,-0.000726360205569876,-0.000760456122238448,-0.000538444894212543,-0.000174196764455292,2.61795328942854e-05
-0.000116332895390231,2.18823995816325e-05,0.000279666642873946,0.000476422640102468,0.000521765311470482,0.000595542596848152,0.000839850709587926,0.0010932948506014,0.00119569864670485,0.00112410199517163,0.000806078761053692,0.000623237628898411,0.00214973160887267,0.00586707718629013,0.00707682016596291,-0.000909820875611408,-0.0131063536139012,-0.00800137926429474,0.0260443035231903,0.0552153676690976,0.0211909108096625,-0.0690380804744406,-0.1002662979046,0.0254024097489102,0.207852126264227,0.19843297580299,-0.0835048180968204,-0.343954863800562,-0.214709974034199,0.235625925085151,0.521177168376158,0.271472650998532,-0.295701028323999,-0.563207256117327,-0.280322847863753,0.210286734788572,0.431541302715198,0.226300978831731,-0.125575132536502,-0.275189968747852,-0.169880392949301,0.0124827645151639,0.099356921576354,0.0647428287773631,-0.00621127543526411,-0.0392331648045796,-0.0280233038455972,-0.00500491713922237,0.00542457954430275,0.00287012559989604,-0.0021352532142284,-0.00353727388009075,-0.00231550086357882,-0.00110699644801703,-0.000692356665487311,-0.000692883149110722,-0.000776100593805734,-0.000767561686732775,-0.000620181018303238,-0.000521108773447888,-0.00056215023729532,-0.000550530766048489,-0.000373370154835337,-0.000198642293963311
-9.85093581776994e-05,1.94360987560704e-05,0.000255545740549534,0.000379084110471745,0.00023913436990545,0.000169013779462532,0.000430700327443725,0.000741874542897779,0.000858076023937126,0.00086419905816287,0.000838253768361653,0.0013252195748184,0.00348909519071482,0.00614291948763562,0.00371624006949117,-0.00638238279171873,-0.0122039631234348,0.0054506261941769,0.0402188252131385,0.0445912629106926,-0.0183158732481169,-0.0955227531230353,-0.066352650255049,0.096280161363647,0.226674603320807,0.128100176212321,-0.156338698742453,-0.316089035424139,-0.133353591313589,0.211882341298232,0.37912043408494,0.222134069246527,-0.106571731222473,-0.297716865518884,-0.253921797686435,-0.0807339427484357,0.119322459731671,0.21463169329881,0.13785104866578,-0.0279440660966251,-0.145202344593275,-0.128848101663296,-0.0238916086513893,0.0534364650987049,0.0500312872324749,0.00482890623751784,-0.0239750545159969,-0.0203446859544141,-0.00499438331298938,0.00248793918355514,0.00100120097338781,-0.00183967049541706,-0.00224477494490301,-0.00135504547233869,-0.000679174792864178,-0.000384591208531172,-0.000340266227440895,-0.000463459505344939,-0.000489311115295979,-0.000327109553809948,-0.000255699442572357,-0.000347221836299511,-0.000348238459927264,-0.000205218492253995
0.000268190084952324,0.000230254438622665,0.000252390233266909,0.000246508647364849,4.36786337478096e-05,-0.000115860578348411,3.4023667909e-05,0.000311795348025903,0.00051335687657177,0.000641926899760552,0.000837997817858878,0.00173857917063015,0.00374330789175298,0.00431472669722891,-0.000797971631718689,-0.00855626131688194,-0.00440716115729517,0.0196610748549161,0.0393966472423831,0.0133547304221389,-0.0518884621283084,-0.0730763937182295,0.0155790138706141,0.134887387488822,0.120931756791809,-0.0401469013745831,-0.1505468369814,-0.053364022376254,0.109160028491273,0.0632096224124401,-0.115439655570631,-0.0863640632550186,0.178689872766127,0.330808257813602,0.0748858276661912,-0.368198598089439,-0.440196980480514,-0.0487951777975904,0.333806658775786,0.320877078150303,0.0123320471761124,-0.212434774970501,-0.170600328991801,-0.00663588776641028,0.0792538234001303,0.0503877000544391,-0.00753698630473367,-0.0277899796586601,-0.0147810094568555,-2.12694628445448e-05,0.00293182985696793,-7.99926002853675e-05,-0.00187995722089433,-0.00160570335638589,-0.000894072516734061,-0.000386864587430154,-0.00017792271390871,-0.000320801533608264,-0.000472416269958309,-0.000310048012789743,-0.000111204815648983,-0.00011915044348336,-7.59538656866111e-05,0.000145710420939374
0.000554796765089072,0.000347036925034128,0.000155153768492892,8.97971166979594e-05,2.38928121318316e-05,1.20809854299801e-05,0.000159844334759005,0.000359815372204975,0.00047216192381332,0.000489689381461947,0.000691389397487113,0.00166928499412353,0.00284157997868739,0.0011478483385991,-0.00466016529374012,-0.0066463982034106,0.00675323376190166,0.027723309906756,0.0216267923808565,-0.0281697452762525,-0.065190990441559,-0.00457546802703389,0.121276488342244,0.128029948083008,-0.0801180275350375,-0.264301896278047,-0.0861355778232201,0.354192517534074,0.474927317247284,-0.0753692147222741,-0.729726352966084,-0.579214998619383,0.325710991253227,0.966994749747855,0.571714994850594,-0.437865008085278,-0.902964600338407,-0.413616015575801,0.32593814835054,0.537213638531772,0.186730511575864,-0.195251480681758,-0.243083880317112,-0.0646227256864761,0.0710019312371442,0.0678115488963541,0.00638250859063069,-0.0250656607504024,-0.0170160757064558,-0.00136094467195842,0.00336167717266696,0.000720009194555959,-0.00148636898098492,-0.00151991148819142,-0.000956099478144568,-0.000572462404264826,-0.000391295646582589,-0.000449781781634406,-0.000539206943523177,-0.000366609706906334,-0.000107676095350728,1.36721622701341e-05,0.000182561246956085,0.000469890923633143
0.000321883459621683,0.000124481590997323,-2.55796826320875e-05,-1.31379376677107e-05,0.000116426795989659,0.00034851297038303,0.000607379906449088,0.000729334129495515,0.000626367139343036,0.000427708644120553,0.000567993000567695,0.00137285125940142,0.00148061259288589,-0.00168129967072318,-0.0061277674955176,-0.00185013028080798,0.0160524193726015,0.0266428734810686,-0.00411558202025947,-0.0623443353272431,-0.0573389871329017,0.0728791958784536,0.205257536481065,0.0966039003862056,-0.261602487171177,-0.440498453910263,-0.0351218653177147,0.654907452145082,0.777437444845819,-0.0618731230938967,-1.04042726382242,-0.938947261358235,0.207474048194234,1.13934617428544,0.866513659510961,-0.245326017785944,-0.916749361432857,-0.572743820663539,0.154849312803048,0.462192795461544,0.226736146063628,-0.108138798608494,-0.187726306819138,-0.0663125283707294,0.0404208061994947,0.0458570515221134,0.00541247869112759,-0.0156131666006391,-0.00980668645765928,0.000329490238111647,0.00257034301166163,0.000228621244846529,-0.0011862949549588,-0.00095489214012754,-0.00060717117951204,-0.000621588888928029,-0.000661454793549583,-0.000614241696333487,-0.000506187293291535,-0.000287844899674417,-4.93218411303856e-05,8.89523088011754e-05,0.000211602791177129,0.000345887980111932
-0.000272745085216554,-0.000282906316332446,-0.000158764840488691,9.96720751102881e-06,0.000216388542506024,0.000507223316994723,0.000760367402455645,0.000766452895928929,0.000531642342040881,0.000331692333176327,0.000546303238514512,0.0010475086922233,0.000318372274753274,-0.00292685592082209,-0.00483526230566666,0.00306994934881591,0.0191467321649492,0.0185975586393593,-0.0225831460130492,-0.0718667800370588,-0.0382755570742621,0.108136065325452,0.216408901505818,0.0675713220549792,-0.295693961253234,-0.446704638559855,-0.0444178624622779,0.601125073325929,0.752540520141435,0.08251981671517,-0.767966370527551,-0.818988121505356,-0.0477812771498189,0.664961398347712,0.642310062920659,0.0350372503037095,-0.418772519238751,-0.332965031063168,-0.0147627707288738,0.141163102721134,0.0822401563500617,-0.016796296431729,-0.0346768608420798,-0.0041528921287886,0.00850673895810572,-0.00204554350109917,-0.00911349651460159,-0.00399499549821951,0.0028205027332856,0.00361725036443445,0.000735606709071367,-0.0011257522990418,-0.000890875766691625,-0.000129636908894878,-1.70121432318537e-05,-0.000363393112110687,-0.000536320526050446,-0.000399834766967241,-0.000176292338256173,-5.58808894966789e-06,0.00010598425296679,0.000133414878245884,4.36346935264384e-05,-0.000125781755773283
-0.000591340350747663,-0.000437897238641402,-0.000131359067625289,0.000100086184987938,0.0002251513215568,0.000340700350686219,0.000383675059780293,0.000234352398232509,1.55618771779775e-05,4.64666842321553e-05,0.00041838820867904,0.000590607401997399,-0.000441428136090778,-0.00249717463010087,-0.00200908017584414,0.00520446729112676,0.0141964438343998,0.00763512561231267,-0.0232674728548462,-0.0490072099740742,-0.0165943833583357,0.074361924647928,0.127366843860037,0.0388066491476541,-0.147454331286225,-0.227149092449445,-0.0707237995921011,0.178124213519388,0.2826598622289,0.167012904997166,-0.0481260023055561,-0.165287794284981,-0.177079923477502,-0.165287794284985,-0.0481260023055599,0.167012904997167,0.282659862228904,0.178124213519391,-0.0707237995921025,-0.227149092449447,-0.147454331286225,0.0388066491476553,0.127366843860038,0.0743619246479278,-0.0165943833583365,-0.0490072099740745,-0.0232674728548458,0.00763512561231301,0.0141964438343996,0.00520446729112634,-0.00200908017584413,-0.00249717463010031,-0.000441428136090244,0.000590607401997374,0.000418388208678509,4.64666842315521e-05,1.556187717765e-05,0.000234352398232593,0.000383675059780804,0.000340700350686961,0.000225151321557275,0.000100086184987666,-0.000131359067626218,-0.00043789723864224
-0.000272745085216131,-0.0001257817557727,4.36346935262441e-05,0.000133414878245641,0.00010598425296747,-5.58808894851603e-06,-0.000176292338256093,-0.000399834766968754,-0.000536320526052118,-0.000363393112110633,-1.701214323023e-05,-0.00012963690889339,-0.000890875766691799,-0.001125752299043,0.000735606709070479,0.00361725036443446,0.00282050273328608,-0.00399499549821913,-0.00911349651460141,-0.00204554350109924,0.00850673895810545,-0.00415289212878932,-0.0346768608420804,-0.0167962964317285,0.0822401563500637,0.141163102721135,-0.0147627707288753,-0.332965031063173,-0.418772519238754,0.0350372503037123,0.642310062920665,0.664961398347714,-0.0477812771498232,-0.818988121505361,-0.767966370527551,0.0825198167151748,0.752540520141439,0.601125073325928,-0.0444178624622819,-0.446704638559857,-0.295693961253232,0.0675713220549819,0.216408901505818,0.108136065325451,-0.0382755570742638,-0.0718667800370594,-0.0225831460130484,0.0185975586393605,0.0191467321649496,0.00306994934881526,-0.00483526230566771,-0.00292685592082259,0.000318372274753989,0.00104750869222481,0.000546303238515691,0.000331692333175742,0.000531642342038847,0.000766452895927361,0.000760367402456155,0.000507223316996763,0.00021638854250737,9.96720751051533e-06,-0.000158764840490218,-0.000282906316333306
0.000321883459622585,0.000345887980112015,0.000211602791175818,8.89523088001345e-05,-4.93218411293517e-05,-0.000287844899672023,-0.000506187293290602,-0.000614241696335269,-0.000661454793552251,-0.000621588888928679,-0.000607171179510362,-0.000954892140125512,-0.0011862949549585,0.000228621244845541,0.00257034301166055,0.000329490238111334,-0.0098066864576588,-0.0156131666006383,0.00541247869112826,0.0458570515221133,0.0404208061994937,-0.0663125283707308,-0.187726306819138,-0.108138798608492,0.226736146063631,0.462192795461545,0.154849312803045,-0.572743820663544,-0.916749361432858,-0.245326017785938,0.866513659510966,1.13934617428543,0.207474048194227,-0.938947261358239,-1.04042726382242,-0.0618731230938901,0.777437444845821,0.654907452145078,-0.0351218653177196,-0.440498453910264,-0.261602487171174,0.0966039003862085,0.205257536481065,0.0728791958784522,-0.0573389871329035,-0.0623443353272436,-0.00411558202025869,0.0266428734810699,0.0160524193726022,-0.00185013028080845,-0.00612776749551912,-0.00168129967072462,0.0014806125928861,0.00137285125940334,0.000567993000569845,0.000427708644120514,0.000626367139340701,0.000729334129493234,0.000607379906449271,0.000348512970385201,0.000116426795991248,-1.31379376682797e-05,-2.5579682633399e-05,0.000124481590997184
0.000554796765090237,0.000469890923633087,0.000182561246954413,1.36721622687047e-05,-0.000107676095350021,-0.000366609706904029,-0.000539206943521851,-0.000449781781635405,-0.000391295646584612,-0.000572462404265645,-0.000956099478143763,-0.0015199114881903,-0.00148636898098453,0.00072000919455566,0.00336167717266641,-0.00136094467195878,-0.0170160757064558,-0.0250656607504019,0.00638250859063158,0.0678115488963542,0.0710019312371431,-0.0646227256864776,-0.243083880317112,-0.195251480681756,0.186730511575866,0.537213638531772,0.325938148350537,-0.413616015575804,-0.902964600338405,-0.437865008085272,0.571714994850597,0.966994749747851,0.325710991253221,-0.579214998619384,-0.729726352966078,-0.0753692147222687,0.474927317247283,0.35419251753407,-0.0861355778232234,-0.264301896278046,-0.0801180275350348,0.128029948083009,0.121276488342244,-0.00457546802703504,-0.0651909904415599,-0.0281697452762527,0.021626792380857,0.0277233099067569,0.0067532337619023,-0.00664639820341066,-0.00466016529374117,0.00114784833859773,0.00284157997868708,0.00166928499412489,0.000691389397488973,0.000489689381462349,0.000472161923811824,0.000359815372203309,0.000159844334759025,1.20809854313418e-05,2.38928121325394e-05,8.97971166972794e-05,0.000155153768492108,0.000347036925034627
0.00026819008495349,0.000145710420939443,-7.59538656878583e-05,-0.000119150443484609,-0.000111204815648913,-0.000310048012788586,-0.000472416269957351,-0.000320801533608306,-0.000177922713909311,-0.000386864587430556,-0.00089407251673413,-0.00160570335638584,-0.00187995722089417,-7.99926002850414e-05,0.00293182985696804,-2.12694628449403e-05,-0.014781009456856,-0.0277899796586599,-0.00753698630473291,0.0503877000544394,0.0792538234001297,-0.00663588776641125,-0.170600328991801,-0.2124347749705,0.0123320471761134,0.320877078150302,0.333806658775784,-0.0487951777975911,-0.440196980480512,-0.368198598089436,0.0748858276661911,0.330808257813598,0.178689872766123,-0.0863640632550173,-0.115439655570627,0.0632096224124424,0.109160028491271,-0.0533640223762571,-0.1505468369814,-0.0401469013745814,0.12093175679181,0.134887387488822,0.0155790138706131,-0.07307639371823,-0.0518884621283082,0.0133547304221393,0.0393966472423832,0.019661074854916,-0.00440716115729502,-0.00855626131688163,-0.000797971631718629,0.00431472669722844,0.00374330789175246,0.00173857917063011,0.000837997817859377,0.000641926899760926,0.000513356876571759,0.000311795348025751,3.40236679090694e-05,-0.000115860578348299,4.36786337473793e-05,0.000246508647364155,0.000252390233266772,0.000230254438623595
-9.85093581771235e-05,-0.000205218492253894,-0.000348238459927548,-0.000347221836299948,-0.000255699442572698,-0.000327109553810122,-0.0004893111152959,-0.000463459505344457,-0.000340266227440284,-0.000384591208530984,-0.000679174792864716,-0.00135504547233943,-0.0022447749449031,-0.00183967049541648,0.00100120097338826,0.0024879391835549,-0.00499438331298993,-0.0203446859544142,-0.0239750545159965,0.00482890623751813,0.0500312872324747,0.0534364650987047,-0.0238916086513891,-0.128848101663296,-0.145202344593275,-0.0279440660966261,0.13785104866578,0.214631693298811,0.119322459731673,-0.080733942748435,-0.253921797686437,-0.297716865518886,-0.106571731222473,0.22213406924653,0.379120434084942,0.211882341298231,-0.133353591313592,-0.31608903542414,-0.156338698742451,0.128100176212323,0.226674603320807,0.0962801613636454,-0.0663526502550502,-0.0955227531230351,-0.0183158732481159,0.0445912629106932,0.0402188252131383,0.00545062619417615,-0.0122039631234352,-0.00638238279171837,0.00371624006949209,0.00614291948763621,0.00348909519071446,0.00132521957481737,0.000838253768360796,0.00086419905816296,0.000858076023938125,0.000741874542898844,0.000430700327443971,0.000169013779461803,0.000239134369904443,0.00037908411047128,0.000255545740549805,1.94360987567817e-05
-0.000116332895390481,-0.000198642293963422,-0.000373370154835025,-0.000550530766047927,-0.000562150237295528,-0.000521108773448752,-0.000620181018303922,-0.0007675616867324,-0.000776100593804686,-0.000692883149110137,-0.000692356665487743,-0.00110699644801779,-0.00231550086357901,-0.00353727388009028,-0.00213525321422805,0.00287012559989593,0.00542457954430248,-0.00500491713922249,-0.0280233038455971,-0.0392331648045797,-0.00621127543526403,0.0647428287773635,0.0993569215763543,0.0124827645151637,-0.169880392949302,-0.275189968747852,-0.125575132536502,0.226300978831733,0.431541302715199,0.210286734788571,-0.280322847863755,-0.563207256117327,-0.295701028323997,0.271472650998534,0.521177168376158,0.235625925085148,-0.214709974034201,-0.343954863800561,-0.0835048180968174,0.198432975802991,0.207852126264226,0.0254024097489083,-0.100266297904601,-0.06903808047444,0.0211909108096637,0.0552153676690983,0.0260443035231899,-0.00800137926429569,-0.0131063536139019,-0.000909820875611235,0.00707682016596401,0.00586707718629119,0.00214973160887274,0.000623237628897242,0.000806078761052358,0.00112410199517139,0.00119569864670598,0.00109329485060271,0.00083985070958811,0.000595542596847177,0.000521765311469552,0.000476422640102434,0.000279666642874592,2.18823995819101e-05
0.000124367416872384,2.61795328939385e-05,-0.000174196764454682,-0.000538444894211523,-0.000760456122238254,-0.00072636020557075,-0.000758616388143951,-0.00101093712501884,-0.00118222442487528,-0.00113939650562175,-0.00102498934494098,-0.00107672492832778,-0.0019800797680318,-0.00418580657221281,-0.00525839254702443,-0.000371043478863773,0.00951212652508983,0.0100253952276671,-0.015480389089926,-0.0552111480632393,-0.05668760933861,0.0227015629306439,0.130251126009148,0.122038899095258,-0.0732803229277883,-0.299996640023203,-0.275700741026741,0.0698040145713573,0.399302205279307,0.314128187353255,-0.129961510267481,-0.450291669829734,-0.275711903005308,0.180371163750657,0.371437714923844,0.13037545718183,-0.187663593409622,-0.210087437476192,0.0223084778135519,0.183125582966407,0.113418509166655,-0.0401763362466504,-0.0869618960757518,-0.0183900333794855,0.0482777865639077,0.0454930838263962,0.00633184524748311,-0.0146659768112546,-0.0074712691947648,0.00539986124855438,0.00833457585256853,0.00416964451997388,0.00072838861926602,0.000299266238059055,0.00105623056374625,0.00144083874400727,0.00125671999671008,0.000915444667413702,0.000761067339358185,0.000753905879022257,0.000671190110647299,0.000519595033178846,0.000392892610312223,0.000259184688278707
0.000225319692174826,5.05049930086994e-05,-4.5450393695641e-05,-0.000335418330029938,-0.000649916961118404,-0.000712821457377531,-0.00076667836798975,-0.00107031207913306,-0.00136279859048447,-0.00146735092042769,-0.00144527945831727,-0.00125379492844379,-0.00146588378011217,-0.00358772256372299,-0.00686207249732868,-0.00547019475428659,0.00532008221003182,0.0161359019367611,0.00398106603608729,-0.0386519739638947,-0.0720789887059591,-0.0336828360161846,0.074118071216932,0.137517668423866,0.0405173237022882,-0.161044427795511,-0.244989592181906,-0.0766889887656863,0.174637175230907,0.213534533638908,0.0042715102251956,-0.182715383898772,-0.118327511327711,0.0840556449413889,0.136189043760308,-0.00683517025448009,-0.118098621319951,-0.0457327369202444,0.0974667747117348,0.120366475424695,0.0147718571678373,-0.0698237304220794,-0.0460517946529973,0.025874028054366,0.0530796090996738,0.0243656342758828,-0.00890844427857779,-0.0130455081524677,0.000857522554325127,0.00960921645977564,0.00744165005853879,0.00232839066212603,0.000262214900651163,0.000790201786737452,0.00162708822571871,0.00171898437624464,0.00111387853012834,0.000495970600942187,0.000439207641764326,0.000653065948153893,0.000606210912289105,0.000465177771664368,0.000506848624986934,0.000474596711920756
3.05829747286497e-05,-0.000213269184256433,-0.000151681479917227,-0.00019164484425719,-0.000402746659390586,-0.000516780543457945,-0.00062687289015399,-0.000947046614986633,-0.00131097263635924,-0.00157387662065421,-0.00173591243523102,-0.0015447954366364,-0.00118991347163705,-0.00237481773549335,-0.00623482466368695,-0.0089600673425899,-0.00314745714880191,0.0108766057720323,0.016011596606049,-0.00764407626527635,-0.0497258115048093,-0.0615437394031317,-0.00747976351424081,0.0719040120053508,0.0839603364447886,-0.00438060778758104,-0.10677962627574,-0.112111084827509,-0.027925307426637,0.0389533274244452,0.0380935090611419,0.0208032039872089,0.0330698310873413,0.0336566167963386,-0.0265758790180301,-0.0863191613517751,-0.0488499468208927,0.0595339010638731,0.111953412615182,0.0502082340523722,-0.0425562019184892,-0.0597039725421886,-0.00262923005947796,0.0462972611251922,0.0392238990034995,0.00364812402940125,-0.0143856622306031,-0.0059532920688253,0.00750536534513942,0.0101587656917718,0.00507465322661833,0.00112766394338329,0.000819418044173765,0.00173718014997898,0.00209552564114995,0.001733862268085,0.000976197535475795,0.000426801250659479,0.000479332143865421,0.000670511412559008,0.000518362720147394,0.00036808423522413,0.000488307505226803,0.000434627439017255
-0.000235146232068197,-0.000420759412320223,-0.000314743410291383,-0.00023974549561414,-0.000312681529460415,-0.000384680368146998,-0.00048955569856025,-0.000749419334902461,-0.00113374272504345,-0.00154089074475407,-0.00190168336292948,-0.00190412677625539,-0.00138918995177204,-0.00141207745151808,-0.00399009949493493,-0.00867230429411741,-0.00964409464879793,-0.000520015256270659,0.0138100836047973,0.0143436602925172,-0.0124689900568015,-0.0493100248030821,-0.0549717176440213,-0.00972894948879382,0.0520438979765469,0.0694102542966658,0.0185587137351805,-0.0602718877212679,-0.103308374327194,-0.0758525636172919,0.00830776341722098,0.0885470368052628,0.0952017869210381,0.0148347387975582,-0.0801157462027656,-0.0891873973606667,0.000669596799991151,0.0883807583631852,0.0801030711398989,-0.000269688448655957,-0.0526557363595136,-0.0283173843825502,0.0255504776187684,0.0433304265551121,0.0187015077433706,-0.00835419322137645,-0.0108472941460396,0.00217890128099837,0.0103184260290175,0.0078516304535675,0.00250484953862887,0.000685705166064791,0.001628659162247,0.00235408370583982,0.00206553792388837,0.00143457309835783,0.000942900923031398,0.000799817120724099,0.000934629336092705,0.000918319145162229,0.000597357510972653,0.000360340826888316,0.000334219423128924,0.000154595970604379
-0.000322142891238823,-0.000323910749596101,-0.000317443394499722,-0.00034422545249204,-0.000371178286577003,-0.000416039004998571,-0.000511526148283007,-0.000661377117779322,-0.000975188230887701,-0.00148538426904429,-0.00201169266326137,-0.0022495021874968,-0.00190436570136627,-0.00116415647917486,-0.00164601961393185,-0.00540703308679963,-0.0106417503424136,-0.00985662336476729,0.00219222406797772,0.0166609356393914,0.0131145237288214,-0.0175102082055566,-0.0527464283724019,-0.0524910046026306,-0.00256787225971545,0.0577134356516979,0.0653499181092936,0.00127542863676337,-0.0787229943627663,-0.0930203056019171,-0.0201221983326961,0.0678350322669669,0.0781638435618886,0.00416931614440962,-0.0654312230612571,-0.0503450288393693,0.0258288664428212,0.0692022941727579,0.0357080148743786,-0.0225619160321983,-0.0348853943713079,0.00147222544646474,0.0336045484078202,0.028064916555514,0.00262244230934475,-0.0100808975460771,-0.00302162275830324,0.00779458949576165,0.00968453406590693,0.00483242019403584,0.00100579970994733,0.000889649504922894,0.00207397400961058,0.00232055265820862,0.00169856862907613,0.00113477478577484,0.00103377706738555,0.00119950014042134,0.00125816218746448,0.00104527039617115,0.000725775375670661,0.000448814223026707,0.000152180394203432,-0.000157025281503711
-0.000229312525993834,-0.00011281794228114,-0.000242976144927683,-0.000370970119971736,-0.000365771284816136,-0.000481443743689546,-0.000700108825346766,-0.000804093216107423,-0.000958398516490255,-0.00142307978751206,-0.00199500115960434,-0.00236574489635124,-0.00231534624962196,-0.00151260485000888,-0.000542381031720434,-0.00194063374227316,-0.00730643726380406,-0.0123591739928462,-0.00863069034810791,0.00553840838541874,0.016802249690462,0.00672908195167208,-0.0244624053390985,-0.0481767103043312,-0.033096890988524,0.014515834592717,0.0468585329939055,0.025400275281041,-0.0290712530576127,-0.0547307637818635,-0.0218478234681065,0.0282001376611854,0.0343491105786453,-0.005151621878592,-0.032909790766204,-0.0106752265934446,0.030937861182389,0.0373716656359274,0.00408680210626788,-0.0227811499734394,-0.0118376650282636,0.0170710320649254,0.0271397621966569,0.0121941245000823,-0.00448333436108625,-0.00537781325842718,0.00390983450007275,0.00943486381031149,0.00713523218169953,0.00266488554600303,0.000922661599063584,0.00153375183623366,0.00220147761444702,0.00204048792369075,0.0015041879679898,0.0011802635343951,0.00123749508498691,0.00134170207552753,0.00114738656568274,0.000825306760106511,0.000672043879500148,0.000477808681763735,3.18755100537117e-05,-0.000304807713166357
-9.04010846444188e-05,-6.63011861879725e-05,-0.000299349815311717,-0.000385445335854461,-0.000311252363987802,-0.000531209453055786,-0.000953409224387254,-0.00111201666858081,-0.00109849610024446,-0.0013219032775416,-0.00172876258262233,-0.00208799722039188,-0.00232133950652282,-0.0020281822583108,-0.00092884932798822,-0.000493670329055877,-0.00333598780894836,-0.00914208811042251,-0.0121407895760748,-0.00601706873919424,0.00657526752278713,0.0121021177121636,-0.000384217883083038,-0.0226720218520789,-0.0313160159121411,-0.014390898636392,0.0107389595198415,0.016443102320446,-0.000255972224294023,-0.0145876668612681,-0.00871048403403654,0.00427107212767391,0.00240231508397442,-0.0100520566708388,-0.00911725674950084,0.0104660391482569,0.0244184023687853,0.0134696086179515,-0.00818633022758491,-0.0126607119810104,0.00384702982730715,0.0189130945379032,0.0157746389052554,0.00228777189458194,-0.00425015640955771,0.000492757785131835,0.00714965566293387,0.00785105679762475,0.00422982057012221,0.00158971501442032,0.0015225316023597,0.00219145477320901,0.00227692900197193,0.00196611325874608,0.00165500808561732,0.00146270551986652,0.00141999911453105,0.00131103493562883,0.000930255940808525,0.000567108585828481,0.000494463315201661,0.000390812883645769,1.71798228460167e-05,-0.000212571874700957
5.28334099469249e-05,-0.000128637340518938,-0.00040456780026687,-0.000462496665277714,-0.000433963399536672,-0.000711062046945933,-0.00116856836033097,-0.00137065558502513,-0.00128619128816749,-0.00122204686437139,-0.00130862640183335,-0.0015695604230165,-0.00202743834852196,-0.00237170331900407,-0.00200534449733323,-0.00110698778611324,-0.00136811844104522,-0.00450818272068823,-0.0091540240129095,-0.0102205557796028,-0.00411235957375184,0.0049066205390839,0.0068450553730927,-0.00261233805649225,-0.0152061166792919,-0.0185797227600799,-0.0105250538813555,-0.000179541978741648,0.00444498065635678,0.00404026987904958,0.00184939088050983,-0.00269307217579721,-0.00879833901420039,-0.00901770012438686,0.00160365330912453,0.0142099108425641,0.0143080396553056,0.00170282204149209,-0.00754891038092456,-0.00215100548541136,0.0100588990587184,0.0139970468516907,0.00692603718700068,-0.000776245872133759,-0.000801406521737598,0.00419450931285992,0.0069398737293595,0.0051379425438756,0.00220361345099227,0.00128851172918396,0.00196951355910116,0.00245517798248233,0.0022919389572762,0.00200470449626134,0.00177897418799683,0.0015352847456538,0.00135867391450223,0.00121485231483532,0.000938256232991584,0.000627580045800765,0.000466891089289724,0.000346764599182123,0.000158087999289494,6.49264075358363e-05
0.000198431072344591,-6.37618715050681e-05,-0.000291793144206572,-0.000479973479069097,-0.000729134518747839,-0.00101445837409031,-0.00124128618909106,-0.00137758962141072,-0.00138258594953232,-0.00121441386155727,-0.00104695417155319,-0.00121238262357643,-0.00179145020204959,-0.00248467924876021,-0.0027929096063181,-0.00230569293734317,-0.00141438549641267,-0.00172737809366349,-0.004502313222287,-0.00801442179486719,-0.00819028877322396,-0.00335620375323173,0.00253114736135869,0.00332290533308825,-0.00263886084524553,-0.0103826622172557,-0.0131371692740777,-0.00854415664207057,-0.000276482515845468,0.00534256377757694,0.0041639062329225,-0.00234688188590702,-0.00740798921442732,-0.00465829984050342,0.00420886554782663,0.0097936709073071,0.00596733708977027,-0.00171955796466095,-0.00293664165549645,0.00379967110588359,0.00980498515397723,0.00842164377304409,0.00288504449022712,0.000302496474712834,0.00239073770153799,0.00514951346520878,0.00518560503009469,0.00317260954683165,0.00162747463589918,0.00158379365123416,0.00216812479651674,0.00236889022498121,0.00212784946052597,0.00181452473051383,0.00152964340375498,0.00123643223922172,0.00103991975383167,0.00099912140835551,0.000969623755914893,0.000819933637123684,0.000604022093900437,0.000457045122074493,0.000415004553439724,0.000370554907198917
0.000251152400590687,8.82997181056305e-05,-2.39073606939441e-06,-0.00033049616608437,-0.000856665301139665,-0.00111405484027305,-0.00106106566328387,-0.00111265853007264,-0.0013156030705873,-0.00129713886630153,-0.00112080064555119,-0.00124703569746634,-0.00178173270588032,-0.00242623955542609,-0.00291242555841351,-0.00289417968526401,-0.00210488849176086,-0.00124098636924506,-0.00182659049091518,-0.00431101210917684,-0.00679453010243608,-0.00658126886343274,-0.00313937146375294,0.000692164983149661,0.000991388877020048,-0.00309755601527791,-0.00774725980628694,-0.00804608029480848,-0.00348567448348451,0.00132556543508244,0.00182793448329453,-0.00133022079790098,-0.00326641892393912,-0.000755273557979652,0.00369091222673091,0.00485384043995283,0.00164478701297951,-0.00117036618100106,0.000670401376462408,0.00513226599971384,0.00689710661908691,0.00462606897235922,0.00199766118894594,0.00205959553586337,0.00373690069454683,0.00443173008080481,0.00358125993162537,0.00246415597033186,0.00205881430046914,0.0022222844516723,0.00240817642158741,0.00229048476001317,0.00189039678484672,0.00143094117274545,0.0011116040510541,0.000926265702957224,0.00077854574848421,0.000703169251046661,0.000723849393805789,0.000723047374777867,0.000616267904931228,0.000547732862624842,0.000571879537507125,0.000491564526795102
0.000111621274403013,4.82647316385958e-05,7.26463144075017e-05,-0.000174876211285071,-0.000619507965679814,-0.00078876321155109,-0.00068749212313322,-0.000784843209823051,-0.0011309874992953,-0.00133217697656095,-0.00135131643016485,-0.00148573611421628,-0.00180161774373888,-0.00216750983587724,-0.00255901042507713,-0.00280070299194381,-0.00252341388251269,-0.00181861741921511,-0.00148359171981939,-0.00229276294738514,-0.00406655371345349,-0.00550036042170332,-0.00506375447277801,-0.00273951101249986,-0.000697170946445897,-0.00111934520355651,-0.00334536479591554,-0.00446390542221216,-0.00308679711209347,-0.000992345361394694,-0.00046231063493669,-0.00118014434154109,-0.00102708036365846,0.000754341463753849,0.00241726398858292,0.00215829474039942,0.000732507749000611,0.000568265790293601,0.00243004057184891,0.00430989943430858,0.00419404059489717,0.00270344474292274,0.00195027258709203,0.00260358694786457,0.00342467856284198,0.00333948657584728,0.00270879204113628,0.00236872853707166,0.0024730696939512,0.00263330181765315,0.00259086773263742,0.0022874413908415,0.00175959094782144,0.00123395970188001,0.000995297193658959,0.000975348938879121,0.000845669079599776,0.000573571140364909,0.000413093880776661,0.000410282652904555,0.000411386270300852,0.000403568853771413,0.000418912332150795,0.000315899343435779
-0.000127064358370669,-0.000215975348427593,-0.000218794149103765,-0.000224367934618176,-0.000273395053326086,-0.000328768044770382,-0.00043859474090745,-0.000678359084546271,-0.000974675917499835,-0.00122298060888064,-0.00143777284546576,-0.00158709435970072,-0.00162259582170534,-0.00170245006175749,-0.00203441398634102,-0.00246109526309248,-0.0025944898515518,-0.00234874605362764,-0.00200188397484892,-0.0019526299256571,-0.00246604902748032,-0.00341931251402794,-0.00407614534168839,-0.00377534871981167,-0.00279374013213132,-0.00209564749169729,-0.00202187106652899,-0.00200053920462628,-0.0015780724158499,-0.00113380961209343,-0.00111201344348818,-0.00115230901683371,-0.000553130152295802,0.000559891112078188,0.0012730146509089,0.00119615945600844,0.00110805260424858,0.00180330652589383,0.002903162330962,0.00335246654845297,0.00284422850846475,0.00208930086697954,0.00186996633700855,0.0022232150670923,0.00261053913640884,0.00260578330240419,0.0023312659374484,0.00219246070391089,0.00230865539207972,0.00242817274164884,0.00233272823511216,0.00204188981987342,0.00166469725269777,0.00135243656587599,0.00124252923998071,0.00124793320831402,0.00109200324597144,0.000746173953375842,0.000469171954065507,0.000369520220405952,0.000279272192363739,0.00014342308172184,5.01513346545493e-05,-1.65059821022673e-05
-0.000231553420530235,-0.00036739283252885,-0.000481024529125702,-0.000371755744425567,-0.000165646283269465,-0.000213139804320649,-0.000556309122247316,-0.000863519631713364,-0.000962015005825079,-0.00107599243794542,-0.00132275684611938,-0.00145919048016639,-0.00134095753211016,-0.0012754807980012,-0.00156121675761848,-0.0020595561944825,-0.00241316276524723,-0.00245415356603366,-0.00225754330820599,-0.00204252966611408,-0.00203794253065008,-0.00232585441337193,-0.00277606443983527,-0.00315692825057777,-0.00319571694973935,-0.00273381980364023,-0.00195711283679717,-0.00133101482345786,-0.00108335829215365,-0.00105861722754517,-0.0010231076340146,-0.000844334460125375,-0.000381334692245816,0.000281853918043977,0.000772972948887352,0.000958625287473967,0.00125558579255985,0.00191668634487003,0.00253366016561723,0.00263880218970237,0.00235140330980684,0.00204872110641915,0.00192256186506717,0.00201813463276454,0.00224083232117814,0.0023054813473115,0.00208258337314103,0.00186333760903854,0.0018672373920381,0.00187929064225001,0.00168058419164543,0.00145465858991726,0.0014160918445059,0.00146060543323614,0.00142523569256218,0.00131408067948099,0.00117276038815871,0.00100345114544953,0.000839504103252381,0.000675475551220617,0.000415270746161542,6.83077974644339e-05,-0.000173407437732645,-0.000218912344929838
-0.000123088878608625,-0.000181099711494786,-0.000318254978109995,-0.000332730941764164,-0.000287258909756934,-0.000464899742019902,-0.000836401465366993,-0.00105396166172474,-0.0010320137107277,-0.00105040909978659,-0.0011914193435159,-0.00126332564411209,-0.00121457598596799,-0.00121267572834795,-0.00134891720950374,-0.0016187372753082,-0.00197646933996079,-0.00221423439865105,-0.00215088387347167,-0.00196423614994523,-0.00196966835030836,-0.00211460607221443,-0.00222422499052401,-0.00233843763069686,-0.00242630799656139,-0.00218912279439753,-0.00166573331708032,-0.00136716342646525,-0.00144278209260687,-0.00144188349778804,-0.00109225497536821,-0.000616939629178713,-0.00013126895034003,0.000411080677092824,0.000832221956218067,0.000963863105078409,0.00108173757537085,0.00145383283047912,0.00183203235153878,0.00191945178905195,0.00186431211733053,0.00193199760971088,0.00210001639279452,0.00225168735459808,0.00230247297650333,0.00215313494985828,0.00184958852567782,0.00165528326857308,0.00163831970321676,0.00150819412563301,0.0011636331723315,0.000945910240221874,0.00107605881397897,0.0012702568593353,0.0012276288477498,0.00106346079351639,0.00102157574103086,0.0010584990831817,0.00100690839251066,0.000817249375851976,0.000543244939902663,0.000214420683752175,-6.10194285532989e-05,-0.000149437098647656
3.0358101834524e-05,9.70560845462573e-05,5.42195264463292e-05,-0.000133512770945094,-0.000393818842660912,-0.000659276366138575,-0.000846030694871931,-0.000915299918845725,-0.000979602669430896,-0.00109425906329515,-0.00113746812108504,-0.00111686589270352,-0.00123868625673464,-0.0014508145414639,-0.00145387498728925,-0.00133594043342041,-0.00149800644458584,-0.00187097144369882,-0.00199801418981463,-0.00186005927094535,-0.00184178374645336,-0.00195082554583588,-0.00192460435019539,-0.0017775328341981,-0.00166870337191296,-0.00151264676833025,-0.00132410960237243,-0.00133577012522855,-0.00151086922380738,-0.0014571122029884,-0.00106860219611362,-0.000592847063426199,-0.000119333865158938,0.000398633945698661,0.000776325562938314,0.000866880982100728,0.000910565957643186,0.00113799012683256,0.0013496870937599,0.00134891787483743,0.00134795485707139,0.00162868759082231,0.00206245270219403,0.00230268223669411,0.00219926444646109,0.00191397800692869,0.00170489611309292,0.00165875504789025,0.00161319852065257,0.00139347468892785,0.0010790745970556,0.000900990661334007,0.000908641322485671,0.000933075699866988,0.000864342296243215,0.000810262268158701,0.000861151674222658,0.000889363030904966,0.000734102681013481,0.000488963832396087,0.000354391477675956,0.000307102648137357,0.000186732919117115,4.47505050148477e-05
5.20037333384758e-05,9.75127313997697e-05,9.10367362356023e-05,-0.000119198833977402,-0.000404430554025824,-0.00055192360774043,-0.000530089200866988,-0.000528360905949769,-0.000723699665128983,-0.000981351392833919,-0.00103405433947233,-0.000979708714839136,-0.00116270711557234,-0.0015128472497451,-0.00158074307485554,-0.0013640004834019,-0.00134339372457027,-0.00165095776989829,-0.00188536183539838,-0.00183073906069268,-0.00168738146808388,-0.00158517569563287,-0.001472122935376,-0.00137236391074057,-0.00137959274072741,-0.00142042341776124,-0.00138708743927605,-0.00124759338577136,-0.0010313716787585,-0.000783126527517687,-0.000589199719920876,-0.000427490425869903,-0.000184828257449348,0.000122111647296661,0.000348562203918784,0.000496308963886326,0.000710302480861072,0.000973542172722638,0.00112378047905252,0.00113355664786075,0.00119038360998008,0.00142163403140982,0.00171122737646814,0.00182104730905129,0.00170954139909884,0.00160743948467247,0.00165863280905466,0.00167955766567591,0.00148903889349949,0.00125028848531393,0.00116877650284471,0.00113107197469051,0.000964146452753149,0.000778915861225564,0.000739798490896238,0.000795253112699496,0.000789734141776193,0.000644142520690398,0.000362878734597916,9.35889260353228e-05,5.53081201619838e-05,0.00021180332116427,0.000274850674835322,0.000145273257317279
-1.99206031629284e-05,-0.000151294133966457,-0.000287383017033972,-0.00040459599667975,-0.000425567651876328,-0.000356877881569527,-0.000301009249443814,-0.000330686893510732,-0.000467085694744728,-0.000658473897751177,-0.000789779701408473,-0.000836925408398344,-0.000928023544574764,-0.00114263724288425,-0.00136123673959146,-0.0014605893149764,-0.00148028684920867,-0.00153957017583632,-0.00163912227188706,-0.00167433136853312,-0.00155061357238603,-0.00133946212497407,-0.00120227183276334,-0.00123011096406358,-0.00136067898754462,-0.00149621900466511,-0.00147865864018627,-0.00116138092206169,-0.00063323829668809,-0.00024618404715764,-0.000147605117123893,-0.00010817825457579,1.38567432946797e-05,7.6024235326237e-05,6.9204794467571e-05,0.000211061108773756,0.000510375969796606,0.000724463401522011,0.000842867996461065,0.00102876855199645,0.00124880503125027,0.0013251859674095,0.00127421444700844,0.00121796261607713,0.00122735329740231,0.00136144773297888,0.00154198412831363,0.00150825202970752,0.00120924612944078,0.00102007073388739,0.00112068108885638,0.00118821607173896,0.00100209942996299,0.000839154825000598,0.000874471283444572,0.000862759806248521,0.000649007396134135,0.000410403227688327,0.000263677882009605,0.000141201266797346,7.84283320287985e-05,0.000136810204722419,0.00019846598546477,0.000125277048108774
-3.71181201060877e-05,-0.000299843337919395,-0.000573177684353175,-0.000639866912255035,-0.000468700239223386,-0.000336059854822937,-0.000408766037573574,-0.000506863693299232,-0.000444633264983269,-0.000394814716490843,-0.000563012559016663,-0.000786161784465951,-0.000793213480237575,-0.000710765010896139,-0.000887716362716697,-0.00126648244725337,-0.00143179969407022,-0.001288594354415,-0.00118244918512637,-0.00127916654969212,-0.00135500269525185,-0.00132533589372287,-0.00134324794451982,-0.00142174399984203,-0.00137664902454587,-0.00124716098643898,-0.00112403613872536,-0.000930030934360177,-0.000621567577375172,-0.00040600064650183,-0.000296832996265816,-7.43072307389843e-05,0.000218265757447874,0.000293403587768547,0.000245012446744735,0.000381312548477428,0.000587063247831943,0.000586562523922051,0.000565473659920636,0.000805891872158007,0.00107371684744409,0.00105901728981013,0.00093058347519724,0.00095879993522696,0.00108108990394518,0.00116435342181852,0.00119817014691535,0.00113669393405692,0.000979677478249297,0.000916560318240052,0.000990447510364923,0.000988233677686491,0.000869932291672705,0.000858373479233295,0.00091134057423983,0.000732765786221599,0.000379140929189509,0.000234931815386809,0.00036840399061132,0.000471819466643179,0.000390260834011492,0.000255773123912979,0.000174245961679054,0.000105632675720331
1.40153258555716e-05,-0.000184271264509497,-0.000406324344775416,-0.000492147601801377,-0.000423505843996406,-0.000412037218276503,-0.00055994438463042,-0.000673806227670354,-0.00057753776705061,-0.00044577970027664,-0.000572387789549105,-0.000851185110350288,-0.000905579848346231,-0.000699757167889988,-0.000639397676550871,-0.000848187767978627,-0.00097452225356239,-0.000832113946612139,-0.000738559765587669,-0.000889250039580448,-0.00109786582208513,-0.00124550953095486,-0.00142453365182497,-0.00150809610646964,-0.00126757775824837,-0.000860988210947748,-0.000644827003711054,-0.000652337902620473,-0.000703899156967573,-0.000742865801124864,-0.000675324955173752,-0.000377309581616417,1.76333379419412e-05,0.000253355130443926,0.000412723902760481,0.000667217880331219,0.000830020146759263,0.000725754989642041,0.000603157954942548,0.000677690980966088,0.000743606737421576,0.000675137315819411,0.000721648574094916,0.000950350485202681,0.00105823449694611,0.000903909692652864,0.000746648680093907,0.000768423701560617,0.000887087025307736,0.000957418165315295,0.000918103878033802,0.000787647394095455,0.000693672503421876,0.000696251303495011,0.000643409778358834,0.000414941319546743,0.000197281193129672,0.000215721565742838,0.000398074330198049,0.000523923705239603,0.00050950658289469,0.00040331342063717,0.00026372918940225,0.00013962529112652
3.20017769276483e-05,-1.88138021434626e-05,-4.8917838980926e-05,-0.000133339374926669,-0.000275069173815389,-0.000374960084067236,-0.000386276690297001,-0.000424562839499326,-0.00056043668348123,-0.000686097339559735,-0.000754448601663741,-0.000870191318210233,-0.00100890712498802,-0.000980747119560006,-0.00077756211675026,-0.000590264582538273,-0.000512112276741783,-0.000512578781782187,-0.00061812746722006,-0.000796368395100125,-0.00091316352103555,-0.00094709564692953,-0.00101168391156054,-0.00103814989345276,-0.000885288752913128,-0.00064081889372782,-0.000551251533646141,-0.00060467521171274,-0.000660604346444386,-0.000664052209402433,-0.000637530846773372,-0.000530751963894109,-0.000343942065259764,-0.000104502318945887,0.000195841659527373,0.000508997272911893,0.000702334464298277,0.000757618197056647,0.000788146248933144,0.000780006162366893,0.000658970500473655,0.000568768456849633,0.000682763329974391,0.000860250766975889,0.000821680280288327,0.000613280739142136,0.000510373491116219,0.000625704824299238,0.000811652765179571,0.000882758472909984,0.000805956167629294,0.000688930101330218,0.000609855404474431,0.000492618738636228,0.000297291854142884,0.000185806772364734,0.00026133129120546,0.000347856438545458,0.00027453659353001,0.000181389007440268,0.000235926032487143,0.000330978899330517,0.000292547752525809,0.00014892250498735
-8.81613362717818e-06,-3.41061084555401e-05,2.88602076903841e-05,2.0205971974333e-05,-0.000147759006007123,-0.000224312552273556,-4.25287184478708e-05,3.36158612302703e-05,-0.000313364388489299,-0.000740223223357068,-0.000798169877538231,-0.000692057704972596,-0.000806772818800404,-0.000988324677719258,-0.000880106785638006,-0.00059139787672887,-0.000481402449203816,-0.000623711103878844,-0.000820083069162829,-0.00091433130596514,-0.000861915816104446,-0.000683991519861823,-0.000477447232290808,-0.000354754045447782,-0.000373939795167054,-0.000495915762782401,-0.000630648387667778,-0.000652675060701384,-0.000534193231193044,-0.000364354082354882,-0.000292452092503324,-0.000336099275995468,-0.000366352764356428,-0.000253660338336416,-6.10471359266929e-05,6.5683500474415e-05,0.000163597975716656,0.000378627419024058,0.000642788711999084,0.000751259396203863,0.000718092238205902,0.000729997429785987,0.00074909248563817,0.000629611116507809,0.000467307915999015,0.000471296201678849,0.00060304397785366,0.000675713640781301,0.000657180530953375,0.000602128154620117,0.000554920967750497,0.000552048301902591,0.000550602604634572,0.000418561520417931,0.000216441374298097,0.000215835474422331,0.000398746412223186,0.000399706439345701,0.000112761163055638,-0.000113824826015061,-6.03760704616475e-05,9.03741826179135e-05,0.000136626787062539,7.82242129757227e-05
-2.67468721857718e-05,-0.000164789967210657,-0.000209690224436226,-0.000124039623075865,-0.000109377169294777,-0.000116651069384661,3.10351598963297e-05,0.000134988164117189,-0.000103087141595497,-0.00046499702768737,-0.000536583522339473,-0.000406584350271361,-0.00041983791721837,-0.000555469318505037,-0.000581607205768539,-0.000562630941781934,-0.000692172864515665,-0.000890416030593297,-0.000953262126771169,-0.000886810884176026,-0.000804873727347715,-0.000668618797625861,-0.000422390761366831,-0.000205222981905088,-0.000195539972437249,-0.00033435038565889,-0.000428647434132173,-0.000409225886363713,-0.000335286594322835,-0.000238655663555273,-0.000153205508252617,-0.000126718065035617,-0.000114469894466863,-4.04422504380741e-05,7.31884985400318e-06,-7.54445596684837e-05,-0.000139674608769816,3.32802145776737e-06,0.000225922247241465,0.000349507391918222,0.000477956294122318,0.000666203954342254,0.000670499537418914,0.000425117874138567,0.000313430983713889,0.000519578144614014,0.000709043145301233,0.00061778033949767,0.000432113060972879,0.00034960954559133,0.000330366323010856,0.000349050597244262,0.000419329757880693,0.00044692121224944,0.000398109654131344,0.000378013951670937,0.000364024620951122,0.000206846462427704,-1.12161201851167e-06,-5.4121614885333e-05,-2.16201089767601e-05,-6.09830082154708e-05,-8.54771416763032e-05,-1.34011311094295e-05
9.11182400712413e-06,-0.000202674556488969,-0.000389739183975405,-0.000292418172236193,-0.000116076197179988,-0.000113024432914926,-0.000207633802880585,-0.000210498022904568,-0.000138193115108979,-0.000117227423293316,-0.000177948928427577,-0.000238427243089191,-0.000213120790397222,-0.00012999166243409,-0.000141726755758047,-0.00034723571420459,-0.000631297881817563,-0.000763339287256032,-0.000684151500413805,-0.000580886622845889,-0.000613231693621532,-0.000706854583891748,-0.000693496115189256,-0.000581500006531571,-0.000464941692086715,-0.000327416456533349,-0.00013426557039457,-2.67357624888552e-05,-0.000109631135383177,-0.000238296164906334,-0.000219629910345566,-9.53257958525114e-05,1.56021460836817e-05,0.000103503213900624,0.000149696260316709,0.000118677634669352,7.19390099599941e-05,7.51855882460455e-05,4.39476939458852e-05,-2.90207350780363e-05,4.15726414843175e-05,0.000256702782524316,0.000361128150584989,0.000315867783532294,0.000373359732722781,0.000525664953613188,0.000478774279733819,0.000257740843792948,0.000176929697206573,0.000269389595089059,0.000287297130474149,0.000226410677973256,0.00027502575519237,0.000423496663488711,0.000500577986494515,0.000418260839823851,0.000199740054736608,-1.97183917642267e-05,-2.82478176407296e-05,0.000151545889708544,0.00018770162859482,-2.91076992104695e-05,-0.00016404550227569,-4.59345703930959e-05
2.01900672543186e-05,-9.52003196204166e-05,-0.000262910434624398,-0.000272939844789127,-0.000152189641843323,-0.000150998639262589,-0.000352522002685638,-0.000464715889984945,-0.000262061310090573,-6.91837785046605e-06,-4.98889892498745e-05,-0.000259673590565797,-0.000263370225538893,-8.46163281597679e-05,-3.22879881799815e-05,-0.000151491059537762,-0.000226880250197092,-0.00019908781404042,-0.000186299158387228,-0.000252304991365617,-0.000370147789799322,-0.000515945205251855,-0.000644227480929436,-0.000694370163935754,-0.000631080090723782,-0.000448572550388063,-0.000195510209960548,-4.61506036673208e-05,-9.42580998787719e-05,-0.000200069903820227,-0.000168821587828095,-5.7459550999543e-05,-1.40223522119695e-05,-1.28780733423553e-05,5.55999664395e-05,0.000174536291666876,0.000252325654224834,0.000238135551860427,0.000136878947224778,9.26635547893772e-06,-3.91207183677484e-05,1.43418311935175e-05,0.000121748360145942,0.000257353131627261,0.000367165394254999,0.000292254334559561,2.55613154716765e-05,-0.000147733223860473,-2.40532089227676e-05,0.000199055503537017,0.000251730652083587,0.00018472152051904,0.000184449386846318,0.000255697936307641,0.0002852277592781,0.000226666710487402,0.000109375823824017,2.43044657091637e-05,6.37436929165591e-05,0.000178059421378813,0.000189455941606727,5.74049367732225e-05,-4.31234291853039e-05,-9.51728435532799e-06
-2.95975190549036e-05,3.19515566683595e-05,3.23655014358429e-05,-0.000127337735087479,-0.000224188793412509,-0.000170525097689564,-0.000167453083918158,-0.000244558637488838,-0.000216133999642082,-0.000125090356460855,-0.000187611294393346,-0.00031735560694069,-0.000300922429892536,-0.000218803523081838,-0.000214302447936083,-0.000136087530585528,0.000103429268777816,0.000233782320397441,6.52523774718011e-05,-0.000157141919306044,-0.000201853841497552,-0.000155755510833805,-0.000171277676105062,-0.000216855068174907,-0.00026687231283781,-0.000350587344093424,-0.00042414638987224,-0.000410075885251557,-0.000315610075545222,-0.000187143011866317,-4.55403984896516e-05,3.64847723622297e-05,-1.91318697469618e-06,-8.81914448090418e-05,-8.99291200918608e-05,-3.02793353035217e-05,-1.84778508065353e-05,-3.39001435588826e-05,3.56080796878106e-05,0.000174107790539723,0.000231163789374816,0.000183390796300545,0.000166164875121636,0.000216099838512947,0.000172255115238517,-3.63805165245891e-05,-0.00020750300831366,-0.000173243042374529,-3.99724363878679e-05,1.24475940387608e-05,1.49951419373017e-05,4.81022280675305e-05,6.3259144766832e-05,-1.09102051851157e-05,-9.26090948006472e-05,-6.12033712579158e-05,8.96193223225964e-05,0.000218941344593227,0.00018264858940357,1.96040684174569e-05,-4.15980137073915e-05,7.3214455218218e-05,0.000147728955861623,4.81338853133806e-05
