-1.14069012471271e-16,-3.4945570422378e-05,-0.000168708430793013,-0.000223020176694802,-8.77900427375849e-05,2.64802243692974e-05,-6.2257928113309e-05,-0.000143222995181298,-1.47823846367737e-05,0.000102179390532903,-3.09138237374438e-05,-0.000214093775121633,-0.000174190465763539,-1.46343504783444e-05,3.93618856122793e-05,0.000115348206080821,0.000339840922334632,0.000506581584159113,0.000341925224343302,8.20432640203045e-06,-0.000201900802503975,-0.000186862531128791,-0.000125202743389861,-9.78196507739192e-05,-0.000108251956178923,-8.31859718997783e-05,-3.28870660547322e-05,-3.49697831839531e-05,-9.99347262018412e-05,-0.000110088540693088,-1.61598805436675e-07,7.19323539510437e-05,-9.92012988258676e-16,-7.19323539519163e-05,1.61598806592269e-07,0.000110088540694889,9.99347262023491e-05,3.49697831828207e-05,3.28870660532932e-05,8.31859718994439e-05,0.000108251956179902,9.78196507752101e-05,0.000125202743390143,0.000186862531127654,0.000201900802502589,-8.20432640196964e-06,-0.000341925224341718,-0.000506581584157957,-0.000339840922335414,-0.000115348206082464,-3.93618856125775e-05,1.46343504796172e-05,0.000174190465764462,0.000214093775121048,3.09138237364569e-05,-0.000102179390532848,1.47823846375607e-05,0.000143222995181549,6.2257928112786e-05,-2.6480224369718e-05,8.77900427377743e-05,0.000223020176695195,0.000168708430793126,3.49455704222229e-05
-0.000133502517213825,4.18749661138431e-05,0.000172430928963089,-0.000133869632342847,-0.000342643647206363,-8.39728797103517e-05,0.000234834313831655,0.000235903278695126,7.29743265813737e-05,-0.000128595916704923,-0.000337006647528799,-0.000349213165283347,-0.000134956117039355,-5.12895581155069e-05,-0.000152704957429867,-4.40428266400254e-06,0.000407326502658843,0.00048349287251423,7.34010138800164e-05,-0.000238333930380366,-0.000164979893335436,1.12495112383893e-05,9.4936362629445e-05,0.00024293567412607,0.000353826177045047,0.000205305037362636,-0.000128771282570269,-0.000314647552120158,-0.000291633421489046,-0.000189606638357949,-7.31744547213723e-05,3.85387566115819e-05,9.03703660904971e-05,9.04970485998675e-05,0.000102069056922466,3.21622112754577e-05,-0.000228575671694635,-0.000466308482158762,-0.00035123398747237,5.66011166069593e-05,0.000346151947681047,0.000379489113425114,0.000384893830785019,0.000371558463582661,0.000158815169893405,-0.000141116216000393,-0.000158823238013069,2.6042961135659e-05,1.52473833409203e-07,-0.000244973704294425,-0.000309570877202562,-0.000118104312882523,3.64249303850545e-05,-2.00534634598305e-05,-0.000167110332884228,-0.000211647920977111,-4.16588600384385e-05,0.000229683641834421,0.000194972494211304,-0.000138308056696526,-0.000190887391143479,0.000235035813792787,0.00048730200821969,0.000150401189743076
-0.000100456432807275,6.3496774711461e-05,0.000233175535360542,-5.14087549955577e-05,-0.000262254387655019,6.84099038851909e-06,0.000339534572697668,0.000317231355201636,9.69401581825672e-05,-0.000153880226936564,-0.000344991644758029,-0.0003032343822592,-7.51672010552561e-05,7.89682917861697e-06,-3.93456566269936e-05,7.17689749526954e-05,0.000210490661570365,3.97176805769998e-06,-0.000309131773833932,-0.000241116172428559,4.8954226791086e-05,9.74389783847563e-05,-1.36300930544287e-05,0.000108176079067027,0.000327854522645182,0.000293017850004218,4.35595051127369e-05,-6.66889199053866e-05,-2.63686008221046e-05,-5.56657239959401e-05,-0.000138685099732416,-7.87022850007931e-05,0.000115897117322603,0.000201677053592913,0.000137158706030428,-2.15731147776224e-07,-0.000204051456757559,-0.000438646350672553,-0.000454151390078815,-0.00021115634370957,1.66970673958354e-06,6.13730637570427e-05,0.000196495727130346,0.000328566882577228,0.000176025912594098,-1.47951003259555e-05,0.000187316973586337,0.000463121629963911,0.00023817774439711,-0.000178237152066432,-0.000191544661633737,-4.41109645288018e-05,-0.00013046255102016,-0.00018544298127024,-7.52607306788616e-06,4.23978619124441e-06,-0.00022128040636491,-0.000195470479435341,-1.85096662732134e-05,-0.000132212023760823,-0.0002546030757194,9.85515793046601e-05,0.000452217738030558,0.000210288059267125
5.11630781656513e-05,4.49693098308183e-05,2.90667325200792e-06,-7.51495588826828e-05,5.05778446811116e-05,0.000231736148318803,0.000189277278784143,4.1254962469243e-05,4.74246665922469e-05,7.82958638935212e-05,-2.29566518569548e-05,-0.000122788188472289,-0.00011266816043386,-3.84160883303842e-05,9.25032422488045e-05,0.000168147364853811,-1.37677814975002e-05,-0.000307192988917399,-0.000292741469054258,3.33122708423593e-05,0.000204540064061117,6.55168253627335e-05,-0.000115195276401621,-0.000137819268209337,-8.856731399445e-05,-4.72099493411592e-05,3.32826756073249e-06,0.000102701006051938,0.000197837271682262,0.000160652820427743,2.54708873997563e-05,3.23480671522035e-05,0.000204787887551866,0.000216399278320303,9.08995981764551e-06,-7.85924797596946e-05,5.10191560266468e-05,3.71556115520594e-05,-0.000148576998640451,-0.000291036045573578,-0.000337099313418831,-0.000389262009537131,-0.000238169729098575,6.25629077121961e-05,0.000168825296904081,9.60747832540719e-05,0.000187939483090452,0.000269174604442274,6.53612931382564e-05,-4.43567827004359e-05,0.000233237945685754,0.000309043140881675,-6.55477708670643e-05,-0.000154668161377845,0.000273869642164167,0.000335702090331403,-0.000241853362269537,-0.000549115171687419,-0.000260672874957295,-5.20710790110534e-05,-0.000171319758330212,-0.000139477879373835,7.27527234740277e-05,0.000119321597229465
0.00014740469744208,2.4775828811152e-05,-0.000269059623852709,-0.000223637472158385,0.000142570961013765,0.000225991593237793,-3.66686418896211e-05,-0.000110473840548783,0.000139522884389071,0.000302166414722373,0.000229610188629072,4.94704583927751e-05,-0.000128060244112032,-0.000165053739201124,9.53673226036873e-06,8.23557846873478e-05,-0.000122476143706986,-0.000175746245828223,0.000100408791824054,0.000239624846793444,2.76722851863461e-05,-5.06036875714249e-05,0.000101555348741845,3.9779690305212e-05,-0.000231237609373448,-0.000306689208953555,-0.000207587277215823,-0.000187358025753815,-0.000126120594895545,6.24809332488829e-05,0.000160598022944932,0.000199394062881868,0.000319922430167602,0.000306570600704266,3.7401213356641e-05,-7.52685026856092e-05,0.000159855203335579,0.000231229439009559,2.52489659808006e-06,-0.000150979321372978,-0.000107219858089871,-0.00018960312207592,-0.000262580919759967,-0.000115994744894297,2.9403098888913e-05,-7.09497611752546e-05,-0.000202070384296114,-0.000246455197485836,-0.000245208960926119,-3.47691450421598e-05,0.000385029958271505,0.000489858152058486,0.000150491064803807,-1.42254332616236e-06,0.000274226950762302,0.00035881900342295,-2.96307933816162e-06,-0.000256053391944607,-0.000132369638902936,1.77054089415131e-05,-8.05413857502311e-05,-0.000236666761737457,-0.000249308507883579,-4.67553421693772e-05
0.000148029878477538,5.10702931364268e-05,-0.000311453310156113,-0.000332453857389508,-0.000114363200049178,-0.000148816094568888,-0.000200353004754174,0.000102893066433126,0.000375675686969361,0.000245703581338214,9.19210349889026e-05,8.97283658952011e-05,-3.18925351820977e-05,-0.000190316667660009,-0.000100647452884482,-1.53487553152961e-05,-9.55976686741244e-05,5.61606594729045e-05,0.000344860898271442,0.000135395160264565,-0.000306526460239466,-0.000122938127608619,0.000414757798538542,0.000379949517923236,-1.19329542328211e-05,-8.45026077464915e-05,-0.000103684449825255,-0.000435149828064947,-0.000577703926406577,-0.000241873346123044,1.25197232651572e-05,1.8806138976832e-05,0.000158692714708453,0.000350623477702957,0.000246352163231009,7.20016034341582e-05,8.83638866621247e-05,-3.52775025804557e-06,-0.000192874493112641,-4.00381157791516e-05,0.000380501990035202,0.000442567153682314,0.00016073024188956,-3.02715289222082e-05,-0.000126093770154299,-0.000353177217548163,-0.000514166940319387,-0.000394638946411182,-0.000162281526044474,-1.83554432432669e-05,7.80425800537845e-05,0.000142356334662699,0.00014596631865486,5.557235221677e-05,-5.36833948431606e-05,-2.80642403133464e-05,0.000217148100921509,0.000394875760774357,0.000234784449778299,5.80257435189582e-06,-1.4033843844965e-05,-2.31063634712432e-05,-0.000168541459393729,-9.34153339739127e-05
0.000159744619281461,0.000133264737616934,-0.000110766201636263,-0.000207875573234671,-0.000289308755354702,-0.000472838273862593,-0.000244392617296136,0.000356603639385507,0.000444066945305518,-6.5702934827938e-05,-0.00024442304774074,2.85550210429398e-05,4.34967426520814e-05,-0.00013978094406383,-2.26525870422646e-05,0.000129982551479893,2.09468521355647e-05,1.27158134143707e-05,0.000123392318921969,-0.00011318429080384,-0.000366319925214195,-1.03897602627068e-06,0.000461918033069231,0.00031860717928172,6.72157853316569e-05,0.000260252107890622,0.000267750397914611,-0.000213922841435508,-0.000451139955779791,-0.000186232224971093,-0.000109711984816703,-0.000312638236868379,-0.000226864144532909,9.3063752125488e-05,0.000147538925398547,3.06499271277619e-05,-3.2879081712419e-05,-0.00013039626434038,-0.000206393300106027,7.75122741207682e-05,0.000504557225261659,0.000590458493107517,0.000339393936790422,8.78750578507625e-05,-0.000147394274046231,-0.000381370335160284,-0.000373221088413788,-3.79678354086795e-05,0.000280992281727618,0.000204679783669334,-0.000163571862026786,-0.000364434623515287,-0.000185173359054785,-8.92334375960573e-05,-0.000350133506074286,-0.000418637514259051,0.000162693477226279,0.000654275594038709,0.000353943846517456,-0.000107158099147059,9.96079462916921e-06,0.000264661092319294,0.000123950099731704,1.20648747550194e-05
0.000222465999532126,0.000220716919664598,8.68037860523934e-05,7.39602618418777e-05,-5.00538503722331e-05,-0.000308247596384677,-0.000148325721707423,0.000292079984842233,0.00018514726272717,-0.00031566549587737,-0.000318293283353286,2.64563882095008e-05,-1.14607851226999e-05,-0.000157289960610564,0.000131243913938174,0.00036676057410243,9.75716902777749e-05,-0.000233905666066466,-0.000261926803777554,-0.000229666328351146,-0.00011316701182727,0.000182523848025424,0.000246913740149245,-3.44883162723468e-05,-7.22847756796422e-05,0.000268413664497644,0.000333417790905874,8.96457487264279e-05,9.74234177664545e-05,0.000264379643304034,8.0506043584124e-05,-0.000250570343448874,-0.000298778981452392,-0.000241452224162117,-0.000329885583216189,-0.000329332761996945,-0.000160709231966898,2.55519260602401e-05,0.000162855242027162,0.000295202706528231,0.00022130980229886,4.76721783776414e-05,-1.84875172152849e-05,-3.28415453029738e-06,-0.000109560176530724,-0.000128851141673203,7.38953265776266e-05,0.00033389718588425,0.000472018843897395,0.000441524708364438,9.24882248646687e-05,-0.000386662421362915,-0.000496806289207332,-0.00030153679528553,-0.000312375775004017,-0.000378005461264998,-1.47686454228219e-05,0.000360193425671009,0.000132753346455519,-0.000206919783725558,-5.36312153984426e-05,0.000194325315962028,0.000100872617677759,5.54004257767388e-05
0.000260366426929946,0.00026513775698001,0.000118494503025307,0.000214452485251157,0.000287386189927442,9.58831861094898e-05,-3.47287440675307e-05,-9.19496747059002e-06,-0.00013143325472336,-0.0002354957709149,-1.79030825563741e-05,0.00013826397084763,-6.81844465462245e-05,-0.000142546866023912,0.000196715217767921,0.00034813837283151,1.72714832624798e-05,-0.000330431502242608,-0.000342923967146123,-0.00019277400568193,6.59614044549059e-06,0.000104597229823944,-1.56817134451029e-05,-0.000134574910907819,-4.07362322762848e-06,0.000103804848588283,-2.03121254436664e-05,4.40326625960832e-05,0.000372128263010772,0.000458130814557732,0.00020830553913134,0.000108708034929066,9.76789353169116e-05,-0.000206048842920462,-0.000518866152500148,-0.000428391436177303,-0.000146319035458286,7.52490356264739e-05,0.000310660775808773,0.000340414504003055,-8.37390394930016e-05,-0.000445622982812018,-0.000321633295917292,-0.000132797556098388,-0.000167217647380378,2.44374104885344e-05,0.000383707676862038,0.000355937186154339,0.000132688580742104,0.000340091635180622,0.000515754919716468,5.62918520588729e-05,-0.00049002360985816,-0.000388852484105494,-5.31594283922756e-05,9.54020523594068e-06,1.13665001337458e-05,8.87967836113519e-05,9.6934876006264e-06,-0.000136340468215904,-0.000169945912053253,-0.000262350719262774,-0.000353771771149815,-0.000115370669344933
0.000236052122512447,0.000306267629331342,0.000118331800642506,0.000121274916686526,0.000213332608970258,0.000101908019981032,-0.000121168169317,-0.000245894379074806,-0.000185612196079251,6.15836075272526e-05,0.000274078850524008,0.000180879025434671,6.56500615958628e-06,0.000102663564994817,0.000246660684182605,9.80055420336879e-05,-0.000113578587734597,-0.000104911870235137,-8.56292821227205e-05,-0.000180567080930738,-0.000212659072783654,-0.000197775056910535,-0.000172007407557581,4.78133271202378e-05,0.000280863645356304,7.09826817197343e-05,-0.000293413937334935,-0.000117617451608965,0.000246997889631804,0.000118228922902219,-9.23970486728447e-05,0.000196265200158419,0.000408869366615643,7.35169297960886e-05,-0.000122776402292402,0.000124368420902137,0.000156408413886859,-0.000122647614308646,-8.79679906658257e-05,5.08506156780587e-05,-0.00018121692495782,-0.000366342132701566,-9.28186043067942e-05,-1.98673485065269e-05,-0.000289366110396131,-0.000156373336062765,0.000307452487305221,0.00019093781664746,-0.000241136488034372,4.24878396361122e-06,0.000516291021852322,0.000292838472513796,-0.000311592906614037,-0.000320077100099369,8.84680194376966e-05,0.000269096817740703,0.000254800037215825,0.000276324463967585,0.000235397480682539,4.35138647328526e-05,-0.000257731456319588,-0.000617965090458834,-0.000714867389338175,-0.000296108109443087
0.000235478779442843,0.000390065932267131,0.000278672642260935,3.97678245477586e-05,-0.00019554895089639,-0.000355980499357092,-0.000373171155889429,-0.000279733753356969,-4.85418563233477e-05,0.00020943775005439,0.000207591313162071,-1.13272122681509e-06,7.0187887913441e-05,0.000389562206200333,0.000323109014106783,-6.0218148635601e-05,-6.35160604415735e-05,0.0002542978832176,0.000159392096254995,-0.000250979444204918,-0.000356621556017581,-0.000203110924205128,-9.88448790033552e-05,8.68130602164539e-05,0.000254739357833415,1.76285329296981e-05,-0.000277033132996583,-9.25338675036315e-05,0.000103611534691659,-0.00022323025789274,-0.000393122119760786,3.82355159428266e-05,0.000312790114014597,0.000102064576963907,0.000201920754120963,0.00061566991086237,0.000407912108921285,-0.000277238131696786,-0.000417284456899327,-0.000115028935119859,-3.71098427880298e-05,1.00625430887884e-06,0.000280120632643108,0.000189729433371216,-0.00032480692443496,-0.000429916198144598,-9.52340268863948e-06,0.000111484774133026,-0.000118046745158115,-7.99055403735072e-05,0.000109903092416461,-2.34891436868264e-05,-0.000253216543394414,-0.000194208615185704,-1.12913916735073e-05,0.000149967207142151,0.000421183818921428,0.000633505042468497,0.000466701792443764,4.6780163206702e-05,-0.000315891625700586,-0.000528212021351511,-0.000513801117800231,-0.000187008537438571
0.000301452399821655,0.000443627849774779,0.000480620759743938,0.000144507643459439,-0.000402530110748895,-0.00064052020927401,-0.000414759247944482,-0.000128425149470571,1.90015647893464e-05,7.47836791216688e-05,-4.68802557071362e-05,-0.000228560574220999,-8.47514232151914e-05,0.000256898139381017,0.000196450338695617,-5.42206060821675e-05,0.000122466465960944,0.000423295788175243,0.000148208462646341,-0.000252284595389854,-4.80137492545516e-05,0.000344301555961756,0.000234365743933788,-8.21035653594832e-05,-0.000181671134559122,-0.00023050538056333,-0.000259826370959672,-8.57236637773628e-05,2.607371086604e-05,-0.000151317724863759,-0.000148713238745469,0.000161432217889836,0.000196505553616619,-0.000103524780474903,-7.02136782047232e-05,0.000233331343053721,0.000111450684312127,-0.000251511513642914,-0.00018170557082585,0.000173637333031587,0.000274143705745307,0.000256949227074995,0.000315708597900112,0.000163742796832278,-0.000252004343418142,-0.000463623771801804,-0.000277210696207131,6.45308335276118e-05,0.000301523552252507,0.00023926130524947,-0.000147391522930365,-0.00043352745178116,-0.00028572307758243,-9.21644276975521e-05,-0.000169498498169405,-0.000111843339405251,0.000345775833262775,0.000632356840021972,0.000307227981653564,-0.000196906024117786,-0.000374602210494325,-0.000245859492717495,-3.78803430325309e-05,0.000142312580747836
0.000324237198411636,0.000322698321214329,0.000405258105317393,0.00023631438756975,-0.000221506217567016,-0.000377395111565137,-4.35862011957199e-05,0.000163271689837466,3.68249271760233e-05,-5.3282468727571e-05,-4.03726766038469e-05,-0.000182205929865984,-0.000362103697207558,-0.000325326069350881,-0.000229174777775107,-0.000102752181782005,0.000144526882827977,0.000255036043247004,-8.72480296006911e-06,-0.000103030568107658,0.000411035690533413,0.000879175764660282,0.000544788452613628,-0.000166847145435782,-0.000481897767937776,-0.000366604945970121,-0.000243571709648389,-0.000199401358975255,-0.000132393794153547,4.13817996293347e-05,0.000331005474755019,0.00050032602905207,0.000288141765985163,-0.000181660281948493,-0.000494760547015635,-0.000519205980063496,-0.000358764171501878,-8.97505116328458e-05,0.000161316885112281,0.00027741726394711,0.000311779218927003,0.000366332882193832,0.00029118823636723,8.78822744695978e-05,-0.000122833435001125,-0.000300500536432549,-0.000431641695670593,-0.000156568297412699,0.000425906564550544,0.000576561048639395,4.91886715045117e-05,-0.000348513665558104,-0.000184875677681187,-6.1714307165743e-05,-0.000233247148170915,-0.000178260649733217,0.000184668099767569,0.000256842055012742,-6.80627431879994e-05,-0.000316772547892454,-0.000327648761455786,-0.00020002932802457,4.92995913469284e-05,0.000292452303185473
0.000205433471965182,2.50324482547279e-05,1.21580368455254e-05,7.12653697428789e-05,-3.67421243512658e-05,-6.77443777661094e-06,0.000348302645344628,0.000460332851076449,0.000216060758417405,0.000126218655709596,0.000290643876806647,0.000101570640935694,-0.000483698084784071,-0.000780566163111101,-0.000540958612793452,-0.000170360853192967,-2.83879144592946e-05,-7.10741872009287e-05,-0.000127754543691887,4.59346367290905e-05,0.00048182221867425,0.000760015936051452,0.000404687100749584,-0.000249518603565706,-0.000454556164442594,-6.15635570743734e-05,0.000212964910959281,-2.33787348401872e-05,-0.000283224245219424,-3.15184178517648e-05,0.000459067596226179,0.000551671036099104,0.000202073049128022,-0.000278453378153247,-0.000610163215536771,-0.000587673501845438,-5.41246229222775e-05,0.000447406986551581,0.000223482842282545,-0.000414544807375466,-0.000483468447202715,0.000104004022270717,0.000501010972428807,0.000462782988052165,0.000248631621923466,-0.000102682815015276,-0.000592835678720099,-0.000569561078743739,8.66492854560761e-05,0.000585350546497388,0.000444932111057051,0.000160212752829044,3.39505305952024e-05,-0.000174950067778977,-0.000291025959858179,-6.12223023762614e-05,0.000152694510516193,-3.17833563354523e-05,-0.000156069575134936,4.35805357912344e-06,-4.55638457033428e-05,-0.00037090296395157,-0.000336531739395133,8.0561680046496e-05
2.64768864991385e-05,-0.00021231939326717,-0.000334585261244905,-0.000209263656294618,-0.000142963677710396,-6.76121211143883e-05,0.000250870217764978,0.000515947213650216,0.000499414261754685,0.000453247918059763,0.000491425558946519,0.000204024009304789,-0.000411652842282026,-0.000657559150369566,-0.000283337417883745,0.000101022209563632,-1.8546874467993e-05,-0.00028832357816014,-0.000261653124274556,5.53280906435836e-05,0.000332077693957476,0.000279831660441283,-0.000271674525989207,-0.000823343429363856,-0.000502109374622367,0.000639112485860103,0.00119252634265255,0.00038109739346823,-0.000575049980905656,-0.000336091452562814,0.000538781103252071,0.000597276696815616,-0.000171652263511718,-0.000815355884940452,-0.00076986164107288,-0.000156582582837068,0.000815061860691525,0.00134651791150891,0.000669065081090641,-0.000790227674462837,-0.00156296046740544,-0.00106073169918082,2.79648136829338e-05,0.000883105555213829,0.0010768169498551,0.000459745546372852,-0.000535265130937302,-0.000933892954924352,-0.000431705118874951,0.000297257792339807,0.000637760475698751,0.000546867427923471,0.000119439043856868,-0.000410886788672126,-0.000460787145653597,-2.42551310438846e-05,0.00023045413070592,8.08072787870042e-05,0.000162483021042146,0.000487451385202695,0.000295002173611736,-0.000387627935109577,-0.000599991297017221,-0.000187407949835033
-2.37696531942732e-05,-0.000147022800158167,-0.000286302952076307,-0.00028797423197107,-0.000308903463073399,-0.000384714935010582,-0.0002033981463282,0.000240272174067986,0.000557594391468112,0.000493292789188181,0.000216712564342188,-0.000103782886452769,-0.00034561988893614,-0.000188644561867247,0.00037701319587975,0.000723471431097859,0.000270005312252899,-0.000482558099262548,-0.000555392516776354,0.000211120488845169,0.000784542688534268,0.000135684713278022,-0.00139718066702922,-0.00195837648093898,-0.000323523025807575,0.00196521893454788,0.00201898836769238,-0.000320271062618952,-0.00181059363501651,-0.000488271446284986,0.00154544299645592,0.00133702922502133,-0.000547651720601225,-0.00156698831787289,-0.000931691702013254,-7.49611791946126e-08,0.000528260164877475,0.00108401300966709,0.00166638520572825,0.00121704162488327,-0.000599321421464259,-0.00241577679724357,-0.00238043799485851,-0.000411780618536736,0.00159422253956064,0.00183745761792881,0.000534924741575644,-0.000731274642542385,-0.000895515595262344,-0.000237124686564752,0.000422107775109524,0.000501269415723795,1.98900305813705e-05,-0.000531245586127275,-0.000589027704496378,-0.000181214946729517,0.000234774617113783,0.000410869632979907,0.000508643042297155,0.000544587740039919,0.000303838305208136,-0.000141666450055097,-0.000336207144224946,-0.000173913531875732
0.000113410294647071,0.00020507729290426,6.52781958733545e-05,-0.000144196957527091,-0.000253084719096012,-0.000406710109172991,-0.000434664365638379,-9.99542629879636e-05,0.000279373523216406,0.000178228384131931,-0.000266620984454521,-0.000501487464413421,-0.000342020005004346,0.000182945232895745,0.000877932677813424,0.00106822671090794,0.000138022952831103,-0.00106629674012445,-0.000710089133684926,0.00125273084078341,0.002089210825941,-0.00026012865061493,-0.00339312255855314,-0.00271688961805186,0.00186320362185402,0.00459417577516516,0.00140512147716329,-0.00379202019334721,-0.00404180119984714,0.000814919620958788,0.00409353034921643,0.00181122124576197,-0.00203721593689434,-0.00205515610468146,0.000794929778611522,0.00131721951649999,-0.00156186568047564,-0.00300065638129875,0.000369047769731931,0.00492609763305486,0.00466463506172798,-0.000633633919424543,-0.00520954303955672,-0.00462847843181091,-0.000380626645490488,0.0029715336028126,0.00297089631025412,0.000755357202920137,-0.00101071784825992,-0.00107797743741336,-0.000255613097805715,0.00014895017924666,-1.40758011143021e-05,-0.000254808263738929,-0.000392330647061827,-0.000355551384498654,5.26920007690929e-05,0.000556042611884952,0.00052025823761712,7.65354054197e-05,-9.04032308143188e-05,8.3493986293619e-05,0.000118168157937709,2.19687109476494e-05
0.00031522599742279,0.000574700550007204,0.000337320103412314,-4.71048669714957e-05,-0.000115262226023843,-0.00013522219405005,-0.000259108147511266,-0.000196113234052452,-3.09250830462723e-06,-7.43737271828378e-05,-0.000422206945319262,-0.00055997065293622,-0.000229454721826117,0.000483769762258556,0.00103043769777961,0.000482822209909333,-0.00119860525437562,-0.00195706765419052,0.000342391178300819,0.0036960267952587,0.0028251742993823,-0.00312731187301747,-0.00663448201903427,-0.00103320797954714,0.00794591405442201,0.00772978504629737,-0.00297208011507401,-0.0104276199602138,-0.00455577119474854,0.00655744182397807,0.00807866255119915,-0.00115165575113789,-0.00784884181311594,-0.00293803093136622,0.00669355777701725,0.0077307668281394,-0.00216160031933829,-0.0110907902956472,-0.00786462346358479,0.0043001972808199,0.0120334114706344,0.00782061591199718,-0.00276536826369314,-0.00899348495393604,-0.00635248840423156,0.000706767119170795,0.00494058460033095,0.00361271613575727,1.77300666015538e-05,-0.00174224714208591,-0.00122203668061259,-0.000325909436954601,0.000146469576686589,0.000360259874280609,0.000128554765737262,-0.000348846716056267,-0.000235147401156764,0.000322385911276039,0.000218282208173554,-0.000406320358351968,-0.000449961309805964,7.83411442765657e-05,0.000223684752197628,9.57204872071992e-05
0.000459608850557928,0.000667271851412082,0.000311890496874907,-0.0001051602977604,-0.000164563492066052,-9.20355249359085e-05,-7.76725242367141e-05,-3.79530272073007e-05,3.96678936056384e-05,3.03108256932785e-05,-0.000176190074488819,-0.000335825959811002,7.31216307561086e-05,0.000995118169579629,0.000992839922081713,-0.00110873438807057,-0.00338819200386409,-0.00180092778083903,0.00386179775858655,0.00665429848815405,9.71941895358238e-05,-0.0100967225203896,-0.00908198663955056,0.00626633069068641,0.0174149317899814,0.00677979280532015,-0.0144735776049982,-0.0180777161965988,0.0019336093374175,0.019450522142268,0.0118564489770019,-0.0103759835842057,-0.0194617276709857,-0.00543510934992135,0.014983911097246,0.0198646731751006,0.00449240146722876,-0.015804146215094,-0.0217420972831155,-0.00822239435612086,0.0115425384656625,0.0195605057234218,0.0101449529952204,-0.00577271406240943,-0.0129467155535554,-0.00717968004668862,0.00245370697216728,0.00591134703719392,0.00277808637887113,-0.000927155835627803,-0.00178941869135169,-0.000873322018652656,0.00022668146836657,0.000853636902632684,0.000597512784973132,-0.000182617800828152,-0.000429436559403027,-0.000125968762584797,-0.000164093572238746,-0.000478783338331203,-0.000377187403126508,-3.76855242001956e-05,-1.61336710566514e-05,4.91879182542797e-05
0.000510735172085679,0.000388175996684883,7.08936083220737e-05,-0.00011489290838112,-0.000326108803714895,-0.000419064613074267,-0.00013217072501581,0.00023126178638538,0.000295795561138895,0.000213248987882487,-1.3836206939899e-07,-0.000185465921104975,0.000451233326498562,0.00154336224811051,0.000475198143783856,-0.00336764119798957,-0.00472824647453738,0.00144565208675388,0.00972844786094931,0.00701316762206108,-0.00884144005543848,-0.0190692855005257,-0.00473909420182316,0.0219649822823647,0.0251481108460166,-0.00603200385200002,-0.0340155640535349,-0.0198582799680539,0.0206105601134477,0.0360889881025054,0.00908956944716572,-0.0249592204583937,-0.0291230565576244,-0.00659101955991946,0.0166534095595222,0.0252883307599109,0.0178280592103966,-0.00237152199507323,-0.0245407733161227,-0.0299640471811389,-0.00990652922502707,0.0187825128206363,0.0284604025380442,0.0119630445912843,-0.010450528238575,-0.0168184011346495,-0.00697725518352181,0.00380862417796178,0.00591153807245971,0.00220074725026099,-0.000956678049180299,-0.00131837419255889,-0.000118387922967173,0.000800762455294722,0.000652721707972023,-1.59760390615851e-05,-0.000376957591368732,-0.000441464854279846,-0.000447880867365755,-0.000259941944139825,-2.12504136622473e-05,-9.89609587690133e-05,-0.000197231212811505,0.000147751311668871
0.000439951429280442,-0.000122846326067326,-0.000191330376800038,4.32869651926619e-05,-0.000315798069052017,-0.000643706039961356,-7.59008817413746e-05,0.000569151780951465,0.000414179942981183,8.71495029858716e-06,-0.000201910651603693,-8.93595049128041e-05,0.000868550665216092,0.00145492908176106,-0.00132350555989296,-0.00570816056298245,-0.00316197808071853,0.00858061768550578,0.0149277032399442,0.000207003452236327,-0.0238733574175825,-0.0227908182663772,0.0137729990643342,0.0437661190079632,0.020066877726756,-0.0369651728924324,-0.0532366089266659,-0.00165848780564663,0.0527785188597561,0.0409363298090651,-0.0146118381742216,-0.0391873539139113,-0.0148493131605127,0.00801399587416692,0.000687012069477741,-0.00436439128310914,0.0184700798386756,0.0374255724368384,0.0125766589496848,-0.0368315227026012,-0.0522781461367705,-0.0146762356979242,0.0318520184321278,0.0392825579762048,0.0101837645846487,-0.0172839368816202,-0.0194249609885327,-0.00518881691514234,0.00581887299254444,0.00624705256657663,0.00161496222809647,-0.00117557442027501,-0.0007808976986975,0.000232905323270658,0.000315279349229899,5.35910283010381e-05,-8.83337807211608e-05,-0.000405454397974478,-0.000527376823491753,-6.38000026222437e-05,0.000222175880006174,-0.000138901025706673,-0.000168174813394689,0.000390214420896875
0.000187577708528345,-0.000563547874308825,-0.000353397996079545,0.000192813368806204,-0.00014542741990521,-0.000417554453323267,0.000360553155919308,0.000905525568714736,0.000239946043535767,-0.000532094150196465,-0.00043963006210467,0.000401596308439417,0.00137371865440018,0.000206042784683665,-0.00452652547547747,-0.00681888401486988,0.00257458466042928,0.0174661078643652,0.0138562986891551,-0.0167029595893252,-0.0391710812269,-0.0107468949240075,0.0485193741899956,0.0589316073176234,-0.0127299152543522,-0.083348274573107,-0.0506146149808808,0.0542465316050811,0.0911834416342062,0.00763972481230979,-0.0778721581737758,-0.0455407449656599,0.050893532882627,0.0640394556789827,-0.0294570175396595,-0.0930123686398398,-0.030132046217417,0.0815684011702466,0.101280335331715,0.00747327175453955,-0.0856949992911741,-0.0802966469205756,-0.0027252761694832,0.0538017188667612,0.0441392613749857,0.00110084762115675,-0.0242038812891209,-0.0179175090787677,-0.000419755722088027,0.00775201882047407,0.00480159809771424,3.43896338691682e-06,-0.00116700754463695,-0.000451356562009127,-0.000136050311564285,4.00576984726213e-05,0.000250558988708089,-9.21436828296048e-05,-0.000364209931983047,8.07166172595844e-05,0.000287520446665588,-0.000191560870740615,-0.000154051266249578,0.000426028949448861
-0.000164420765034853,-0.000661830863920146,-0.000342038533128433,0.000127182963780441,-8.01295465852232e-05,-2.18686938988771e-05,0.000766931042960536,0.000915844142009566,-0.000106348630812662,-0.000843438480126545,-0.000158411312719417,0.00139222367680799,0.00163136807186977,-0.00215730471161379,-0.00768146772351878,-0.00456889701518437,0.0120734751645012,0.0231437117177767,0.00131710546964135,-0.0407822023287089,-0.0427599319839195,0.0249954713607387,0.0893524260004828,0.0454380498082803,-0.0817529467339005,-0.126309181815637,0.000928638840794957,0.152765889382573,0.115425410891853,-0.0842464958908638,-0.183740909163751,-0.0396540549688119,0.169623744861744,0.172559610450472,-0.0435373362549747,-0.214861201970115,-0.143417570312903,0.0741113956651508,0.194807857743426,0.110089274548598,-0.0598552950551282,-0.134685974527312,-0.0723605635152746,0.0283963088575197,0.0665364018861098,0.0339313513926569,-0.0114260302860267,-0.0251246548338054,-0.0111138602574779,0.00392773044071762,0.00641914845588108,0.00204228793200244,-0.000721495123293949,-0.000883579587962495,-0.000534576097691905,-4.208729228488e-05,0.000418589911437065,0.000228289621539448,-5.65990628573626e-05,0.000289416032609152,0.000393442681851135,-0.000131264964318499,-0.000257624716627311,8.84284462314838e-05
-0.000355936532931478,-0.000368830170522069,-0.0001465370121881,-8.05651089155097e-05,-0.000175989908012701,0.000143553495417018,0.000599815304869779,0.000342982934547518,-0.000426508861374773,-0.000549898803573784,0.000645981147353735,0.00216798829653883,0.000833068534416156,-0.00508675058486002,-0.00850645385915052,0.0024553041663551,0.0224164604080734,0.0198600098743764,-0.0230233561229777,-0.0611135816622056,-0.0214206328281548,0.0809708944374919,0.11226885971261,-0.0154216781774494,-0.171993904710786,-0.129379093559983,0.11245492920253,0.260822297760281,0.0918134412083106,-0.218177449133213,-0.284742262227808,-0.0171220702891635,0.277905179504602,0.276968888267773,-0.00765824650635988,-0.264943593265122,-0.253496418971119,-0.0271564828287803,0.185332048474077,0.203256767479233,0.0480045669020181,-0.106663101762037,-0.129424276246158,-0.0409620770326487,0.0462815997374215,0.0588318578530918,0.017540718081093,-0.0175098147280269,-0.0194289440343592,-0.00442736493670869,0.00473222676375288,0.00393190412623667,0.000552779506159062,-0.000927755673790307,-0.000884601014342063,-0.000239652655729714,0.000322920817929794,0.000333377463973054,0.000202184885851907,0.000464543977670831,0.000534477055946565,9.56142871009098e-05,-0.00026012362919485,-0.0002815646307925
-0.000247030908861995,8.15405478548636e-05,0.000112561697216872,-0.000202732486072173,-0.000193938492266996,0.000163322067033241,5.65861560593364e-05,-0.000465302426069035,-0.000553955747488283,0.000123847891104135,0.00136020307630956,0.0018409455169242,-0.0014399313947749,-0.00755909849732866,-0.00551492673491488,0.0128378618529195,0.0281540718770622,0.0042224018949438,-0.051738629603039,-0.0620738181988261,0.0294918932582788,0.135716164928051,0.0872611632856085,-0.120057184079374,-0.234328335884729,-0.0502771039578919,0.255037763562065,0.294359072277983,-0.0179819035074172,-0.320155890061131,-0.261559681511882,0.0457984687631282,0.253306579184573,0.224481297184276,0.0535713579130857,-0.111211587322999,-0.197927245433531,-0.176354776059754,-0.019776841972613,0.158902501931247,0.183355436752037,0.0417835924357439,-0.10491884885402,-0.118029177586244,-0.0253724720262423,0.0497053268761206,0.0471522316654016,0.00568551179677909,-0.0180711154637697,-0.0128208346991036,-0.000100103009535953,0.00437545553471751,0.00204318783124635,-0.000575560577878781,-0.00112222446513601,-0.000535746399821468,7.35133399973852e-06,0.000206051917901386,0.000297385997801582,0.000419115968302415,0.000426823418653896,0.000267718824795017,-2.65288928074994e-05,-0.000288127493590751
-6.09638484158968e-05,0.000335640361216152,0.000269502602873142,-0.000152288265194991,-8.37386487852546e-06,0.000333732004106382,-0.000166951089453164,-0.000788662779166773,-0.00038687806201745,0.000700568767407823,0.00146024858594474,0.000353528725115122,-0.00433711268097512,-0.00810787943456488,0.00105038258867751,0.0221793068381298,0.0236543917298841,-0.0216601646129038,-0.0711233743666161,-0.0320081816242852,0.0976018368648278,0.154046487787211,-0.00432862719221351,-0.232098221083248,-0.200205172022136,0.133357851908052,0.35826631733657,0.147903680498717,-0.237836305816847,-0.289798688153364,0.0290079092026271,0.205672723629512,0.00611211018180174,-0.151712937483655,0.0253733632027694,0.268259207866788,0.164307966089243,-0.229041615183177,-0.38375107426941,-0.104066152139516,0.231356027981104,0.256616723600951,0.0285031033539406,-0.145762262170584,-0.117015800632954,0.000924000038233164,0.057714725747619,0.0334181535565838,-0.00582467140272764,-0.0161961799580899,-0.00581803156413403,0.0028392409121125,0.00294653980966602,0.000111237703398655,-0.00103393227898667,-0.000749110855967011,-0.000375752935109687,-3.58368655648993e-05,0.000290488931000117,0.000222405631829594,2.2112261756118e-05,0.000136799742328318,0.000212250724846933,-5.9866563336855e-05
-0.000143891734950607,0.000233603917154157,0.000298553268110333,-5.79071645634421e-07,0.000190199926070986,0.000547673264219603,9.84410942976299e-05,-0.000450925117389953,-1.5465713045594e-05,0.000952445518565284,0.00104296940352731,-0.00143415906472047,-0.00616101830427437,-0.00556692845152966,0.00929146117325599,0.0255774334842939,0.00733064692569799,-0.0490255540672916,-0.0676503300892899,0.0272266953699879,0.154931896461649,0.106455966905516,-0.15035715918223,-0.294681401326399,-0.0270090396417369,0.394968107720804,0.348616379363372,-0.221669622597077,-0.546161205213179,-0.0883012228955548,0.612475554163268,0.507689675303676,-0.395184360244802,-0.834545655796592,-0.205337406152068,0.686759460224924,0.758058747890493,-0.0595464607248809,-0.704188074738167,-0.493424358000738,0.118247829569763,0.40493715316998,0.207596430461391,-0.0951145444520744,-0.171864324118866,-0.0606876786310705,0.0413641327468372,0.0489939011960592,0.0100963533341422,-0.0127719119278365,-0.00929969401058748,0.000179166358795491,0.00283390157517924,0.000858642782220614,-0.000534624795757381,-0.000651991420243123,-0.000569868527181265,-0.000236281272857828,0.000287180461376602,0.00014898860561853,-0.000322185349455675,-0.000203242284922855,0.00015146012011856,-3.26386043978943e-05
-0.000444080462476459,-3.57127484021946e-05,0.000321115066083955,0.000183916354500713,0.000171947441413633,0.000410626576925421,0.000255953343704707,-7.00453528028229e-05,0.000231636779539669,0.000953693979670045,0.000532781419203182,-0.00260502869938472,-0.00582279795349885,-0.000314315790300383,0.0161705227638805,0.0206596370016782,-0.0157388503356281,-0.0654690600318179,-0.036740555679271,0.0964691596445198,0.171575026105976,-0.0053469457336675,-0.300095274200124,-0.263838659334531,0.248705750643264,0.643399725005626,0.207135757867034,-0.702225754351315,-0.838642576318921,0.19202321948494,1.25215155122686,0.872031081724705,-0.706036205210998,-1.47675422475641,-0.567721464735148,0.840375490849872,1.21722322614683,0.268845657419517,-0.735216727885976,-0.740765041118313,-0.0919312983609872,0.369392685243843,0.303211103950849,0.00156056273000852,-0.148081470011644,-0.0910704668528271,0.00920358838911785,0.041467212805009,0.0187216498068494,-0.00515257820012942,-0.0084981523152267,-0.00188563775914074,0.00185825764154763,0.00119961450738074,6.7648787442226e-05,-0.000208784381112492,-0.000352494876515917,-0.000239869445238645,0.000290868542100142,0.000282141972891059,-0.000306881371127166,-0.000448713210818241,-0.000151792255647154,-0.000275135187130071
-0.00048436328602891,-0.000124725938410647,0.000406871587750435,0.000339245475238725,-4.53945250905169e-05,-0.000137372473537067,-0.000117642198617068,-0.000192030374616028,0.000136382198322862,0.000805145858888478,0.000119014498601598,-0.00291668713338016,-0.00366556200194301,0.00540481712007992,0.0185411069509581,0.00885509653993443,-0.0357497164848374,-0.0617018308481223,0.0117419641622627,0.14527282484864,0.133353891413158,-0.137307085035907,-0.378907181521543,-0.139009518213146,0.497184701109748,0.737885667849713,-0.00874712002384212,-1.02176508684548,-0.917606526036212,0.379326626223256,1.48959828358813,1.02004028028635,-0.683219411410764,-1.53450834311925,-0.738563988151334,0.556551144609848,1.09067323575396,0.472296455676269,-0.397106655240122,-0.584441939612529,-0.22411099157988,0.142795141715816,0.214928132521118,0.0722128102596784,-0.0506069467773985,-0.0622653062834601,-0.0182040811100013,0.0130295047611784,0.0137559167755323,0.00231576050272541,-0.00366486365251353,-0.00217680394076274,0.000482391582207808,0.000820597606195968,0.000321680434891634,0.000306224014498545,0.000195739449501256,-3.80006743714439e-05,0.000221963797782804,0.00040656679932316,-6.64745854917631e-05,-0.000481634310933454,-0.000361789215816866,-0.000355435759446771
4.38510841854756e-06,8.74693196442171e-05,0.000466220201400802,0.000358511803744438,-0.000290155654924282,-0.000669508194339308,-0.000614914194075916,-0.000517340797169419,-7.53365136359624e-05,0.000555744440165512,-0.000304217058917602,-0.00264231122166401,-0.00090470326035753,0.00889775181297489,0.0148415813588614,-0.00540635564133204,-0.043619599930773,-0.0374577062636222,0.0567799988286713,0.146326642617862,0.0501677040724733,-0.2224244382312,-0.323109522747666,0.0385963874432649,0.559208160573879,0.548950521473408,-0.212643876696195,-0.898261013885644,-0.564072621732521,0.386748393740498,0.956319434335039,0.611058570085108,-0.333313836917165,-0.691970716467865,-0.356176373638976,-0.0305547632505581,0.218957243942745,0.265468082378367,0.128429297411549,-0.00791806787490923,-0.145888161083405,-0.165579498679634,-0.040722882796967,0.0691323621450028,0.0739752302003173,0.0136384918765163,-0.0287769492470408,-0.023283615092188,-0.00115097356209615,0.00737688076036606,0.00303724838602275,-0.0010541701218016,-0.000920690307411608,-6.87611728806131e-05,0.000148435178258841,0.00053209568261893,0.000611595326995437,0.00010152645959205,1.20379846460517e-06,0.000328451244774985,9.33671483028392e-05,-0.000417061767823829,-0.000292515362464496,3.50657371524059e-05
0.000607704674609178,0.000321169695492673,0.000381555758221297,0.000212234597620244,-0.000444974556873645,-0.00077749641183484,-0.000578177316388123,-0.000368833860406703,-2.45406968793493e-06,0.000313835203997165,-0.000735181211913086,-0.00200760939229557,0.00142337122852928,0.00892373485746357,0.00642889853186222,-0.0167932235176378,-0.0359659939461125,-0.00156898202635232,0.0785864298973407,0.0915915758506745,-0.0511664194605688,-0.214529274657498,-0.120081125929301,0.220143937136775,0.366019196514763,0.055517502635234,-0.365848422915784,-0.278126154803226,0.286567092325052,0.322397793606316,-0.252046223905653,-0.423608872066912,0.0510112230377952,0.761307018959319,0.604325451544544,-0.563618912528855,-1.04257860642244,-0.331827214213058,0.545878392705557,0.698373452345455,0.0948467366628285,-0.413429342363979,-0.32722745658385,0.0148293222439324,0.172460306081009,0.0908238673141835,-0.0283816782323793,-0.0524125623766051,-0.0148863186665695,0.0111408674772963,0.00886843953521922,-2.51499646460457e-05,-0.00217414238970145,-0.000803445659844908,-5.05290513889561e-05,0.000377867575796581,0.000467141601948079,-0.000129807810042182,-0.000362610753639886,0.00011875657052824,0.000125282924541503,-0.000334725206023311,-7.01844936357721e-05,0.000589966865158553
0.00064080284512974,0.000184266305465378,0.000172986590516261,5.19259782776754e-05,-0.000460064011337524,-0.00049579458316501,1.77903752117542e-05,0.000279980774410243,0.000345936084449786,0.000184080170827806,-0.000893036422873042,-0.00105766974199707,0.00288208110836215,0.00627815533459355,-0.00298824653903589,-0.0217079279549251,-0.0167794597297045,0.0335539686179217,0.0721531657798314,0.000889117259018392,-0.142131442285675,-0.125930986736782,0.166633521846177,0.377204911794628,0.0195962259726222,-0.584918312560074,-0.497204085611971,0.534977924150429,1.3650871859136,0.381848748114465,-1.51377233744773,-1.66019172322769,0.166493255710057,2.02541561013643,1.65602863400683,-0.749742615753639,-1.99818793296634,-0.925149440387389,0.694240488175405,1.13527223746806,0.293088630781682,-0.519278695680285,-0.478083103677349,-0.0180693073341543,0.21570977750482,0.120939165736778,-0.0328217398453721,-0.0647483572230159,-0.0169329392452594,0.0155882825269304,0.0115451008363122,-0.000507188028681917,-0.00309365439571403,-0.000805374851834975,0.000132494967263072,7.67748815958327e-05,-9.55628398595504e-05,-0.000605916571825321,-0.000667570666782927,6.26506798934168e-06,0.0001920191832398,-0.000200978404651123,7.42214131637386e-05,0.000731912704661844
-1.76901466415145e-15,-0.000325907293087118,-2.48211997865314e-05,5.62551318703497e-05,-0.000342000988626099,-0.000149119293966124,0.000582458674389965,0.000757067139742287,0.000480471104324527,0.000110850392657739,-0.000603138701830113,3.7164534180831e-05,0.0034055322965866,0.00287954055829919,-0.00962616517623188,-0.0202230981254847,0.00439779127625283,0.0576922766923685,0.0504200231950583,-0.0841945966961399,-0.201905024912635,-0.0243144231011435,0.409347124492628,0.490153602960232,-0.258843373803266,-1.0747503991098,-0.630311843772903,1.04056549897211,2.1032931415542,0.599457803389385,-2.08288250877376,-2.36748206446552,8.31356000832429e-15,2.36748206446552,2.08288250877375,-0.599457803389401,-2.1032931415542,-1.04056549897209,0.630311843772911,1.07475039910979,0.258843373803259,-0.490153602960237,-0.409347124492627,0.0243144231011469,0.201905024912638,0.08419459669614,-0.0504200231950602,-0.0576922766923704,-0.00439779127625352,0.0202230981254853,0.00962616517623388,-0.00287954055829682,-0.00340553229658645,-3.7164534184411e-05,0.000603138701825807,-0.00011085039265751,-0.000480471104319151,-0.000757067139737708,-0.000582458674391582,0.000149119293960534,0.000342000988623506,-5.62551318673588e-05,2.48211997903011e-05,0.000325907293086465
-0.000640802845132946,-0.000731912704661566,-7.422141315961e-05,0.000200978404654092,-0.000192019183242326,-6.26506799451809e-06,0.000667570666781234,0.000605916571828763,9.55628398639496e-05,-7.67748815951319e-05,-0.000132494967265598,0.000805374851832491,0.00309365439571368,0.000507188028682902,-0.0115451008363108,-0.0155882825269293,0.0169329392452594,0.064748357223014,0.03282173984537,-0.120939165736777,-0.215709777504817,0.0180693073341574,0.478083103677349,0.51927869568028,-0.293088630781687,-1.13527223746806,-0.694240488175396,0.925149440387396,1.99818793296633,0.749742615753624,-1.65602863400684,-2.02541561013642,-0.166493255710043,1.66019172322769,1.51377233744771,-0.381848748114476,-1.36508718591359,-0.534977924150417,0.497204085611975,0.584918312560069,-0.0195962259726279,-0.37720491179463,-0.166633521846174,0.125930986736784,0.142131442285676,-0.000889117259019086,-0.0721531657798323,-0.0335539686179225,0.0167794597297039,0.021707927954925,0.00298824653903718,-0.00627815533459106,-0.00288208110836128,0.00105766974199448,0.000893036422869073,-0.000184080170828327,-0.000345936084445969,-0.000279980774406691,-1.77903752128922e-05,0.000495794583161277,0.000460064011336331,-5.19259782752607e-05,-0.000172986590514131,-0.000184266305467098
-0.000607704674611263,-0.000589966865157873,7.01844936386725e-05,0.00033472520602524,-0.000125282924542641,-0.000118756570530808,0.000362610753638672,0.000129807810043125,-0.000467141601946761,-0.000377867575796165,5.05290513887896e-05,0.000803445659844776,0.00217414238970108,2.51499646454836e-05,-0.00886843953521908,-0.0111408674772953,0.0148863186665702,0.0524125623766039,0.0283816782323776,-0.0908238673141835,-0.172460306081007,-0.0148293222439304,0.327227456583849,0.413429342363976,-0.0948467366628309,-0.698373452345453,-0.545878392705551,0.331827214213059,1.04257860642244,0.563618912528846,-0.604325451544542,-0.761307018959307,-0.051011223037789,0.423608872066906,0.252046223905641,-0.322397793606319,-0.286567092325043,0.278126154803234,0.365848422915782,-0.0555175026352397,-0.366019196514766,-0.220143937136773,0.120081125929304,0.214529274657498,0.0511664194605676,-0.0915915758506755,-0.0785864298973406,0.00156898202635296,0.0359659939461125,0.0167932235176371,-0.00642889853186261,-0.00892373485746253,-0.00142337122852793,0.00200760939229534,0.000735181211911393,-0.000313835203998136,2.45406968867046e-06,0.000368833860407536,0.000578177316387797,0.000777496411834187,0.000444974556874284,-0.000212234597618648,-0.000381555758221117,-0.00032116969549488
-4.38510841896389e-06,-3.50657371515455e-05,0.000292515362465273,0.000417061767823787,-9.33671483028392e-05,-0.000328451244774292,-1.20379846405005e-06,-0.000101526459593076,-0.000611595326997297,-0.000532095682619423,-0.000148435178257175,6.8761172882556e-05,0.000920690307411588,0.00105417012179998,-0.00303724838602367,-0.00737688076036541,0.00115097356209701,0.0232836150921878,0.02877694924704,-0.0136384918765162,-0.0739752302003165,-0.0691323621450028,0.0407228827969657,0.165579498679633,0.145888161083406,0.00791806787491267,-0.128429297411547,-0.265468082378371,-0.21895724394275,0.0305547632505562,0.356176373638983,0.691970716467873,0.333313836917163,-0.611058570085118,-0.956319434335044,-0.386748393740493,0.56407262173253,0.898261013885645,0.212643876696188,-0.548950521473413,-0.559208160573877,-0.0385963874432602,0.323109522747669,0.222424438231199,-0.050167704072476,-0.146326642617863,-0.0567799988286705,0.0374577062636241,0.043619599930774,0.00540635564133102,-0.0148415813588633,-0.00889775181297575,0.000904703260358592,0.00264231122166596,0.000304217058918796,-0.000555744440165977,7.53365136340473e-05,0.000517340797167615,0.000614914194075639,0.000669508194341112,0.000290155654926447,-0.000358511803743869,-0.000466220201402245,-8.74693196460212e-05
0.000484363286030298,0.000355435759447881,0.0003617892158157,0.000481634310931366,6.64745854922627e-05,-0.000406566799320052,-0.000221963797780667,3.80006743698341e-05,-0.000195739449504781,-0.000306224014499847,-0.000321680434889546,-0.00082059760619338,-0.000482391582207635,0.00217680394076121,0.00366486365251248,-0.00231576050272519,-0.0137559167755319,-0.0130295047611783,0.0182040811100017,0.0622653062834608,0.0506069467773983,-0.07221281025968,-0.214928132521119,-0.142795141715815,0.224110991579883,0.584441939612533,0.39710665524012,-0.472296455676275,-1.09067323575397,-0.556551144609844,0.738563988151342,1.53450834311925,0.683219411410756,-1.02004028028636,-1.48959828358813,-0.379326626223247,0.917606526036218,1.02176508684547,0.00874712002383354,-0.737885667849716,-0.497184701109744,0.139009518213151,0.378907181521545,0.137307085035904,-0.133353891413161,-0.145272824848642,-0.0117419641622617,0.0617018308481245,0.0357497164848388,-0.00885509653993505,-0.0185411069509604,-0.00540481712008196,0.00366556200194324,0.00291668713338269,-0.000119014498598843,-0.000805145858888169,-0.000136382198325555,0.000192030374612975,0.000117642198616874,0.000137372473539732,4.53945250927928e-05,-0.000339245475239135,-0.000406871587752711,0.000124725938409759
0.000444080462478902,0.000275135187131376,0.000151792255644878,0.000448713210815188,0.000306881371127235,-0.000282141972887645,-0.000290868542097505,0.000239869445237507,0.00035249487651276,0.000208784381111195,-6.76487874406613e-05,-0.0011996145073789,-0.00185825764154755,0.00188563775913989,0.0084981523152263,0.00515257820012921,-0.0187216498068499,-0.041467212805009,-0.00920358838911672,0.0910704668528282,0.148081470011643,-0.00156056273001084,-0.30321110395085,-0.369392685243841,0.0919312983609909,0.740765041118314,0.735216727885973,-0.268845657419522,-1.21722322614683,-0.840375490849865,0.567721464735155,1.47675422475641,0.706036205210987,-0.87203108172471,-1.25215155122685,-0.19202321948493,0.838642576318924,0.702225754351309,-0.207135757867041,-0.643399725005627,-0.248705750643259,0.263838659334535,0.300095274200124,0.0053469457336654,-0.171575026105978,-0.0964691596445202,0.0367405556792719,0.0654690600318194,0.0157388503356294,-0.0206596370016782,-0.0161705227638821,0.000314315790298648,0.00582279795349845,0.00260502869938645,-0.00053278141920084,-0.000953693979669511,-0.000231636779541716,7.00453528004637e-05,-0.000255953343704679,-0.000410626576923284,-0.000171947441412232,-0.000183916354501767,-0.000321115066085897,3.57127484023889e-05
0.00014389173495305,3.2638604399074e-05,-0.000151460120120378,0.00020324228492008,0.000322185349455245,-0.000148988605616199,-0.00028718046137452,0.00023628127285729,0.000569868527179409,0.00065199142024246,0.000534624795758068,-0.000858642782220011,-0.0028339015751793,-0.000179166358795422,0.00929969401058767,0.012771911927836,-0.0100963533341433,-0.0489939011960593,-0.0413641327468356,0.0606876786310719,0.171864324118865,0.0951145444520722,-0.207596430461392,-0.404937153169978,-0.11824782956976,0.493424358000738,0.704188074738164,0.0595464607248768,-0.758058747890492,-0.686759460224918,0.205337406152073,0.834545655796588,0.395184360244793,-0.507689675303679,-0.612475554163261,0.0883012228955614,0.546161205213178,0.221669622597071,-0.348616379363375,-0.394968107720802,0.0270090396417402,0.2946814013264,0.150357159182229,-0.106455966905517,-0.15493189646165,-0.0272266953699876,0.0676503300892902,0.0490255540672919,-0.00733064692569771,-0.0255774334842937,-0.00929146117325616,0.005566928451529,0.00616101830427381,0.00143415906472064,-0.00104296940352645,-0.000952445518564892,1.54657130450424e-05,0.000450925117389249,-9.84410942973246e-05,-0.000547673264218521,-0.00019019992607075,5.79071644191131e-07,-0.000298553268111762,-0.000233603917153422
6.09638484174537e-05,5.9866563337542e-05,-0.000212250724847947,-0.000136799742329877,-2.21122617564302e-05,-0.000222405631828564,-0.000290488930999276,3.58368655646235e-05,0.000375752935109067,0.000749110855967025,0.0010339322789869,-0.000111237703398845,-0.00294653980966619,-0.002839240912112,0.00581803156413452,0.0161961799580893,0.00582467140272654,-0.0334181535565839,-0.0577147257476177,-0.000924000038232139,0.117015800632953,0.145762262170582,-0.0285031033539411,-0.25661672360095,-0.231356027981102,0.104066152139516,0.383751074269407,0.229041615183175,-0.164307966089242,-0.268259207866785,-0.0253733632027677,0.151712937483652,-0.0061121101818058,-0.205672723629512,-0.029007909202623,0.289798688153366,0.237836305816845,-0.14790368049872,-0.35826631733657,-0.133357851908049,0.200205172022137,0.232098221083246,0.00432862719221169,-0.154046487787212,-0.0976018368648269,0.032008181624286,0.071123374366616,0.0216601646129032,-0.0236543917298847,-0.0221793068381296,-0.00105038258867669,0.0081078794345655,0.00433711268097492,-0.000353528725116007,-0.00146024858594547,-0.000700568767407809,0.000386878062018107,0.000788662779167468,0.000166951089453561,-0.000333732004106406,8.37386487793565e-06,0.000152288265193986,-0.000269502602873682,-0.000335640361215382
0.000247030908862383,0.000288127493590772,2.65288928071802e-05,-0.000267718824795288,-0.000426823418653757,-0.000419115968302099,-0.000297385997801755,-0.000206051917901809,-7.35133399975066e-06,0.000535746399821922,0.00112222446513623,0.000575560577878446,-0.00204318783124657,-0.00437545553471719,0.000100103009536168,0.0128208346991031,0.0180711154637691,-0.00568551179677884,-0.0471522316654007,-0.0497053268761203,0.0253724720262416,0.118029177586243,0.10491884885402,-0.041783592435743,-0.183355436752037,-0.158902501931247,0.019776841972612,0.176354776059753,0.197927245433532,0.111211587323,-0.053571357913086,-0.224481297184277,-0.253306579184574,-0.0457984687631262,0.261559681511884,0.32015589006113,0.017981903507414,-0.294359072277984,-0.255037763562063,0.0502771039578948,0.234328335884729,0.120057184079371,-0.0872611632856101,-0.13571616492805,-0.0294918932582772,0.062073818198827,0.0517386296030386,-0.00422240189494491,-0.028154071877063,-0.0128378618529194,0.00551492673491599,0.00755909849732983,0.00143993139477502,-0.00184094551692537,-0.00136020307631084,-0.000123847891104263,0.000553955747489381,0.000465302426070138,-5.65861560592601e-05,-0.000163322067033952,0.000193938492266316,0.000202732486071916,-0.000112561697216691,-8.15405478544404e-05
0.000355936532931034,0.000281564630791958,0.000260123629194781,-9.56142871003565e-05,-0.00053447705594592,-0.000464543977670817,-0.000202184885852635,-0.000333377463973713,-0.000322920817929687,0.000239652655730383,0.000884601014342477,0.00092775567379013,-0.000552779506159368,-0.00393190412623675,-0.00473222676375294,0.00442736493670857,0.0194289440343593,0.0175098147280273,-0.0175407180810928,-0.0588318578530923,-0.0462815997374221,0.0409620770326487,0.129424276246159,0.106663101762038,-0.0480045669020184,-0.203256767479233,-0.185332048474077,0.027156482828781,0.25349641897112,0.264943593265122,0.00765824650635821,-0.276968888267774,-0.2779051795046,0.0171220702891662,0.284742262227808,0.21817744913321,-0.0918134412083135,-0.26082229776028,-0.112454929202527,0.129379093559985,0.171993904710785,0.0154216781774472,-0.112268859712611,-0.0809708944374909,0.0214206328281561,0.0611135816622061,0.0230233561229772,-0.0198600098743773,-0.022416460408074,-0.00245530416635501,0.00850645385915125,0.00508675058486087,-0.000833068534416039,-0.00216798829653967,-0.000645981147354667,0.000549898803573794,0.000426508861375741,-0.000342982934546789,-0.000599815304870077,-0.000143553495417836,0.000175989908012375,8.05651089159001e-05,0.000146537012188669,0.000368830170522166
0.000164420765034159,-8.84284462321985e-05,0.000257624716627262,0.00013126496431929,-0.000393442681850259,-0.000289416032609145,5.65990628564744e-05,-0.000228289621540211,-0.00041858991143691,4.20872922856537e-05,0.000534576097692424,0.000883579587962322,0.000721495123293442,-0.00204228793200281,-0.00641914845588116,-0.00392773044071737,0.0111138602574784,0.0251246548338058,0.0114260302860264,-0.0339313513926577,-0.0665364018861101,-0.0283963088575192,0.0723605635152754,0.134685974527312,0.0598552950551273,-0.110089274548599,-0.194807857743426,-0.0741113956651494,0.143417570312904,0.214861201970114,0.0435373362549724,-0.172559610450472,-0.169623744861742,0.0396540549688146,0.183740909163751,0.0842464958908612,-0.115425410891855,-0.152765889382572,-0.000928638840792598,0.126309181815638,0.0817529467338992,-0.0454380498082819,-0.0893524260004828,-0.0249954713607375,0.0427599319839202,0.0407822023287086,-0.001317105469642,-0.0231437117177769,-0.0120734751645011,0.00456889701518451,0.00768146772351884,0.0021573047116139,-0.00163136807186977,-0.00139222367680824,0.000158411312719214,0.000843438480126777,0.000106348630813145,-0.000915844142009469,-0.000766931042961036,2.18686938983428e-05,8.01295465852944e-05,-0.000127182963779816,0.000342038533129009,0.00066183086392007
-0.000187577708528907,-0.00042602894944949,0.000154051266249547,0.000191560870741382,-0.000287520446664809,-8.07166172597205e-05,0.000364209931982107,9.21436828289907e-05,-0.000250558988707662,-4.00576984717288e-05,0.000136050311564629,0.000451356562008686,0.00116700754463632,-3.43896338715621e-06,-0.00480159809771402,-0.00775201882047363,0.000419755722088366,0.0179175090787677,0.0242038812891205,-0.00110084762115726,-0.0441392613749857,-0.0538017188667606,0.00272527616948381,0.0802966469205755,0.0856949992911733,-0.00747327175454039,-0.101280335331714,-0.0815684011702451,0.0301320462174182,0.0930123686398392,0.0294570175396575,-0.0640394556789838,-0.0508935328826258,0.0455407449656619,0.0778721581737759,-0.00763972481231145,-0.0911834416342073,-0.0542465316050802,0.0506146149808822,0.0833482745731068,0.0127299152543508,-0.0589316073176241,-0.0485193741899947,0.0107468949240086,0.0391710812268999,0.0167029595893242,-0.0138562986891556,-0.0174661078643647,-0.00257458466042854,0.00681888401486995,0.00452652547547693,-0.000206042784684109,-0.0013737186544002,-0.000401596308439157,0.000439630062104972,0.000532094150196705,-0.000239946043535777,-0.000905525568715065,-0.000360553155919721,0.000417554453323168,0.000145427419905503,-0.000192813368805743,0.000353397996079861,0.000563547874308731
-0.000439951429280806,-0.000390214420897285,0.000168174813394832,0.000138901025707419,-0.000222175880005707,6.38000026216886e-05,0.000527376823490763,0.000405454397974303,8.83337807220629e-05,-5.35910283001846e-05,-0.000315279349230084,-0.000232905323271543,0.000780897698697005,0.00117557442027531,-0.00161496222809589,-0.00624705256657638,-0.0058188729925446,0.00518881691514207,0.0194249609885325,0.0172839368816201,-0.0101837645846486,-0.0392825579762045,-0.0318520184321275,0.0146762356979243,0.0522781461367699,0.0368315227026003,-0.012576658949685,-0.0374255724368374,-0.0184700798386743,0.00436439128310912,-0.00068701206947912,-0.00801399587416792,0.0148493131605132,0.0391873539139124,0.0146118381742216,-0.0409363298090658,-0.0527785188597561,0.00165848780564752,0.0532366089266663,0.0369651728924316,-0.020066877726757,-0.0437661190079629,-0.013772999064333,0.0227908182663777,0.0238733574175816,-0.000207003452237483,-0.0149277032399441,-0.00858061768550461,0.00316197808071931,0.00570816056298206,0.00132350555989204,-0.00145492908176149,-0.00086855066521583,8.9359504913328e-05,0.000201910651604027,-8.71495029860104e-06,-0.000414179942981516,-0.000569151780951839,7.59008817412723e-05,0.000643706039961564,0.000315798069052292,-4.32869651925093e-05,0.000191330376800112,0.00012284632606725
-0.000510735172085931,-0.000147751311669008,0.000197231212811939,9.89609587697363e-05,2.12504136622579e-05,0.000259941944138822,0.000447880867364895,0.000441464854280324,0.000376957591370042,1.59760390620821e-05,-0.000652721707972928,-0.000800762455295823,0.000118387922967182,0.00131837419255981,0.000956678049180903,-0.00220074725026127,-0.00591153807246029,-0.00380862417796193,0.00697725518352209,0.0168184011346497,0.0104505282385748,-0.0119630445912845,-0.0284604025380439,-0.0187825128206359,0.00990652922502688,0.029964047181138,0.0245407733161222,0.00237152199507381,-0.0178280592103956,-0.0252883307599107,-0.0166534095595229,0.00659101955991905,0.0291230565576247,0.0249592204583939,-0.00908956944716613,-0.0360889881025056,-0.020610560113447,0.0198582799680545,0.0340155640535345,0.00603200385199888,-0.0251481108460168,-0.0219649822823635,0.00473909420182426,0.0190692855005252,0.00884144005543692,-0.00701316762206178,-0.00972844786094831,-0.00144565208675248,0.00472824647453757,0.00336764119798855,-0.000475198143784725,-0.00154336224811041,-0.000451233326497924,0.000185465921105426,1.38362069424143e-07,-0.000213248987882755,-0.000295795561139263,-0.00023126178638559,0.00013217072501596,0.000419064613074609,0.000326108803715055,0.000114892908381038,-7.08936083221763e-05,-0.000388175996684989
-0.000459608850558121,-4.91879182541646e-05,1.61336710573177e-05,3.76855242007687e-05,0.000377187403126027,0.000478783338329961,0.000164093572238311,0.000125968762585913,0.000429436559404359,0.000182617800827971,-0.000597512784974592,-0.000853636902633527,-0.000226681468365832,0.000873322018653854,0.00178941869135183,0.000927155835626955,-0.0027780863788717,-0.00591134703719357,-0.00245370697216669,0.00717968004668857,0.0129467155535548,0.00577271406240925,-0.0101449529952198,-0.0195605057234213,-0.0115425384656627,0.00822239435612014,0.0217420972831153,0.0158041462150945,-0.00449240146722839,-0.0198646731751008,-0.0149839110972463,0.00543510934992171,0.0194617276709861,0.0103759835842053,-0.0118564489770025,-0.0194505221422677,-0.00193360933741649,0.0180777161965989,0.0144735776049969,-0.00677979280532112,-0.0174149317899805,-0.00626633069068458,0.00908198663955099,0.010096722520388,-9.71941895375255e-05,-0.00665429848815376,-0.00386179775858474,0.00180092778084009,0.00338819200386327,0.00110873438806914,-0.000992839922082051,-0.000995118169578816,-7.31216307553518e-05,0.000335825959811036,0.000176190074488472,-3.03108256935695e-05,-3.96678936058195e-05,3.79530272072758e-05,7.76725242369449e-05,9.20355249362166e-05,0.000164563492066118,0.000105160297760226,-0.000311890496875089,-0.000667271851412254
-0.000315225997422884,-9.57204872068817e-05,-0.000223684752196945,-7.83411442763484e-05,0.000449961309805106,0.000406320358350898,-0.000218282208173332,-0.000322385911274569,0.000235147401157619,0.000348846716055313,-0.000128554765738797,-0.000360259874280723,-0.000146469576685256,0.000325909436955522,0.001222036680612,0.00174224714208482,-1.77300666016287e-05,-0.00361271613575641,-0.00494058460033049,-0.000706767119171355,0.00635248840423088,0.00899348495393627,0.00276536826369394,-0.00782061591199701,-0.0120334114706351,-0.00430019728082041,0.00786462346358537,0.011090790295648,0.00216160031933796,-0.00773076682814044,-0.00669355777701736,0.00293803093136724,0.0078488418131164,0.00115165575113702,-0.00807866255119979,-0.00655744182397712,0.00455577119474975,0.0104276199602131,0.00297208011507198,-0.00772978504629795,-0.00794591405442011,0.00103320797954917,0.00663448201903379,0.00312731187301512,-0.00282517429938349,-0.00369602679525732,-0.000342391178298781,0.00195706765419065,0.00119860525437391,-0.000482822209910563,-0.00103043769777904,-0.00048376976225728,0.00022945472182649,0.000559970652935658,0.000422206945318769,7.43737271828189e-05,3.0925083047246e-06,0.000196113234052483,0.000259108147511407,0.000135222194050267,0.000115262226023869,4.71048669713157e-05,-0.000337320103412519,-0.000574700550007394
-0.000113410294646994,-2.19687109472409e-05,-0.000118168157937266,-8.3493986293854e-05,9.04032308133629e-05,-7.65354054202198e-05,-0.00052025823761627,-0.000556042611883622,-5.26920007690776e-05,0.000355551384497202,0.000392330647060804,0.000254808263739695,1.40758011157597e-05,-0.000148950179246492,0.000255613097804501,0.00107797743741256,0.00101071784826058,-0.000755357202919103,-0.00297089631025424,-0.00297153360281364,0.000380626645490126,0.00462847843181184,0.00520954303955758,0.000633633919423943,-0.00466463506172932,-0.00492609763305491,-0.000369047769730398,0.00300065638129972,0.00156186568047453,-0.00131721951650158,-0.000794929778611223,0.00205515610468306,0.00203721593689455,-0.00181122124576352,-0.00409353034921706,-0.000814919620957125,0.0040418011998487,0.0037920201933461,-0.0014051214771657,-0.00459417577516547,-0.00186320362185182,0.00271688961805347,0.003393122558552,0.000260128650612758,-0.00208921082594116,-0.00125273084078141,0.0007100891336863,0.00106629674012341,-0.000138022952833044,-0.00106822671090825,-0.000877932677811964,-0.00018294523289461,0.000342020005003912,0.000501487464412403,0.000266620984454273,-0.000178228384131498,-0.000279373523216149,9.99542629878721e-05,0.000434664365638362,0.000406710109173135,0.000253084719096037,0.000144196957526925,-6.52781958735456e-05,-0.000205077292904374
2.37696531945164e-05,0.000173913531876065,0.00033620714422498,0.00014166645005452,-0.000303838305208828,-0.000544587740039719,-0.000508643042296013,-0.000410869632979209,-0.000234774617114606,0.000181214946728111,0.000589027704496267,0.000531245586128651,-1.9890030580368e-05,-0.000501269415724501,-0.000422107775110881,0.000237124686564651,0.000895515595263547,0.000731274642543084,-0.000534924741576478,-0.00183745761792994,-0.00159422253956033,0.000411780618538184,0.00238043799485899,0.00241577679724216,0.000599321421462789,-0.00121704162488255,-0.0016663852057261,-0.00108401300966657,-0.000528260164879473,7.49611775777961e-08,0.000931691702014516,0.00156698831787516,0.000547651720600945,-0.00133702922502387,-0.00154544299645692,0.000488271446287023,0.00181059363501857,0.000320271062618212,-0.00201898836769446,-0.00196521893454817,0.000323523025809098,0.00195837648093962,0.00139718066702794,-0.00013568471327911,-0.000784542688533287,-0.000211120488843369,0.000555392516776395,0.000482558099260657,-0.000270005312254218,-0.000723471431096921,-0.000377013195877921,0.000188644561867613,0.000345619888934884,0.000103782886451751,-0.000216712564341883,-0.000493292789187396,-0.000557594391467938,-0.000240272174068296,0.000203398146328082,0.000384714935010721,0.000308903463073421,0.000287974231970899,0.000286302952076169,0.000147022800158209
-2.6476886498825e-05,0.000187407949835144,0.000599991297016858,0.000387627935108931,-0.000295002173611903,-0.000487451385201919,-0.000162483021041192,-8.08072787871646e-05,-0.000230454130707203,2.42551310430663e-05,0.000460787145654387,0.000410886788673545,-0.000119439043856694,-0.000546867427924737,-0.00063776047569969,-0.000297257792339159,0.000431705118876191,0.000933892954924376,0.000535265130936063,-0.00045974554637354,-0.00107681694985412,-0.000883105555212452,-2.79648136832252e-05,0.00106073169917899,0.00156296046740457,0.000790227674464446,-0.000669065081088559,-0.00134651791150946,-0.000815061860694311,0.000156582582835922,0.00076986164107531,0.000815355884943336,0.000171652263511096,-0.000597276696818908,-0.000538781103253724,0.000336091452564474,0.000575049980907908,-0.000381097393468008,-0.00119252634265356,-0.000639112485860424,0.000502109374622571,0.000823343429363318,0.000271674525988319,-0.000279831660440882,-0.000332077693955771,-5.53280906427105e-05,0.000261653124273237,0.000288323578158167,1.85468744678792e-05,-0.000101022209561775,0.000283337417885171,0.000657559150368907,0.000411652842280406,-0.000204024009305298,-0.000491425558945658,-0.000453247918058956,-0.000499414261754794,-0.000515947213650679,-0.00025087021776507,6.76121211145508e-05,0.000142963677710384,0.000209263656294443,0.000334585261244863,0.000212319393267379
-0.000205433471964925,-8.05616800466501e-05,0.000336531739394548,0.000370902963951131,4.55638457037261e-05,-4.35805357814003e-06,0.00015606957513534,3.17833563345872e-05,-0.000152694510517383,6.12223023762782e-05,0.000291025959859451,0.000174950067779883,-3.39505305958148e-05,-0.000160212752830296,-0.00044493211105725,-0.000585350546496352,-8.66492854553259e-05,0.000569561078743137,0.000592835678719032,0.000102682815015346,-0.00024863162192223,-0.000462782988051497,-0.000501010972429873,-0.000104004022272282,0.00048346844720293,0.000414544807377609,-0.000223482842281182,-0.000447406986553194,5.41246229193363e-05,0.000587673501844962,0.00061016321553966,0.000278453378156085,-0.000202073049128523,-0.00055167103610199,-0.000459067596228036,3.15184178523117e-05,0.000283224245220912,2.33787348411616e-05,-0.000212964910958851,6.15635570743299e-05,0.000454556164441644,0.000249518603564272,-0.000404687100749889,-0.000760015936049926,-0.000481822218672551,-4.59346367293764e-05,0.000127754543689873,7.10741871996839e-05,2.83879144603464e-05,0.000170360853194919,0.000540958612793892,0.000780566163109715,0.000483698084782775,-0.00010157064093546,-0.00029064387680557,-0.000126218655709132,-0.000216060758417802,-0.000460332851076871,-0.000348302645344599,6.77443777676236e-06,3.6742124351192e-05,-7.1265369743031e-05,-1.21580368454545e-05,-2.50324482544163e-05
-0.00032423719841151,-0.000292452303185814,-4.92995913475081e-05,0.000200029328024467,0.000327648761456508,0.000316772547893257,6.80627431877907e-05,-0.000256842055013871,-0.000184668099768235,0.000178260649733903,0.000233247148172079,6.1714307165889e-05,0.000184875677680211,0.000348513665557377,-4.91886715040701e-05,-0.000576561048638525,-0.000425906564550519,0.000156568297411887,0.000431641695670199,0.000300500536433263,0.000122833435002007,-8.78822744699112e-05,-0.000291188236368582,-0.000366332882194506,-0.000311779218925865,-0.000277417263945296,-0.000161316885112036,8.97505116309924e-05,0.000358764171499964,0.000519205980063663,0.000494760547017523,0.000181660281949963,-0.000288141765985237,-0.000500326029052971,-0.000331005474755861,-4.13817996300414e-05,0.000132393794153206,0.000199401358975991,0.000243571709649941,0.000366604945970775,0.00048189776793653,0.000166847145434105,-0.000544788452613531,-0.00087917576465853,-0.000411035690532376,0.000103030568106581,8.72480295832417e-06,-0.000255036043247132,-0.000144526882826395,0.000102752181783218,0.000229174777774531,0.000325326069349457,0.000362103697207079,0.000182205929866757,4.03726766046561e-05,5.32824687275394e-05,-3.68249271765028e-05,-0.000163271689837659,4.35862011958627e-05,0.000377395111565208,0.000221506217566883,-0.000236314387569843,-0.000405258105317237,-0.000322698321214016
-0.000301452399821659,-0.000142312580748221,3.78803430321222e-05,0.000245859492717677,0.000374602210495074,0.00019690602411819,-0.000307227981654156,-0.00063235684002289,-0.000345775833262811,0.000111843339406153,0.000169498498170029,9.21644276971162e-05,0.000285723077581638,0.000433527451781117,0.000147391522931004,-0.000239261305249188,-0.000301523552253018,-6.45308335280975e-05,0.000277210696207534,0.000463623771802662,0.000252004343418206,-0.000163742796833312,-0.000315708597900996,-0.000256949227074496,-0.000274143705743954,-0.000173637333031087,0.000181705570824926,0.000251511513641947,-0.000111450684311835,-0.000233331343052941,7.02136782043765e-05,0.000103524780473755,-0.000196505553616483,-0.000161432217887905,0.000148713238746793,0.000151317724862435,-2.60737108685014e-05,8.57236637768734e-05,0.0002598263709615,0.000230505380564777,0.000181671134558483,8.21035653582235e-05,-0.00023436574393364,-0.000344301555960644,4.80137492547007e-05,0.000252284595388698,-0.000148208462647113,-0.000423295788174483,-0.000122466465959675,5.42206060822774e-05,-0.000196450338696696,-0.000256898139381818,8.47514232155436e-05,0.00022856057422181,4.68802557073619e-05,-7.47836791220512e-05,-1.90015647896429e-05,0.000128425149470658,0.000414759247944638,0.00064052020927396,0.00040253011074875,-0.000144507643459455,-0.000480620759743759,-0.00044362784977455
-0.000235478779442924,0.000187008537438269,0.00051380111780005,0.000528212021351818,0.000315891625701107,-4.67801632066943e-05,-0.000466701792444387,-0.000633505042468933,-0.000421183818921054,-0.000149967207141495,1.12913916735295e-05,0.000194208615185142,0.000253216543394155,2.34891436872138e-05,-0.000109903092416123,7.99055403731672e-05,0.000118046745157561,-0.000111484774132859,9.52340268950671e-06,0.000429916198145008,0.000324806924434148,-0.00018972943337235,-0.000280120632642954,-1.00625430739964e-06,3.71098427888414e-05,0.000115028935118576,0.0004172844568975,0.000277238131697284,-0.000407912108918489,-0.000615669910860956,-0.000201920754123502,-0.000102064576967754,-0.000312790114014818,-3.82355159388255e-05,0.000393122119764234,0.000223230257891742,-0.000103611534695287,9.25338675018512e-05,0.000277033132997875,-1.76285329279096e-05,-0.000254739357833164,-8.68130602170005e-05,9.88448790033046e-05,0.000203110924205275,0.000356621556017121,0.000250979444204307,-0.000159392096254716,-0.000254297883216613,6.35160604419717e-05,6.02181486348726e-05,-0.000323109014107657,-0.000389562206200268,-7.01878879126885e-05,1.13272122720803e-06,-0.000207591313162385,-0.000209437750054796,4.85418563233676e-05,0.000279733753357209,0.000373171155889486,0.000355980499356959,0.0001955489508963,-3.97678245477089e-05,-0.000278672642260801,-0.000390065932267023
-0.000236052122512547,0.000296108109442942,0.000714867389338198,0.000617965090459103,0.00025773145631977,-4.35138647330865e-05,-0.00023539748068292,-0.000276324463967553,-0.000254800037215405,-0.000269096817740519,-8.84680194379982e-05,0.000320077100099111,0.000311592906614272,-0.000292838472513457,-0.000516291021852523,-4.24878396419528e-06,0.000241136488034266,-0.000190937816646733,-0.000307452487304485,0.000156373336062411,0.000289366110394843,1.98673485058953e-05,9.28186043079827e-05,0.000366342132703429,0.000181216924957781,-5.0850615680638e-05,8.79679906636377e-05,0.000122647614310161,-0.00015640841388267,-0.000124368420900258,0.000122776402289153,-7.35169298010151e-05,-0.000408869366616519,-0.000196265200154437,9.23970486768053e-05,-0.000118228922902407,-0.000246997889634868,0.000117617451606956,0.000293413937335424,-7.09826817183727e-05,-0.000280863645355639,-4.78133271202453e-05,0.000172007407557327,0.000197775056910031,0.000212659072783138,0.000180567080930876,8.56292821235529e-05,0.000104911870235691,0.000113578587734131,-9.80055420345943e-05,-0.000246660684182812,-0.000102663564994161,-6.56500615899469e-06,-0.000180879025434819,-0.000274078850524515,-6.1583607527413e-05,0.000185612196079492,0.000245894379074991,0.000121168169316927,-0.000101908019981148,-0.000213332608970242,-0.000121274916686448,-0.00011833180064246,-0.000306267629331351
-0.00026036642693002,0.000115370669344973,0.000353771771149989,0.000262350719262901,0.000169945912053113,0.000136340468215618,-9.69348760066215e-06,-8.87967836110616e-05,-1.13665001335647e-05,-9.5402052361499e-06,5.31594283920442e-05,0.000388852484105686,0.00049002360985852,-5.62918520589751e-05,-0.000515754919717031,-0.000340091635180893,-0.000132688580741582,-0.000355937186153531,-0.000383707676861949,-2.44374104894857e-05,0.000167217647379297,0.000132797556098527,0.000321633295918883,0.000445622982813483,8.37390394923744e-05,-0.000340414504005631,-0.000310660775810564,-7.52490356250645e-05,0.000146319035461763,0.000428391436179028,0.000518866152498122,0.000206048842917025,-9.76789353180021e-05,-0.000108708034927159,-0.000208305539129117,-0.000458130814557425,-0.000372128263011867,-4.40326625969113e-05,2.03121254436661e-05,-0.000103804848587936,4.07362322793725e-06,0.000134574910907944,1.5681713444842e-05,-0.000104597229824469,-6.59614044561791e-06,0.000192774005682548,0.000342923967146803,0.000330431502242446,-1.72714832633153e-05,-0.000348138372831966,-0.000196715217767489,0.000142546866024586,6.81844465463167e-05,-0.000138263970848064,1.79030825560758e-05,0.000235495770915022,0.000131433254723572,9.19496747057839e-06,3.47287440674089e-05,-9.58831861094852e-05,-0.000287386189927328,-0.000214452485251101,-0.000118494503025364,-0.000265137756980114
-0.000222465999532144,-5.54004257765117e-05,-0.000100872617677498,-0.000194325315962088,5.36312153980782e-05,0.000206919783725368,-0.000132753346455261,-0.000360193425670709,1.4768645422681e-05,0.000378005461264671,0.000312375775004122,0.000301536795285983,0.000496806289207366,0.000386662421362303,-9.24882248651213e-05,-0.000441524708363999,-0.000472018843896498,-0.000333897185883972,-7.3895326578346e-05,0.000128851141672223,0.000109560176530485,3.28415453106667e-06,1.84875172163766e-05,-4.76721783772396e-05,-0.000221309802299562,-0.000295202706529424,-0.000162855242027782,-2.55519260598297e-05,0.000160709231967817,0.000329332761997599,0.000329885583216368,0.000241452224162025,0.000298778981452006,0.000250570343448054,-8.05060435849266e-05,-0.000264379643303941,-9.74234177653651e-05,-8.96457487254236e-05,-0.000333417790905913,-0.000268413664498373,7.22847756791756e-05,3.4488316272329e-05,-0.000246913740149274,-0.000182523848025476,0.000113167011827615,0.000229666328351723,0.000261926803777592,0.000233905666065789,-9.75716902783316e-05,-0.000366760574102181,-0.000131243913937536,0.000157289960610748,1.14607851223427e-05,-2.64563882097842e-05,0.000318293283353406,0.000315665495877577,-0.000185147262727221,-0.000292079984842421,0.000148325721707396,0.000308247596384839,5.00538503723802e-05,-7.39602618418875e-05,-8.68037860525453e-05,-0.000220716919664773
-0.000159744619281403,-1.20648747546443e-05,-0.000123950099731439,-0.00026466109231954,-9.96079462962116e-06,0.000107158099147052,-0.000353943846517043,-0.000654275594038579,-0.00016269347722664,0.000418637514258898,0.000350133506074752,8.92334375964059e-05,0.00018517335905424,0.000364434623514446,0.000163571862026924,-0.00020467978366819,-0.000280992281726889,3.7967835408025e-05,0.000373221088412529,0.000381370335159913,0.000147394274047106,-8.78750578497561e-05,-0.000339393936790465,-0.000590458493108432,-0.000504557225262104,-7.75122741199801e-05,0.000206393300106993,0.000130396264339804,3.28790817104175e-05,-3.0649927128778e-05,-0.000147538925396747,-9.30637521223914e-05,0.000226864144533797,0.000312638236865836,0.00010971198481348,0.000186232224970619,0.000451139955782139,0.00021392284143776,-0.000267750397914544,-0.000260252107892,-6.7215785332698e-05,-0.000318607179281849,-0.000461918033068899,1.03897602677927e-06,0.000366319925214742,0.000113184290803926,-0.000123392318922616,-1.27158134150567e-05,-2.0946852135405e-05,-0.000129982551479133,2.26525870425614e-05,0.000139780944063345,-4.34967426525366e-05,-2.85550210427305e-05,0.000244423047741193,6.5702934827943e-05,-0.0004440669453059,-0.000356603639385708,0.000244392617296312,0.000472838273862854,0.000289308755354793,0.000207875573234581,0.000110766201636049,-0.000133264737617142
-0.000148029878477407,9.34153339743417e-05,0.000168541459393902,2.31063634708635e-05,1.40338438445798e-05,-5.80257435170481e-06,-0.000234784449777902,-0.000394875760774471,-0.000217148100921895,2.80642403135419e-05,5.36833948438041e-05,-5.55723522168424e-05,-0.000145966318655913,-0.000142356334663315,-7.80425800528481e-05,1.83554432447219e-05,0.000162281526044514,0.000394638946409635,0.000514166940318132,0.000353177217548742,0.000126093770156041,3.02715289230372e-05,-0.000160730241890741,-0.000442567153684238,-0.00038050199003542,4.00381157813773e-05,0.000192874493114913,3.52775025725966e-06,-8.83638866657109e-05,-7.20016034365365e-05,-0.000246352163229083,-0.000350623477698663,-0.000158692714706661,-1.88061389793965e-05,-1.25197232688229e-05,0.000241873346122329,0.000577703926408893,0.000435149828067133,0.000103684449825217,8.45026077450729e-05,1.19329542317988e-05,-0.000379949517923246,-0.000414757798537902,0.000122938127609406,0.000306526460239805,-0.000135395160265133,-0.000344860898272426,-5.61606594730907e-05,9.55976686750432e-05,1.53487553160917e-05,0.000100647452884076,0.00019031666765905,3.18925351819612e-05,-8.97283658944324e-05,-9.1921034988408e-05,-0.000245703581338601,-0.000375675686969943,-0.000102893066433142,0.000200353004754558,0.000148816094569123,0.000114363200049146,0.00033245385738937,0.000311453310155899,-5.10702931366156e-05
-0.000147404697441922,4.67553421697295e-05,0.000249308507883599,0.000236666761737061,8.05413857500469e-05,-1.77054089411923e-05,0.000132369638903145,0.000256053391944273,2.96307933794933e-06,-0.000358819003422398,-0.00027422695076175,1.42254332555207e-06,-0.000150491064805036,-0.000489858152058504,-0.000385029958269941,3.47691450433544e-05,0.000245208960925262,0.00024645519748387,0.000202070384295405,7.09497611766539e-05,-2.94030988869543e-05,0.000115994744894672,0.000262580919758227,0.000189603122073745,0.000107219858089684,0.000150979321375382,-2.52489659545119e-06,-0.000231229439009793,-0.000159855203338728,7.52685026830156e-05,-3.74012133557355e-05,-0.000306570600701103,-0.000319922430165968,-0.000199394062883298,-0.000160598022947151,-6.24809332491898e-05,0.000126120594896964,0.000187358025754833,0.000207587277215409,0.000306689208952567,0.000231237609372998,-3.97796903048855e-05,-0.000101555348741078,5.06036875720603e-05,-2.76722851865365e-05,-0.000239624846794519,-0.000100408791824867,0.000175746245828813,0.000122476143708355,-8.23557846870026e-05,-9.53673226150234e-06,0.000165053739200111,0.000128060244112473,-4.94704583916657e-05,-0.000229610188628862,-0.000302166414723142,-0.000139522884389597,0.000110473840549072,3.66686418900934e-05,-0.000225991593237726,-0.000142570961013929,0.000223637472158275,0.000269059623852579,-2.47758288112764e-05
-5.11630781655506e-05,-0.000119321597229295,-7.27527234741345e-05,0.000139477879373576,0.000171319758330285,5.20710790113569e-05,0.000260672874957198,0.000549115171686981,0.00024185336226964,-0.000335702090330626,-0.000273869642163944,0.000154668161376804,6.55477708660717e-05,-0.000309043140880977,-0.00023323794568402,4.43567827009002e-05,-6.53612931398128e-05,-0.000269174604443977,-0.000187939483090305,-9.60747832523441e-05,-0.000168825296902648,-6.25629077123738e-05,0.000238169729097031,0.000389262009535557,0.000337099313418632,0.000291036045575078,0.000148576998642328,-3.71556115516651e-05,-5.10191560280597e-05,7.85924797581175e-05,-9.08995981781095e-06,-0.000216399278319398,-0.000204787887551322,-3.23480671524249e-05,-2.54708873998573e-05,-0.000160652820427235,-0.000197837271681872,-0.000102701006052391,-3.32826756162113e-06,4.72099493407468e-05,8.8567313994796e-05,0.000137819268210095,0.000115195276402339,-6.55168253625886e-05,-0.000204540064061955,-3.33122708436176e-05,0.000292741469054035,0.000307192988918726,1.37677814988416e-05,-0.0001681473648542,-9.25032422503813e-05,3.84160883297539e-05,0.000112668160434874,0.000122788188473361,2.29566518566821e-05,-7.82958638944712e-05,-4.74246665924683e-05,-4.12549624686758e-05,-0.000189277278783773,-0.00023173614831899,-5.05778446813419e-05,7.51495588826965e-05,-2.90667325199499e-06,-4.4969309830876e-05
0.000100456432807245,-0.000210288059267153,-0.000452217738030683,-9.85515793046647e-05,0.000254603075719669,0.00013221202376094,1.85096662728064e-05,0.000195470479434978,0.000221280406365368,-4.23978619047347e-06,7.52607306764717e-06,0.000185442981269034,0.000130462551019732,4.41109645300563e-05,0.00019154466163511,0.000178237152065982,-0.000238177744398891,-0.00046312162996478,-0.000187316973585358,1.4795100327438e-05,-0.000176025912593679,-0.000328566882577913,-0.000196495727131214,-6.13730637574972e-05,-1.66970673958335e-06,0.000211156343709906,0.000454151390079312,0.000438646350672981,0.000204051456757786,2.15731147753121e-07,-0.000137158706030861,-0.000201677053593801,-0.000115897117323369,7.87022850010734e-05,0.000138685099733829,5.56657239972273e-05,2.63686008219265e-05,6.66889199039154e-05,-4.35595051140332e-05,-0.000293017850004266,-0.000327854522644196,-0.000108176079065861,1.36300930550292e-05,-9.74389783852131e-05,-4.89542267924685e-05,0.000241116172427469,0.000309131773834476,-3.97176805594604e-06,-0.000210490661569505,-7.17689749538153e-05,3.93456566254271e-05,-7.89682917858412e-06,7.51672010566046e-05,0.000303234382259869,0.000344991644757286,0.00015388022693573,-9.69401581823559e-05,-0.000317231355200959,-0.000339534572697577,-6.84099038893797e-06,0.00026225438765484,5.14087549957571e-05,-0.000233175535360397,-6.34967747115036e-05
0.000133502517213656,-0.000150401189743225,-0.000487302008219715,-0.000235035813792533,0.000190887391143789,0.000138308056696357,-0.000194972494211883,-0.000229683641834525,4.16588600391634e-05,0.000211647920977621,0.000167110332883536,2.00534634587876e-05,-3.64249303847737e-05,0.000118104312883988,0.000309570877203176,0.000244973704293196,-1.52473834887621e-07,-2.60429611354505e-05,0.000158823238014575,0.00014111621600123,-0.000158815169894054,-0.000371558463583697,-0.000384893830785184,-0.000379489113424474,-0.000346151947680579,-5.6601116607288e-05,0.000351233987471607,0.00046630848215853,0.000228575671695478,-3.21622112742268e-05,-0.000102069056922283,-9.04970486012702e-05,-9.03703660921753e-05,-3.85387566116492e-05,7.31744547231392e-05,0.000189606638359711,0.000291633421488987,0.00031464755211848,0.000128771282568732,-0.000205305037362716,-0.000353826177043833,-0.000242935674124658,-9.4936362628962e-05,-1.12495112393232e-05,0.000164979893333817,0.000238333930379741,-7.34010138787962e-05,-0.000483492872512522,-0.000407326502658764,4.40428266241039e-06,0.000152704957428769,5.12895581162492e-05,0.000134956117040672,0.000349213165283395,0.000337006647527787,0.00012859591670447,-7.29743265807771e-05,-0.000235903278694569,-0.000234834313831914,8.39728797098356e-05,0.00034264364720635,0.000133869632343207,-0.000172430928962901,-4.18749661139353e-05
